model,precision,set,kind,arm,k,n,words,audio_min,n_clusters,mean_unique,mean_pairwise,conf_frac,lang,wer_first,mu_first,wer_conf,mu_conf,wer_minconf,mu_minconf,wer_logprob,mu_logprob,wer_mbr,mu_mbr,wer_cm05,mu_cm05,wer_cm15,mu_cm15,wer_rover_freq,mu_rover_freq,wer_rover_c,mu_rover_c,wer_rover_cg,mu_rover_cg,wer_oracle_cand,mu_oracle_cand,wer_anti,mu_anti,wn_wer_first,wn_wer_conf,wn_wer_mbr,wn_wer_cm05,wn_wer_rover_freq,wn_wer_rover_c,wn_wer_rover_cg,wn_wer_oracle_cand,wer_oracle_comp,mu_oracle_comp,wer_control,mu_control,beats_best_pct
drax,,ami,lowT,lowT,1,200,1795,10.27,16,1.0,0.0,0.9990600000000001,en,12.479108635097493,17.842528910593252,12.479108635097493,17.842528910593252,12.479108635097493,17.842528910593252,12.479108635097493,17.842528910593252,12.479108635097493,17.842528910593252,12.479108635097493,17.842528910593252,12.479108635097493,17.842528910593252,12.479108635097493,17.842528910593252,12.479108635097493,17.842528910593252,12.479108635097493,17.842528910593252,12.479108635097493,17.842528910593252,12.479108635097493,17.842528910593252,10.589519650655022,10.589519650655022,10.589519650655022,10.589519650655022,18.06768558951965,18.06768558951965,18.06768558951965,10.589519650655022,,,,,
drax,,ami,lowT,lowT,2,200,1795,10.27,16,1.35,11.534035,0.9990600000000001,en,12.479108635097493,17.842528910593252,12.200557103064067,17.538670962985307,12.200557103064067,17.496625508439852,12.200557103064067,17.538670962985307,12.479108635097493,18.066262347349138,12.144846796657381,17.415550047952625,12.200557103064067,17.63862697102955,12.757660167130918,18.175022435586776,12.423398328690809,17.90615571951418,12.423398328690809,17.90615571951418,10.529247910863509,14.533566162814715,14.26183844011142,20.582131337033914,,,,,,,,,8.18941504178273,11.920322463135594,8.746518105849582,12.347414815227944,17.0
drax,,ami,lowT,lowT,3,200,1795,10.27,16,1.595,10.520725000000002,0.9990600000000001,en,12.479108635097493,17.842528910593252,12.200557103064067,17.807823915296154,12.256267409470752,17.958834016306255,12.311977715877438,17.907823915296152,11.92200557103064,16.865840231338787,12.423398328690809,17.440503531002086,12.089136490250697,17.22884528184383,11.81058495821727,16.670094646196745,12.03342618384401,17.101326608678708,12.200557103064067,17.080114487466588,9.916434540389972,13.332018543767097,15.54317548746518,21.87476872761181,,,,,,,,,,,,,
drax,,ami,lowT,lowT,4,200,1795,10.27,16,1.81,10.173505,0.9990600000000001,en,12.479108635097493,17.842528910593252,12.423398328690809,18.65616572667572,12.534818941504179,18.790992252806596,12.423398328690809,18.65616572667572,11.754874651810585,16.96960557629978,11.977715877437326,17.104610386304593,11.866295264623956,17.035562767256973,11.754874651810585,16.575914150766252,11.92200557103064,16.653559653411754,12.089136490250697,17.2490141988663,9.58217270194986,13.125452887201439,16.26740947075209,23.56405444189752,,,,,,,,,7.520891364902507,10.88406800122324,8.300835654596101,11.644637037450169,14.499999999999998
drax,,ami,lowT,lowT,5,200,1795,10.27,16,1.985,9.6576,0.9990600000000001,en,12.479108635097493,17.842528910593252,12.200557103064067,18.58148138324138,12.256267409470752,18.680593623657966,12.200557103064067,18.58148138324138,11.754874651810585,17.07516113185534,11.643454038997215,16.961587899532105,11.643454038997215,16.97825456619877,11.532033426183844,16.973406081350287,11.754874651810585,16.813531394633493,12.03342618384401,17.528809172411272,9.526462395543176,13.075452887201438,16.37883008356546,23.645223273066353,,,,,,,,,,,,,
drax,,ami,lowT,lowT,6,200,1795,10.27,16,2.17,9.692135,0.9990600000000001,en,12.479108635097493,17.842528910593252,11.977715877437326,18.347145258839465,12.200557103064067,18.658378711377264,11.866295264623956,18.247145258839463,11.866295264623956,17.18974446518867,11.699164345403899,17.033355576299783,11.81058495821727,17.104188909633116,11.587743732590528,16.83277806202662,11.532033426183844,16.759062647006854,11.81058495821727,17.567594393038597,8.969359331476323,11.863647331645884,16.71309192200557,24.294399097242177,,,,,,,,,,,,,
drax,,ami,lowT,lowT,8,200,1795,10.27,16,2.48,9.495425000000001,0.9990600000000001,en,12.479108635097493,17.842528910593252,12.200557103064067,18.888415100109306,12.311977715877438,19.04169400719256,12.144846796657381,18.83285954455375,11.420612813370473,16.73732351657207,11.532033426183844,16.840072748016954,11.587743732590528,16.871666950915504,11.197771587743732,16.31075786000641,11.532033426183844,17.01166365710786,11.643454038997215,17.085473180917383,8.52367688022284,11.456420299418852,16.991643454038996,24.641169432170408,,,,,,,,,6.740947075208914,9.803825095980331,7.520891364902507,10.432449687762816,13.0
drax,,ami,lowT,lowT,10,200,1795,10.27,16,2.83,10.014714999999999,0.9990600000000001,en,12.479108635097493,17.842528910593252,12.311977715877438,19.55508176677597,12.423398328690809,19.683360673859227,12.256267409470752,19.499526211220417,11.47632311977716,16.782778062026615,11.643454038997215,17.2758158937601,11.587743732590528,17.254076763325315,11.364902506963789,16.429444728693284,11.47632311977716,16.91680074224495,11.47632311977716,17.13902296446717,8.356545961002785,11.225864743863298,17.938718662952645,26.228292448043426,,,,,,,,,,,,,
drax,,ami,lowT,lowT,12,200,1795,10.27,16,3.155,9.938495,0.9990600000000001,en,12.479108635097493,17.842528910593252,12.367688022284122,19.49912938582359,12.311977715877438,19.0797892452878,12.311977715877438,19.443573830268036,11.420612813370473,16.62968462768318,11.643454038997215,17.223822748016953,11.587743732590528,17.202916950915505,11.364902506963789,16.425341193339747,11.420612813370473,16.820341193339747,11.364902506963789,16.757841193339747,8.133704735376044,11.078538853379513,18.4958217270195,26.62603680894568,,,,,,,,,,,,,
drax,,ami,lowT,lowT,15,200,1795,10.27,16,3.575,9.983095,0.9990600000000001,en,12.479108635097493,17.842528910593252,12.701949860724234,19.756536793231,12.757660167130918,19.553863319361874,12.701949860724234,19.756536793231,11.253481894150418,16.094962405460958,11.364902506963789,16.141165821610027,11.309192200557103,16.119426691175242,11.142061281337048,16.03992452667308,11.364902506963789,16.8039721457207,11.47632311977716,16.87758325683181,7.910863509749303,10.798776948617608,19.16434540389972,27.25532518139195,10.589519650655022,11.080786026200874,9.497816593886462,9.388646288209607,16.921397379912662,17.03056768558952,17.194323144104803,6.331877729257642,6.350974930362117,9.353266882264224,6.963788300835654,9.811546103043442,13.0
drax,,ami,lowT,lowT,16,200,1795,10.27,16,3.69,10.022875,0.9990600000000001,en,12.479108635097493,17.842528910593252,12.590529247910863,19.700981237675443,12.646239554317548,19.498307763806316,12.590529247910863,19.700981237675443,11.142061281337048,16.008156849905404,11.253481894150418,16.002276932721138,11.197771587743732,15.980537802286355,11.030640668523677,15.859368971117524,11.197771587743732,16.577962044710596,11.309192200557103,16.75157315582171,7.910863509749303,10.798776948617608,19.16434540389972,27.25532518139195,10.589519650655022,10.971615720524017,9.443231441048034,9.33406113537118,16.866812227074234,16.975982532751093,17.194323144104803,6.331877729257642,6.350974930362117,9.353266882264224,7.0194986072423395,9.837861892517125,13.0
drax,,ami,main,main,1,600,5394,30.82,16,1.0,0.0,0.9980300000000002,en,17.834631071560995,30.770397705729398,17.834631071560995,30.770397705729398,17.834631071560995,30.770397705729398,17.834631071560995,30.770397705729398,17.834631071560995,30.770397705729398,17.834631071560995,30.770397705729398,17.834631071560995,30.770397705729398,17.834631071560995,30.770397705729398,17.834631071560995,30.770397705729398,17.834631071560995,30.770397705729398,17.834631071560995,30.770397705729398,17.834631071560995,30.770397705729398,16.563636363636363,16.563636363636363,16.563636363636363,16.563636363636363,23.30909090909091,23.30909090909091,23.30909090909091,16.563636363636363,,,,,
drax,,ami,main,main,2,600,5394,30.82,16,1.6583333333333334,26.55362166666667,0.9980300000000002,en,17.834631071560995,30.770397705729398,15.517241379310345,25.332694651227033,15.850945494994438,26.21813474122724,15.647015202076382,25.63961974582628,16.722284019280682,25.934902138314165,15.53578049684835,25.01713491856204,15.832406377456433,25.060902079047466,18.446421950315166,31.636329766520966,15.387467556544308,26.716462281677988,15.387467556544308,26.716462281677988,13.793103448275861,21.67673374493718,22.32109751575825,37.55879412780044,,,,,,,,,9.417871709306636,15.085579514163735,11.160548757879125,16.60553149814683,26.5
drax,,ami,main,main,3,600,5394,30.82,16,2.25,27.030748333333335,0.9980300000000002,en,17.834631071560995,30.770397705729398,14.812754912866147,24.577784032779377,14.979606970708195,25.253376056758913,14.757137560252133,24.845952932449826,14.441972562106043,22.902586115234744,14.293659621802002,22.45405686791949,14.275120504263997,22.33695409505691,14.015572858731923,23.285552925564758,13.162773451983686,22.064548374758868,13.552094920281794,23.190707213340303,12.087504634779384,18.701117682648118,25.027808676307007,42.93983067337742,,,,,,,,,,,,,
drax,,ami,main,main,4,600,5394,30.82,16,2.815,27.273038333333332,0.9980300000000002,en,17.834631071560995,30.770397705729398,14.53466814979607,24.78563553462351,14.46051167964405,24.644283173552424,14.386355209492029,24.962287505858814,13.64479050797182,20.63605771150579,13.515016685205785,20.973996591282955,13.422321097515757,20.95673383860354,13.18131256952169,21.10918171206781,13.051538746755654,22.137809286641065,13.236929922135706,22.692685112569517,11.0678531701891,17.11216494791639,27.011494252873565,48.15494405537928,,,,,,,,,6.748238783833889,11.2140808238612,9.288097886540601,13.976232264952051,25.333333333333336
drax,,ami,main,main,5,600,5394,30.82,16,3.3333333333333335,27.269398333333335,0.9980300000000002,en,17.834631071560995,30.770397705729398,14.367816091954023,24.64672069257523,14.404894327030034,24.27143538254926,14.349276974416018,24.894995270411204,13.255469039673711,19.833588156912853,13.329625509825732,20.334435358768825,13.162773451983686,20.04014523531204,12.513904338153504,19.7892561556936,12.550982573229515,20.57021196253821,12.884686688913607,21.96082064221422,10.511679644048943,15.983353806166656,28.49462365591398,50.70734670979281,,,,,,,,,,,,,
drax,,ami,main,main,6,600,5394,30.82,16,3.8333333333333335,27.160341666666667,0.9980300000000002,en,17.834631071560995,30.770397705729398,14.275120504263997,24.887765062016197,14.349276974416018,24.267777609590713,14.256581386725992,24.657396061208598,12.736373748609566,19.28507868657558,12.829069336299591,19.45584411023574,12.662217278457545,19.2569955367819,12.124582869855395,19.46414728343958,12.1431219873934,19.720908281644135,12.291434927697441,20.776972424472984,10.048201705598814,15.225005380712966,29.458657767890248,53.27520847588858,,,,,,,,,,,,,
drax,,ami,main,main,8,600,5394,30.82,16,4.798333333333333,26.968141666666668,0.9980300000000002,en,17.834631071560995,30.770397705729398,14.516129032258064,25.607208831021367,14.479050797182055,24.54784796690173,14.441972562106043,25.40431088750939,12.124582869855395,18.000769920255774,12.606599925843529,18.899871913129697,12.402669632925473,18.432013398999253,11.216166110493141,17.560734192518865,11.809417871709307,19.21711385792582,11.865035224323321,19.514118006417387,9.399332591768632,14.103140841743164,31.0715609936967,56.077903077315064,,,,,,,,,5.2836484983314795,9.175648696689551,7.9718205413422325,11.967600329448445,23.166666666666664
drax,,ami,main,main,10,600,5394,30.82,16,5.765,27.097533333333335,0.9980300000000002,en,17.834631071560995,30.770397705729398,14.293659621802002,25.05553906318152,14.349276974416018,23.95297966284864,14.275120504263997,24.721424188452612,11.883574341861328,17.618546364896257,12.309974045235446,18.23184788133755,11.994809047089358,17.861608626708517,11.030774935113088,17.199960561504003,11.420096403411197,18.032109445758152,11.475713756025213,18.758386010286838,8.806080830552466,13.191730014315937,32.66592510196514,58.81508928750437,,,,,,,,,,,,,
drax,,ami,main,main,12,600,5394,30.82,16,6.681666666666667,26.875486666666664,0.9980300000000002,en,17.834631071560995,30.770397705729398,14.126807563959956,24.15348239708074,14.163885799035965,23.38497913786922,14.089729328883944,23.94945410243841,11.531331108639229,17.16562510740978,11.957730812013349,17.777863796377112,11.735261401557286,17.511548808570897,10.956618464961068,16.84587964161168,11.383018168335187,17.615964396812593,11.438635520949203,18.295655685056513,8.361142009640341,12.245577370663293,34.11197626992955,61.273774143696855,,,,,,,,,,,,,
drax,,ami,main,main,15,600,5394,30.82,16,8.016666666666667,26.802508333333336,0.9980300000000002,en,17.834631071560995,30.770397705729398,14.126807563959956,24.59374935487737,14.163885799035965,23.999991249796967,14.126807563959956,24.45800004895262,11.271783463107155,16.765347884632558,11.661104931405266,17.344785613894846,11.457174638487208,17.19930327378531,10.697070819428996,16.513998559112753,11.086392287727104,17.29349171850658,11.234705228031146,17.958123991691487,7.897664071190212,11.58018867797197,35.706340378198,64.27380602644544,16.563636363636363,12.6,10.290909090909091,10.49090909090909,17.381818181818183,17.672727272727272,17.78181818181818,6.909090909090909,4.189840563589173,7.3061256664687475,6.544308490915832,9.6385554083383,22.0
drax,,ami,main,main,16,600,5394,30.82,16,8.451666666666666,26.783203333333336,0.9980300000000002,en,17.834631071560995,30.770397705729398,14.10826844642195,24.634953058581072,14.14534668149796,24.206472731278446,14.07119021134594,24.476981530434102,11.401557285873192,17.016338519135775,11.661104931405266,17.32482640643564,11.475713756025213,17.246625211107254,10.82684464219503,16.722317967830712,11.0678531701891,17.17478142122554,11.10493140526511,17.45462102130255,7.860585836114201,11.503799789083082,36.26251390433816,65.66767758363224,16.563636363636363,12.545454545454545,10.345454545454546,10.454545454545455,17.4,17.527272727272727,17.581818181818182,6.836363636363636,4.041527623285131,7.048644971488051,6.599925843529848,9.396777518424443,22.5
drax,,ami,main,ref,1,600,5394,30.82,16,1.0,0.0,0.9991666666666666,en,11.475713756025213,17.761134175845836,11.475713756025213,17.761134175845836,11.475713756025213,17.761134175845836,11.475713756025213,17.761134175845836,11.475713756025213,17.761134175845836,11.475713756025213,17.761134175845836,11.475713756025213,17.761134175845836,11.475713756025213,17.761134175845836,11.475713756025213,17.761134175845836,11.475713756025213,17.761134175845836,11.475713756025213,17.761134175845836,11.475713756025213,17.761134175845836,10.272727272727273,10.272727272727273,10.272727272727273,10.272727272727273,17.90909090909091,17.90909090909091,17.90909090909091,10.272727272727273,,,,,
drax,,ami,main,ref,2,600,5394,30.82,16,1.3,9.06482,0.9991666666666666,en,11.475713756025213,17.761134175845836,11.216166110493141,16.48901625382595,11.216166110493141,16.53989344680841,11.216166110493141,16.48901625382595,11.383018168335187,17.050485925317556,11.123470522803114,16.35487692823926,11.290322580645162,16.634760933123268,11.809417871709307,18.1528834757168,11.531331108639229,17.18749571868049,11.531331108639229,17.18749571868049,10.085279940674823,15.206155042730737,12.99592139414164,20.377771061396547,,,,,,,,,7.9718205413422325,12.444249707978686,8.342602892102336,12.946594402334252,13.833333333333334
drax,,ami,main,ref,3,600,5394,30.82,16,1.5016666666666667,8.52357,0.9991666666666666,en,11.475713756025213,17.761134175845836,11.10493140526511,16.676999461077678,11.327400815721171,16.892702607833456,11.17908787541713,16.709616420142005,10.956618464961068,16.92203927541972,10.938079347423063,16.689837510323223,10.938079347423063,16.751543859529566,10.938079347423063,16.966545906808502,10.956618464961068,17.046307811570408,11.216166110493141,17.462323428401245,9.584723767148684,14.441129496688793,13.700407860585836,21.811486619362512,,,,,,,,,,,,,
drax,,ami,main,ref,4,600,5394,30.82,16,1.6866666666666668,8.56667,0.9991666666666666,en,11.475713756025213,17.761134175845836,11.216166110493141,16.675449851835804,11.364479050797183,16.741838740724692,11.308861698183167,16.715011255344578,10.993696700037079,16.921552172472662,10.993696700037079,16.949332414522715,10.975157582499072,16.92696675058461,10.975157582499072,16.99383365483536,11.10493140526511,17.220797081166637,11.234705228031146,17.574154139362555,9.158324063774565,13.78258051692733,14.14534668149796,22.824208095241886,10.272727272727273,9.909090909090908,9.8,9.709090909090909,17.472727272727273,17.563636363636363,17.727272727272727,7.909090909090909,7.32295142751205,11.332193277921851,7.693733778272154,11.806224317333323,12.166666666666668
drax,,common_voice,lowT,lowT,1,147,1347,13.99,147,1.0,0.0,1.0,en,14.922048997772828,14.901405284058345,14.922048997772828,14.901405284058345,14.922048997772828,14.901405284058345,14.922048997772828,14.901405284058345,14.922048997772828,14.901405284058345,14.922048997772828,14.901405284058345,14.922048997772828,14.901405284058345,14.922048997772828,14.901405284058345,14.922048997772828,14.901405284058345,14.922048997772828,14.901405284058345,14.922048997772828,14.901405284058345,14.922048997772828,14.901405284058345,14.523121387283236,14.523121387283236,14.523121387283236,14.523121387283236,17.26878612716763,17.26878612716763,17.26878612716763,14.523121387283236,,,,,
drax,,common_voice,lowT,lowT,2,147,1347,13.99,147,1.4081632653061225,7.21791156462585,1.0,en,14.922048997772828,14.901405284058345,14.476614699331849,14.244258198339832,14.625092798812176,14.364206277471583,14.476614699331849,14.244258198339832,14.625092798812176,14.303401624830196,14.550853749072012,14.304145401084176,14.476614699331849,14.219111387478733,15.144766146993318,15.032306129244901,14.550853749072012,14.539246656593596,14.550853749072012,14.539246656593596,13.214550853749072,12.896754605938279,16.258351893095767,16.257800211881843,,,,,,,,,11.58129175946548,11.278958192223497,12.026726057906458,11.678466091731392,13.60544217687075
drax,,common_voice,lowT,lowT,3,147,1347,13.99,147,1.7006802721088434,7.002034013605442,1.0,en,14.922048997772828,14.901405284058345,14.179658500371195,13.975074434258106,14.328136599851522,14.075696601206802,14.179658500371195,13.975074434258106,13.956941351150705,13.806628934179951,13.808463251670378,13.56720849067788,13.882702301410541,13.635235701562232,13.956941351150705,13.806628934179951,13.882702301410541,13.675728088993397,13.808463251670378,13.61388517000762,12.546399406087602,12.232897487999528,16.629547141796586,16.628170582252213,,,,,,,,,,,,,
drax,,common_voice,lowT,lowT,4,147,1347,13.99,147,1.9795918367346939,7.288537414965986,1.0,en,14.922048997772828,14.901405284058345,14.25389755011136,14.086833423568116,14.031180400890868,13.888732205058732,14.25389755011136,14.086833423568116,13.734224201930216,13.250329602370417,13.882702301410541,13.432721851089196,13.734224201930216,13.31610377528745,13.956941351150705,13.564010630337158,13.956941351150705,13.491840736738695,13.882702301410541,13.351425596323555,11.729769858945806,11.184497664089498,17.37193763919822,17.44103685430216,,,,,,,,,10.096510764662213,9.590498314988109,10.690423162583519,10.056396740070204,13.60544217687075
drax,,common_voice,lowT,lowT,5,147,1347,13.99,147,2.2312925170068025,7.675278911564626,1.0,en,14.922048997772828,14.901405284058345,14.550853749072012,14.432189126066678,14.402375649591685,14.300536953598177,14.550853749072012,14.432189126066678,13.808463251670378,13.56115162237611,13.437268002969562,12.972932207626084,13.511507052709725,13.236132725928645,13.882702301410541,13.68532827716501,13.734224201930216,13.499080284794571,13.808463251670378,13.557659271944983,11.35857461024499,10.904123276572257,18.634001484780995,18.75541031153276,,,,,,,,,,,,,
drax,,common_voice,lowT,lowT,6,147,1347,13.99,147,2.4761904761904763,7.758394557823129,1.0,en,14.922048997772828,14.901405284058345,14.773570898292501,14.564464258341811,14.25389755011136,14.165562328827635,14.699331848552339,14.507774915938182,13.734224201930216,13.3971574532799,13.511507052709725,13.123629960364653,13.437268002969562,13.088781966332984,13.808463251670378,13.584232283211872,13.659985152190051,13.468102192591989,13.659985152190051,13.359811012872235,11.061618411284336,10.593141741100926,19.302152932442464,19.40390203145305,,,,,,,,,,,,,
drax,,common_voice,lowT,lowT,8,147,1347,13.99,147,2.979591836734694,7.763789115646259,1.0,en,14.922048997772828,14.901405284058345,14.699331848552339,14.374959885163966,14.328136599851522,14.109682834172629,14.625092798812176,14.31827054276034,13.511507052709725,12.985214898480201,13.288789903489235,12.678888571745716,13.214550853749072,12.614346160264528,13.585746102449889,13.070248912085644,13.659985152190051,13.105719865923945,13.585746102449889,13.09056117729587,10.46770601336303,10.057064062166104,20.193021529324426,20.304391375819943,,,,,,,,,8.908685968819599,8.475710797139367,9.57683741648107,9.037981104307633,12.925170068027212
drax,,common_voice,lowT,lowT,10,147,1347,13.99,147,3.312925170068027,7.629013605442176,1.0,en,14.922048997772828,14.901405284058345,14.625092798812176,14.31827054276034,14.402375649591685,14.213613295245947,14.550853749072012,14.26158120035671,13.437268002969562,12.830533978493161,13.214550853749072,12.607597429025999,13.3630289532294,12.758769008769008,13.288789903489235,12.698258846218028,13.511507052709725,12.890798732635467,13.437268002969562,13.004800377249353,10.393466963622865,10.00473543840891,20.638455827765405,20.687228493350943,,,,,,,,,,,,,
drax,,common_voice,lowT,lowT,12,147,1347,13.99,147,3.727891156462585,7.709455782312925,1.0,en,14.922048997772828,14.901405284058345,14.625092798812176,14.40532917573734,14.402375649591685,14.28469584081829,14.847809948032666,14.575397202948222,13.511507052709725,12.868326873428911,13.140311804008908,12.51041569919121,13.140311804008908,12.51041569919121,13.437268002969562,12.811637531025283,13.288789903489235,12.68979697551126,13.3630289532294,12.777167088391577,10.319227913882703,9.936708227524555,21.083890126206384,21.358592276959623,,,,,,,,,,,,,
drax,,common_voice,lowT,lowT,15,147,1347,13.99,147,4.258503401360544,7.64978231292517,1.0,en,14.922048997772828,14.901405284058345,14.476614699331849,14.27741476210864,13.808463251670378,13.773698901249922,14.476614699331849,14.27741476210864,13.140311804008908,12.555742632273246,13.288789903489235,12.648875123364917,13.511507052709725,12.894823430537713,13.214550853749072,12.60433349719064,13.288789903489235,12.708693422979136,13.3630289532294,12.811745133173705,10.244988864142538,9.861122437653052,21.529324424647363,21.726017746425907,14.523121387283236,14.16184971098266,13.078034682080926,13.222543352601155,15.751445086705202,15.823699421965317,15.895953757225433,9.826589595375722,8.611729769858945,8.083180047465762,9.428359317000742,8.910066690678933,13.60544217687075
drax,,common_voice,lowT,lowT,16,147,1347,13.99,147,4.489795918367347,7.755170068027209,1.0,en,14.922048997772828,14.901405284058345,14.476614699331849,14.27741476210864,13.808463251670378,13.773698901249922,14.476614699331849,14.27741476210864,13.214550853749072,12.60433349719064,13.288789903489235,12.625684028745251,13.437268002969562,12.809789416932272,13.288789903489235,12.740387918959348,13.437268002969562,12.893338709665242,13.437268002969562,12.899412567779914,10.170749814402376,9.804433095249422,21.90051967334818,22.28319299747871,14.523121387283236,14.16184971098266,13.15028901734104,13.222543352601155,15.823699421965317,15.968208092485549,15.968208092485549,9.754335260115607,8.46325167037862,7.969801362658504,9.35412026726058,8.853377348275304,14.285714285714285
drax,,common_voice,main,main,1,455,4035,42.98,455,1.0,0.0,0.9959076923076923,en,20.94175960346964,21.89653600367886,20.94175960346964,21.89653600367886,20.94175960346964,21.89653600367886,20.94175960346964,21.89653600367886,20.94175960346964,21.89653600367886,20.94175960346964,21.89653600367886,20.94175960346964,21.89653600367886,20.94175960346964,21.89653600367886,20.94175960346964,21.89653600367886,20.94175960346964,21.89653600367886,20.94175960346964,21.89653600367886,20.94175960346964,21.89653600367886,20.469961240310077,20.469961240310077,20.469961240310077,20.469961240310077,22.45639534883721,22.45639534883721,22.45639534883721,20.469961240310077,,,,,
drax,,common_voice,main,main,2,455,4035,42.98,455,1.6615384615384616,21.259670329670328,0.9959076923076923,en,20.94175960346964,21.89653600367886,17.769516728624534,18.06853250534569,18.95910780669145,19.66526483284725,17.868649318463444,18.310634115579173,20.322180916976457,20.679107827459475,17.695167286245354,17.885131047218962,18.066914498141266,18.33648372384636,20.421313506815366,21.33389290806873,17.125154894671624,17.613425341447318,17.125154894671624,17.613425341447318,15.960346964064437,16.241226112105235,25.551425030978933,27.043906032917025,,,,,,,,,12.862453531598513,12.986348206128442,14.0272614622057,14.124821454491803,18.9010989010989
drax,,common_voice,main,main,3,455,4035,42.98,455,2.232967032967033,21.370738461538465,0.9959076923076923,en,20.94175960346964,21.89653600367886,16.67905824039653,16.953003345860488,17.695167286245354,18.060862519653732,16.530359355638165,16.754852290566575,16.431226765799256,16.730307848439715,16.059479553903344,16.25965700965701,16.084262701363073,16.330456783753487,16.232961586121437,16.60457155786826,14.894671623296158,15.13232585485333,15.018587360594795,15.249367543323586,14.076827757125155,14.225305219810716,28.376703841387855,30.16849999817033,,,,,,,,,,,,,
drax,,common_voice,main,main,4,455,4035,42.98,455,2.7846153846153845,21.54820879120879,0.9959076923076923,en,20.94175960346964,21.89653600367886,16.57992565055762,16.982942271403807,17.224287484510533,17.61656200941915,16.1090458488228,16.383261732162833,15.910780669144982,16.312066138989216,15.687732342007434,15.77932049635346,15.489467162329616,15.651593522472643,15.415117719950434,15.865814588342058,14.622057001239158,14.821317571317575,14.79553903345725,14.98867646395119,13.035935563816604,13.194173957910222,30.830235439900868,32.62991190738444,,,,,,,,,10.185873605947956,10.160309165803683,11.920693928128872,11.978688283633351,18.9010989010989
drax,,common_voice,main,main,5,455,4035,42.98,455,3.301098901098901,21.39923516483517,0.9959076923076923,en,20.94175960346964,21.89653600367886,15.613382899628252,15.883272710195786,16.654275092936803,17.16767939020686,15.464684014869889,15.756891155242803,15.192069392812888,15.556129767668228,15.216852540272615,15.39573155781947,15.018587360594795,15.240202105586723,14.721189591078067,14.970845088976956,14.250309789343246,14.588944937846035,14.151177199504337,14.492057698101654,12.366790582403965,12.521840491620711,32.267657992565056,34.2112356507961,,,,,,,,,,,,,
drax,,common_voice,main,main,6,455,4035,42.98,455,3.8109890109890108,21.47143076923077,0.9959076923076923,en,20.94175960346964,21.89653600367886,15.489467162329616,15.684323307949683,16.48079306071871,16.92971344894422,15.36555142503098,15.571111123308926,14.869888475836431,15.245258099653702,14.770755885997522,14.908654227335546,14.448574969021065,14.673906374455822,14.200743494423792,14.465952850568234,13.705080545229244,13.86921137470588,13.804213135068153,13.946216176985407,12.019826517967783,12.113783347299831,33.531598513011154,35.639447243842845,,,,,,,,,,,,,
drax,,common_voice,main,main,8,455,4035,42.98,455,4.8197802197802195,21.465975824175825,0.9959076923076923,en,20.94175960346964,21.89653600367886,15.241635687732343,15.404925355474806,16.084262701363073,16.375059006927142,15.291201982651797,15.505227373359244,14.39900867410161,14.788443851630664,14.299876084262701,14.469028529468089,13.903345724907064,14.131105158577684,13.853779429987608,14.26432419839013,13.605947955390334,13.803138558633062,13.779429987608426,13.968818117169764,11.251548946716232,11.378526845559813,35.885997521685255,38.10816686366137,,,,,,,,,8.674101610904584,8.617764713918563,10.582403965303593,10.591253679165774,17.582417582417584
drax,,common_voice,main,main,10,455,4035,42.98,455,5.846153846153846,21.434364835164835,0.9959076923076923,en,20.94175960346964,21.89653600367886,15.192069392812888,15.266300549267584,15.439900867410161,15.533051197886364,15.16728624535316,15.369240344515072,13.928128872366791,14.237323421389355,14.200743494423792,14.378795502421873,13.903345724907064,14.126186999813372,13.432465923172243,13.820528982616894,13.55638166047088,13.856229850735344,13.45724907063197,13.753875855524209,10.582403965303593,10.668787256699343,37.71995043370508,40.20718475663531,,,,,,,,,,,,,
drax,,common_voice,main,main,12,455,4035,42.98,455,6.832967032967033,21.432074725274727,0.9959076923076923,en,20.94175960346964,21.89653600367886,14.96902106567534,15.072910605877638,15.390334572490707,15.526540309507341,14.96902106567534,15.215067594188472,13.804213135068153,14.08411704290825,13.903345724907064,14.034786336984137,13.680297397769516,13.861829867324374,13.382899628252789,13.656121961067017,13.184634448574968,13.493295166372087,13.234200743494425,13.53450395758088,10.260223048327138,10.375774713686802,38.98389095415118,41.793730994280445,,,,,,,,,,,,,
drax,,common_voice,main,main,15,455,4035,42.98,455,8.285714285714286,21.53990989010989,0.9959076923076923,en,20.94175960346964,21.89653600367886,15.018587360594795,15.228744393579557,15.216852540272615,15.427924029572381,14.96902106567534,15.253235775213799,13.55638166047088,13.77551996233315,13.952912019826519,14.058855064349569,13.655514250309789,13.769636346559421,13.110285006195786,13.292590193689094,13.184634448574968,13.485805708333181,13.135068153655514,13.405781032154659,9.962825278810408,10.096189829706312,41.06567534076828,44.02868773473168,20.469961240310077,14.704457364341085,13.78391472868217,14.001937984496124,15.285852713178295,15.092054263565892,14.99515503875969,9.4718992248062,7.633209417596035,7.586725850462119,9.268897149938041,9.308472662868274,15.824175824175823
drax,,common_voice,main,main,16,455,4035,42.98,455,8.78901098901099,21.514037362637367,0.9959076923076923,en,20.94175960346964,21.89653600367886,14.894671623296158,15.083270819534555,15.06815365551425,15.21145002738409,14.845105328376704,15.107762201168793,13.358116480793061,13.581305446690061,13.605947955390334,13.7530061513578,13.482032218091698,13.636929310006234,12.98636926889715,13.11807270873205,13.035935563816604,13.32974992040926,13.085501858736059,13.36445575181839,9.814126394052044,9.92505937286157,42.00743494423792,45.23836785924698,20.469961240310077,14.534883720930232,13.541666666666666,13.638565891472869,15.164728682170542,14.874031007751938,14.922480620155039,9.35077519379845,7.459727385377943,7.368594775188184,9.244114002478314,9.245591099986711,16.483516483516482
drax,,common_voice,main,ref,1,455,4035,42.98,455,1.0,0.0,1.0,en,13.531598513011152,13.803637449241846,13.531598513011152,13.803637449241846,13.531598513011152,13.803637449241846,13.531598513011152,13.803637449241846,13.531598513011152,13.803637449241846,13.531598513011152,13.803637449241846,13.531598513011152,13.803637449241846,13.531598513011152,13.803637449241846,13.531598513011152,13.803637449241846,13.531598513011152,13.803637449241846,13.531598513011152,13.803637449241846,13.531598513011152,13.803637449241846,12.669573643410853,12.669573643410853,12.669573643410853,12.669573643410853,14.970930232558139,14.970930232558139,14.970930232558139,12.669573643410853,,,,,
drax,,common_voice,main,ref,2,455,4035,42.98,455,1.3406593406593406,6.960437362637363,1.0,en,13.531598513011152,13.803637449241846,13.085501858736059,13.222475631816291,12.98636926889715,13.11458352392418,13.085501858736059,13.224473633814293,13.382899628252789,13.489829157411576,12.912019826517968,13.067226119423921,12.98636926889715,13.145037197234998,13.630731102850062,13.884332090376047,13.135068153655514,13.483701585349936,13.135068153655514,13.483701585349936,12.019826517967783,12.121531094058566,14.820322180916977,15.214536379371541,,,,,,,,,10.408921933085502,10.419463625507593,10.780669144981413,10.751377133245272,11.428571428571429
drax,,common_voice,main,ref,3,455,4035,42.98,455,1.6285714285714286,6.8477494505494505,1.0,en,13.531598513011152,13.803637449241846,12.88723667905824,12.998372506614267,12.88723667905824,12.998372506614263,12.88723667905824,12.998372506614267,12.738537794299877,13.106515889482923,12.812887236679058,13.100571894527938,12.738537794299877,13.038750321717355,12.71375464684015,13.09040806568279,12.61462205700124,12.977961903786078,12.837670384138786,13.198098909637372,11.102850061957868,11.3163930087007,15.53903345724907,15.931533667797403,,,,,,,,,,,,,
drax,,common_voice,main,ref,4,455,4035,42.98,455,1.89010989010989,7.022791208791209,1.0,en,13.531598513011152,13.803637449241846,12.812887236679058,12.91178205189194,12.88723667905824,12.978400415213603,12.812887236679058,12.91178205189194,12.465923172242874,12.77464934333066,12.41635687732342,12.65707887960635,12.391573729863692,12.670494035878649,12.41635687732342,12.734197731450477,12.41635687732342,12.746217457755918,12.639405204460967,12.937145577255468,10.780669144981413,11.009940608841708,16.257744733581166,16.64976659482154,12.669573643410853,12.281976744186046,12.063953488372093,11.942829457364342,14.219961240310077,14.195736434108527,14.244186046511627,10.125968992248062,9.417596034696407,9.47801191482511,9.838909541511772,9.885801927010727,9.670329670329672
drax,,earnings22,lowT,lowT,1,200,3261,20.89,6,1.0,0.0,0.9975,en,22.04845139527752,24.329815118930703,22.04845139527752,24.329815118930703,22.04845139527752,24.329815118930703,22.04845139527752,24.329815118930703,22.04845139527752,24.329815118930703,22.04845139527752,24.329815118930703,22.04845139527752,24.329815118930703,22.04845139527752,24.329815118930703,22.04845139527752,24.329815118930703,22.04845139527752,24.329815118930703,22.04845139527752,24.329815118930703,22.04845139527752,24.329815118930703,15.52099533437014,15.52099533437014,15.52099533437014,15.52099533437014,18.444790046656298,18.444790046656298,18.444790046656298,15.52099533437014,,,,,
drax,,earnings22,lowT,lowT,2,200,3261,20.89,6,1.6,10.890680000000001,0.9975,en,22.04845139527752,24.329815118930703,21.220484513952776,23.59821214248207,21.404477154247164,23.2789714158884,21.220484513952776,23.59821214248207,21.71113155473781,23.900329789445372,21.435142594296227,23.57296835437026,21.557804354492486,23.59064512204703,22.355105795768168,24.847305459995034,21.8951241950322,24.168779229022917,21.8951241950322,24.168779229022917,19.68721251149954,20.78588528107595,23.888377798221406,26.760938816337138,,,,,,,,,13.646120821833794,14.351236427147782,14.320760502913217,15.017043149066115,46.5
drax,,earnings22,lowT,lowT,3,200,3261,20.89,6,2.095,10.952739999999999,0.9975,en,22.04845139527752,24.329815118930703,20.97516099356026,22.432419079031437,20.944495553511192,22.393577613591507,20.944495553511192,22.403007314325556,21.220484513952776,23.147852471448182,20.97516099356026,22.80590679106257,21.036491873658388,22.92045348154919,21.18981907390371,23.01135963383839,21.159153633854647,22.827201015150905,21.496473474394357,23.945320551413396,18.797914750076664,19.53603835973926,25.176326280282122,28.125574930324028,,,,,,,,,,,,,
drax,,earnings22,lowT,lowT,4,200,3261,20.89,6,2.54,10.54382,0.9975,en,22.04845139527752,24.329815118930703,21.25114995400184,22.92289396503117,21.18981907390371,22.85172926726801,21.18981907390371,22.865704422547513,20.72983747316774,22.48360140522343,20.668506593069612,22.256717219856206,20.637841153020545,22.27754306068205,21.097822753756517,22.841567520755333,20.97516099356026,22.73515613333676,21.12848819380558,23.391095888026513,18.215271389144434,18.85247477420199,25.94296228150874,29.024224484792548,,,,,,,,,12.480834099969334,13.161205250939071,13.676786261882858,14.249409483676736,41.5
drax,,earnings22,lowT,lowT,5,200,3261,20.89,6,2.975,10.639959999999999,0.9975,en,22.04845139527752,24.329815118930703,21.465808034345294,23.50661390250111,21.496473474394357,23.595654518747608,21.404477154247164,23.44148785208094,20.668506593069612,22.537632493929376,20.72983747316774,22.381221728822958,20.576510272922416,22.30435490195613,20.637841153020545,22.183449146348366,21.12848819380558,22.944392906556907,21.036491873658388,22.884155283294433,18.031278748850045,18.575457865989428,26.586936522539098,30.039781854948455,,,,,,,,,,,,,
drax,,earnings22,lowT,lowT,6,200,3261,20.89,6,3.415,10.582939999999999,0.9975,en,22.04845139527752,24.329815118930703,21.465808034345294,23.62346678001575,21.373811714198098,23.561608008293895,21.404477154247164,23.561932683618572,20.852499233364,22.733374399083047,20.852499233364,22.712437202487955,20.79116835326587,22.64273032093897,20.91383011346213,22.98073619091379,20.944495553511192,22.867727934382394,21.00582643360932,23.026626443280907,17.7246243483594,18.328713119675715,27.077583563324133,30.495334090069655,,,,,,,,,,,,,
drax,,earnings22,lowT,lowT,8,200,3261,20.89,6,4.2,10.595600000000001,0.9975,en,22.04845139527752,24.329815118930703,21.557804354492486,23.68579931234588,21.373811714198098,23.51037589603624,21.527138914443423,23.641506595259045,21.00582643360932,23.14336174134353,20.852499233364,22.86429377232991,20.852499233364,22.898273993152237,20.607175712971483,22.636661419157765,20.699172033118675,22.330458087007294,20.852499233364,23.045607612189713,17.233977307574364,17.829570684962626,27.96688132474701,31.841630145084686,,,,,,,,,11.499540018399264,12.170449542167058,12.97148114075437,13.47809649852848,41.5
drax,,earnings22,lowT,lowT,10,200,3261,20.89,6,4.95,10.569965000000002,0.9975,en,22.04845139527752,24.329815118930703,21.465808034345294,23.324191568238135,21.465808034345294,23.29767942583977,21.435142594296227,23.2798988511513,20.699172033118675,22.50121771070415,20.97516099356026,22.742748429009715,20.821833793314934,22.570883544644833,20.484513952775224,22.291038398789453,20.515179392824287,22.08145393294879,20.637841153020545,22.191561971839725,16.804661146887458,17.235913491912484,28.549524685679238,32.74425829623064,,,,,,,,,,,,,
drax,,earnings22,lowT,lowT,12,200,3261,20.89,6,5.575,10.302625,0.9975,en,22.04845139527752,24.329815118930703,21.373811714198098,23.259853239036726,21.12848819380558,23.06942752213415,21.343146274149035,23.21997228665577,20.668506593069612,22.29577926940364,20.91383011346213,22.486839897372164,20.852499233364,22.433085318617586,20.576510272922416,22.359706294006514,20.760502913216804,22.462813754452903,20.72983747316774,22.139324863076084,16.528672186445874,17.024162650161642,28.917509966268018,33.13966681806231,,,,,,,,,,,,,
drax,,earnings22,lowT,lowT,15,200,3261,20.89,6,6.565,10.417079999999999,0.9975,en,22.04845139527752,24.329815118930703,21.373811714198098,23.18716099474665,21.25114995400184,23.133927583421134,21.343146274149035,23.1472800423657,20.91383011346213,22.885431988738087,20.821833793314934,22.8293514026575,20.852499233364,22.855994759300856,20.607175712971483,22.392461209517307,20.72983747316774,22.450244817351766,20.883164673413063,22.466176455158404,16.252683226004294,16.747132500110514,29.745476847592762,34.63943392187353,15.52099533437014,14.58786936236392,13.996889580093313,13.96578538102644,16.796267496111977,16.889580093312595,17.045101088646966,10.10886469673406,10.579576816927323,10.756608270916526,12.296841459674946,12.65771264701359,40.5
drax,,earnings22,lowT,lowT,16,200,3261,20.89,6,6.885,10.572430000000002,0.9975,en,22.04845139527752,24.329815118930703,21.465808034345294,23.31653162411728,21.343146274149035,23.27544396177962,21.435142594296227,23.276650671736327,20.852499233364,22.75549065813886,20.883164673413063,22.809905755711856,20.821833793314934,22.739869218175315,20.545844832873353,22.260914420106744,20.699172033118675,22.426705856312807,20.91383011346213,22.650877722028792,16.130021465808035,16.662081681364043,30.174793008279668,35.24355202599163,15.52099533437014,14.650077760497668,13.934681181959565,13.96578538102644,16.640746500777606,16.796267496111977,16.92068429237947,10.077760497667185,10.548911376878259,10.718146732454988,12.235510579576816,12.613246243851533,40.5
drax,,earnings22,main,main,1,600,10031,63.76,6,1.0,0.0,0.9951383333333335,en,37.74299671019838,77.60834721644967,37.74299671019838,77.60834721644967,37.74299671019838,77.60834721644967,37.74299671019838,77.60834721644967,37.74299671019838,77.60834721644967,37.74299671019838,77.60834721644967,37.74299671019838,77.60834721644967,37.74299671019838,77.60834721644967,37.74299671019838,77.60834721644967,37.74299671019838,77.60834721644967,37.74299671019838,77.60834721644967,37.74299671019838,77.60834721644967,32.19685438863521,32.19685438863521,32.19685438863521,32.19685438863521,34.3480466768138,34.3480466768138,34.3480466768138,32.19685438863521,,,,,
drax,,earnings22,main,main,2,600,10031,63.76,6,1.9233333333333333,32.662775,0.9951383333333335,en,37.74299671019838,77.60834721644967,33.00767620376832,65.89741739857708,34.473133286810885,68.40867181391859,33.75535838899412,68.78329433433397,32.49925231781477,58.25318256990115,30.95404246834812,57.56363866695663,31.24314624663543,57.15527508865963,35.1410627056126,64.26098123905506,29.229388894427274,54.460397086635226,29.229388894427274,54.460397086635226,29.00009969095803,54.866694327590714,46.92453394477121,107.1239513761768,,,,,,,,,16.518791745588675,19.083843229879886,19.678995115143056,22.525434661608987,66.16666666666666
drax,,earnings22,main,main,3,600,10031,63.76,6,2.8133333333333335,32.571245,0.9951383333333335,en,37.74299671019838,77.60834721644967,30.814475127105972,52.827723004445474,31.99082843186123,55.34416572367773,30.286113049546405,49.536093661017226,27.923437344232877,42.18815248553226,27.853653673611802,42.1623398702403,27.64430266174858,41.7810069630302,27.833715482005783,44.15460106229913,25.82992722560064,40.37679352956672,25.8897418004187,40.447433836971726,25.092214136177848,38.46966320705862,51.64988535539827,115.92758909012618,,,,,,,,,,,,,
drax,,earnings22,main,main,4,600,10031,63.76,6,3.7016666666666667,32.60088666666667,0.9951383333333335,en,37.74299671019838,77.60834721644967,29.538430864320606,51.853440694104414,30.744691456484897,52.25864464576928,28.67111952945868,45.91234219987969,26.368258398963214,39.25790115236907,26.438042069584288,39.38281083655597,26.318412919948162,39.1666314382773,25.730236267570533,39.86857655479015,25.22181238161699,39.115517170010214,25.291596052238063,39.21014568963873,23.357591466453993,35.15331133459336,55.34841989831522,122.72458740799685,,,,,,,,,13.199082843186122,14.8543562644567,17.266473930814474,19.195897245447064,64.16666666666667
drax,,earnings22,main,main,5,600,10031,63.76,6,4.59,32.92232666666667,0.9951383333333335,en,37.74299671019838,77.60834721644967,28.162695643505135,46.903045841258034,29.57830724753265,49.75102464144289,27.81377729039976,44.75777381974908,25.85983451300967,37.64626859720319,26.03927823746386,38.97539625906638,25.82992722560064,37.944996248694,24.892832220117636,37.65677347504223,24.793141262087527,37.32483706634612,24.793141262087527,37.330015805385926,22.430465556774,33.223263891828275,58.53853055527863,127.69392370138269,,,,,,,,,,,,,
drax,,earnings22,main,main,6,600,10031,63.76,6,5.4383333333333335,32.843201666666666,0.9951383333333335,en,37.74299671019838,77.60834721644967,27.923437344232877,46.588024590214104,28.900408732927925,48.480053288346916,27.79383909879374,45.06563592267369,25.441132489283223,36.58940381294289,25.790050842388595,38.495452044726264,25.26168876482903,37.04448452592015,24.304655567740006,36.38863426425799,23.95573721463463,35.92935483724983,24.05542817266474,36.16915098881069,21.722659754760244,31.962548535120295,61.45947562556076,134.15997038293324,,,,,,,,,,,,,
drax,,earnings22,main,main,8,600,10031,63.76,6,7.101666666666667,32.91846,0.9951383333333335,en,37.74299671019838,77.60834721644967,27.145847871598047,44.8359570275972,28.511613996610507,47.5686781744913,26.976373242946863,43.12593765689843,24.68348120825441,34.93013923046864,25.30156514804107,37.78394042859773,24.723357591466453,35.762018618825685,23.60681886152926,34.71419694681571,23.75635529857442,35.08566204516095,23.806200777589474,35.32907635026004,20.546306450004984,29.915809687533795,65.83590868308245,142.05030576658328,,,,,,,,,11.334861928023129,12.865556916334187,15.651480410726746,17.46294505549185,59.166666666666664
drax,,earnings22,main,main,10,600,10031,63.76,6,8.771666666666667,32.92226333333333,0.9951383333333335,en,37.74299671019838,77.60834721644967,26.88665138071977,43.96405388990296,28.162695643505135,47.23871673250368,26.876682284916757,42.39688071189815,24.384408334164092,34.53872215840313,24.872894028511613,36.66938887276785,24.573821154421292,35.27249096271131,23.128302262984747,34.10437048146511,23.267869604226895,34.140310333969246,23.407436945469048,34.36618485479813,20.03788256405144,29.434841930033677,69.27524673512113,151.1409525401536,,,,,,,,,,,,,
drax,,earnings22,main,main,12,600,10031,63.76,6,10.39,32.91892166666666,0.9951383333333335,en,37.74299671019838,77.60834721644967,26.318412919948162,41.53923874686658,27.544611703718473,45.11018606794674,26.946465955537832,42.53896249974613,23.796231681786463,33.18524516800653,24.2049646097099,35.38150490595124,23.945768118831623,34.23799479288385,22.829229388894426,32.97350914037078,23.227993221014852,33.91222600539126,23.33765327484797,34.16254109861716,19.39986043265876,28.103792441470997,72.28591366763034,157.25140152923404,,,,,,,,,,,,,
drax,,earnings22,main,main,15,600,10031,63.76,6,12.771666666666667,32.91849166666667,0.9951383333333335,en,37.74299671019838,77.60834721644967,25.99940185425182,41.480593420232424,27.265477021234172,44.82957860836587,26.637423985644503,41.64089625591678,23.527066095105173,31.856854143502307,23.826138969195494,35.26758723254094,23.227993221014852,33.19820890226769,22.510218323198085,31.57449382055259,22.85913667630346,32.31300500256988,22.958827634333566,32.65450138863149,18.52258000199382,26.038236171185,75.41620974977569,163.06512074915076,32.19685438863521,19.928970065956367,17.10806697108067,17.56468797564688,18.782343987823438,19.188229325215627,19.27955352612887,12.927447995941147,10.088724952646794,11.099208707778956,14.34552886053235,15.727748497319622,56.99999999999999
drax,,earnings22,main,main,16,600,10031,63.76,6,13.581666666666667,32.91282999999999,0.9951383333333335,en,37.74299671019838,77.60834721644967,25.28162695643505,38.4885619573314,26.60751669823547,40.41860960152731,26.168876482903002,39.48680370595466,23.208055029408833,30.31174441486188,23.507127903499153,33.20804267951653,23.038580400757652,32.07566958595856,22.231083640713788,30.222066204315635,22.58997108962217,30.73931741989672,22.73950752666733,31.29244680259132,18.273352606918554,24.57730057899941,76.7321303957731,164.9090145502278,32.19685438863521,19.167935058346018,16.793505834601724,17.26027397260274,18.579401319127346,18.863521055301877,19.036022323693558,12.714358193810249,9.899312132389593,10.790233616143006,14.265776094108265,15.230523420507188,56.99999999999999
drax,,earnings22,main,ref,1,600,10031,63.76,6,1.0,0.0,0.9995833333333334,en,20.965008473731434,22.202843941777324,20.965008473731434,22.202843941777324,20.965008473731434,22.202843941777324,20.965008473731434,22.202843941777324,20.965008473731434,22.202843941777324,20.965008473731434,22.202843941777324,20.965008473731434,22.202843941777324,20.965008473731434,22.202843941777324,20.965008473731434,22.202843941777324,20.965008473731434,22.202843941777324,20.965008473731434,22.202843941777324,20.965008473731434,22.202843941777324,14.520547945205479,14.520547945205479,14.520547945205479,14.520547945205479,17.382039573820396,17.382039573820396,17.382039573820396,14.520547945205479,,,,,
drax,,earnings22,main,ref,2,600,10031,63.76,6,1.58,9.071926666666666,0.9995833333333334,en,20.965008473731434,22.202843941777324,20.79553384508025,22.014667395945878,20.855348419898316,22.123641285054553,20.815472036686273,22.024824015547622,20.94507028212541,22.42003345461585,20.94507028212541,22.45136831636468,20.974977569534442,22.42298906865746,21.313926826836806,22.60439250376793,21.18432858139767,22.45940747085098,21.18432858139767,22.45940747085098,19.190509420795532,20.22203244236985,22.99870401754561,24.625347216459023,,,,,,,,,14.126208752866114,14.904297411471656,14.704416309440735,15.435223928089059,39.0
drax,,earnings22,main,ref,3,600,10031,63.76,6,2.098333333333333,9.494731666666667,0.9995833333333334,en,20.965008473731434,22.202843941777324,20.436646396171867,21.45955563155831,20.59615192902004,21.706259657365123,20.47652277938391,21.521724943727623,20.536337354201972,21.809491161184262,20.466553683580898,21.81462877865246,20.566244641611007,21.914183668968874,20.386800917156815,21.62333755569162,20.446615491974878,21.704337407797794,20.64599740803509,21.95523649869753,18.323198085933605,19.14564898179707,24.19499551390689,25.960197911898003,,,,,,,,,,,,,
drax,,earnings22,main,ref,4,600,10031,63.76,6,2.5083333333333333,9.530888333333332,0.9995833333333334,en,20.965008473731434,22.202843941777324,20.396770012959824,21.506102775945386,20.50643006679294,21.683490453189382,20.386800917156815,21.494198014040624,20.48649187518692,21.80988344633612,20.426677300368855,21.721126014198422,20.466553683580898,21.801762960297673,20.386800917156815,21.565099718247513,20.436646396171867,21.69574018588665,20.695842887050144,22.072818156754664,17.685175954540924,18.458992122302327,24.862924932708605,27.16810800913031,14.520547945205479,13.972602739726028,14.06392694063927,13.921867072552004,16.84424150177575,16.813800101471333,17.23997970573313,11.679350583460172,12.820257202671717,13.424048975368375,13.577908483700527,14.123863061406308,36.833333333333336
drax,,fleurs-de,lowT,lowT,1,200,4226,42.24,154,1.0,0.0,1.0,de,9.630856601987695,10.038145504062076,9.630856601987695,10.038145504062076,9.630856601987695,10.038145504062076,9.630856601987695,10.038145504062076,9.630856601987695,10.038145504062076,9.630856601987695,10.038145504062076,9.630856601987695,10.038145504062076,9.630856601987695,10.038145504062076,9.630856601987695,10.038145504062076,9.630856601987695,10.038145504062076,9.630856601987695,10.038145504062076,9.630856601987695,10.038145504062076,12.103746397694524,12.103746397694524,12.103746397694524,12.103746397694524,12.752161383285303,12.752161383285303,12.752161383285303,12.103746397694524,,,,,
drax,,fleurs-de,lowT,lowT,2,200,4226,42.24,154,1.615,6.61402,1.0,de,9.630856601987695,10.038145504062076,8.802650260293422,9.233832275979328,8.849976336961666,9.294480424127476,8.802650260293422,9.233832275979328,9.607193563653572,9.993373862018762,8.849976336961666,9.205485594057132,8.920965451964031,9.232333667151336,9.441552295314718,9.955750606187134,8.731661145291055,9.232875956418365,8.731661145291055,9.232875956418365,7.903454803596782,8.302713895685756,10.884997633696166,11.357063846075768,,,,,,,,,6.956933270231898,7.340942345949773,7.453857075248462,7.796146287842051,15.5
drax,,fleurs-de,lowT,lowT,3,200,4226,42.24,154,2.125,6.487724999999999,1.0,de,9.630856601987695,10.038145504062076,8.7789872219593,9.031370540908899,8.944628490298154,9.223184706593202,8.7789872219593,9.031370540908899,8.589682915286323,8.966061700558331,8.44770468528159,8.749319914358171,8.44770468528159,8.755221420259677,8.44770468528159,8.843200280317877,8.353052531945101,8.786499162664747,8.495030761949835,8.90704770053797,7.477520113582584,7.785470209279151,11.642214860388075,12.128010804766603,,,,,,,,,,,,,
drax,,fleurs-de,lowT,lowT,4,200,4226,42.24,154,2.585,6.351765,1.0,de,9.630856601987695,10.038145504062076,8.637008991954566,8.893571525563106,8.826313298627543,9.116113245426977,8.637008991954566,8.893571525563106,8.32938949361098,8.79303399543493,8.258400378608613,8.681840807643278,8.282063416942735,8.708677175783993,8.471367723615712,8.824450961530196,8.518693800283957,9.024020632055748,8.542356838618078,9.027873463114462,7.264552768575485,7.5606336808135906,12.091812588736394,12.637795604129407,,,,,,,,,6.199716043539991,6.544575086659488,6.933270231897776,7.20187336833153,18.5
drax,,fleurs-de,lowT,lowT,5,200,4226,42.24,154,3.015,6.3514800000000005,1.0,de,9.630856601987695,10.038145504062076,8.731661145291055,8.97228216819994,8.873639375295788,9.13038421267212,8.731661145291055,8.97228216819994,8.305726455276858,8.789184482486952,8.32938949361098,8.780378259582264,8.305726455276858,8.755378259582264,8.305726455276858,8.78698395200756,8.045433033601514,8.539001864716166,8.069096071935636,8.557414249432899,7.027922385234264,7.315619579376338,12.541410317084713,13.133420856717116,,,,,,,,,,,,,
drax,,fleurs-de,lowT,lowT,6,200,4226,42.24,154,3.44,6.38453,1.0,de,9.630856601987695,10.038145504062076,8.684335068622811,8.936884557131524,8.7789872219593,9.075894626869147,8.684335068622811,8.936884557131524,8.282063416942735,8.791960222398915,8.092759110269759,8.605753642202565,8.187411263606247,8.694159439304014,8.163748225272125,8.639442363255007,8.069096071935636,8.594652726681481,8.045433033601514,8.559125097164083,6.956933270231898,7.247584152645261,13.014671083767155,13.639518829316302,,,,,,,,,,,,,
drax,,fleurs-de,lowT,lowT,8,200,4226,42.24,154,4.245,6.3833899999999995,1.0,de,9.630856601987695,10.038145504062076,8.542356838618078,8.761428837605596,8.7789872219593,9.05436485310959,8.542356838618078,8.761428837605596,8.305726455276858,8.741606415204707,8.305726455276858,8.713828637426928,8.282063416942735,8.716606415204705,8.116422148603881,8.59319751522627,8.092759110269759,8.5715365492232,8.140085186938002,8.632952012844544,6.601987695220067,6.878022261353829,13.700899195456696,14.326563299211454,,,,,,,,,5.347846663511595,5.696230988848247,6.318031235210601,6.571417745973218,19.5
drax,,fleurs-de,lowT,lowT,10,200,4226,42.24,154,4.98,6.29971,1.0,de,9.630856601987695,10.038145504062076,8.495030761949835,8.73368976523934,8.755324183625177,9.076997573105391,8.495030761949835,8.73368976523934,8.116422148603881,8.609163937937545,8.069096071935636,8.537648416422023,8.092759110269759,8.551588180361787,7.903454803596782,8.399331288860044,7.99810695693327,8.518458384585607,8.163748225272125,8.683022986650208,6.365357311878845,6.643621939453507,13.890203502129673,14.528632931412162,,,,,,,,,,,,,
drax,,fleurs-de,lowT,lowT,12,200,4226,42.24,154,5.7,6.32588,1.0,de,9.630856601987695,10.038145504062076,8.684335068622811,8.908826203560595,8.826313298627543,9.149283134233663,8.684335068622811,8.908826203560595,8.116422148603881,8.630026106996645,8.21107430194037,8.72509325206379,8.163748225272125,8.682911601186486,7.927117841930904,8.43281293792993,7.974443918599148,8.529573196710649,8.140085186938002,8.690084592516161,6.1523899668717466,6.438706081369648,14.363464268812116,15.011442136107913,,,,,,,,,,,,,
drax,,fleurs-de,lowT,lowT,15,200,4226,42.24,154,6.74,6.38994,1.0,de,9.630856601987695,10.038145504062076,8.660672030288689,9.00773260406546,8.826313298627543,9.230048513274674,8.660672030288689,9.00773260406546,8.069096071935636,8.588990753461292,7.950780880265026,8.46461936748,8.069096071935636,8.588990753461292,7.99810695693327,8.48964801106935,7.974443918599148,8.51635947974306,7.950780880265026,8.481978595637113,5.915759583530526,6.219855090763026,14.86038807382868,15.576767979537301,12.103746397694524,11.071085494716618,10.470701248799232,10.350624399615754,11.239193083573488,11.191162343900096,11.143131604226705,8.117195004803074,4.7799337434926645,5.1412437577395655,5.679129200189304,5.948789791068689,17.5
drax,,fleurs-de,lowT,lowT,16,200,4226,42.24,154,7.08,6.403495,1.0,de,9.630856601987695,10.038145504062076,8.5660198769522,8.927809330408172,8.7789872219593,9.189853111442442,8.5660198769522,8.927809330408172,8.069096071935636,8.571632183238945,8.021769995267393,8.537238415099047,8.069096071935636,8.568536208006746,7.950780880265026,8.450698531756094,7.856128726928538,8.377828369358404,7.8797917652626595,8.395295147394236,5.8684335068622815,6.170747947905883,14.97870326549929,15.685579759544737,12.103746397694524,10.999039385206531,10.446685878962535,10.470701248799232,11.167146974063401,11.047070124879923,11.071085494716618,8.045148895292987,4.73260766682442,5.089104720306411,5.655466161855182,5.930932648211546,17.5
drax,,fleurs-de,main,main,1,546,11390,114.49,300,1.0,0.0,0.9995457875457875,de,12.607550482879718,13.01954721987006,12.607550482879718,13.01954721987006,12.607550482879718,13.01954721987006,12.607550482879718,13.01954721987006,12.607550482879718,13.01954721987006,12.607550482879718,13.01954721987006,12.607550482879718,13.01954721987006,12.607550482879718,13.01954721987006,12.607550482879718,13.01954721987006,12.607550482879718,13.01954721987006,12.607550482879718,13.01954721987006,12.607550482879718,13.01954721987006,14.658990256864481,14.658990256864481,14.658990256864481,14.658990256864481,14.844995571302038,14.844995571302038,14.844995571302038,14.658990256864481,,,,,
drax,,fleurs-de,main,main,2,546,11390,114.49,300,1.8241758241758241,13.150144688644687,0.9995457875457875,de,12.607550482879718,13.01954721987006,11.229148375768217,11.507022831287424,11.615452151009658,11.966529650147663,11.176470588235293,11.450084371044943,12.344161545215101,12.598811457917163,11.220368744512731,11.476493978979859,11.211589113257244,11.437017717345377,12.721685689201054,13.130115580889894,10.35118525021949,10.730121188775982,10.35118525021949,10.730121188775982,10.175592625109745,10.420996271413854,15.162423178226515,15.623136696903881,,,,,,,,,7.778753292361721,8.022010126415129,9.394205443371378,9.58911326414956,35.16483516483517
drax,,fleurs-de,main,main,3,546,11390,114.49,300,2.608058608058608,13.321558608058607,0.9995457875457875,de,12.607550482879718,13.01954721987006,10.99209833187006,11.226775106201947,11.202809482001756,11.520306150126927,10.869183494293239,11.106583888847451,10.667251975417033,10.946252862892496,10.623353819139597,10.823610841357842,10.491659350307287,10.714757511258718,10.140474100087797,10.503868267092038,9.45566286215979,9.811610633803657,9.49078138718174,9.861478759191463,9.16593503072871,9.381426071230946,17.01492537313433,17.50232600821661,,,,,,,,,,,,,
drax,,fleurs-de,main,main,4,546,11390,114.49,300,3.347985347985348,13.513714285714286,0.9995457875457875,de,12.607550482879718,13.01954721987006,10.570676031606672,10.77796871048894,10.737489025460931,11.038325993458525,10.500438981562775,10.716685688358094,10.175592625109745,10.483462189159878,10.105355575065847,10.317613238180718,9.90342405618964,10.115465208003563,9.367866549604917,9.729355326808346,8.955223880597014,9.344022400193747,9.043020193151888,9.461663677223878,8.463564530289728,8.613307217156436,18.024582967515364,18.576325330023263,,,,,,,,,6.0140474100087795,6.193969441872649,7.91044776119403,8.032169800105548,34.98168498168498
drax,,fleurs-de,main,main,5,546,11390,114.49,300,4.049450549450549,13.446945054945054,0.9995457875457875,de,12.607550482879718,13.01954721987006,10.430201931518877,10.626656805007375,10.570676031606672,10.848820822183724,10.447761194029852,10.650750363087418,9.71027216856892,9.96455634591638,9.815627743634767,10.062675459713168,9.61369622475856,9.848149943090387,8.87620719929763,9.17279034369758,8.726953467954345,9.070107914374207,8.753292361720808,9.052440429094677,7.989464442493415,8.131817708614442,18.74451273046532,19.385403744085643,,,,,,,,,,,,,
drax,,fleurs-de,main,main,6,546,11390,114.49,300,4.754578754578755,13.471498168498169,0.9995457875457875,de,12.607550482879718,13.01954721987006,10.333625987708515,10.59009083503051,10.456540825285337,10.761563053384238,10.359964881474978,10.589296412401113,9.482001755926252,9.72918052636707,9.569798068481123,9.818734336968372,9.411764705882353,9.633305959269183,8.68305531167691,9.002297879050392,8.568920105355575,8.911083365396875,8.577699736611063,8.90642549548764,7.726075504828797,7.881293017955171,19.45566286215979,20.12779648666027,,,,,,,,,,,,,
drax,,fleurs-de,main,main,8,546,11390,114.49,300,6.131868131868132,13.457831501831503,0.9995457875457875,de,12.607550482879718,13.01954721987006,10.079016681299386,10.225118553304672,10.210711150131694,10.457696391884442,10.166812993854258,10.301659534597379,9.078138718173836,9.299964551490913,9.218612818261633,9.38474917954623,9.00790166812994,9.199462625410945,8.279192273924496,8.568407382370825,8.366988586479367,8.718756397017552,8.472344161545216,8.814665981999081,7.190517998244074,7.24605254910564,20.51799824407375,21.208020296627783,,,,,,,,,5.021949078138718,5.166812371096112,6.874451273046532,6.903714533059352,30.76923076923077
drax,,fleurs-de,main,main,10,546,11390,114.49,300,7.426739926739927,13.482904761904761,0.9995457875457875,de,12.607550482879718,13.01954721987006,10.184372256365233,10.305543703159975,10.184372256365233,10.374607514451524,10.184372256365233,10.291816316578533,8.87620719929763,9.107491691183672,9.095697980684811,9.282956189450251,8.858647936786655,9.047406916788253,8.296751536435469,8.595901943023165,8.314310798946444,8.654003497646338,8.375768217734855,8.71196438988041,6.9183494293239685,6.941600588406222,21.404741000877962,22.143002346884536,,,,,,,,,,,,,
drax,,fleurs-de,main,main,12,546,11390,114.49,300,8.76923076923077,13.576489010989011,0.9995457875457875,de,12.607550482879718,13.01954721987006,10.140474100087797,10.372433754779285,10.149253731343284,10.448821354445444,10.070237050043898,10.289651777111363,8.691834942932397,8.954213075036145,8.84108867427568,9.051539128423396,8.674275680421422,8.910798885071024,8.156277436347674,8.485047743025943,8.182616330114135,8.527380007220192,8.182616330114135,8.491824587627047,6.6549604916593506,6.681661495732329,22.30904302019315,23.074709044546886,,,,,,,,,,,,,
drax,,fleurs-de,main,main,15,546,11390,114.49,300,10.727106227106226,13.580587912087912,0.9995457875457875,de,12.607550482879718,13.01954721987006,9.877085162423178,10.086860823988479,9.947322212467077,10.201481672689173,9.84196663740123,10.031060765042769,8.52502194907814,8.807339594948532,8.709394205443372,8.967426042733495,8.577699736611063,8.831217010175967,8.059701492537313,8.393715780177995,8.050921861281827,8.412602672480766,8.077260755048288,8.425336863997604,6.330114135206322,6.358967778978037,23.099209833187007,23.995098239168126,14.658990256864481,11.78919397697077,10.620017714791851,10.823737821080602,10.487156775907883,10.33658104517272,10.389725420726306,8.051372896368468,4.354697102721686,4.468393188949203,6.084284460052678,6.116152865659975,27.83882783882784
drax,,fleurs-de,main,main,16,546,11390,114.49,300,11.362637362637363,13.570258241758241,0.9995457875457875,de,12.607550482879718,13.01954721987006,9.736611062335381,9.987073006583374,9.798068481123792,10.01468415505993,9.719051799824408,9.943703955543786,8.446005267778753,8.725427148184538,8.595258999122036,8.8771539482967,8.446005267778753,8.718092731602898,8.04214223002634,8.366782361114062,7.945566286215979,8.298271631864349,7.936786654960492,8.2721889008944,6.180860403863038,6.230073246135471,23.28358208955224,24.20657273686249,14.658990256864481,11.647475642161204,10.496014171833481,10.717449069973428,10.434012400354296,10.283436669619132,10.301151461470328,7.883082373782108,4.240561896400351,4.36040319359657,5.970149253731344,6.0210828684535365,27.28937728937729
drax,,fleurs-de,main,ref,1,546,11390,114.49,300,1.0,0.0,1.0,de,9.244951712028096,9.50092546215915,9.244951712028096,9.50092546215915,9.244951712028096,9.50092546215915,9.244951712028096,9.50092546215915,9.244951712028096,9.50092546215915,9.244951712028096,9.50092546215915,9.244951712028096,9.50092546215915,9.244951712028096,9.50092546215915,9.244951712028096,9.50092546215915,9.244951712028096,9.50092546215915,9.244951712028096,9.50092546215915,9.244951712028096,9.50092546215915,11.169176262178919,11.169176262178919,11.169176262178919,11.169176262178919,11.558901682905226,11.558901682905226,11.558901682905226,11.169176262178919,,,,,
drax,,fleurs-de,main,ref,2,546,11390,114.49,300,1.5787545787545787,5.841829670329671,1.0,de,9.244951712028096,9.50092546215915,9.016681299385425,9.283811087111724,8.97278314310799,9.251642998635585,9.016681299385425,9.289523373525764,9.306409130816506,9.52573582804116,8.93766461808604,9.191582741359541,8.955223880597014,9.190382687588508,9.315188762071992,9.583292415831915,8.788410886742756,9.050346353025192,8.788410886742756,9.050346353025192,7.81387181738367,8.060016659776748,10.67603160667252,10.95407585482617,,,,,,,,,6.909569798068481,7.078368198952396,7.3397717295873575,7.477684749553738,15.934065934065933
drax,,fleurs-de,main,ref,3,546,11390,114.49,300,2.0494505494505493,5.724141025641027,1.0,de,9.244951712028096,9.50092546215915,8.858647936786655,9.173353777959637,8.814749780509219,9.11742529109729,8.84108867427568,9.146837084776276,8.656716417910447,8.904620482543852,8.700614574187885,8.981970008315677,8.595258999122036,8.877568581604683,8.595258999122036,8.87161397299614,8.507462686567164,8.782750383977692,8.507462686567164,8.790693901137718,7.287093942054434,7.530832371885822,11.404741000877964,11.670359018947705,,,,,,,,,,,,,
drax,,fleurs-de,main,ref,4,546,11390,114.49,300,2.489010989010989,5.79665750915751,1.0,de,9.244951712028096,9.50092546215915,8.700614574187885,8.998032058473548,8.832309043020194,9.161975980910755,8.700614574187885,9.004815398590221,8.533801580333625,8.840713235931272,8.52502194907814,8.848815610389407,8.48990342405619,8.816731743478796,8.39332748024583,8.669612111899601,8.410886742756805,8.730889877745602,8.428446005267778,8.743287865368163,6.997366110623354,7.15933877646025,11.940298507462687,12.238312560132872,11.169176262178919,10.549158547387067,10.478299379982285,10.301151461470328,10.735163861824624,10.66430469441984,10.690876882196633,8.759964570416297,6.005267778753292,6.13768827595978,6.628621597892889,6.707573197386188,17.216117216117215
drax,,fleurs-en,lowT,lowT,1,200,4330,32.52,168,1.0,0.0,0.999375,en,11.039260969976905,11.300322256366426,11.039260969976905,11.300322256366426,11.039260969976905,11.300322256366426,11.039260969976905,11.300322256366426,11.039260969976905,11.300322256366426,11.039260969976905,11.300322256366426,11.039260969976905,11.300322256366426,11.039260969976905,11.300322256366426,11.039260969976905,11.300322256366426,11.039260969976905,11.300322256366426,11.039260969976905,11.300322256366426,11.039260969976905,11.300322256366426,10.289314045730285,10.289314045730285,10.289314045730285,10.289314045730285,12.062529164722353,12.062529164722353,12.062529164722353,10.289314045730285,,,,,
drax,,fleurs-en,lowT,lowT,2,200,4330,32.52,168,1.53,5.45348,0.999375,en,11.039260969976905,11.300322256366426,10.969976905311778,11.130064322813215,11.108545034642033,11.328208119805698,11.039260969976905,11.23416050075808,11.062355658198614,11.32893398938138,11.062355658198614,11.242342106733801,11.108545034642033,11.255599682491377,11.200923787528868,11.521369704844746,10.969976905311778,11.184966938459759,10.969976905311778,11.184966938459759,9.861431870669746,10.048014779766351,12.193995381062356,12.492854009732163,,,,,,,,,7.436489607390301,7.465602430065832,7.806004618937644,7.859082303997026,26.0
drax,,fleurs-en,lowT,lowT,3,200,4330,32.52,168,2.005,5.792055,0.999375,en,11.039260969976905,11.300322256366426,10.831408775981524,11.033027711007296,10.92378752886836,11.18340365085692,10.900692840646652,11.111975079428348,10.346420323325635,10.688752256071623,10.600461893764434,10.877049828064848,10.531177829099308,10.83128366893662,10.300230946882218,10.629856984676353,10.23094688221709,10.573274436789458,10.300230946882218,10.645873694369197,9.122401847575057,9.360003282135153,13.117782909930716,13.544007583323053,,,,,,,,,,,,,
drax,,fleurs-en,lowT,lowT,4,200,4330,32.52,168,2.445,5.87091,0.999375,en,11.039260969976905,11.300322256366426,10.969976905311778,11.094326323561265,10.877598152424943,11.02418090384688,10.969976905311778,11.094326323561265,10.2540415704388,10.467705921204164,10.531177829099308,10.641062953978405,10.300230946882218,10.499617781745055,10.46189376443418,10.775314071920366,10.43879907621247,10.69883499544129,10.43879907621247,10.70446528436639,8.822170900692841,8.937180973536982,13.833718244803695,14.237257874111132,,,,,,,,,6.489607390300231,6.488051875008203,7.1362586605080836,7.132851310603784,24.0
drax,,fleurs-en,lowT,lowT,5,200,4330,32.52,168,2.86,5.746849999999999,0.999375,en,11.039260969976905,11.300322256366426,10.877598152424943,11.12397439888231,10.831408775981524,11.10834894844596,10.877598152424943,11.12397439888231,9.97690531177829,10.283863269925902,9.97690531177829,10.214552448304346,9.884526558891455,10.17719851151432,10.046189376443419,10.330630240603943,10.23094688221709,10.506576616091259,10.23094688221709,10.49950023529971,8.591224018475751,8.727414712187137,14.226327944572748,14.658126315194375,,,,,,,,,,,,,
drax,,fleurs-en,lowT,lowT,6,200,4330,32.52,168,3.225,5.720899999999999,0.999375,en,11.039260969976905,11.300322256366426,10.808314087759815,10.953728646051799,10.762124711316398,10.992290387733675,10.808314087759815,10.953728646051799,10.138568129330254,10.385140369850914,10.0,10.191018091121158,9.97690531177829,10.173284170296599,10.184757505773671,10.46582930990084,10.161662817551964,10.331508589819308,10.20785219399538,10.394803608976396,8.383371824480369,8.475494612903955,14.387990762124712,14.792613387408304,,,,,,,,,,,,,
drax,,fleurs-en,lowT,lowT,8,200,4330,32.52,168,3.875,5.61605,0.999375,en,11.039260969976905,11.300322256366426,10.600461893764434,10.797576193074658,10.48498845265589,10.757703824064357,10.577367205542725,10.773766669265136,9.953810623556581,10.231172641369398,10.069284064665126,10.275493468325692,10.115473441108545,10.3257659471696,10.046189376443419,10.32467184714555,10.161662817551964,10.3850718212713,10.046189376443419,10.259156806630507,8.083140877598153,8.21092098383542,14.826789838337183,15.22028876227145,,,,,,,,,5.8891454965357966,5.866973539321266,6.51270207852194,6.492601189170154,22.5
drax,,fleurs-en,lowT,lowT,10,200,4330,32.52,168,4.475,5.622870000000001,0.999375,en,11.039260969976905,11.300322256366426,10.69284064665127,10.902164947232379,10.577367205542725,10.844604701436374,10.66974595842956,10.878355423422853,10.02309468822171,10.15944258259306,9.930715935334874,10.055305673999968,10.0,10.1355373211878,9.97690531177829,10.191516191077739,10.20785219399538,10.353976445551782,10.369515011547344,10.622669580373948,7.829099307159353,7.943358276934477,15.103926096997691,15.544052891175198,,,,,,,,,,,,,
drax,,fleurs-en,lowT,lowT,12,200,4330,32.52,168,5.13,5.604960000000001,0.999375,en,11.039260969976905,11.300322256366426,10.739030023094688,10.932992965985093,10.646651270207853,10.866629462043724,10.69284064665127,10.885373918366046,9.953810623556581,10.120993315260746,9.907621247113164,10.066822768017062,9.930715935334874,10.07322576326387,10.0,10.184818262243589,10.161662817551964,10.308341048091059,10.369515011547344,10.611178372057413,7.644341801385681,7.748521251215097,15.404157043879907,15.840920291640797,,,,,,,,,,,,,
drax,,fleurs-en,lowT,lowT,15,200,4330,32.52,168,5.975,5.56731,0.999375,en,11.039260969976905,11.300322256366426,10.623556581986143,10.78743019542232,10.600461893764434,10.762948722233952,10.577367205542725,10.739811147803273,10.138568129330254,10.329375928278942,10.02309468822171,10.202069613903664,10.138568129330254,10.318553417456434,10.046189376443419,10.229559078462094,10.115473441108545,10.289353333914246,10.20785219399538,10.413687888248798,7.436489607390301,7.494477356042172,15.750577367205542,16.189995501147806,10.289314045730285,9.589360709286048,9.076061595893608,8.98273448436771,10.895940270648623,10.919272048530098,10.965935604293048,6.836210919272048,5.404157043879907,5.384837693805233,6.1200923787528865,6.039335559849022,21.5
drax,,fleurs-en,lowT,lowT,16,200,4330,32.52,168,6.245,5.535119999999999,0.999375,en,11.039260969976905,11.300322256366426,10.531177829099308,10.698780770134967,10.508083140877599,10.67941946413573,10.48498845265589,10.65116172251592,9.97690531177829,10.120113606749541,10.046189376443419,10.187168136071152,10.02309468822171,10.169433334640697,9.97690531177829,10.170348289251306,10.20785219399538,10.34848822611564,10.2540415704388,10.434077904636354,7.344110854503464,7.368070429635244,15.84295612009238,16.25857616617244,10.289314045730285,9.49603359776015,9.19272048530098,9.029398040130658,10.919272048530098,11.012599160055997,11.03593093793747,6.7662155856276245,5.35796766743649,5.321526005493545,6.073903002309469,5.971153741667204,22.0
drax,,fleurs-en,main,main,1,600,13232,97.96,345,1.0,0.0,0.9974149999999999,en,14.42714631197098,14.481178919909254,14.42714631197098,14.481178919909254,14.42714631197098,14.481178919909254,14.42714631197098,14.481178919909254,14.42714631197098,14.481178919909254,14.42714631197098,14.481178919909254,14.42714631197098,14.481178919909254,14.42714631197098,14.481178919909254,14.42714631197098,14.481178919909254,14.42714631197098,14.481178919909254,14.42714631197098,14.481178919909254,14.42714631197098,14.481178919909254,14.195655476226644,14.195655476226644,14.195655476226644,14.195655476226644,15.912198085979037,15.912198085979037,15.912198085979037,14.195655476226644,,,,,
drax,,fleurs-en,main,main,2,600,13232,97.96,345,1.8466666666666667,14.884151666666666,0.9974149999999999,en,14.42714631197098,14.481178919909254,13.19528415961306,13.272204355792939,13.391777509068923,13.414745978039178,13.074365175332527,13.135674004222542,15.016626360338574,15.111484354929042,13.19528415961306,13.295665481088742,13.255743651753326,13.392681043737692,14.374244256348247,14.436536806581449,11.857617896009673,12.008283911989368,11.857617896009673,12.008283911989368,11.948307134220073,11.969150060920224,17.623941958887546,17.882749601257874,,,,,,,,,8.320737605804112,8.446606771934968,10.08162031438936,10.084477811555836,42.833333333333336
drax,,fleurs-en,main,main,3,600,13232,97.96,345,2.6333333333333333,14.692590000000001,0.9974149999999999,en,14.42714631197098,14.481178919909254,12.575574365175333,12.651310463786086,12.892986698911729,12.959781467269252,12.560459492140266,12.638418307168072,12.424425634824667,12.502231404588205,12.258162031438935,12.29509946171049,12.182587666263604,12.217247484835816,11.85006045949214,11.951242025319708,11.048972188633616,11.139971393558138,11.094316807738815,11.184877655206684,10.882708585247883,10.862631275879158,19.23367593712213,19.622393398736406,,,,,,,,,,,,,
drax,,fleurs-en,main,main,4,600,13232,97.96,345,3.3783333333333334,14.554043333333333,0.9974149999999999,en,14.42714631197098,14.481178919909254,12.295949214026603,12.38077613580106,12.658706166868198,12.725144289783813,12.371523579201934,12.474745797931423,11.729141475211609,11.787138882479688,11.834945586457074,11.89266589792452,11.683796856106408,11.725646546594245,10.905380894800484,10.98371339252472,10.55018137847642,10.678918341171256,10.603083434099153,10.73432079219128,10.134522370012093,10.103402901001322,20.495767835550183,20.92199202278556,,,,,,,,,6.55229746070133,6.6460551158557495,8.80441354292624,8.763708428102806,40.0
drax,,fleurs-en,main,main,5,600,13232,97.96,345,4.108333333333333,14.593416666666668,0.9974149999999999,en,14.42714631197098,14.481178919909254,11.948307134220073,12.011078070344551,12.235489721886337,12.293930247809575,11.89540507859734,11.974138761052757,11.230350665054413,11.225355266048958,11.472188633615477,11.425991017324591,11.237908101571946,11.204076286737424,10.527509068923822,10.605445428234225,10.172309552599758,10.253183210483925,10.217654171704957,10.328390937626638,9.613059250302298,9.587755440912712,21.568923821039903,22.046137642169672,,,,,,,,,,,,,
drax,,fleurs-en,main,main,6,600,13232,97.96,345,4.828333333333333,14.622419999999998,0.9974149999999999,en,14.42714631197098,14.481178919909254,11.80471584038694,11.862416409374955,12.129685610640871,12.185085245400472,11.782043530834342,11.861791938376257,10.89782345828295,10.957186525476349,11.22279322853688,11.219082489805428,11.10943168077388,11.108491095151471,10.157194679564691,10.30974765094152,9.92291414752116,10.072098201496413,9.953143893591294,10.113367875767928,9.197400241837968,9.149236227829558,22.21130592503023,22.67262524399951,,,,,,,,,,,,,
drax,,fleurs-en,main,main,8,600,13232,97.96,345,6.238333333333333,14.656706666666668,0.9974149999999999,en,14.42714631197098,14.481178919909254,11.698911729141475,11.752684833118025,11.797158403869407,11.862237073827288,11.577992744860943,11.650881846777892,10.557738814993954,10.592601249764275,10.958282950423216,10.99771276373684,10.731559854897219,10.777390843031844,9.832224909310762,9.953097262281716,9.817110036275695,9.947102574293604,9.847339782345829,9.991338827008994,8.80441354292624,8.776585770366928,23.23911729141475,23.80348752571189,,,,,,,,,5.516928657799275,5.65615931319401,7.8597339782345825,7.811031588426188,39.166666666666664
drax,,fleurs-en,main,main,10,600,13232,97.96,345,7.595,14.598828333333334,0.9974149999999999,en,14.42714631197098,14.481178919909254,11.668681983071343,11.777109598200287,11.80471584038694,11.890058179547285,11.509975816203143,11.6173316118326,10.157194679564691,10.170499718817537,10.61819830713422,10.676221682655235,10.399032648125756,10.481078800702395,9.605501813784764,9.685680110146876,9.582829504232164,9.699897879725732,9.59794437726723,9.714049055816565,8.487001209189843,8.446317392796184,24.01753325272068,24.648278929557733,,,,,,,,,,,,,
drax,,fleurs-en,main,main,12,600,13232,97.96,345,8.948333333333334,14.632701666666668,0.9974149999999999,en,14.42714631197098,14.481178919909254,11.396614268440144,11.481392461564106,11.585550181378476,11.683295622566655,11.290810157194679,11.373314539280031,10.194981862152359,10.190506485385791,10.625755743651753,10.680376264592212,10.33857315598549,10.401702037815186,9.514812575574366,9.622863009899651,9.613059250302298,9.7502707681111,9.66596130592503,9.813794669835623,8.245163240628779,8.192754312484778,24.8412938331318,25.581747014706213,,,,,,,,,,,,,
drax,,fleurs-en,main,main,15,600,13232,97.96,345,10.976666666666667,14.58473166666667,0.9974149999999999,en,14.42714631197098,14.481178919909254,11.404171704957678,11.501271606747062,11.532648125755744,11.607874087542083,11.366384522370012,11.44746041376211,10.187424425634825,10.221231838186426,10.459492140266022,10.526722211480282,10.331015719467956,10.396127978484355,9.477025392986699,9.617379157914598,9.635731559854896,9.788416776786276,9.696191051995163,9.849453631027776,8.003325272067714,7.94006741813006,25.491233373639663,26.309019055818727,14.195655476226644,10.747379614157678,9.78277381133222,10.078991341333738,10.8081421844144,10.838523469542762,10.891690718517394,7.602916603372322,4.950120918984281,5.031377411906131,7.22490931076179,7.151194210344573,36.333333333333336
drax,,fleurs-en,main,main,16,600,13232,97.96,345,11.678333333333333,14.632683333333334,0.9974149999999999,en,14.42714631197098,14.481178919909254,11.358827085852479,11.458972626809,11.434401451027812,11.523035076868373,11.298367593712213,11.385525418498377,10.157194679564691,10.196248327462166,10.482164449818622,10.519852669636315,10.232769044740024,10.287133377130417,9.477025392986699,9.611585965808924,9.605501813784764,9.791536309090414,9.635731559854896,9.830827914171492,7.935308343409916,7.87096428837241,25.846432889963726,26.65475991903259,14.195655476226644,10.663831080054686,9.7979644538964,10.018228771077016,10.815737505696491,10.838523469542762,10.82333282697858,7.51936806926933,4.836759371221282,4.919526841871038,7.172007255139057,7.1113665891752555,36.5
drax,,fleurs-en,main,ref,1,600,13232,97.96,345,1.0,0.0,0.9995833333333334,en,9.953143893591294,10.110562204504584,9.953143893591294,10.110562204504584,9.953143893591294,10.110562204504584,9.953143893591294,10.110562204504584,9.953143893591294,10.110562204504584,9.953143893591294,10.110562204504584,9.953143893591294,10.110562204504584,9.953143893591294,10.110562204504584,9.953143893591294,10.110562204504584,9.953143893591294,10.110562204504584,9.953143893591294,10.110562204504584,9.953143893591294,10.110562204504584,9.570104815433693,9.570104815433693,9.570104815433693,9.570104815433693,11.408172565699529,11.408172565699529,11.408172565699529,9.570104815433693,,,,,
drax,,fleurs-en,main,ref,2,600,13232,97.96,345,1.5116666666666667,4.730208333333334,0.9995833333333334,en,9.953143893591294,10.110562204504584,9.870012091898428,10.00294331346833,9.92291414752116,10.027207053351754,9.862454655380894,9.992971803496822,9.938029020556227,10.125165664403756,9.786880290205563,9.960570127246243,9.862454655380894,10.057337403180185,10.051390568319226,10.221746907834351,9.92291414752116,10.101712589137325,9.92291414752116,10.101712589137325,8.849758162031439,9.030899082564213,11.24546553808948,11.377573281606495,,,,,,,,,6.94528415961306,7.063916928423014,7.2626964933494556,7.396012595111591,23.666666666666668
drax,,fleurs-en,main,ref,3,600,13232,97.96,345,1.9233333333333333,4.747145000000001,0.9995833333333334,en,9.953143893591294,10.110562204504584,9.915356711003627,10.021579731556015,9.960701330108828,10.043323093110788,9.907799274486095,10.011608221584506,9.620616686819831,9.760902462212082,9.64328899637243,9.769346554121764,9.582829504232164,9.711695652902128,9.560157194679565,9.723369625646743,9.552599758162032,9.725209875955123,9.696191051995163,9.864085649856131,8.441656590084643,8.57716564079221,12.038996372430471,12.199951238690815,,,,,,,,,,,,,
drax,,fleurs-en,main,ref,4,600,13232,97.96,345,2.2983333333333333,4.835743333333333,0.9995833333333334,en,9.953143893591294,10.110562204504584,9.975816203143893,10.09935288789615,9.94558645707376,10.072348198688008,9.960701330108828,10.083428996972259,9.590386940749697,9.75176041743802,9.582829504232164,9.748885178152277,9.552599758162032,9.745835869953073,9.507255139056833,9.691869565610995,9.492140266021766,9.66379486826007,9.552599758162032,9.7066770531099,8.146916565900847,8.252600159192088,12.5453446191052,12.73467742341011,9.570104815433693,9.380221783381437,9.13717150235455,9.076408932097827,10.82333282697858,10.754974935439769,10.800546863132311,7.709251101321586,6.2575574365175335,6.33669056836525,6.786577992744861,6.869807749112182,24.0
drax,,fleurs-es,lowT,lowT,1,200,5025,39.84,169,1.0,0.0,1.0,es,6.606965174129353,6.6989059853724084,6.606965174129353,6.6989059853724084,6.606965174129353,6.6989059853724084,6.606965174129353,6.6989059853724084,6.606965174129353,6.6989059853724084,6.606965174129353,6.6989059853724084,6.606965174129353,6.6989059853724084,6.606965174129353,6.6989059853724084,6.606965174129353,6.6989059853724084,6.606965174129353,6.6989059853724084,6.606965174129353,6.6989059853724084,6.606965174129353,6.6989059853724084,8.302956662616443,8.302956662616443,8.302956662616443,8.302956662616443,8.282705548805184,8.282705548805184,8.282705548805184,8.302956662616443,,,,,
drax,,fleurs-es,lowT,lowT,2,200,5025,39.84,169,1.465,3.37581,1.0,es,6.606965174129353,6.6989059853724084,6.407960199004975,6.500856419658506,6.447761194029851,6.499351790028876,6.4278606965174125,6.516481419658506,6.606965174129353,6.708207334429855,6.487562189054726,6.62325365205574,6.467661691542289,6.592950621752708,6.567164179104478,6.613495893502952,6.288557213930348,6.322001374433828,6.288557213930348,6.322001374433828,5.6716417910447765,5.740290568979647,7.482587064676617,7.556336840703456,,,,,,,,,4.45771144278607,4.544733488543226,4.63681592039801,4.717677203077254,18.0
drax,,fleurs-es,lowT,lowT,3,200,5025,39.84,169,1.81,3.18572,1.0,es,6.606965174129353,6.6989059853724084,6.388059701492537,6.535721828814943,6.407960199004975,6.537159295693586,6.388059701492537,6.535721828814943,6.208955223880597,6.285601830010245,6.268656716417911,6.376875520088282,6.2288557213930345,6.318101830010246,6.248756218905473,6.363541788602378,6.2288557213930345,6.317174164997912,6.169154228855722,6.25308686341061,5.45273631840796,5.555900493462103,7.940298507462686,7.99921573559361,,,,,,,,,,,,,
drax,,fleurs-es,lowT,lowT,4,200,5025,39.84,169,2.105,3.1846449999999997,1.0,es,6.606965174129353,6.6989059853724084,6.169154228855722,6.341471359110701,6.208955223880597,6.375102102241044,6.189054726368159,6.353666481061921,6.109452736318408,6.204625911548601,6.069651741293533,6.176866242366421,6.069651741293533,6.165272039467869,6.069651741293533,6.14012741137138,5.91044776119403,6.001468727085004,5.91044776119403,5.986511462127739,5.313432835820896,5.416605018906498,8.17910447761194,8.234791833161275,,,,,,,,,4.099502487562189,4.219653424232781,4.358208955223881,4.457066228907398,18.0
drax,,fleurs-es,lowT,lowT,5,200,5025,39.84,169,2.42,3.2543399999999996,1.0,es,6.606965174129353,6.6989059853724084,6.109452736318408,6.287741716006057,6.109452736318408,6.253053573023397,6.129353233830845,6.2999368379572775,5.9502487562189055,6.037052441496584,5.970149253731344,6.0479824872795716,5.9502487562189055,6.022171489115632,5.890547263681592,5.965946874370644,5.870646766169155,5.945199774248545,5.91044776119403,5.97903942853131,5.0945273631840795,5.230047339821284,8.537313432835822,8.58586407327099,,,,,,,,,,,,,
drax,,fleurs-es,lowT,lowT,6,200,5025,39.84,169,2.685,3.2890049999999995,1.0,es,6.606965174129353,6.6989059853724084,6.069651741293533,6.242055321782658,6.129353233830845,6.234320295997017,6.069651741293533,6.242055321782658,6.009950248756219,6.0719425210642894,6.029850746268656,6.103095976588107,5.9502487562189055,6.018272627893791,5.870646766169155,5.948643394420106,5.890547263681592,5.946124396390273,5.870646766169155,5.947254108588096,5.014925373134329,5.152899045281685,8.656716417910447,8.693516100298018,,,,,,,,,,,,,
drax,,fleurs-es,lowT,lowT,8,200,5025,39.84,169,3.205,3.318775,1.0,es,6.606965174129353,6.6989059853724084,6.109452736318408,6.265201277134497,6.129353233830845,6.227313670483202,6.109452736318408,6.265201277134497,6.109452736318408,6.164839660157082,6.029850746268656,6.104281399823615,6.009950248756219,6.072687196925065,5.9502487562189055,6.007924511853398,5.970149253731344,6.027230534189521,5.9502487562189055,6.014947493102133,4.91542288557214,5.018325775414297,9.014925373134329,9.077015819788132,,,,,,,,,3.701492537313433,3.880429874929514,4.019900497512438,4.152658992377977,18.5
drax,,fleurs-es,lowT,lowT,10,200,5025,39.84,169,3.69,3.33397,1.0,es,6.606965174129353,6.6989059853724084,6.109452736318408,6.262989485098021,6.149253731343284,6.24547491512411,6.109452736318408,6.262989485098021,6.129353233830845,6.237071375809849,6.129353233830845,6.252198274083201,6.129353233830845,6.230073768154346,5.990049751243781,6.032999479144388,6.029850746268656,6.056691313723299,6.029850746268656,6.0807389327709185,4.796019900497512,4.894443787836657,9.333333333333334,9.405179176403239,,,,,,,,,,,,,
drax,,fleurs-es,lowT,lowT,12,200,5025,39.84,169,4.185,3.35685,1.0,es,6.606965174129353,6.6989059853724084,6.149253731343284,6.288782025890562,6.169154228855722,6.252729687378881,6.149253731343284,6.288782025890562,6.0497512437810945,6.155683122568049,5.970149253731344,6.0711734293627035,6.029850746268656,6.123215590100516,5.970149253731344,6.057012184219485,5.990049751243781,6.0366337100366625,5.9502487562189055,5.984280379092614,4.676616915422885,4.775032127390842,9.611940298507463,9.678835194006531,,,,,,,,,,,,,
drax,,fleurs-es,lowT,lowT,15,200,5025,39.84,169,4.765,3.3547000000000002,1.0,es,6.606965174129353,6.6989059853724084,6.288557213930348,6.4175006964627785,6.308457711442786,6.419786696289438,6.288557213930348,6.4175006964627785,6.009950248756219,6.117974930515785,6.0497512437810945,6.126536581754456,6.009950248756219,6.089361257079132,6.009950248756219,6.123260270722652,6.0497512437810945,6.139359127425839,6.009950248756219,6.099408219340329,4.597014925373134,4.7186341068888975,9.850746268656716,9.91095554379697,8.302956662616443,7.918185500202511,7.634669906844876,7.675172134467395,7.695423248278655,7.735925475901174,7.695423248278655,6.136087484811664,3.383084577114428,3.5655802811129482,3.701492537313433,3.8387709370229506,18.5
drax,,fleurs-es,lowT,lowT,16,200,5025,39.84,169,4.985,3.350885,1.0,es,6.606965174129353,6.6989059853724084,6.248756218905473,6.366310220272302,6.208955223880597,6.3549057439084855,6.248756218905473,6.366310220272302,5.990049751243781,6.122121799906557,5.990049751243781,6.076841459803236,5.970149253731344,6.074972677099539,6.009950248756219,6.1149789427637,6.0497512437810945,6.150271825838537,5.9502487562189055,6.050216388136303,4.577114427860696,4.696894976454115,9.970149253731343,10.03791358575501,8.302956662616443,7.877683272579992,7.675172134467395,7.634669906844876,7.715674362089915,7.756176589712434,7.654921020656136,6.136087484811664,3.383084577114428,3.5655802811129482,3.7412935323383083,3.8813434007910668,18.0
drax,,fleurs-es,main,main,1,400,10255,81.41,269,1.0,0.0,0.999225,es,9.517308629936617,9.578792292695244,9.517308629936617,9.578792292695244,9.517308629936617,9.578792292695244,9.517308629936617,9.578792292695244,9.517308629936617,9.578792292695244,9.517308629936617,9.578792292695244,9.517308629936617,9.578792292695244,9.517308629936617,9.578792292695244,9.517308629936617,9.578792292695244,9.517308629936617,9.578792292695244,9.517308629936617,9.578792292695244,9.517308629936617,9.578792292695244,10.910891089108912,10.910891089108912,10.910891089108912,10.910891089108912,10.970297029702971,10.970297029702971,10.970297029702971,10.910891089108912,,,,,
drax,,fleurs-es,main,main,2,400,10255,81.41,269,1.77,9.241215,0.999225,es,9.517308629936617,9.578792292695244,8.19112627986348,8.361133549323196,8.444661140906875,8.51183949643945,8.074110190151146,8.196375192823972,9.70258410531448,9.744372904633853,8.239882983910288,8.331841529532067,8.249634324719649,8.343646400905905,9.390541199414919,9.529823916222819,7.362262311067772,7.539167230403521,7.362262311067772,7.539167230403521,7.420770355923939,7.45805271257097,11.565090199902487,11.710911791192753,,,,,,,,,5.051194539249146,5.171182558698574,6.182350073135056,6.238370361212538,32.5
drax,,fleurs-es,main,main,3,400,10255,81.41,269,2.4575,9.2608575,0.999225,es,9.517308629936617,9.578792292695244,7.830326669917113,7.867034676135903,7.986348122866894,8.011894112306932,7.762067284251585,7.826447814007702,7.615797172111165,7.670145239595063,7.674305216967333,7.704570743794645,7.586543149683082,7.644134408061089,7.059970745977572,7.202674946807966,6.669917113603121,6.797572197519773,6.679668454412481,6.847496283096033,6.679668454412481,6.67991526161811,12.88152120916626,13.063651054687423,,,,,,,,,,,,,
drax,,fleurs-es,main,main,4,400,10255,81.41,269,3.1075,9.255630000000002,0.999225,es,9.517308629936617,9.578792292695244,7.567040468064359,7.693164876384586,7.7815699658703075,7.867059492145587,7.645051194539249,7.767519345618227,7.128230131643101,7.190286706496436,7.128230131643101,7.205317997821567,7.098976109215017,7.1800381351352724,6.767430521696733,6.8640946053386855,6.5626523647001465,6.658558855056375,6.5626523647001465,6.702801037101732,6.21160409556314,6.204508159301346,13.749390541199414,14.061186227069033,,,,,,,,,4.212579229644076,4.2935929052218595,5.37298878595807,5.39709307930886,28.999999999999996
drax,,fleurs-es,main,main,5,400,10255,81.41,269,3.7475,9.15918,0.999225,es,9.517308629936617,9.578792292695244,7.459775719161384,7.580799094950075,7.674305216967333,7.780163864660883,7.489029741589468,7.635139390584982,6.777181862506095,6.881621301615032,6.903949293027791,7.018946776502695,6.81618722574354,6.915232987217227,6.543149683081424,6.670206457881646,6.357874207703559,6.4579251745783,6.3773768893222815,6.477006643875287,5.841053144807411,5.803146350535324,14.353973671379814,14.706492639787536,,,,,,,,,,,,,
drax,,fleurs-es,main,main,6,400,10255,81.41,269,4.3475,9.0677575,0.999225,es,9.517308629936617,9.578792292695244,7.35251097025841,7.5775386225965065,7.547537786445636,7.689657356412001,7.4110190151145785,7.606541220469746,6.728425158459288,6.823738762486861,6.7869332033154555,6.897528207635095,6.650414431984398,6.744826757925234,6.406630911750366,6.521167932364551,6.299366162847392,6.422893233807982,6.279863481228669,6.412626393013745,5.655777669429547,5.6532001197130795,14.939054119941492,15.306532973803396,,,,,,,,,,,,,
drax,,fleurs-es,main,main,8,400,10255,81.41,269,5.58,9.039495,0.999225,es,9.517308629936617,9.578792292695244,7.235494880546075,7.421250469059427,7.518283764017553,7.652487205611518,7.342759629449049,7.495270097479986,6.474890297415895,6.583455364552526,6.660165772793759,6.774915369647511,6.5626523647001465,6.655141519857612,6.279863481228669,6.381892010535519,6.2311067771818625,6.35366555894333,6.221355436372502,6.3235283537696265,5.38274012676743,5.369485015902675,15.68015602145295,16.093480338350176,,,,,,,,,3.6177474402730376,3.693777198976905,4.768405655777669,4.775425453844264,27.0
drax,,fleurs-es,main,main,10,400,10255,81.41,269,6.775,9.032685,0.999225,es,9.517308629936617,9.578792292695244,7.157484154071184,7.356289102457227,7.3720136518771335,7.557015538857215,7.19648951730863,7.394148395894614,6.367625548512921,6.4800560349478395,6.5626523647001465,6.67738227525973,6.494392979034617,6.572360653302356,6.1530960507069725,6.234575008908072,6.114090687469527,6.212699518939774,6.162847391516333,6.284323595718884,5.168210628961482,5.14554781908317,16.157971721111654,16.655214981715126,,,,,,,,,,,,,
drax,,fleurs-es,main,main,12,400,10255,81.41,269,7.9425,9.060694999999999,0.999225,es,9.517308629936617,9.578792292695244,7.0404680643588495,7.1751561952992775,7.186738176499269,7.300009628134729,7.069722086786933,7.199857593999822,6.28961482203803,6.367957869052117,6.367625548512921,6.4315962795309645,6.279863481228669,6.363910739819286,6.084836665041443,6.192734139891583,5.98732325694783,6.084925282449185,6.016577279375914,6.118301939810745,4.9341784495368115,4.892605269072751,16.782057532910777,17.26677236442269,,,,,,,,,,,,,
drax,,fleurs-es,main,main,15,400,10255,81.41,269,9.6775,9.0528725,0.999225,es,9.517308629936617,9.578792292695244,6.952705997074598,7.095548325234049,7.0794734275962945,7.187598119364863,6.97220867869332,7.117507039134474,6.21160409556314,6.291763868254298,6.367625548512921,6.437434500591288,6.250609458800585,6.318718744759369,6.026328620185275,6.117496783727849,5.958069234519747,6.0771689202980514,5.967820575329108,6.068268440285491,4.729400292540224,4.665953677501195,17.41589468551926,17.980886572838408,10.910891089108912,8.465346534653465,7.811881188118812,7.97029702970297,7.574257425742574,7.554455445544554,7.574257425742574,6.188118811881188,3.120429058995612,3.13562386319531,4.261335933690883,4.210441467575117,23.5
drax,,fleurs-es,main,main,16,400,10255,81.41,269,10.255,9.0789325,0.999225,es,9.517308629936617,9.578792292695244,6.923451974646514,7.066456307195162,7.059970745977572,7.171120466816635,6.952705997074598,7.096460998107082,6.162847391516333,6.265595243170092,6.328620185275476,6.40250164838561,6.250609458800585,6.335501354379447,6.055582642613359,6.158663765258412,6.006825938566553,6.1077258130691146,5.997074597757192,6.090393158747526,4.690394929302779,4.631785381416062,17.698683568990734,18.31099314764785,10.910891089108912,8.445544554455445,7.752475247524752,7.9504950495049505,7.603960396039604,7.584158415841584,7.584158415841584,6.128712871287129,3.0814236957581667,3.1054839628585404,4.222330570453438,4.176273171489985,23.75
drax,,fleurs-es,main,ref,1,400,10255,81.41,269,1.0,0.0,1.0,es,6.689419795221843,6.855248375377883,6.689419795221843,6.855248375377883,6.689419795221843,6.855248375377883,6.689419795221843,6.855248375377883,6.689419795221843,6.855248375377883,6.689419795221843,6.855248375377883,6.689419795221843,6.855248375377883,6.689419795221843,6.855248375377883,6.689419795221843,6.855248375377883,6.689419795221843,6.855248375377883,6.689419795221843,6.855248375377883,6.689419795221843,6.855248375377883,8.217821782178218,8.217821782178218,8.217821782178218,8.217821782178218,8.237623762376238,8.237623762376238,8.237623762376238,8.217821782178218,,,,,
drax,,fleurs-es,main,ref,2,400,10255,81.41,269,1.435,2.8912924999999996,1.0,es,6.689419795221843,6.855248375377883,6.494392979034617,6.6596456473599615,6.504144319843978,6.6774088862762175,6.494392979034617,6.6596456473599615,6.777181862506095,6.978358535916053,6.572403705509507,6.7678716030833375,6.59190638712823,6.784182958664736,6.59190638712823,6.769774547439944,6.309117503656752,6.465822820488845,6.309117503656752,6.465822820488845,5.8605558264261335,6.027024765192147,7.333008288639688,7.524724886112759,,,,,,,,,4.6026328620185275,4.744748569563258,4.826913700633837,4.960812734117054,17.75
drax,,fleurs-es,main,ref,3,400,10255,81.41,269,1.77,2.9535050000000003,1.0,es,6.689419795221843,6.855248375377883,6.426133593369088,6.597006511695219,6.3773768893222815,6.546938732598251,6.426133593369088,6.597006511695219,6.367625548512921,6.549433171876903,6.338371526084837,6.500260888139238,6.367625548512921,6.533169923548273,6.348122866894198,6.536342675782148,6.250609458800585,6.438358246885187,6.28961482203803,6.472014123233784,5.636274987810824,5.760463352041243,7.830326669917113,8.012274691253863,,,,,,,,,,,,,
drax,,fleurs-es,main,ref,4,400,10255,81.41,269,2.085,2.9625524999999997,1.0,es,6.689419795221843,6.855248375377883,6.455387615797172,6.594565691530793,6.426133593369088,6.577613354556619,6.455387615797172,6.594565691530793,6.250609458800585,6.402710103425348,6.279863481228669,6.429935433622984,6.250609458800585,6.40727468298498,6.104339346660166,6.302070433806914,6.084836665041443,6.253219584748177,6.094588005850804,6.258484384024065,5.363237445148708,5.492648702115105,8.132618235007314,8.321320893726636,8.217821782178218,7.9405940594059405,7.732673267326732,7.772277227722772,7.673267326732673,7.663366336633663,7.673267326732673,6.881188118811881,4.144319843978547,4.2581159117269785,4.466114090687469,4.547973064552778,17.25
drax,,fleurs-fr,lowT,lowT,1,200,4887,34.28,166,1.0,0.0,0.99969,fr,12.850419480253734,13.158297125678613,12.850419480253734,13.158297125678613,12.850419480253734,13.158297125678613,12.850419480253734,13.158297125678613,12.850419480253734,13.158297125678613,12.850419480253734,13.158297125678613,12.850419480253734,13.158297125678613,12.850419480253734,13.158297125678613,12.850419480253734,13.158297125678613,12.850419480253734,13.158297125678613,12.850419480253734,13.158297125678613,12.850419480253734,13.158297125678613,13.907933398628796,13.907933398628796,13.907933398628796,13.907933398628796,23.54554358472086,23.54554358472086,23.54554358472086,13.907933398628796,,,,,
drax,,fleurs-fr,lowT,lowT,2,200,4887,34.28,166,1.68,6.921325,0.99969,fr,12.850419480253734,13.158297125678613,13.095968897073869,13.393806616438852,12.973194188663802,13.29038272694685,13.116431348475547,13.410473283105517,12.829957028852057,13.136589968145685,12.89134438305709,13.17361801835617,12.89134438305709,13.22539202655333,12.809494577450378,13.086259057264243,12.40024554941682,12.629622141658759,12.40024554941682,12.629622141658759,11.561285041948025,11.747493948312652,14.405565786781256,14.806473323527856,,,,,,,,,9.412727644771843,9.710582482489329,10.108450992428892,10.320407979789211,28.000000000000004
drax,,fleurs-fr,lowT,lowT,3,200,4887,34.28,166,2.29,7.20862,0.99969,fr,12.850419480253734,13.158297125678613,12.789032126048701,13.050563396386952,12.789032126048701,13.106702455920974,12.768569674647022,13.034434364128888,12.50255780642521,12.694940403294513,12.58440761203192,12.764571481871496,12.563945160630244,12.746679171820208,12.216083486801718,12.4492459937922,12.195621035400041,12.442197571791517,12.216083486801718,12.456086460680407,11.029261305504399,11.203596527848426,15.510538162471864,15.959661907333587,,,,,,,,,,,,,
drax,,fleurs-fr,lowT,lowT,4,200,4887,34.28,166,2.85,7.222300000000001,0.99969,fr,12.850419480253734,13.158297125678613,12.850419480253734,13.071807734856309,12.768569674647022,12.95352901782653,12.829957028852057,13.036093449142022,12.461632903621854,12.704220712802131,12.563945160630244,12.814444584073295,12.359320646613464,12.61060394880951,12.338858195211786,12.605398609325452,12.154696132596685,12.34779577579291,12.113771229793329,12.309347255502285,10.701862083077552,10.822706172447706,16.206261510128915,16.586637435372786,,,,,,,,,8.450992428892981,8.732919730773789,9.4536525475752,9.587115086367756,27.0
drax,,fleurs-fr,lowT,lowT,5,200,4887,34.28,166,3.38,7.4734799999999995,0.99969,fr,12.850419480253734,13.158297125678613,12.829957028852057,13.122635398210186,12.789032126048701,13.082724667330432,12.809494577450378,13.086921112495903,12.277470841006753,12.472539736862956,12.441170452220176,12.586261370851554,12.31839574381011,12.479947231566276,12.01145897278494,12.225739707644195,12.052383875588296,12.296260471558856,12.113771229793329,12.343480803916872,10.251688152240638,10.361194515116676,16.595048086760794,16.98235645899622,,,,,,,,,,,,,
drax,,fleurs-fr,lowT,lowT,6,200,4887,34.28,166,3.815,7.420885000000001,0.99969,fr,12.850419480253734,13.158297125678613,12.829957028852057,13.044647211321944,12.686719869040312,12.881280861635524,12.809494577450378,13.008932925607658,12.277470841006753,12.400720880296646,12.257008389605074,12.284347449748285,12.154696132596685,12.221512782088933,12.072846326989973,12.275007991412252,11.970534069981584,12.105689766732183,12.01145897278494,12.153711670812825,10.067526089625536,10.140436552748806,16.82013505217925,17.219860568996925,,,,,,,,,,,,,
drax,,fleurs-fr,lowT,lowT,8,200,4887,34.28,166,4.79,7.441285000000001,0.99969,fr,12.850419480253734,13.158297125678613,12.645794966236956,12.744153532317199,12.6048700634336,12.59223369125749,12.666257417638633,12.732248770412438,12.154696132596685,12.287337813585872,12.277470841006753,12.347148876166665,12.216083486801718,12.29157187058966,11.888684264374872,12.04445287383127,11.847759361571516,12.04556754481096,11.950071618579907,12.145783243009236,9.760589318600369,9.78909841192684,17.41354614282791,17.775453551981883,,,,,,,,,7.18232044198895,7.338460417878008,8.635154491508082,8.718082760110796,30.5
drax,,fleurs-fr,lowT,lowT,10,200,4887,34.28,166,5.645,7.505654999999999,0.99969,fr,12.850419480253734,13.158297125678613,12.523020257826888,12.68327943978015,12.461632903621854,12.56855977318882,12.543482709228565,12.671374677875388,12.113771229793329,12.289610152073571,12.134233681195008,12.283150004242458,12.134233681195008,12.292565783658237,11.888684264374872,12.074927634003597,11.970534069981584,12.139636136808416,11.929609167178228,12.10156142416474,9.330877839165131,9.331917345052668,17.72048291385308,18.093988860786453,,,,,,,,,,,,,
drax,,fleurs-fr,lowT,lowT,12,200,4887,34.28,166,6.49,7.472435000000001,0.99969,fr,12.850419480253734,13.158297125678613,12.543482709228565,12.629824274256018,12.543482709228565,12.593864882069248,12.523020257826888,12.594109988541732,11.80683445876816,11.948100663657273,11.868221812973195,11.969870398857589,11.827296910169839,11.961782461444962,11.70452220175977,11.881229538558678,11.684059750358093,11.854872342790571,11.827296910169839,11.983835419956922,9.105790873746676,9.115497307503599,18.068344587681604,18.426238819395643,,,,,,,,,,,,,
drax,,fleurs-fr,lowT,lowT,15,200,4887,34.28,166,7.695,7.444825000000001,0.99969,fr,12.850419480253734,13.158297125678613,12.50255780642521,12.563820107583833,12.563945160630244,12.59838342188773,12.441170452220176,12.518365562129286,11.786372007366483,11.99999871295409,11.684059750358093,11.871432904092458,11.684059750358093,11.897555474421518,11.888684264374872,12.105552167459802,11.745447104563127,11.963037584089957,11.827296910169839,12.056348046728512,8.819316554123183,8.852499933798086,18.559443421321873,18.89984556477424,13.907933398628796,13.418217433888344,12.987267384916748,12.752203721841331,22.801175318315376,22.66405484818805,22.644466209598434,10.127326150832516,6.404747288725189,6.55184884256402,8.000818498056066,8.090205209423878,28.499999999999996
drax,,fleurs-fr,lowT,lowT,16,200,4887,34.28,166,8.085,7.40314,0.99969,fr,12.850419480253734,13.158297125678613,12.482095355023532,12.549114225230893,12.543482709228565,12.578195083394435,12.420708000818498,12.503659679776346,11.827296910169839,12.016854441033725,11.663597298956415,11.860195123836652,11.765909555964804,11.948860661197841,11.827296910169839,12.06554355385807,11.786372007366483,12.031980275170806,11.765909555964804,11.999364578619435,8.614692040106405,8.683597412894958,18.62083077552691,18.950457355652993,13.907933398628796,13.398628795298727,12.928501469147895,12.732615083251714,22.761998041136142,22.68364348677767,22.605288932419196,9.931439764936338,6.343359934520156,6.481550759962708,7.816656435440966,7.918675153540273,28.999999999999996
drax,,fleurs-fr,main,main,1,468,11577,80.1,278,1.0,0.0,0.9973461538461539,fr,16.10952751144511,16.434377228008636,16.10952751144511,16.434377228008636,16.10952751144511,16.434377228008636,16.10952751144511,16.434377228008636,16.10952751144511,16.434377228008636,16.10952751144511,16.434377228008636,16.10952751144511,16.434377228008636,16.10952751144511,16.434377228008636,16.10952751144511,16.434377228008636,16.10952751144511,16.434377228008636,16.10952751144511,16.434377228008636,16.10952751144511,16.434377228008636,17.11101939744119,17.11101939744119,17.11101939744119,17.11101939744119,26.14114733801073,26.14114733801073,26.14114733801073,17.11101939744119,,,,,
drax,,fleurs-fr,main,main,2,468,11577,80.1,278,1.8482905982905984,14.928463675213676,0.9973461538461539,fr,16.10952751144511,16.434377228008636,14.995249201001986,15.147184921883822,15.055713915522157,15.272040900524042,15.168005528202471,15.356808073082561,16.187267858685324,16.451846931952264,15.18528116092252,15.386947554445415,15.349399671762978,15.543496640254654,16.10952751144511,16.383120245056944,13.72549019607843,14.092722666677002,13.72549019607843,14.092722666677002,13.785954910598601,13.88635811156378,18.787250583052604,19.10301744954477,,,,,,,,,10.114882957588321,10.452225225133946,12.2138723330742,12.378948587242617,45.72649572649573
drax,,fleurs-fr,main,main,3,468,11577,80.1,278,2.66025641025641,15.209444444444445,0.9973461538461539,fr,16.10952751144511,16.434377228008636,14.468342403040511,14.606604161797812,14.554720566640754,14.746015657698738,14.520169301200657,14.689634401103174,14.269672626759956,14.409061647978591,14.09691629955947,14.241979786967518,14.027813768679279,14.168895081778764,13.397253174397513,13.721625854891077,12.550747171115143,12.840731414227244,12.62848751835536,12.926164481720559,12.568022803835191,12.633818030018501,20.22112809881662,20.65042304248651,,,,,,,,,,,,,
drax,,fleurs-fr,main,main,4,468,11577,80.1,278,3.452991452991453,15.44198076923077,0.9973461538461539,fr,16.10952751144511,16.434377228008636,14.191932279519737,14.345610593645683,14.269672626759956,14.450711278642581,14.27831044311998,14.443176007384306,13.760041461518528,13.940217443909209,13.80323054331865,13.985385703094568,13.544096052517924,13.72129048510706,12.680314416515506,13.079302661800671,12.239785782154271,12.58139315550785,12.308888313034466,12.664151112491812,11.894273127753303,11.974211768409818,21.48224928738015,22.07062991694896,,,,,,,,,7.79994817310184,8.152212427967347,10.77135700095016,10.867964654363707,47.008547008547005
drax,,fleurs-fr,main,main,5,468,11577,80.1,278,4.264957264957265,15.562797008547008,0.9973461538461539,fr,16.10952751144511,16.434377228008636,13.958711237799085,14.089847365188207,14.105554115919496,14.278748070459649,14.071002850479399,14.2406488139135,13.328150643517318,13.489981674998006,13.414528807117561,13.565973582161215,13.10356741815669,13.278871842009183,12.179321067634103,12.543697367500686,12.015202556793643,12.313682678191324,12.058391638593763,12.37087662135018,11.47102012611212,11.550486301162044,22.70018139414356,23.294289973682396,,,,,,,,,,,,,
drax,,fleurs-fr,main,main,6,468,11577,80.1,278,5.049145299145299,15.716049145299143,0.9973461538461539,fr,16.10952751144511,16.434377228008636,13.673663297918287,13.780344332597119,13.855057441478793,14.012120998502468,13.760041461518528,13.866674410989951,12.948086723676255,13.203428317391877,12.9999136218364,13.169029556126038,12.766692580115746,12.98658232204574,11.851084045953183,12.204281068809715,11.695603351472748,12.00484318934078,11.781981515072989,12.090702416130325,11.090956206271054,11.160657841315242,23.52077394834586,24.133721461054446,,,,,,,,,,,,,
drax,,fleurs-fr,main,main,8,468,11577,80.1,278,6.555555555555555,15.640923076923077,0.9973461538461539,fr,16.10952751144511,16.434377228008636,13.457717888917681,13.622961647770182,13.811868359678673,13.950158524842909,13.561371685237972,13.73780615775898,12.593936252915263,12.859294140924998,12.783968212835795,12.9806427772028,12.481644640234949,12.691109844357804,11.609225187872505,12.00502442693553,11.591949555152457,11.92565955973583,11.635138636952579,11.981755122367343,10.469033428349313,10.566100706752826,24.332728686188133,25.02908891119329,,,,,,,,,6.52155135181826,6.815357441642571,9.708905588667186,9.843178711650117,48.07692307692308
drax,,fleurs-fr,main,main,10,468,11577,80.1,278,8.055555555555555,15.693224358974359,0.9973461538461539,fr,16.10952751144511,16.434377228008636,13.354064092597392,13.57950652332354,13.665025481558262,13.886240261846561,13.449080072557658,13.66179086294243,12.30025049667444,12.571793553400182,12.542109354755118,12.801489562669516,12.352077394834586,12.591615204527706,11.315539431631683,11.721385174852408,11.367366329791828,11.748374825661221,11.393279778871902,11.779768230452062,10.045780426708129,10.12569922410029,25.118769974950332,25.827455337181437,,,,,,,,,,,,,
drax,,fleurs-fr,main,main,12,468,11577,80.1,278,9.555555555555555,15.802196581196581,0.9973461538461539,fr,16.10952751144511,16.434377228008636,13.138118683596787,13.359936767219544,13.647749848838213,13.808700501591517,13.276323745357173,13.468944228035987,12.041116005873715,12.33946904459713,12.412542109354755,12.652621367501654,12.248423598514295,12.501464470712026,11.168696553511273,11.592920737498936,11.255074717111514,11.709581785303442,11.272350349831562,11.731098864209018,9.743456854107281,9.862922017568968,25.948000345512654,26.65075805965605,,,,,,,,,,,,,
drax,,fleurs-fr,main,main,15,468,11577,80.1,278,11.741452991452991,15.81299358974359,0.9973461538461539,fr,16.10952751144511,16.434377228008636,12.870346376436038,13.089844315603491,13.189945581756932,13.350710436745281,13.034464887276496,13.225145756343748,11.851084045953183,12.146395562884402,12.023840373153666,12.243336232285174,11.9288243931934,12.177490285059477,11.1427831044312,11.508864460791651,11.237799084391465,11.616305375945386,11.28962598255161,11.669593087249465,9.311566036106072,9.39274263475895,26.604474388874493,27.34250186351876,17.11101939744119,13.842344201403218,13.041683862979777,13.15724308708213,22.038794882377218,22.129591415600494,22.15435410647957,10.466364011555923,5.67504534853589,5.891243842695345,8.7501079727045,8.850612073210737,44.871794871794876
drax,,fleurs-fr,main,main,16,468,11577,80.1,278,12.452991452991453,15.776698717948717,0.9973461538461539,fr,16.10952751144511,16.434377228008636,12.723503498315626,12.92017321378776,13.077653969076618,13.211464412724133,12.930811090956206,13.10971047968152,11.764705882352942,12.052175113629284,11.902910944113328,12.158424602093335,11.876997495033256,12.135885962252429,11.065042757190982,11.436118873681464,11.108231838991102,11.447480590062064,11.168696553511273,11.514593918402507,9.16472315798566,9.247645721168004,26.80314416515505,27.560743263197583,17.11101939744119,13.70202228642179,12.96739579034255,13.033429632686753,21.997523730912093,22.055303342963267,22.08832026413537,10.35080478745357,5.562753735855575,5.775048010108106,8.620540727304137,8.726240073484504,45.085470085470085
drax,,fleurs-fr,main,ref,1,468,11577,80.1,278,1.0,0.0,0.999465811965812,fr,11.937462209553425,12.247127676543748,11.937462209553425,12.247127676543748,11.937462209553425,12.247127676543748,11.937462209553425,12.247127676543748,11.937462209553425,12.247127676543748,11.937462209553425,12.247127676543748,11.937462209553425,12.247127676543748,11.937462209553425,12.247127676543748,11.937462209553425,12.247127676543748,11.937462209553425,12.247127676543748,11.937462209553425,12.247127676543748,11.937462209553425,12.247127676543748,13.016921172100702,13.016921172100702,13.016921172100702,13.016921172100702,22.682624845233182,22.682624845233182,22.682624845233182,13.016921172100702,,,,,
drax,,fleurs-fr,main,ref,2,468,11577,80.1,278,1.643162393162393,6.690938034188035,0.999465811965812,fr,11.937462209553425,12.247127676543748,11.816532780513086,12.104726198967015,11.876997495033256,12.134986133512427,11.816532780513086,12.0970941944406,12.162045434914054,12.441109163578242,12.110218536753909,12.456807987382653,12.023840373153666,12.375452382867746,11.98928910771357,12.26920299428558,11.61786300423253,11.972170872746355,11.61786300423253,11.972170872746355,10.589962857389652,10.841775323644255,13.708214563358384,14.034851572610934,,,,,,,,,8.810572687224669,9.17572850093359,9.406582016066338,9.695178921998618,23.717948717948715
drax,,fleurs-fr,main,ref,3,468,11577,80.1,278,2.2264957264957266,6.747559829059829,0.999465811965812,fr,11.937462209553425,12.247127676543748,11.72151680055282,12.025764793961748,11.781981515072989,12.058759201498974,11.712878984192796,12.005483177041478,11.652414269672628,12.03310668927508,11.61786300423253,11.99909143174684,11.591949555152457,11.995152831453394,11.531484840632288,11.938523060408366,11.479657942472143,11.889514512318605,11.505571391552216,11.921728601038447,10.002591344908007,10.283170883784846,14.554720566640754,14.903335966859318,,,,,,,,,,,,,
drax,,fleurs-fr,main,ref,4,468,11577,80.1,278,2.717948717948718,6.543299145299145,0.999465811965812,fr,11.937462209553425,12.247127676543748,11.55739828971236,11.86745823479952,11.635138636952579,11.930485788663175,11.540122656992313,11.833880701221986,11.600587371512482,11.993739695615115,11.548760473352337,11.960487877149673,11.566036106072385,11.996347920402835,11.427831044311999,11.792515877474358,11.324177247991708,11.705359446049973,11.384641962511877,11.767797790060815,9.65707869050704,9.935850106803596,14.952060119201866,15.34046279403984,13.016921172100702,12.777548493602971,12.851836566240198,12.777548493602971,22.3607098638052,22.2616591002889,22.302930251754024,10.912092447379282,7.782672540381792,8.140736204856722,8.620540727304137,8.918050964372771,26.923076923076923
drax,,fleurs-it,lowT,lowT,1,200,4819,49.04,160,1.0,0.0,1.0,it,6.53662585598672,6.529651539037704,6.53662585598672,6.529651539037704,6.53662585598672,6.529651539037704,6.53662585598672,6.529651539037704,6.53662585598672,6.529651539037704,6.53662585598672,6.529651539037704,6.53662585598672,6.529651539037704,6.53662585598672,6.529651539037704,6.53662585598672,6.529651539037704,6.53662585598672,6.529651539037704,6.53662585598672,6.529651539037704,6.53662585598672,6.529651539037704,9.217067108533554,9.217067108533554,9.217067108533554,9.217067108533554,13.91880695940348,13.91880695940348,13.91880695940348,9.217067108533554,,,,,
drax,,fleurs-it,lowT,lowT,2,200,4819,49.04,160,1.485,4.301305,1.0,it,6.53662585598672,6.529651539037704,6.163104378501764,6.1871265928416115,6.2046067648889816,6.237304480088465,6.2046067648889816,6.253793259508278,6.557377049180328,6.5246450617751295,6.142353185308155,6.182940578150735,6.22535795808259,6.254369149579306,6.51587466279311,6.483630861329613,6.163104378501764,6.156731914214243,6.163104378501764,6.156731914214243,5.561319775887114,5.521630730079282,7.491180742892716,7.49778298817541,,,,,,,,,4.295496991076987,4.2010612054720715,4.689769661755551,4.593603819460491,18.0
drax,,fleurs-it,lowT,lowT,3,200,4819,49.04,160,1.92,4.270955,1.0,it,6.53662585598672,6.529651539037704,6.080099605727329,6.107867174472219,6.22535795808259,6.236220349075394,6.080099605727329,6.107867174472219,5.955592446565677,5.909163912624852,5.934841253372069,5.889128648181693,5.955592446565677,5.928200687253732,5.955592446565677,5.920782076549051,5.872587673791243,5.841027780665723,5.934841253372069,5.888472742625301,5.187798298402158,5.132923606791751,8.279726084249845,8.23086464392902,,,,,,,,,,,,,
drax,,fleurs-it,lowT,lowT,4,200,4819,49.04,160,2.28,4.27844,1.0,it,6.53662585598672,6.529651539037704,6.038597219340112,6.071934654178479,6.183855571695372,6.221695874758664,6.038597219340112,6.071934654178479,5.789582901016808,5.764570548474927,5.831085287404026,5.810721556438079,5.810334094210417,5.772643051384422,5.685826935048765,5.658307762014042,5.644324548661548,5.615253059328621,5.7688317078232,5.7112632968540815,4.980286366466072,4.934214222306505,8.985266652832538,8.94894585965043,,,,,,,,,3.8182195476239884,3.757160049642506,4.212492218302552,4.118833437491736,15.5
drax,,fleurs-it,lowT,lowT,5,200,4819,49.04,160,2.59,4.234105,1.0,it,6.53662585598672,6.529651539037704,5.997094832952895,6.010857461690018,6.059348412533721,6.070667326248869,5.997094832952895,6.010857461690018,5.789582901016808,5.802622179897067,5.893338866984852,5.904663896507983,5.831085287404026,5.8438734186082035,5.727329321435983,5.73821188050381,5.644324548661548,5.648316731096714,5.665075741855157,5.648969572878588,4.8350280141108115,4.775512657376393,9.317285743930276,9.248238853007294,,,,,,,,,,,,,
drax,,fleurs-it,lowT,lowT,6,200,4819,49.04,160,2.915,4.277985,1.0,it,6.53662585598672,6.529651539037704,6.038597219340112,6.038562500148233,6.100850798920938,6.115613744017429,6.017846026146503,6.009150735442351,5.748080514629591,5.765534683505962,5.810334094210417,5.854960520032556,5.727329321435983,5.7637299136219955,5.644324548661548,5.678729654127297,5.644324548661548,5.633842225522763,5.7065781282423735,5.690695467132102,4.689769661755551,4.648986895962551,9.815314380576883,9.788381543790404,,,,,,,,,,,,,
drax,,fleurs-it,lowT,lowT,8,200,4819,49.04,160,3.56,4.31017,1.0,it,6.53662585598672,6.529651539037704,6.121601992114546,6.096107528969548,6.22535795808259,6.20048597366193,6.121601992114546,6.100029097596999,5.7065781282423735,5.687836809613502,5.727329321435983,5.741695581089371,5.748080514629591,5.756847096240887,5.623573355467939,5.624198563462308,5.7065781282423735,5.702383453285128,5.7688317078232,5.750498553066188,4.5652625025938995,4.542339552246242,10.230338244449056,10.156967360868336,,,,,,,,,3.423946876945424,3.393890640247698,3.838970740817597,3.7568281437448143,16.0
drax,,fleurs-it,lowT,lowT,10,200,4819,49.04,160,4.14,4.315375,1.0,it,6.53662585598672,6.529651539037704,6.059348412533721,6.058840629202648,6.183855571695372,6.200254245685923,6.038597219340112,6.029428864496766,5.602822162274331,5.6032119090348855,5.727329321435983,5.748605764517581,5.644324548661548,5.66203543844665,5.602822162274331,5.608305971480787,5.665075741855157,5.6719388978405725,5.623573355467939,5.6302414869715065,4.357750570657813,4.3578051342869655,10.603859721934011,10.527727289356529,,,,,,,,,,,,,
drax,,fleurs-it,lowT,lowT,12,200,4819,49.04,160,4.665,4.3096749999999995,1.0,it,6.53662585598672,6.529651539037704,5.997094832952895,5.998721581583601,6.142353185308155,6.210920370814292,5.955592446565677,5.953180784619653,5.644324548661548,5.636031173104149,5.685826935048765,5.681208370777476,5.644324548661548,5.611220567043543,5.582070969080722,5.594031402724495,5.644324548661548,5.648393994156052,5.623573355467939,5.623786830516849,4.316248184270596,4.329680134286965,10.93587881303175,10.907422417863312,,,,,,,,,,,,,
drax,,fleurs-it,lowT,lowT,15,200,4819,49.04,160,5.445,4.2792900000000005,1.0,it,6.53662585598672,6.529651539037704,6.121601992114546,6.095452664995719,6.266860344469807,6.329739596072616,6.080099605727329,6.049911868031771,5.561319775887114,5.560015183471207,5.644324548661548,5.634822352255235,5.644324548661548,5.634822352255235,5.5405685826935045,5.545113653806746,5.5405685826935045,5.528257593200685,5.582070969080722,5.572871219050299,4.150238638721727,4.174840471521869,11.330151483710313,11.28948240157267,9.217067108533554,8.71996685998343,8.222866611433306,8.409279204639603,12.986743993371997,12.945318972659486,12.986743993371997,6.690140845070423,3.0089230130732516,3.021120705239543,3.569205229300685,3.5231868244110975,16.5
drax,,fleurs-it,lowT,lowT,16,200,4819,49.04,160,5.725,4.2837749999999994,1.0,it,6.53662585598672,6.529651539037704,6.100850798920938,6.071643141186195,6.3083627308570245,6.399097774126446,6.059348412533721,6.026102344222247,5.582070969080722,5.577256562781551,5.644324548661548,5.634822352255235,5.644324548661548,5.634822352255235,5.582070969080722,5.582004299393043,5.623573355467939,5.597095500450269,5.644324548661548,5.627980761053491,4.129487445528118,4.149840471521869,11.475409836065573,11.4673185268001,9.217067108533554,8.71996685998343,8.305716652858326,8.409279204639603,13.028169014084508,13.007456503728251,13.028169014084508,6.669428334714167,2.946669433492426,2.959648556698429,3.569205229300685,3.52091409713837,17.0
drax,,fleurs-it,main,main,1,400,9516,96.04,262,1.0,0.0,0.99907,it,10.477091214796133,10.680015817340323,10.477091214796133,10.680015817340323,10.477091214796133,10.680015817340323,10.477091214796133,10.680015817340323,10.477091214796133,10.680015817340323,10.477091214796133,10.680015817340323,10.477091214796133,10.680015817340323,10.477091214796133,10.680015817340323,10.477091214796133,10.680015817340323,10.477091214796133,10.680015817340323,10.477091214796133,10.680015817340323,10.477091214796133,10.680015817340323,12.839609776565615,12.839609776565615,12.839609776565615,12.839609776565615,17.41319626560369,17.41319626560369,17.41319626560369,12.839609776565615,,,,,
drax,,fleurs-it,main,main,2,400,9516,96.04,262,1.8125,11.7073775,0.99907,it,10.477091214796133,10.680015817340323,8.869272803699033,8.895757901108123,9.163514081546868,9.104119234329328,8.816729718369062,8.797044322373296,10.414039512400167,10.513840792225796,8.921815889029004,8.939718238326446,9.142496847414881,9.123456047771139,10.34047919293821,10.50232478193521,7.723833543505675,7.798965697950005,7.723833543505675,7.798965697950005,7.8709541824295925,7.823201115428702,12.852038671710803,13.013553807599065,,,,,,,,,5.390920554854981,5.396151485727486,6.904161412358134,6.861587569944342,36.75
drax,,fleurs-it,main,main,3,400,9516,96.04,262,2.5475,11.8844525,0.99907,it,10.477091214796133,10.680015817340323,8.280790248003363,8.180580020374181,8.585540142917193,8.464666446320066,8.501471206389239,8.419683459756525,8.175704077343422,8.165117350688845,8.133669609079446,8.04683203138472,8.081126523749475,8.007340083549622,7.702816309373686,7.7374515828013966,6.9987389659520804,6.9910476688683705,7.0407734342160575,7.018314469587052,6.9987389659520804,6.888144559613747,14.533417402269862,14.718582629965034,,,,,,,,,,,,,
drax,,fleurs-it,main,main,4,400,9516,96.04,262,3.2575,11.721275,0.99907,it,10.477091214796133,10.680015817340323,7.944514501891551,7.830830603006082,8.186212694409416,8.105329225955515,7.997057587221522,7.920970097836247,7.608238755779739,7.572454909881028,7.587221521647751,7.494510503681092,7.534678436317781,7.456223682158947,6.967213114754099,7.01739206798251,6.662463219840269,6.63695625089358,6.725514922236234,6.69671462821476,6.326187473728457,6.2180034095886665,15.615804960067255,15.859220501050023,,,,,,,,,4.056326187473728,4.048539068247154,5.758722152164775,5.635801760434967,34.0
drax,,fleurs-it,main,main,5,400,9516,96.04,262,3.8925,11.6627425,0.99907,it,10.477091214796133,10.680015817340323,7.671290458175704,7.576269050637366,7.912988650693569,7.84997281652878,7.765868011769651,7.68542061759144,7.313997477931904,7.27536797322558,7.292980243799916,7.24943073746889,7.187894073139975,7.182280577727289,6.693989071038251,6.716530910362048,6.326187473728457,6.333551576554101,6.305170239596469,6.30631884988017,5.937368642286675,5.828320588995247,16.382934005884824,16.612086281892804,,,,,,,,,,,,,
drax,,fleurs-it,main,main,6,400,9516,96.04,262,4.5675,11.606235000000002,0.99907,it,10.477091214796133,10.680015817340323,7.461118116855822,7.411912458246282,7.576712904581757,7.509615556122511,7.5136612021857925,7.47494961979257,7.0197562000840685,6.983230404514465,7.093316519546028,7.039084162447158,6.977721731820092,6.9344173132872475,6.504833963850357,6.552669740749958,6.336696090794452,6.364212844158695,6.284153005464481,6.285263825500009,5.622110130306852,5.532146966387397,17.07650273224044,17.308339098596676,,,,,,,,,,,,,
drax,,fleurs-it,main,main,8,400,9516,96.04,262,5.8575,11.544825000000001,0.99907,it,10.477091214796133,10.680015817340323,7.261454392601934,7.223427829151559,7.335014712063892,7.321372620779712,7.313997477931904,7.265962362393447,6.841109709962169,6.820227550019482,7.082807902480034,7.056797440348599,6.914670029424128,6.887014733745805,6.3682219419924335,6.405779648746939,6.347204707860445,6.373011655500963,6.399747793190416,6.42211831332838,5.2227826817990755,5.16422998219482,18.23245060949979,18.56690832327592,,,,,,,,,3.4047919293820934,3.4702523998641683,4.844472467423287,4.767562577747578,28.000000000000004
drax,,fleurs-it,main,main,10,400,9516,96.04,262,7.205,11.587565000000001,0.99907,it,10.477091214796133,10.680015817340323,7.166876839007987,7.168960564500804,7.335014712063892,7.317512268859397,7.187894073139975,7.202132355944654,6.483816729718369,6.481981193254099,6.725514922236234,6.7324700601007095,6.630937368642287,6.628752565355037,6.17906683480454,6.218488614140538,6.137032366540563,6.179469342937981,6.158049600672552,6.2159792619744065,4.939050021017234,4.900998160030289,18.96805380411938,19.321622507801184,,,,,,,,,,,,,
drax,,fleurs-it,main,main,12,400,9516,96.04,262,8.4525,11.6704275,0.99907,it,10.477091214796133,10.680015817340323,7.250945775535939,7.2501842634995555,7.282471626733922,7.267339537419534,7.261454392601934,7.270610956904189,6.473308112652375,6.483315360531806,6.683480453972257,6.679612537789923,6.557377049180328,6.541857899218788,6.158049600672552,6.190223664953006,5.968894493484657,6.0036543710338774,5.968894493484657,5.999965149985448,4.854981084489281,4.833869196614827,19.735182849936947,20.115789414314943,,,,,,,,,,,,,
drax,,fleurs-it,main,main,15,400,9516,96.04,262,10.295,11.674355,0.99907,it,10.477091214796133,10.680015817340323,7.103825136612022,7.0783207529195895,7.282471626733922,7.274109434903372,7.145859604875998,7.125527192313529,6.3682219419924335,6.35837789837023,6.473308112652375,6.461371115243109,6.410256410256411,6.389332882952161,5.989911727616645,6.013663483626032,5.863808322824716,5.9148745545506545,5.937368642286675,6.00905696220706,4.69735182849937,4.653770990712214,20.460277427490542,20.91327792275529,12.839609776565615,9.62970733242421,9.042274205391797,9.031784328123361,13.427042903598029,13.322144130913669,13.39557327179272,7.26948494702612,3.0054644808743167,3.0503097780585033,4.371584699453552,4.309033503194887,24.75
drax,,fleurs-it,main,main,16,400,9516,96.04,262,10.9,11.6554125,0.99907,it,10.477091214796133,10.680015817340323,7.093316519546028,7.07301698878529,7.261454392601934,7.218883635033693,7.166876839007987,7.133859791815593,6.35771332492644,6.337477269657101,6.441782261454392,6.434033264397366,6.284153005464481,6.2837797026914295,6.021437578814628,6.049576250473395,5.832282471626734,5.906037973739187,5.8743169398907105,5.950689791455521,4.613282891971417,4.586641273582497,20.691467002942414,21.125102571700538,12.839609776565615,9.598237700618903,9.052764082660232,8.989824819049618,13.469002412671772,13.290674499108361,13.34312388545054,7.1960558061470685,2.9529213955443465,3.004528694179593,4.298024379991593,4.2520145086758925,24.5
drax,,fleurs-it,main,ref,1,400,9516,96.04,262,1.0,0.0,1.0,it,6.956704497688104,6.963911794517277,6.956704497688104,6.963911794517277,6.956704497688104,6.963911794517277,6.956704497688104,6.963911794517277,6.956704497688104,6.963911794517277,6.956704497688104,6.963911794517277,6.956704497688104,6.963911794517277,6.956704497688104,6.963911794517277,6.956704497688104,6.963911794517277,6.956704497688104,6.963911794517277,6.956704497688104,6.963911794517277,6.956704497688104,6.963911794517277,9.524808559739851,9.524808559739851,9.524808559739851,9.524808559739851,14.245253330536032,14.245253330536032,14.245253330536032,9.524808559739851,,,,,
drax,,fleurs-it,main,ref,2,400,9516,96.04,262,1.4875,4.0347825,1.0,it,6.956704497688104,6.963911794517277,6.620428751576292,6.650142932870268,6.630937368642287,6.6633845000797844,6.599411517444304,6.627415660142994,7.208911307271963,7.216954624587876,6.725514922236234,6.753104373238142,6.925178646490122,6.946728528687954,6.914670029424128,6.908010909098708,6.452290878520387,6.454434420596813,6.452290878520387,6.454434420596813,5.779739386296764,5.796682031789272,8.01807482135351,8.018396983352908,,,,,,,,,4.770912147961329,4.789495554711186,5.033627574611181,5.013504583715454,14.000000000000002
drax,,fleurs-it,main,ref,3,400,9516,96.04,262,1.895,4.13399,1.0,it,6.956704497688104,6.963911794517277,6.683480453972257,6.688091742475953,6.788566624632199,6.79260088348594,6.683480453972257,6.688091742475953,6.473308112652375,6.468473847329706,6.410256410256411,6.433847476748353,6.462799495586381,6.465900389722318,6.462799495586381,6.469632149082514,6.389239176124422,6.416124638993121,6.452290878520387,6.462733155247532,5.443463640184952,5.460111283149402,8.774695250105086,8.79205781600984,,,,,,,,,,,,,
drax,,fleurs-it,main,ref,4,400,9516,96.04,262,2.2325,4.049924999999999,1.0,it,6.956704497688104,6.963911794517277,6.630937368642287,6.6242311516704895,6.736023539302228,6.721171779101136,6.620428751576292,6.61641865167049,6.410256410256411,6.423036806714753,6.347204707860445,6.367585045523361,6.284153005464481,6.287615935113074,6.35771332492644,6.351080213059871,6.294661622530475,6.301143229633244,6.326187473728457,6.336708342499101,5.10718789407314,5.119135877238897,9.142496847414881,9.175393078379546,9.524808559739851,9.210112241686772,9.010804573586489,8.937375432707437,13.720759467114235,13.647330326235183,13.657820203503618,7.6995699150319945,4.140395124001682,4.178087346286398,4.508196721311475,4.477622181473605,13.5
drax,,fleurs-pt,lowT,lowT,1,200,4745,42.53,163,1.0,0.0,1.0,pt,13.129610115911486,13.236098486875154,13.129610115911486,13.236098486875154,13.129610115911486,13.236098486875154,13.129610115911486,13.236098486875154,13.129610115911486,13.236098486875154,13.129610115911486,13.236098486875154,13.129610115911486,13.236098486875154,13.129610115911486,13.236098486875154,13.129610115911486,13.236098486875154,13.129610115911486,13.236098486875154,13.129610115911486,13.236098486875154,13.129610115911486,13.236098486875154,15.606190885640585,15.606190885640585,15.606190885640585,15.606190885640585,15.971625107480653,15.971625107480653,15.971625107480653,15.606190885640585,,,,,
drax,,fleurs-pt,lowT,lowT,2,200,4745,42.53,163,1.755,7.670694999999999,1.0,pt,13.129610115911486,13.236098486875154,12.665964172813489,12.841576536608127,12.98208640674394,13.143106141899171,12.834562697576397,12.981531152878532,12.939936775553214,13.153273911616367,12.792413066385668,12.909045428779905,12.72918861959958,12.846545428779905,12.961011591148578,13.015437353869952,12.72918861959958,12.847273661618463,12.72918861959958,12.847273661618463,11.359325605900949,11.489217902107546,14.899894625922023,15.036105490925586,,,,,,,,,7.79768177028451,7.696836122519332,8.640674394099051,8.430063520208732,37.0
drax,,fleurs-pt,lowT,lowT,3,200,4745,42.53,163,2.455,8.13918,1.0,pt,13.129610115911486,13.236098486875154,12.687038988408851,12.753071610218125,12.687038988408851,12.824869778801567,12.602739726027398,12.649081906228421,12.307692307692308,12.511506283284787,12.455216016859852,12.62299766771735,12.32876712328767,12.530395172173678,12.033719704952581,12.255934215022162,12.033719704952581,12.179969109109468,12.07586933614331,12.230474159614518,10.453108535300316,10.580281580196935,15.848261327713383,16.062011498925283,,,,,,,,,,,,,
drax,,fleurs-pt,lowT,lowT,4,200,4745,42.53,163,3.09,8.14162,1.0,pt,13.129610115911486,13.236098486875154,12.813487881981033,12.931035053643935,12.961011591148578,13.073704738153241,12.792413066385668,12.877881900490781,12.118018967334036,12.355280359729566,12.307692307692308,12.543088695928823,12.26554267650158,12.548038403084414,11.865121180189673,12.107700183014495,11.9072708113804,12.108129302634712,11.928345626975764,12.134868433069496,10.094836670179136,10.291402448159909,16.54373024236038,16.813715297624086,,,,,,,,,6.322444678609062,6.403863714890785,7.6923076923076925,7.5379247933511,40.0
drax,,fleurs-pt,lowT,lowT,5,200,4745,42.53,163,3.715,8.28242,1.0,pt,13.129610115911486,13.236098486875154,12.708113804004215,12.804417844472377,12.72918861959958,12.910149745460316,12.750263435194942,12.840132130186662,11.928345626975764,12.26172450203367,12.012644889357219,12.280470364986023,11.844046364594309,12.148209095871206,11.738672286617492,12.0552721481376,11.844046364594309,12.126684594409099,11.865121180189673,12.111713454437956,9.673340358271865,9.866635537671623,17.049525816649105,17.306116130486874,,,,,,,,,,,,,
drax,,fleurs-pt,lowT,lowT,6,200,4745,42.53,163,4.36,8.296814999999999,1.0,pt,13.129610115911486,13.236098486875154,12.750263435194942,12.811379877787493,12.897787144362487,13.069685893503785,12.750263435194942,12.811379877787493,11.654373024236039,12.039537882093269,11.949420442571128,12.291957286082244,11.71759747102213,12.097741540296926,11.71759747102213,11.980919725289745,11.61222339304531,11.839891082088034,11.54899894625922,11.765555371447974,9.39936775553214,9.58299237491685,17.407797681770283,17.741616131668927,,,,,,,,,,,,,
drax,,fleurs-pt,lowT,lowT,8,200,4745,42.53,163,5.51,8.331845,1.0,pt,13.129610115911486,13.236098486875154,12.62381454162276,12.792779806414565,12.56059009483667,12.862185950293572,12.602739726027398,12.772779806414563,11.506849315068493,11.812756332537315,11.844046364594309,12.121662504428766,11.54899894625922,11.853565084761776,11.570073761854584,11.841349529404136,11.675447839831401,11.910646659380987,11.780821917808218,12.074665223399549,9.062170706006322,9.262646805842735,18.14541622760801,18.505743330494496,,,,,,,,,5.310853530031612,5.388845441690461,6.996838777660695,6.84143983393361,39.0
drax,,fleurs-pt,lowT,lowT,10,200,4745,42.53,163,6.595,8.382380000000001,1.0,pt,13.129610115911486,13.236098486875154,12.476290832455216,12.629511098570086,12.518440463645943,12.809929147210998,12.497365648050579,12.65332062237961,11.675447839831401,11.934708434360637,11.759747102212856,11.961407971172774,11.71759747102213,11.943414471008222,11.54899894625922,11.862258618010443,11.654373024236039,11.90601405954242,11.696522655426765,11.961976530655267,8.830347734457323,9.03556813545911,18.79873551106428,19.20686355343321,,,,,,,,,,,,,
drax,,fleurs-pt,lowT,lowT,12,200,4745,42.53,163,7.525,8.261510000000001,1.0,pt,13.129610115911486,13.236098486875154,12.518440463645943,12.692741687425674,12.497365648050579,12.753191532973382,12.56059009483667,12.749884544568529,11.506849315068493,11.818491021984553,11.865121180189673,12.110979117388428,11.570073761854584,11.866363970905724,11.380400421496311,11.711158458369095,11.71759747102213,11.985520859520356,11.71759747102213,12.007199957449455,8.535300316122234,8.739262788759028,19.093782929399367,19.471981660956438,,,,,,,,,,,,,
drax,,fleurs-pt,lowT,lowT,15,200,4745,42.53,163,8.915,8.2501,1.0,pt,13.129610115911486,13.236098486875154,12.539515279241307,12.750334533176416,12.434141201264488,12.708538707728453,12.581664910432034,12.807477390319272,11.54899894625922,11.830722872201786,11.591148577449948,11.856232406306447,11.570073761854584,11.887840057859751,11.591148577449948,11.837245409248476,11.675447839831401,11.891636749419144,11.71759747102213,11.880100981337321,8.303477344573235,8.50758382517093,19.599578503688093,20.048919391618846,15.606190885640585,14.98280309544282,13.950988822012038,13.950988822012038,14.251934651762683,14.251934651762683,14.316423043852106,10.834049871023216,4.8261327713382505,4.863029980805954,6.4278187565858795,6.255357967720165,36.5
drax,,fleurs-pt,lowT,lowT,16,200,4745,42.53,163,9.395,8.22541,1.0,pt,13.129610115911486,13.236098486875154,12.665964172813489,12.845651932956056,12.497365648050579,12.689631134364715,12.708113804004215,12.902794790098914,11.570073761854584,11.886657430393075,11.570073761854584,11.882535891468628,11.591148577449948,11.914179376753417,11.42255005268704,11.620792266613057,11.54899894625922,11.782917859033462,11.633298208640674,11.835785085825776,8.261327713382508,8.466613925505376,19.70495258166491,20.15278701522331,15.606190885640585,15.047291487532243,13.972484952708513,13.950988822012038,14.10146173688736,14.14445399828031,14.208942390369733,10.791057609630267,4.76290832455216,4.804202938283259,6.406743940990516,6.236127198489396,37.0
drax,,fleurs-pt,main,main,1,400,9399,84.64,261,1.0,0.0,0.9989150000000001,pt,19.34248324289818,19.436142948368307,19.34248324289818,19.436142948368307,19.34248324289818,19.436142948368307,19.34248324289818,19.436142948368307,19.34248324289818,19.436142948368307,19.34248324289818,19.436142948368307,19.34248324289818,19.436142948368307,19.34248324289818,19.436142948368307,19.34248324289818,19.436142948368307,19.34248324289818,19.436142948368307,19.34248324289818,19.436142948368307,19.34248324289818,19.436142948368307,20.9357481673135,20.9357481673135,20.9357481673135,20.9357481673135,21.345407503234153,21.345407503234153,21.345407503234153,20.9357481673135,,,,,
drax,,fleurs-pt,main,main,2,400,9399,84.64,261,1.9375,19.30591,0.9989150000000001,pt,19.34248324289818,19.436142948368307,17.352909884030215,17.622379693991988,18.09766996488988,18.221262066503915,17.342270454303648,17.561362852656003,19.11905521864028,19.09454802938439,17.49122247047558,17.73745674090808,17.555059048834984,17.76268690230529,19.480795829343545,19.588650720629083,15.74635599531865,16.145800377532964,15.74635599531865,16.145800377532964,15.916586870943718,16.069319067744814,22.768379614852645,22.811392313328074,,,,,,,,,9.99042451324609,10.197235653905787,12.873709969145654,12.811252959176658,61.0
drax,,fleurs-pt,main,main,3,400,9399,84.64,261,2.8525,19.18216,0.9989150000000001,pt,19.34248324289818,19.436142948368307,16.533673795084585,16.696043460947315,17.21459729758485,17.27789233156379,16.427279497818915,16.558054842288932,16.076178316842217,16.33665527597293,15.68251941695925,15.866925874481897,15.661240557506117,15.843305813785976,15.065432492818385,15.394554457916938,13.61847005000532,13.97193525122403,13.661027768911586,14.037522540238086,14.554739865943185,14.664472959241968,24.69411639536121,24.821821897486068,,,,,,,,,,,,,
drax,,fleurs-pt,main,main,4,400,9399,84.64,261,3.755,19.3762,0.9989150000000001,pt,19.34248324289818,19.436142948368307,16.299606341100116,16.455459586591825,16.79965953824875,16.915272338395695,16.235769762740716,16.40318006676577,15.342057665709119,15.566897684429378,15.480370252154485,15.698637242321878,15.310139376529419,15.533672117193362,13.990850090435153,14.437631870759358,13.39504202574742,13.839051350552257,13.384402596020854,13.848254402402368,13.831258644536653,13.947166458624407,26.15171826790084,26.286708660349902,,,,,,,,,7.564634535588892,7.829606741353736,11.501223534418555,11.438667333003185,62.74999999999999
drax,,fleurs-pt,main,main,5,400,9399,84.64,261,4.6425,19.253944999999998,0.9989150000000001,pt,19.34248324289818,19.436142948368307,16.03362059793595,16.255095373989707,16.48047664645175,16.65229749369987,15.905947441217151,16.10913957881783,14.990956484732418,15.278359515933959,15.086711352271518,15.374464457758542,15.033514203638685,15.33250770997869,13.29928715820832,13.744888044311597,12.98010426641132,13.452832898541159,12.958825406958187,13.414480625813885,13.182253431216086,13.212744840740969,26.939036067666773,27.202996376145695,,,,,,,,,,,,,
drax,,fleurs-pt,main,main,6,400,9399,84.64,261,5.5225,19.284200000000002,0.9989150000000001,pt,19.34248324289818,19.436142948368307,15.756995425045218,16.0069535860842,16.03362059793595,16.27879888436152,15.544206830513884,15.798643237086129,14.576018725396318,14.838342235085342,14.607937014576018,14.914716603549962,14.512182147036919,14.847480122579931,12.94818597723162,13.459857502901066,12.586445366528354,13.037811302562154,12.586445366528354,13.033668358303114,12.682200234067453,12.785141393523949,27.705075007979573,28.050151989408036,,,,,,,,,,,,,
drax,,fleurs-pt,main,main,8,400,9399,84.64,261,7.275,19.354095,0.9989150000000001,pt,19.34248324289818,19.436142948368307,15.501649111607618,15.756990083582942,15.905947441217151,16.131001676733295,15.299499946802852,15.570198967628732,14.012128949888286,14.310501720704586,14.267475263325887,14.561835112984186,13.87381636344292,14.169879534558289,12.480051069262688,12.911080632078928,12.522608788168954,12.96928665881876,12.50132992871582,12.925726052758154,11.948079582934355,12.047423323215408,28.779657410362805,29.277935441012882,,,,,,,,,6.117672092775827,6.395048532077712,10.267049686136824,10.199088635353428,56.99999999999999
drax,,fleurs-pt,main,main,10,400,9399,84.64,261,8.96,19.231422499999997,0.9989150000000001,pt,19.34248324289818,19.436142948368307,15.256942227896586,15.578512564419253,15.65060112777955,15.864982155248509,15.20374507926375,15.501930424147956,13.831258644536653,14.183332101722959,14.182359825513352,14.516394654107472,13.87381636344292,14.256024574966188,12.24598361527822,12.684910505408983,12.341738482817322,12.791922755422297,12.331099053090755,12.77803386653341,11.607617831684221,11.683613914617732,29.726566656027238,30.296333413222698,,,,,,,,,,,,,
drax,,fleurs-pt,main,main,12,400,9399,84.64,261,10.675,19.1715425,0.9989150000000001,pt,19.34248324289818,19.436142948368307,15.150547930630918,15.506987496274604,15.448451962974785,15.696076280703972,15.022874773912118,15.36501793181133,13.639748909458453,14.036014700337871,13.980210660708586,14.326326394095744,13.543994041919353,13.935048538963784,12.11831045855942,12.583672578477135,12.022555591020321,12.477913736360652,12.065113309926588,12.530545315308023,11.224598361527821,11.324687508146788,30.237259282902436,30.84780439967025,,,,,,,,,,,,,
drax,,fleurs-pt,main,main,15,400,9399,84.64,261,13.175,19.17393,0.9989150000000001,pt,19.34248324289818,19.436142948368307,14.778167890201086,15.058903185078856,15.246302798170017,15.420833457326157,14.788807319927653,15.058299466557335,13.341844877114587,13.687586986377232,13.80997978508352,14.150299501168941,13.373763166294287,13.755165413807081,12.033195020746888,12.539656143409402,12.097031599106288,12.560890394637173,12.065113309926588,12.52359430096047,10.905415469730823,11.004302835540479,31.184168528566868,31.890933660618515,20.9357481673135,16.50495903406641,15.222078482104356,15.59939629150496,14.251832686502803,14.30573523070289,14.294954721862872,12.667097887020267,5.2984360038301945,5.572811628141281,9.490371316097457,9.419336126536265,57.25
drax,,fleurs-pt,main,main,16,400,9399,84.64,261,14.0225,19.196405,0.9989150000000001,pt,19.34248324289818,19.436142948368307,14.746249601021384,15.038841059031572,15.139908500904351,15.347771815972763,14.586658155122885,14.913308705420897,13.20353229066922,13.60881696305822,13.661027768911586,14.070519341997553,13.352484306841154,13.741882392998098,12.022555591020321,12.538627808057573,12.097031599106288,12.577011568014445,12.065113309926588,12.535305301177566,10.745824023832322,10.867474301455848,31.577827428449837,32.27286980413071,20.9357481673135,16.548081069426477,15.146614920224234,15.513152220784821,14.294954721862872,14.327296248382924,14.316515739542906,12.483829236739973,5.213320566017662,5.475565967953055,9.383977018831791,9.317709250861883,57.49999999999999
drax,,fleurs-pt,main,ref,1,400,9399,84.64,261,1.0,0.0,1.0,pt,13.682306628364719,14.247184164910307,13.682306628364719,14.247184164910307,13.682306628364719,14.247184164910307,13.682306628364719,14.247184164910307,13.682306628364719,14.247184164910307,13.682306628364719,14.247184164910307,13.682306628364719,14.247184164910307,13.682306628364719,14.247184164910307,13.682306628364719,14.247184164910307,13.682306628364719,14.247184164910307,13.682306628364719,14.247184164910307,13.682306628364719,14.247184164910307,15.588615782664942,15.588615782664942,15.588615782664942,15.588615782664942,15.998275118585598,15.998275118585598,15.998275118585598,15.588615782664942,,,,,
drax,,fleurs-pt,main,ref,2,400,9399,84.64,261,1.7375,7.9048125,1.0,pt,13.682306628364719,14.247184164910307,13.23545057984892,13.782803671800552,13.256729439302054,13.794206744278323,13.23545057984892,13.77722153463947,13.416320885200554,14.049922800304069,13.352484306841154,13.917404558159607,13.33120544738802,13.918690633195684,13.831258644536653,14.30608061963728,13.405681455473987,13.883381415405044,13.405681455473987,13.883381415405044,12.11831045855942,12.646736122666216,15.246302798170017,15.76507576405356,,,,,,,,,8.224279178636024,8.616464314542279,9.341419299925525,9.658911021473136,41.75
drax,,fleurs-pt,main,ref,3,400,9399,84.64,261,2.4125,7.987165,1.0,pt,13.682306628364719,14.247184164910307,13.160974571762953,13.620691744595057,13.256729439302054,13.732561017785008,13.182253431216086,13.646124645027955,12.873709969145654,13.420382389452772,12.894988828598787,13.434925297434383,12.831152250239388,13.35426602268118,12.66092137461432,13.25444078518809,12.607724225981487,13.120096269620522,12.66092137461432,13.182099017689444,11.309713799340356,11.757436642800386,16.28896691137355,16.777498073852144,,,,,,,,,,,,,
drax,,fleurs-pt,main,ref,4,400,9399,84.64,261,3.03,8.052312500000001,1.0,pt,13.682306628364719,14.247184164910307,13.118416852856686,13.58479891029027,13.448239174380253,13.860506609654177,13.129056282583253,13.59237466786603,12.72475795297372,13.251161135710843,12.820512820512821,13.344057470428147,12.72475795297372,13.226172376858653,12.53324821789552,12.996330315594854,12.53324821789552,12.998809172618003,12.56516650707522,13.0155737344436,10.979891477816789,11.429659820589162,17.033726992233216,17.531498791185694,15.588615782664942,15.028029322984045,14.726175075463562,14.747736093143596,14.855541181543769,14.833980163863734,14.866321690383787,12.89348857266063,7.075220768166826,7.402797737874979,8.607298648792424,8.79963488735526,42.25
drax,,gigaspeech,lowT,lowT,1,200,3760,20.15,83,1.0,0.0,0.9990700000000001,en,14.01595744680851,14.291398533479857,14.01595744680851,14.291398533479857,14.01595744680851,14.291398533479857,14.01595744680851,14.291398533479857,14.01595744680851,14.291398533479857,14.01595744680851,14.291398533479857,14.01595744680851,14.291398533479857,14.01595744680851,14.291398533479857,14.01595744680851,14.291398533479857,14.01595744680851,14.291398533479857,14.01595744680851,14.291398533479857,14.01595744680851,14.291398533479857,12.567741935483872,12.567741935483872,12.567741935483872,12.567741935483872,18.941935483870967,18.941935483870967,18.941935483870967,12.567741935483872,,,,,
drax,,gigaspeech,lowT,lowT,2,200,3760,20.15,83,1.535,6.92529,0.9990700000000001,en,14.01595744680851,14.291398533479857,13.696808510638299,13.766695250226983,13.72340425531915,13.785113370163133,13.643617021276595,13.714851932254636,14.202127659574469,14.370003734881756,14.28191489361702,14.429528103743362,14.148936170212766,14.264310712439013,13.936170212765957,14.164656578243658,13.563829787234043,13.637399585461704,13.563829787234043,13.637399585461704,12.101063829787234,12.202410463439566,15.71808510638298,16.096865141275327,,,,,,,,,9.840425531914894,10.064555538594462,10.345744680851064,10.494214830741551,28.499999999999996
drax,,gigaspeech,lowT,lowT,3,200,3760,20.15,83,1.98,6.65492,0.9990700000000001,en,14.01595744680851,14.291398533479857,13.696808510638299,13.68844992443958,13.856382978723405,13.91982247345919,13.696808510638299,13.68844992443958,13.829787234042554,13.783032644664885,13.696808510638299,13.677531477271135,13.617021276595745,13.598680014724017,13.590425531914894,13.555812222231866,13.590425531914894,13.585666525064111,13.643617021276595,13.707049784518022,11.542553191489361,11.59802301260815,16.72872340425532,17.04394979055254,,,,,,,,,,,,,
drax,,gigaspeech,lowT,lowT,4,200,3760,20.15,83,2.375,6.936825,0.9990700000000001,en,14.01595744680851,14.291398533479857,14.042553191489361,14.049168363335204,14.25531914893617,14.312183228372128,14.042553191489361,14.049168363335204,13.457446808510639,13.379001709991368,13.643617021276595,13.516476507665406,13.51063829787234,13.428861300292134,13.297872340425531,13.30024370285328,13.430851063829786,13.394752788396753,13.404255319148936,13.385080516655512,11.25,11.306545651461672,17.4468085106383,17.944997359123594,,,,,,,,,8.803191489361701,9.124533551640424,9.73404255319149,9.8482014963091,27.500000000000004
drax,,gigaspeech,lowT,lowT,5,200,3760,20.15,83,2.7,6.776549999999999,0.9990700000000001,en,14.01595744680851,14.291398533479857,14.042553191489361,14.025380330024028,14.175531914893616,14.260734072970482,13.98936170212766,13.994130330024026,13.21808510638298,13.21105329420088,13.51063829787234,13.439669147466102,13.297872340425531,13.244720376430374,13.27127659574468,13.232046281476762,13.191489361702128,13.178460827705656,13.164893617021276,13.131161173337036,10.98404255319149,11.068184029622584,17.79255319148936,18.362327511316828,,,,,,,,,,,,,
drax,,gigaspeech,lowT,lowT,6,200,3760,20.15,83,2.99,6.76238,0.9990700000000001,en,14.01595744680851,14.291398533479857,14.01595744680851,14.164335356479056,13.962765957446809,14.225569016609773,13.962765957446809,14.133085356479056,13.191489361702128,13.238485498138838,13.457446808510639,13.51757803814673,13.430851063829786,13.460396816003872,13.085106382978724,13.144971661139266,13.085106382978724,13.067727053148687,13.21808510638298,13.425683969694532,10.797872340425531,10.911527182100967,18.111702127659573,18.83195656583719,,,,,,,,,,,,,
drax,,gigaspeech,lowT,lowT,8,200,3760,20.15,83,3.545,6.697819999999999,0.9990700000000001,en,14.01595744680851,14.291398533479857,13.696808510638299,13.990985927700564,13.696808510638299,14.009648456477256,13.617021276595745,13.933420138226879,12.872340425531915,13.021545586345983,13.085106382978724,13.278783522037637,12.97872340425532,13.155192539751004,12.712765957446809,12.824772581565187,12.898936170212766,12.912446910368544,12.925531914893616,13.102562744826486,10.372340425531915,10.547304046175196,18.643617021276597,19.50168537391105,,,,,,,,,8.00531914893617,8.353361068129075,9.01595744680851,9.210561422535193,27.0
drax,,gigaspeech,lowT,lowT,10,200,3760,20.15,83,4.1,6.701979999999999,0.9990700000000001,en,14.01595744680851,14.291398533479857,13.936170212765957,14.19765609576779,13.962765957446809,14.308248569599428,13.909574468085106,14.168661734865537,12.925531914893616,13.074343188574868,13.191489361702128,13.399041174648229,12.97872340425532,13.152828083677075,12.73936170212766,12.866369884239337,12.819148936170214,12.933504467583393,12.872340425531915,13.065279789896472,10.292553191489361,10.429627278498426,19.04255319148936,20.09434158226526,,,,,,,,,,,,,
drax,,gigaspeech,lowT,lowT,12,200,3760,20.15,83,4.65,6.642825,0.9990700000000001,en,14.01595744680851,14.291398533479857,13.829787234042554,14.106498975915018,13.909574468085106,14.207170245537695,13.856382978723405,14.108754615012764,13.00531914893617,13.27997460780923,13.191489361702128,13.441838692205978,13.00531914893617,13.268132502546074,12.872340425531915,13.080617556430118,12.845744680851064,13.09109638507622,12.97872340425532,13.286868022379666,9.867021276595745,10.088330173836553,19.49468085106383,20.624385247341813,,,,,,,,,,,,,
drax,,gigaspeech,lowT,lowT,15,200,3760,20.15,83,5.41,6.747809999999999,0.9990700000000001,en,14.01595744680851,14.291398533479857,13.696808510638299,13.96649897591502,13.856382978723405,14.101165853136244,13.72340425531915,13.968754615012763,12.952127659574469,13.245363210697834,13.111702127659575,13.354912480279765,13.111702127659575,13.363530492702125,12.845744680851064,13.141221250185989,12.898936170212766,13.143574372903528,13.085106382978724,13.479215376790265,9.627659574468085,9.905995252001023,19.893617021276597,21.257506195729725,12.567741935483872,12.283870967741935,11.458064516129033,11.664516129032258,18.06451612903226,17.961290322580645,18.09032258064516,8.619354838709677,7.340425531914893,7.727824209402763,8.590425531914894,8.836364440658258,26.5
drax,,gigaspeech,lowT,lowT,16,200,3760,20.15,83,5.655,6.73576,0.9990700000000001,en,14.01595744680851,14.291398533479857,13.670212765957446,13.90399897591502,13.696808510638299,13.96794513241552,13.696808510638299,13.906254615012765,12.898936170212766,13.113998741833363,13.00531914893617,13.180264618131904,12.872340425531915,13.101114134440747,12.845744680851064,12.970830468518033,12.898936170212766,13.060749614647731,13.085106382978724,13.39916187765782,9.574468085106384,9.86251699113146,20.079787234042552,21.41965916802976,12.567741935483872,12.258064516129032,11.509677419354839,11.535483870967742,18.038709677419355,17.961290322580645,18.09032258064516,8.593548387096774,7.340425531914893,7.727824209402763,8.537234042553191,8.781291976890143,26.0
drax,,gigaspeech,main,main,1,600,11314,60.93,117,1.0,0.0,0.9937783333333334,en,20.39066643097048,23.60286294716595,20.39066643097048,23.60286294716595,20.39066643097048,23.60286294716595,20.39066643097048,23.60286294716595,20.39066643097048,23.60286294716595,20.39066643097048,23.60286294716595,20.39066643097048,23.60286294716595,20.39066643097048,23.60286294716595,20.39066643097048,23.60286294716595,20.39066643097048,23.60286294716595,20.39066643097048,23.60286294716595,20.39066643097048,23.60286294716595,18.406593406593405,18.406593406593405,18.406593406593405,18.406593406593405,23.909684065934066,23.909684065934066,23.909684065934066,18.406593406593405,,,,,
drax,,gigaspeech,main,main,2,600,11314,60.93,117,1.7883333333333333,20.631768333333333,0.9937783333333334,en,20.39066643097048,23.60286294716595,17.942372282128336,20.112937166559703,18.70249248718402,21.260923583731532,17.88050203287962,20.011416274349816,19.480289906310766,21.88263813671908,17.853986211773023,19.879311955851158,18.004242531377056,20.06392165236521,20.240410111366447,23.414353099208146,16.572388191621002,18.730418445615886,16.572388191621002,18.730418445615886,16.475163514230157,18.431077265549394,24.191267456248895,28.469116856034987,,,,,,,,,11.71115432207884,13.149289265144512,13.752872547286549,15.10431157978589,45.0
drax,,gigaspeech,main,main,3,600,11314,60.93,117,2.54,20.63409833333333,0.9937783333333334,en,20.39066643097048,23.60286294716595,17.16457486300159,18.758372156806107,17.836308997701963,20.01349965665011,16.996641329326497,18.494493737477804,16.784514760473748,18.55464725896641,16.58122679865653,18.081954378962344,16.4309704790525,18.021296841484492,16.280714159448472,18.37605370820422,15.184726887042602,16.926066690495556,15.273112957397915,17.062330884725434,14.778150963408168,15.948591859903964,26.542336927700195,31.281129285438592,,,,,,,,,,,,,
drax,,gigaspeech,main,main,4,600,11314,60.93,117,3.2466666666666666,20.823675,0.9937783333333334,en,20.39066643097048,23.60286294716595,16.687290083082907,18.26613192426546,17.473926109245184,19.654810093073213,16.784514760473748,18.574354168879445,16.11278062577338,17.797002940004102,15.936008485062754,17.284633477428656,15.98020152024041,17.382950908488066,15.379176241824288,17.17231483771206,14.87537564079901,16.518863993085304,14.919568675976667,16.59922486677951,14.018030758352484,15.00099426798451,28.48683047551706,33.66384260727533,,,,,,,,,9.563372812444758,10.620709672536131,12.206116316068588,13.042801665706087,41.833333333333336
drax,,gigaspeech,main,main,5,600,11314,60.93,117,3.97,21.026805,0.9937783333333334,en,20.39066643097048,23.60286294716595,16.41329326498144,17.85633139969245,17.191090684108186,19.165921298642896,16.58122679865653,18.035059874427795,15.502916740321725,17.00575545279333,15.458723705144068,16.701492061240224,15.405692062930882,16.738854893524067,14.79582817747923,16.413687798394662,14.477638324200106,15.967947993541687,14.486476931235638,15.97726321535691,13.355135230687644,14.268707736716468,30.219197454481172,36.055289557053285,,,,,,,,,,,,,
drax,,gigaspeech,main,main,6,600,11314,60.93,117,4.655,20.92334166666667,0.9937783333333334,en,20.39066643097048,23.60286294716595,16.156973660951035,17.610270704406446,16.828707795651404,18.606230636960312,16.263036945377408,17.711726726036634,15.228919922220259,16.635817758036925,15.264274350362383,16.550545012537928,14.963761711154323,16.21838331539995,14.451122503093513,15.948158036315386,14.159448470920983,15.635652135964609,14.185964292027576,15.735951767894676,12.983913735195333,13.88142808247889,31.341700547993636,37.467676914316954,,,,,,,,,,,,,
drax,,gigaspeech,main,main,8,600,11314,60.93,117,6.026666666666666,20.959316666666666,0.9937783333333334,en,20.39066643097048,23.60286294716595,16.015555948382534,17.432023124074103,16.40445465794591,18.202956886371354,16.077426197631254,17.507869581416184,14.928407283012197,16.318907849363224,15.01679335336751,16.19941085417791,14.831182605621354,16.08762144730597,14.115255435743327,15.478614477864141,14.159448470920983,15.629507690669046,14.150609863885451,15.634506287750979,12.30334099345943,13.183800820578345,33.21548523952625,40.20048387963748,,,,,,,,,8.09616404454658,9.090888858097191,10.915679688881033,11.675739311685717,39.5
drax,,gigaspeech,main,main,10,600,11314,60.93,117,7.361666666666666,20.90602,0.9937783333333334,en,20.39066643097048,23.60286294716595,15.502916740321725,16.948844975935362,15.732720523245536,17.32501619379619,15.361499027753226,16.829847252398544,14.831182605621354,16.172151193772315,14.910730068941135,16.22209023036862,14.769312356372636,16.14698971325332,13.876613045783984,15.236925886218586,13.956160509103766,15.321533170559503,13.956160509103766,15.28712939927358,11.93211949796712,12.788649351739517,34.46172883153615,41.93799493193105,,,,,,,,,,,,,
drax,,gigaspeech,main,main,12,600,11314,60.93,117,8.67,20.851583333333334,0.9937783333333334,en,20.39066643097048,23.60286294716595,15.511755347357257,16.821558856411567,15.617818631783631,16.973777826136324,15.405692062930882,16.805091255025392,14.707442107123917,16.12723845472849,14.831182605621354,16.049423081997503,14.619056036768605,15.934073012742958,13.929644687997172,15.346344113595483,13.973837723174828,15.341918522372694,13.938483295032702,15.310192657007127,11.675799893936716,12.475826700534512,35.81403570797242,43.90360496311907,,,,,,,,,,,,,
drax,,gigaspeech,main,main,15,600,11314,60.93,117,10.633333333333333,20.91947,0.9937783333333334,en,20.39066643097048,23.60286294716595,15.547109775499381,16.842994413855408,15.60014141771257,16.871823441841002,15.370337634788758,16.63712274564786,14.415768074951387,15.691754249016613,14.65441046491073,15.920588666594918,14.309704790525013,15.60523283256019,13.797065582464203,15.112655292269428,13.805904189499735,15.093650155695393,13.832420010606329,15.156531445577242,11.313417005479936,12.08678151879041,38.1297507512816,47.671110913828706,18.406593406593405,13.727678571428571,12.98076923076923,12.963598901098901,18.252060439560438,18.166208791208792,18.166208791208792,10.104739010989011,7.371398267633021,8.248406012636647,10.190913911967474,10.875357525979258,38.166666666666664
drax,,gigaspeech,main,main,16,600,11314,60.93,117,11.27,20.885558333333332,0.9937783333333334,en,20.39066643097048,23.60286294716595,15.520593954392787,16.934712585542954,15.626657238819162,16.938926072684936,15.379176241824288,16.695969203652286,14.451122503093513,15.849557611589713,14.645571857875199,15.871005482765865,14.380413646809263,15.587329959314786,13.894290259855048,15.210208996960867,13.92080608096164,15.271652364747965,13.91196747392611,15.262466926423384,11.251546756231217,12.018559331003004,38.58935831712922,48.24971318604825,18.406593406593405,13.676167582417582,13.01510989010989,12.920673076923077,18.294986263736263,18.21771978021978,18.18337912087912,10.061813186813186,7.3360438394908964,8.196429998160632,10.137882269754286,10.787780263319233,38.0
drax,,gigaspeech,main,ref,1,600,11314,60.93,117,1.0,0.0,0.99875,en,14.5041541453067,15.587409619983813,14.5041541453067,15.587409619983813,14.5041541453067,15.587409619983813,14.5041541453067,15.587409619983813,14.5041541453067,15.587409619983813,14.5041541453067,15.587409619983813,14.5041541453067,15.587409619983813,14.5041541453067,15.587409619983813,14.5041541453067,15.587409619983813,14.5041541453067,15.587409619983813,14.5041541453067,15.587409619983813,14.5041541453067,15.587409619983813,12.688873626373626,12.688873626373626,12.688873626373626,12.688873626373626,18.895947802197803,18.895947802197803,18.895947802197803,12.688873626373626,,,,,
drax,,gigaspeech,main,ref,2,600,11314,60.93,117,1.4883333333333333,7.116641666666666,0.99875,en,14.5041541453067,15.587409619983813,14.327382004596076,15.465371718804885,14.406929467915857,15.520923592415524,14.345059218667139,15.478323820466667,14.672087678981793,15.665485075937582,14.442283896057981,15.52982549603072,14.5041541453067,15.57002138118132,14.592540215662012,15.855573766291675,14.309704790525013,15.594250057095621,14.309704790525013,15.594250057095621,12.930882092982147,13.943307910489091,16.068587590595723,17.31728939987632,,,,,,,,,10.632844263744033,11.60049443009735,10.96871133109422,11.946196675971638,26.833333333333332
drax,,gigaspeech,main,ref,3,600,11314,60.93,117,1.8616666666666666,6.8707,0.99875,en,14.5041541453067,15.587409619983813,14.415768074951387,15.519080712029016,14.371575039773731,15.49306799450152,14.459961110129044,15.55551766217564,14.088739614636733,15.145407244491551,14.00035354428142,15.085364278043803,14.018030758352484,15.097768005801948,13.982676330210358,15.071031020466128,13.91196747392611,14.997274725782225,14.044546579459077,15.197488984853665,12.453597313063462,13.469991303117121,16.80219197454481,17.998831898338373,,,,,,,,,,,,,
drax,,gigaspeech,main,ref,4,600,11314,60.93,117,2.1866666666666665,6.71881,0.99875,en,14.5041541453067,15.587409619983813,14.371575039773731,15.463303840019401,14.371575039773731,15.463499140969725,14.353897825702669,15.442405198431105,13.964999116139296,15.046644987795222,14.044546579459077,15.084856540999622,14.018030758352484,15.091067164258282,13.99151493724589,15.098109156744538,13.964999116139296,15.1019780957972,14.106416828707795,15.289470312571307,12.100053031642213,13.100682646259799,17.24412232632137,18.50013458310065,12.688873626373626,12.48282967032967,12.414148351648352,12.465659340659341,18.4323489010989,18.346497252747252,18.4323489010989,10.482486263736265,9.775499381297507,10.726264548651859,10.305815803429379,11.275063515083811,26.833333333333332
drax,,ls-dev-clean,main,main,1,400,7557,45.14,40,1.0,0.0,0.9957875000000002,en,5.319571258435888,7.063402330066587,5.319571258435888,7.063402330066587,5.319571258435888,7.063402330066587,5.319571258435888,7.063402330066587,5.319571258435888,7.063402330066587,5.319571258435888,7.063402330066587,5.319571258435888,7.063402330066587,5.319571258435888,7.063402330066587,5.319571258435888,7.063402330066587,5.319571258435888,7.063402330066587,5.319571258435888,7.063402330066587,5.319571258435888,7.063402330066587,5.136309758988542,5.136309758988542,5.136309758988542,5.136309758988542,6.519162386408534,6.519162386408534,6.519162386408534,5.136309758988542,,,,,
drax,,ls-dev-clean,main,main,2,400,7557,45.14,40,1.585,8.548515,0.9957875000000002,en,5.319571258435888,7.063402330066587,4.035993118962551,5.473310319098044,4.19478629085616,5.416560034015215,4.022760354638084,5.1844788377678075,5.584226544925235,7.300844157645278,4.115389704909355,5.617754763542488,4.2212518195050945,5.76097820676593,5.160778086542279,7.043331027709282,3.7713378324732036,5.1654413775750445,3.7713378324732036,5.1654413775750445,3.3611221384147147,4.085338033364506,7.185391028185788,10.000168180321015,,,,,,,,,2.5274579859732698,3.243810410003494,3.0038375016540955,3.6287926852018453,13.5
drax,,ls-dev-clean,main,main,3,400,7557,45.14,40,2.005,8.11849,0.9957875000000002,en,5.319571258435888,7.063402330066587,3.8110361254466056,5.079486298256391,3.7978033611221385,4.812208714335771,3.7581050681487365,4.838304517290126,3.6257774249040624,4.42741983238167,3.6654757178774644,4.673873517305072,3.6125446605795952,4.744188023462431,3.480217017334921,4.357758997684174,3.33465660976578,4.38063033976299,3.3743549027391824,4.486460379288682,2.8185788011115522,3.464401693641027,8.257244938467647,11.382753465975973,,,,,,,,,,,,,
drax,,ls-dev-clean,main,main,4,400,7557,45.14,40,2.445,8.256404999999999,0.9957875000000002,en,5.319571258435888,7.063402330066587,3.6257774249040624,4.810676336599906,3.6654757178774644,4.79262079117247,3.6125446605795952,4.811018871902773,3.533148074632791,4.385888373874858,3.3875876670636496,4.38210946256523,3.3875876670636496,4.362710093622251,3.1626306735477043,3.9902739793348996,3.0832340876009,4.107496555153013,3.0700013232764323,4.128995261181434,2.5274579859732698,3.1688997369894882,9.262935027127167,12.929270467386136,,,,,,,,,1.8922852983988354,2.4641002879643037,2.3686648140796613,2.927034038884516,10.5
drax,,ls-dev-clean,main,main,5,400,7557,45.14,40,2.835,8.20521,0.9957875000000002,en,5.319571258435888,7.063402330066587,3.4537514886859864,4.702691536165446,3.493449781659389,4.7358332305778585,3.4537514886859864,4.75876851638983,3.2155617308455735,3.992951599696979,3.228794495170041,4.173048698662004,3.2023289665211063,4.171060805115982,3.017070265978563,3.8416107422571537,2.9641392086806935,3.9771028651622875,3.043535794627498,4.102040468214163,2.328966521106259,2.9776620569708485,10.05690088659521,13.963858914006334,,,,,,,,,,,,,
drax,,ls-dev-clean,main,main,6,400,7557,45.14,40,3.19,8.081945000000001,0.9957875000000002,en,5.319571258435888,7.063402330066587,3.4537514886859864,4.734149009692427,3.3611221384147147,4.600806010402119,3.3875876670636496,4.69894309517997,3.122932380574302,3.883880510537315,3.2817255524679108,4.219267213946848,3.1493979092232367,4.1631150210218255,2.9641392086806935,3.717582950988483,2.924440915707291,3.972995150990183,3.0038375016540955,4.0637010592018115,2.262802699483922,2.921790803134747,10.705306338494111,14.82512973876447,,,,,,,,,,,,,
drax,,ls-dev-clean,main,main,8,400,7557,45.14,40,3.9025,7.975095000000001,0.9957875000000002,en,5.319571258435888,7.063402330066587,3.4140531957125844,4.8069026146053435,3.33465660976578,4.661907586255718,3.3611221384147147,4.753354801682531,3.1096996162498347,4.047352881352364,3.0700013232764323,4.140270895669563,3.0832340876009,4.1666378547338905,2.9641392086806935,3.8996188285792517,2.8582770940849542,3.8796358065547523,2.845044329760487,3.865229598727492,2.1040095275903137,2.7798367401327795,11.618367076882361,16.095793197376835,,,,,,,,,1.5350006616382161,2.1075109578408773,1.9981474129945747,2.579467559192946,9.25
drax,,ls-dev-clean,main,main,10,400,7557,45.14,40,4.6175,8.014334999999999,0.9957875000000002,en,5.319571258435888,7.063402330066587,3.4272859600370515,4.65146981745711,3.2817255524679108,4.474422153579448,3.3611221384147147,4.608218014830307,3.056768558951965,3.9684086562644367,3.0303030303030303,4.038615546475346,3.0303030303030303,4.031611112836902,3.0038375016540955,3.8979732682535,2.871509858409422,3.880428886465697,2.871509858409422,3.8722756195192414,1.9187508270477702,2.5492328397398767,12.385867407701468,17.182061433373573,,,,,,,,,,,,,
drax,,ls-dev-clean,main,main,12,400,7557,45.14,40,5.3575,8.07533,0.9957875000000002,en,5.319571258435888,7.063402330066587,3.3611221384147147,4.514798190472982,3.268492788143443,4.444174519269313,3.3743549027391824,4.58356561861541,2.8582770940849542,3.82511013749395,2.924440915707291,3.8729930096078147,2.871509858409422,3.8477009297705402,2.884742622733889,3.8879872691818655,2.7921132724626174,3.721418006737286,2.8185788011115522,3.743011205420268,1.7864231838030964,2.395053487462698,13.073971152573773,18.260051420553708,,,,,,,,,,,,,
drax,,ls-dev-clean,main,main,15,400,7557,45.14,40,6.275,7.899870000000001,0.9957875000000002,en,5.319571258435888,7.063402330066587,3.2155617308455735,4.437037010577125,3.228794495170041,4.456593352678469,3.255260023818976,4.510449708989824,2.8979753870583567,3.946368659716961,2.9376736800317587,3.925681183847763,2.9376736800317587,3.9306223989655784,2.871509858409422,3.871639507046029,2.7921132724626174,3.7978481505911663,2.8053460367870846,3.8026231088200717,1.6408627762339554,2.238708165217699,13.709143840148206,19.350905005906384,5.136309758988542,3.463716581061504,2.7525352298169365,3.2266561306466484,4.135387857236929,4.0563677070986435,4.069537732121691,1.50138285262742,1.11155220325526,1.615752918447648,1.5482334259626835,2.0686529939397005,9.0
drax,,ls-dev-clean,main,main,16,400,7557,45.14,40,6.6,7.8633025,0.9957875000000002,en,5.319571258435888,7.063402330066587,3.2023289665211063,4.437152293844583,3.2420272594945083,4.468072272309563,3.2420272594945083,4.510564992257281,2.8185788011115522,3.812903543121124,2.8979753870583567,3.8872946279554856,2.8979753870583567,3.897549852735137,2.845044329760487,3.8652889953501224,2.7921132724626174,3.7867370394800552,2.7788805081381502,3.7708339438787335,1.627630011909488,2.2159808924904265,13.854704247717349,19.58650650966578,5.136309758988542,3.4768866060845514,2.6471750296325562,3.2266561306466484,4.122217832213881,4.0563677070986435,4.030027657052549,1.475042802581325,1.11155220325526,1.6326611310080341,1.521767897313749,2.0359257212124278,8.75
drax,,ls-dev-clean,main,ref,1,400,7557,45.14,40,1.0,0.0,0.999375,en,3.1096996162498347,4.071553439203708,3.1096996162498347,4.071553439203708,3.1096996162498347,4.071553439203708,3.1096996162498347,4.071553439203708,3.1096996162498347,4.071553439203708,3.1096996162498347,4.071553439203708,3.1096996162498347,4.071553439203708,3.1096996162498347,4.071553439203708,3.1096996162498347,4.071553439203708,3.1096996162498347,4.071553439203708,3.1096996162498347,4.071553439203708,3.1096996162498347,4.071553439203708,3.094955880416173,3.094955880416173,3.094955880416173,3.094955880416173,4.34610825760569,4.34610825760569,4.34610825760569,3.094955880416173,,,,,
drax,,ls-dev-clean,main,ref,2,400,7557,45.14,40,1.1925,1.7999425,0.999375,en,3.1096996162498347,4.071553439203708,2.8979753870583567,3.8050177367077804,2.924440915707291,3.8549797427868078,2.8979753870583567,3.8050177367077804,3.122932380574302,4.100341317991587,2.950906444356226,3.851554533244577,2.924440915707291,3.818654100344144,3.0038375016540955,3.86527812373597,2.8318115654360194,3.5948090079293253,2.8318115654360194,3.5948090079293253,2.500992457324335,3.326616560914417,3.4140531957125844,4.448140807639948,,,,,,,,,2.262802699483922,2.9555677400800957,2.328966521106259,3.0229037972288264,4.5
drax,,ls-dev-clean,main,ref,3,400,7557,45.14,40,1.335,1.7767925,0.999375,en,3.1096996162498347,4.071553439203708,2.8979753870583567,3.702199308773574,3.0038375016540955,3.8135763490937222,2.911208151382824,3.714104070678336,2.7259494508402806,3.687176614828319,2.686251157866878,3.638479504405203,2.686251157866878,3.638479504405203,2.7259494508402806,3.683297304483492,2.686251157866878,3.638479504405203,2.659785629217944,3.6255417734914657,2.262802699483922,3.0778098139915624,3.7316395394998016,4.839550769378857,,,,,,,,,,,,,
drax,,ls-dev-clean,main,ref,4,400,7557,45.14,40,1.42,1.6823775,0.999375,en,3.1096996162498347,4.071553439203708,2.8979753870583567,3.761026713253153,2.9906047373296283,3.894368311268664,2.911208151382824,3.7729314751579146,2.7788805081381502,3.718215886941424,2.7656477438136826,3.6739685895905794,2.7524149794892154,3.6573019229239128,2.7259494508402806,3.5468433656008713,2.659785629217944,3.4550688107256304,2.659785629217944,3.4579281154299006,2.183406113537118,2.9940477903553973,3.89043271139341,5.012973056184297,3.094955880416173,2.857895430001317,2.8052153299091267,2.7920453048860794,3.9905175819834056,3.9378374818912154,3.9378374818912154,2.173054128802845,1.9849146486701073,2.6768860963730496,2.037845705967977,2.727041375876155,3.75
drax,,ls-dev-other,main,main,1,400,7238,43.01,33,1.0,0.0,0.9961150000000001,en,9.988947222989776,10.881233244296478,9.988947222989776,10.881233244296478,9.988947222989776,10.881233244296478,9.988947222989776,10.881233244296478,9.988947222989776,10.881233244296478,9.988947222989776,10.881233244296478,9.988947222989776,10.881233244296478,9.988947222989776,10.881233244296478,9.988947222989776,10.881233244296478,9.988947222989776,10.881233244296478,9.988947222989776,10.881233244296478,9.988947222989776,10.881233244296478,9.811423886307734,9.811423886307734,9.811423886307734,9.811423886307734,11.888494124077617,11.888494124077617,11.888494124077617,9.811423886307734,,,,,
drax,,ls-dev-other,main,main,2,400,7238,43.01,33,1.6625,12.297055,0.9961150000000001,en,9.988947222989776,10.881233244296478,8.179054987565626,8.95377228878828,8.856037579441836,9.513051914719385,8.192870958828406,8.967803355760523,10.279082619508152,11.421605557061177,8.289582757667864,9.15641431050925,8.331030671456203,9.324893747738688,9.961315280464216,10.926144851945809,7.543520309477756,8.20378300969005,7.543520309477756,8.20378300969005,7.267200884222161,7.943352936679306,12.77977341807129,14.304229161950898,,,,,,,,,5.443492677535231,6.187031843465368,6.72837800497375,7.333215431707614,23.0
drax,,ls-dev-other,main,main,3,400,7238,43.01,33,2.25,12.509055,0.9961150000000001,en,9.988947222989776,10.881233244296478,7.667864050842774,8.4087673550343,8.179054987565626,8.706404449068103,7.654048079579995,8.341361150128096,7.557336280740536,8.263386399836282,7.32246476927328,8.138433764969758,7.405360596849959,8.171821503395655,7.184305056645482,7.887444209756082,6.5349544072948325,7.281827002770369,6.576402321083172,7.330953986897352,6.3691627521414755,7.019032893786452,14.465321912130422,16.466855189078093,,,,,,,,,,,,,
drax,,ls-dev-other,main,main,4,400,7238,43.01,33,2.8125,12.474917500000002,0.9961150000000001,en,9.988947222989776,10.881233244296478,7.2948328267477205,8.095993905967688,7.640232108317215,8.232598782535533,7.225752970433821,7.942990659214442,7.004697430229345,8.020451695077004,6.990881458966565,7.82652750139099,7.004697430229345,8.021846039260126,6.4106106659298145,7.213807055718741,6.258634982039237,7.076131759763184,6.272450953302017,7.128086124842549,5.733628074053606,6.281274904733642,15.584415584415584,17.89793159106641,,,,,,,,,3.9375518098922355,4.61229039286835,5.402044763746892,5.901352548283159,22.25
drax,,ls-dev-other,main,main,5,400,7238,43.01,33,3.3375,12.426655,0.9961150000000001,en,9.988947222989776,10.881233244296478,7.156673114119923,7.94313260095506,7.598784194528875,8.193703268033358,7.129041171594363,7.8975967491020285,6.5349544072948325,7.252089261441775,6.631666206134291,7.464460108407887,6.424426637192594,7.219591876869226,5.982315556783642,6.7829072263984145,6.037579441834761,6.812683678142889,5.982315556783642,6.77782420302606,5.374412821221332,5.8903659298131705,16.41337386018237,19.12594924660742,,,,,,,,,,,,,
drax,,ls-dev-other,main,main,6,400,7238,43.01,33,3.8675,12.46326,0.9961150000000001,en,9.988947222989776,10.881233244296478,7.198121027908262,7.857657989856952,7.543520309477756,8.099986796699241,7.004697430229345,7.5789543021561325,6.300082895827576,7.050789730183292,6.71456203371097,7.450311665090843,6.396794694667035,7.1796295392431375,5.871787786681404,6.659302523151648,5.913235700469743,6.743826672492652,5.857971815418624,6.663632415735895,5.1257253384912955,5.570662900392743,17.283780049737498,20.174107367532613,,,,,,,,,,,,,
drax,,ls-dev-other,main,main,8,400,7238,43.01,33,4.925,12.6727025,0.9961150000000001,en,9.988947222989776,10.881233244296478,7.032329372754905,7.7589634941955,7.087593257806024,7.78379397745873,6.825089803813208,7.492867950091055,6.189555125725338,6.994652222034979,6.507322464769273,7.250803574004452,6.134291240674219,6.894246103696982,5.775075987841945,6.591559212313635,5.747444045316386,6.60081738975303,5.775075987841945,6.658987910752498,4.835589941972921,5.30945756138969,18.803536888643272,22.196807466558944,,,,,,,,,3.094777562862669,3.6832384995632745,4.573086487980105,4.988787513088572,22.0
drax,,ls-dev-other,main,main,10,400,7238,43.01,33,5.9375,12.738040000000002,0.9961150000000001,en,9.988947222989776,10.881233244296478,6.907985631389887,7.484087429711179,6.921801602652667,7.482926491685,6.71456203371097,7.243820662093406,5.9684995855208625,6.655426066487377,6.217187068250898,6.767135181091394,5.871787786681404,6.503320644179032,5.5263885051119095,6.285584580893687,5.609284332688588,6.353684534818401,5.692180160265266,6.5150168843011755,4.655982315556783,5.053684602996846,19.6739430781984,23.61567076125617,,,,,,,,,,,,,
drax,,ls-dev-other,main,main,12,400,7238,43.01,33,6.8725,12.600100000000003,0.9961150000000001,en,9.988947222989776,10.881233244296478,7.018513401492125,7.56685068087403,6.783641890024869,7.360188897319963,6.8941696601271065,7.414836781335023,5.899419729206963,6.532102944797133,6.175739154462558,6.774950314175538,5.996131528046422,6.628709055434278,5.5263885051119095,6.221121170261817,5.595468361425808,6.365940448767427,5.664548217739707,6.4740755653664355,4.5592705167173255,4.8996055774472325,20.654877037855762,24.662507286604896,,,,,,,,,,,,,
drax,,ls-dev-other,main,main,15,400,7238,43.01,33,8.2525,12.505745000000001,0.9961150000000001,en,9.988947222989776,10.881233244296478,6.935617573915446,7.553275139761616,6.65929814865985,7.321396898473676,6.8527217463387675,7.462937064398433,5.857971815418624,6.475509095766585,6.079027355623101,6.697810262694402,5.913235700469743,6.518335915360509,5.47112462006079,6.154355543332034,5.47112462006079,6.223433687667669,5.51257253384913,6.390123529044043,4.434926775352308,4.770044407940411,21.49765128488533,25.79393916451046,9.811423886307734,6.859797758950533,5.821262640065592,6.053566548237224,7.488384804591418,7.50204974036622,7.515714676141022,4.345449576386991,2.514506769825919,2.960319800642327,4.2000552638850515,4.47574064299474,20.5
drax,,ls-dev-other,main,main,16,400,7238,43.01,33,8.695,12.468225,0.9961150000000001,en,9.988947222989776,10.881233244296478,6.756009947499309,7.393405415187944,6.576402321083172,7.305757943130773,6.756009947499309,7.435393347150768,5.788891959104725,6.357816205070327,6.0099474993092015,6.57768005294953,5.927051671732523,6.480131194802846,5.346780878695772,5.978969528563009,5.415860735009671,6.148180008528271,5.47112462006079,6.277613151637886,4.421110804089527,4.7634654605719895,21.746338767615363,26.131833793030097,9.811423886307734,6.777808144301722,5.7666028969663845,6.080896419786827,7.392730254167805,7.406395189942607,7.474719868816616,4.345449576386991,2.500690798563139,2.9757333344769137,4.172423321359491,4.454455813273378,20.5
drax,,ls-dev-other,main,ref,1,400,7238,43.01,33,1.0,0.0,0.999375,en,5.830339872893064,6.698980657896375,5.830339872893064,6.698980657896375,5.830339872893064,6.698980657896375,5.830339872893064,6.698980657896375,5.830339872893064,6.698980657896375,5.830339872893064,6.698980657896375,5.830339872893064,6.698980657896375,5.830339872893064,6.698980657896375,5.830339872893064,6.698980657896375,5.830339872893064,6.698980657896375,5.830339872893064,6.698980657896375,5.830339872893064,6.698980657896375,5.7802678327411865,5.7802678327411865,5.7802678327411865,5.7802678327411865,7.7480185843126534,7.7480185843126534,7.7480185843126534,5.7802678327411865,,,,,
drax,,ls-dev-other,main,ref,2,400,7238,43.01,33,1.28,2.8103,0.999375,en,5.830339872893064,6.698980657896375,5.885603757944184,6.745261111725339,5.899419729206963,6.725056788889439,5.885603757944184,6.708224074688303,5.996131528046422,6.815533762325411,5.885603757944184,6.7354691716392825,5.927051671732523,6.783508387325559,5.871787786681404,6.733608426033237,5.899419729206963,6.7000857603183706,5.899419729206963,6.7000857603183706,5.250069079856314,6.06654935972572,6.548770378557613,7.402741476611122,,,,,,,,,4.462558717877867,5.297921922378039,4.697430229345123,5.502432269181622,12.25
drax,,ls-dev-other,main,ref,3,400,7238,43.01,33,1.49,2.8985624999999997,0.999375,en,5.830339872893064,6.698980657896375,5.8441558441558445,6.676769193719057,5.8441558441558445,6.644249236127228,5.802707930367505,6.606507755810559,5.692180160265266,6.4935887247025,5.719812102790827,6.499846264284248,5.719812102790827,6.5013343595223425,5.581652390163028,6.39205745617428,5.5678364189002485,6.399367386808463,5.636916275214148,6.477995381835452,4.90466979828682,5.708713665196685,6.907985631389887,7.814159380137112,,,,,,,,,,,,,
drax,,ls-dev-other,main,ref,4,400,7238,43.01,33,1.6575,2.8227949999999997,0.999375,en,5.830339872893064,6.698980657896375,5.678364189002487,6.520508458839901,5.719812102790827,6.5454752138818435,5.678364189002487,6.520508458839901,5.595468361425808,6.481560900107223,5.609284332688588,6.419278296725821,5.609284332688588,6.443435741393828,5.5678364189002485,6.434403711773565,5.595468361425808,6.437745698472426,5.609284332688588,6.448296850751518,4.752694114396242,5.544728845406912,7.239568941696601,8.051963737290308,5.7802678327411865,5.6026236676687615,5.561628860344356,5.5206340530199505,7.570374419240229,7.570374419240229,7.556709483465427,4.728067778081443,3.965183752417795,4.79598929331062,4.25531914893617,5.047911122162179,11.75
drax,,ls-dev-other,sweepT,T0.1,1,200,3580,21.66,33,1.0,0.0,0.99907,en,5.921787709497207,5.855917342345168,5.921787709497207,5.855917342345168,5.921787709497207,5.855917342345168,5.921787709497207,5.855917342345168,5.921787709497207,5.855917342345168,5.921787709497207,5.855917342345168,5.921787709497207,5.855917342345168,5.921787709497207,5.855917342345168,5.921787709497207,5.855917342345168,5.921787709497207,5.855917342345168,5.921787709497207,5.855917342345168,5.921787709497207,5.855917342345168,6.025428413488115,6.025428413488115,6.025428413488115,6.025428413488115,7.932559425096739,7.932559425096739,7.932559425096739,6.025428413488115,,,,,
drax,,ls-dev-other,sweepT,T0.1,2,200,3580,21.66,33,1.295,2.653035,0.99907,en,5.921787709497207,5.855917342345168,6.005586592178771,6.0686524577186045,5.977653631284916,6.013096902163049,5.977653631284916,6.013096902163049,5.977653631284916,6.041558156507109,6.033519553072626,6.1311524577186045,6.005586592178771,6.1176389442050905,5.837988826815643,5.701557416556671,5.837988826815643,5.8169836780542745,5.837988826815643,5.8169836780542745,5.307262569832402,5.204961230707012,6.5083798882681565,6.574849072994166,,,,,,,,,4.636871508379889,4.691746791607442,4.888268156424581,4.813716110832859,10.0
drax,,ls-dev-other,sweepT,T0.1,3,200,3580,21.66,33,1.485,2.5149,0.99907,en,5.921787709497207,5.855917342345168,5.810055865921788,5.766311209492226,5.921787709497207,5.96994024175029,5.810055865921788,5.766311209492226,5.614525139664805,5.622907111188201,5.614525139664805,5.597487151031399,5.558659217877095,5.571115131238327,5.614525139664805,5.631275904049476,5.64245810055866,5.606596416869989,5.614525139664805,5.53551798549744,5.0,4.8524594490412385,6.759776536312849,6.853426767229756,,,,,,,,,,,,,
drax,,ls-dev-other,sweepT,T0.1,4,200,3580,21.66,33,1.71,2.8240150000000006,0.99907,en,5.921787709497207,5.855917342345168,5.614525139664805,5.64302883710271,5.754189944134078,5.909852313805219,5.64245810055866,5.663862170436044,5.418994413407821,5.445738055473607,5.363128491620111,5.412599549421109,5.335195530726257,5.3947424065639655,5.5027932960893855,5.511103420838973,5.5307262569832405,5.5606404578760085,5.614525139664805,5.664807124542676,4.748603351955308,4.636023173676391,7.374301675977653,7.622326475587574,,,,,,,,,4.106145251396648,4.118480577175815,4.441340782122905,4.331209677733862,10.0
drax,,ls-dev-other,sweepT,T0.1,5,200,3580,21.66,33,1.91,2.9229000000000003,0.99907,en,5.921787709497207,5.855917342345168,5.58659217877095,5.633134616256477,5.726256983240224,5.83190253740343,5.58659217877095,5.633134616256477,5.58659217877095,5.570586242821793,5.446927374301676,5.477839850140732,5.418994413407821,5.457301304602187,5.558659217877095,5.569839316745921,5.446927374301676,5.4592613034893365,5.446927374301676,5.424966431694465,4.5251396648044695,4.463442099779528,7.849162011173185,8.03275320467567,,,,,,,,,,,,,
drax,,ls-dev-other,sweepT,T0.1,6,200,3580,21.66,33,2.12,2.9688049999999997,0.99907,en,5.921787709497207,5.855917342345168,5.754189944134078,5.7876888339685895,5.782122905027933,5.775147231306018,5.726256983240224,5.763879310159066,5.4748603351955305,5.504475242124327,5.5027932960893855,5.560771996230773,5.5307262569832405,5.592021996230773,5.4748603351955305,5.474291667861806,5.4748603351955305,5.461241117311255,5.5027932960893855,5.510900923878957,4.441340782122905,4.338197001740312,8.072625698324023,8.275353578158397,,,,,,,,,,,,,
drax,,ls-dev-other,sweepT,T0.1,8,200,3580,21.66,33,2.405,2.94598,0.99907,en,5.921787709497207,5.855917342345168,5.698324022346369,5.7301751834971935,5.726256983240224,5.727734590935633,5.670391061452514,5.70636565968767,5.363128491620111,5.30479140275018,5.418994413407821,5.316024613983392,5.446927374301676,5.349357947316725,5.391061452513966,5.344980005044504,5.391061452513966,5.306444707580635,5.391061452513966,5.3606844736625066,4.273743016759776,4.196807901372339,8.324022346368714,8.550066094743977,,,,,,,,,3.631284916201117,3.699779037827891,3.9664804469273744,3.8919944054298097,9.0
drax,,ls-dev-other,sweepT,T0.1,10,200,3580,21.66,33,2.695,2.9906399999999995,0.99907,en,5.921787709497207,5.855917342345168,5.782122905027933,5.858683955427018,5.782122905027933,5.840114330607393,5.782122905027933,5.858683955427018,5.4748603351955305,5.459736224481929,5.363128491620111,5.299764819444735,5.5027932960893855,5.385729731725437,5.363128491620111,5.358828314251169,5.391061452513966,5.337407374080229,5.391061452513966,5.375615199130158,4.217877094972067,4.171146525710963,8.687150837988828,9.014003523956006,,,,,,,,,,,,,
drax,,ls-dev-other,sweepT,T0.1,12,200,3580,21.66,33,2.965,2.960575,0.99907,en,5.921787709497207,5.855917342345168,5.837988826815643,5.901472416965479,5.754189944134078,5.80658700267217,5.837988826815643,5.901472416965479,5.5027932960893855,5.376052561568942,5.335195530726257,5.282287413809435,5.4748603351955305,5.347739505577315,5.391061452513966,5.3212280001654335,5.4748603351955305,5.370828343515778,5.5307262569832405,5.490020262707697,4.134078212290503,4.066348545912984,8.88268156424581,9.219892982903286,,,,,,,,,,,,,
drax,,ls-dev-other,sweepT,T0.1,15,200,3580,21.66,33,3.37,2.9912549999999998,0.99907,en,5.921787709497207,5.855917342345168,5.698324022346369,5.825814522228637,5.782122905027933,5.845553226188478,5.698324022346369,5.825814522228637,5.5027932960893855,5.391859391361193,5.363128491620111,5.308603203283118,5.5027932960893855,5.374055295051,5.4748603351955305,5.377779204630631,5.5027932960893855,5.380876051477478,5.558659217877095,5.4933860195795505,4.078212290502793,4.037625945761812,9.189944134078212,9.604343386772197,6.025428413488115,5.721393034825871,5.5002763957987835,5.306799336650083,7.490326147042565,7.517965726920951,7.573244886677722,4.007739082365948,3.35195530726257,3.510850747063584,3.8268156424581004,3.7584738254806584,9.5
drax,,ls-dev-other,sweepT,T0.1,16,200,3580,21.66,33,3.48,2.97641,0.99907,en,5.921787709497207,5.855917342345168,5.698324022346369,5.825814522228637,5.810055865921788,5.870553226188479,5.698324022346369,5.825814522228637,5.4748603351955305,5.310395716147518,5.335195530726257,5.329485099165014,5.4748603351955305,5.362303158298863,5.418994413407821,5.2868222449236715,5.4748603351955305,5.356775152376579,5.5307262569832405,5.457076495770027,4.050279329608938,4.024805432941299,9.273743016759777,9.634343386772196,6.025428413488115,5.721393034825871,5.472636815920398,5.279159756771697,7.435046987285793,7.490326147042565,7.545605306799336,4.007739082365948,3.35195530726257,3.510850747063584,3.798882681564246,3.7456533126601457,9.5
drax,,ls-dev-other,sweepT,T0.4,1,200,3580,21.66,33,1.0,0.0,0.999065,en,6.11731843575419,6.112165786504807,6.11731843575419,6.112165786504807,6.11731843575419,6.112165786504807,6.11731843575419,6.112165786504807,6.11731843575419,6.112165786504807,6.11731843575419,6.112165786504807,6.11731843575419,6.112165786504807,6.11731843575419,6.112165786504807,6.11731843575419,6.112165786504807,6.11731843575419,6.112165786504807,6.11731843575419,6.112165786504807,6.11731843575419,6.112165786504807,6.0807075732448865,6.0807075732448865,6.0807075732448865,6.0807075732448865,8.153676064123825,8.153676064123825,8.153676064123825,6.0807075732448865,,,,,
drax,,ls-dev-other,sweepT,T0.4,2,200,3580,21.66,33,1.345,3.6840099999999993,0.999065,en,6.11731843575419,6.112165786504807,6.033519553072626,6.306604439289531,6.033519553072626,6.301243815507855,6.005586592178771,6.261149893834986,6.229050279329609,6.292778551875639,6.033519553072626,6.306604439289531,6.033519553072626,6.306604439289531,6.145251396648045,6.192080338644761,6.201117318435754,6.346918166945757,6.201117318435754,6.346918166945757,5.279329608938547,5.265623161522116,7.23463687150838,7.464670291755997,,,,,,,,,4.581005586592179,4.633145025414946,4.748603351955308,4.791883046652968,10.5
drax,,ls-dev-other,sweepT,T0.4,3,200,3580,21.66,33,1.59,3.43613,0.999065,en,6.11731843575419,6.112165786504807,5.949720670391062,6.170469339106443,5.977653631284916,6.16581995287811,5.921787709497207,6.125014793651898,5.949720670391062,5.806952747221443,5.810055865921788,5.720416330421868,5.865921787709497,5.7911745196011095,5.754189944134078,5.694571853261602,5.698324022346369,5.674431874193051,5.698324022346369,5.619291181552358,4.776536312849162,4.72407544759537,7.569832402234637,7.750972843945317,,,,,,,,,,,,,
drax,,ls-dev-other,sweepT,T0.4,4,200,3580,21.66,33,1.78,3.309205,0.999065,en,6.11731843575419,6.112165786504807,5.782122905027933,5.888062207400113,5.893854748603352,6.015076734743587,5.754189944134078,5.842607661945567,5.670391061452514,5.538021474246052,5.418994413407821,5.382070334742281,5.726256983240224,5.662487286211864,5.614525139664805,5.54407511559381,5.614525139664805,5.426789056040407,5.670391061452514,5.501655366200835,4.608938547486034,4.542627034896958,7.681564245810056,7.812198005946875,,,,,,,,,3.798882681564246,3.9082739191283316,4.301675977653631,4.241783434053356,11.5
drax,,ls-dev-other,sweepT,T0.4,5,200,3580,21.66,33,1.995,3.274024999999999,0.999065,en,6.11731843575419,6.112165786504807,5.698324022346369,5.7622435368233775,5.837988826815643,5.902586840653523,5.670391061452514,5.716788991368832,5.446927374301676,5.306351523826102,5.5307262569832405,5.385591289907973,5.4748603351955305,5.314684857159435,5.5027932960893855,5.357764693989271,5.614525139664805,5.472815573560828,5.58659217877095,5.401927175466547,4.4692737430167595,4.40014522093627,7.960893854748603,8.051273053349908,,,,,,,,,,,,,
drax,,ls-dev-other,sweepT,T0.4,6,200,3580,21.66,33,2.24,3.508295,0.999065,en,6.11731843575419,6.112165786504807,5.698324022346369,5.769288991368832,5.614525139664805,5.755275965184753,5.670391061452514,5.723834445914286,5.5027932960893855,5.341030779933929,5.5307262569832405,5.487749825995079,5.58659217877095,5.474292888196038,5.614525139664805,5.457058372276766,5.614525139664805,5.472438148841298,5.614525139664805,5.451281777924697,4.301675977653631,4.266250261383416,8.40782122905028,8.57809104529948,,,,,,,,,,,,,
drax,,ls-dev-other,sweepT,T0.4,8,200,3580,21.66,33,2.67,3.5491749999999995,0.999065,en,6.11731843575419,6.112165786504807,5.446927374301676,5.578819759877929,5.58659217877095,5.667326024475336,5.446927374301676,5.571826752884921,5.446927374301676,5.235348961752111,5.391061452513966,5.348841341691859,5.446927374301676,5.310885024130278,5.5027932960893855,5.350203561377837,5.58659217877095,5.4365019434971975,5.670391061452514,5.552258167949074,4.134078212290503,4.072455145209267,9.022346368715084,9.188077096829648,,,,,,,,,3.35195530726257,3.4990378853098782,3.8547486033519553,3.798316089820212,11.0
drax,,ls-dev-other,sweepT,T0.4,10,200,3580,21.66,33,3.01,3.53954,0.999065,en,6.11731843575419,6.112165786504807,5.4748603351955305,5.543592487150656,5.670391061452514,5.66126541841473,5.4748603351955305,5.5365994801576495,5.446927374301676,5.329314511309765,5.5027932960893855,5.408014025303397,5.446927374301676,5.309371491366745,5.5027932960893855,5.377408574109711,5.4748603351955305,5.343542656458963,5.5027932960893855,5.363370831631471,3.9664804469273744,3.8684937925522624,9.189944134078212,9.292521541274093,,,,,,,,,,,,,
drax,,ls-dev-other,sweepT,T0.4,12,200,3580,21.66,33,3.32,3.5627250000000004,0.999065,en,6.11731843575419,6.112165786504807,5.5027932960893855,5.656904175462344,5.558659217877095,5.50987652952584,5.5027932960893855,5.6499111684693375,5.418994413407821,5.456878613873869,5.4748603351955305,5.467327487530394,5.4748603351955305,5.478847358636731,5.335195530726257,5.250687159559349,5.446927374301676,5.349134761722121,5.5027932960893855,5.445656703832299,3.8268156424581004,3.732210682817141,9.41340782122905,9.701893623440293,,,,,,,,,,,,,
drax,,ls-dev-other,sweepT,T0.4,15,200,3580,21.66,33,3.765,3.53709,0.999065,en,6.11731843575419,6.112165786504807,5.5027932960893855,5.686995909125507,5.5307262569832405,5.499711034094762,5.5027932960893855,5.680002902132499,5.446927374301676,5.484163439137472,5.307262569832402,5.412916218974387,5.446927374301676,5.478705692658598,5.418994413407821,5.400546351999258,5.307262569832402,5.256341188069221,5.363128491620111,5.3276456363348395,3.659217877094972,3.588640754845953,9.581005586592179,9.877679384520171,6.0807075732448865,5.610834715312327,5.555555555555555,5.389718076285241,7.462686567164179,7.3521282476506356,7.407407407407407,3.7313432835820897,2.8491620111731844,2.973524954841736,3.435754189944134,3.3874183661235624,11.5
drax,,ls-dev-other,sweepT,T0.4,16,200,3580,21.66,33,3.93,3.5346550000000003,0.999065,en,6.11731843575419,6.112165786504807,5.558659217877095,5.798107020236618,5.558659217877095,5.587012621396349,5.558659217877095,5.791114013243611,5.4748603351955305,5.589932669906703,5.391061452513966,5.550416218974388,5.5307262569832405,5.616205692658599,5.446927374301676,5.413046351999258,5.418994413407821,5.3980846928507455,5.446927374301676,5.3732104318996345,3.659217877094972,3.588640754845953,9.664804469273744,9.911976436674365,6.0807075732448865,5.693753454947485,5.583195135433941,5.472636815920398,7.490326147042565,7.435046987285793,7.462686567164179,3.7313432835820897,2.82122905027933,2.966382097698879,3.435754189944134,3.3874183661235624,11.5
drax,,ls-dev-other,sweepT,T0.7,1,200,3580,21.66,33,1.0,0.0,0.99845,en,6.731843575418995,6.869876376634276,6.731843575418995,6.869876376634276,6.731843575418995,6.869876376634276,6.731843575418995,6.869876376634276,6.731843575418995,6.869876376634276,6.731843575418995,6.869876376634276,6.731843575418995,6.869876376634276,6.731843575418995,6.869876376634276,6.731843575418995,6.869876376634276,6.731843575418995,6.869876376634276,6.731843575418995,6.869876376634276,6.731843575418995,6.869876376634276,6.495301271420675,6.495301271420675,6.495301271420675,6.495301271420675,8.568269762299613,8.568269762299613,8.568269762299613,6.495301271420675,,,,,
drax,,ls-dev-other,sweepT,T0.7,2,200,3580,21.66,33,1.41,4.507505,0.99845,en,6.731843575418995,6.869876376634276,6.648044692737431,6.451329699102723,6.592178770949721,6.366126013899037,6.648044692737431,6.451329699102723,6.5363128491620115,6.55920023743701,6.620111731843576,6.510853508626532,6.564245810055866,6.498353508626533,6.675977653631285,6.685346292139021,6.4804469273743015,6.3470399178923405,6.4804469273743015,6.3470399178923405,5.4748603351955305,5.234536694994379,7.709497206703911,7.731150813052999,,,,,,,,,4.664804469273743,4.517305808895521,5.055865921787709,4.841113249489887,12.5
drax,,ls-dev-other,sweepT,T0.7,3,200,3580,21.66,33,1.7,4.25385,0.99845,en,6.731843575418995,6.869876376634276,6.089385474860335,5.799356611347254,6.312849162011173,6.0820641815548235,6.145251396648045,5.824356611347254,6.089385474860335,6.029845432370225,5.977653631284916,5.833262861139726,6.06145251396648,5.967925897656572,6.033519553072626,5.994169641763548,5.865921787709497,5.7935681112620925,5.921787709497207,5.853332421026402,5.055865921787709,4.7487137975615745,8.128491620111731,8.116942150070948,,,,,,,,,,,,,
drax,,ls-dev-other,sweepT,T0.7,4,200,3580,21.66,33,1.99,4.37993,0.99845,en,6.731843575418995,6.869876376634276,6.229050279329609,5.86992367256834,6.284916201117318,5.970713209542088,6.284916201117318,5.894923672568339,5.893854748603352,5.844095130265098,5.921787709497207,5.808505445496088,5.837988826815643,5.74623692697757,5.837988826815643,5.796220337599074,5.865921787709497,5.824438905240304,5.921787709497207,5.891301440852839,4.748603351955308,4.4718323972281615,8.659217877094973,8.658134120121108,,,,,,,,,3.798882681564246,3.7227512522121984,4.441340782122905,4.195247617014349,14.499999999999998
drax,,ls-dev-other,sweepT,T0.7,5,200,3580,21.66,33,2.245,4.325485,0.99845,en,6.731843575418995,6.869876376634276,6.201117318435754,5.998202393590876,6.11731843575419,5.8457322933764155,6.256983240223463,6.023202393590877,5.782122905027933,5.728486249470794,5.921787709497207,5.76229586517273,5.837988826815643,5.714610679987546,5.670391061452514,5.614987462287251,5.64245810055866,5.56670074660061,5.698324022346369,5.622831411426928,4.581005586592179,4.314332397228162,8.994413407821229,9.082776721063926,,,,,,,,,,,,,
drax,,ls-dev-other,sweepT,T0.7,6,200,3580,21.66,33,2.51,4.492435,0.99845,en,6.731843575418995,6.869876376634276,6.256983240223463,6.1459937469743355,6.201117318435754,5.9584108648049865,6.312849162011173,6.170993746974335,5.670391061452514,5.576135984148056,5.949720670391062,5.769689489289044,5.865921787709497,5.717837637437192,5.614525139664805,5.606767151895888,5.5307262569832405,5.464980777968701,5.670391061452514,5.662591449031384,4.5251396648044695,4.256766607754477,9.581005586592179,9.786436423230573,,,,,,,,,,,,,
drax,,ls-dev-other,sweepT,T0.7,8,200,3580,21.66,33,2.98,4.488424999999999,0.99845,en,6.731843575418995,6.869876376634276,6.201117318435754,6.242766622791329,6.312849162011173,6.197088363776603,6.173184357541899,6.211516622791329,5.5307262569832405,5.36945912610102,5.782122905027933,5.643732802282505,5.5027932960893855,5.430735563692703,5.558659217877095,5.439205571176412,5.4748603351955305,5.32394140995637,5.64245810055866,5.502796285006897,4.134078212290503,3.962088939037076,9.832402234636872,10.090436924792995,,,,,,,,,3.2402234636871508,3.30203487611536,3.88268156424581,3.7134752963444844,15.0
drax,,ls-dev-other,sweepT,T0.7,10,200,3580,21.66,33,3.44,4.4732650000000005,0.99845,en,6.731843575418995,6.869876376634276,6.256983240223463,6.250467457428783,6.201117318435754,5.992068242291305,6.201117318435754,6.175857023824447,5.5027932960893855,5.277879053913814,5.58659217877095,5.397908234051906,5.5307262569832405,5.329890462528037,5.558659217877095,5.47816737882289,5.418994413407821,5.215298342319399,5.58659217877095,5.447778306049363,3.9664804469273744,3.7895029602010974,10.139664804469273,10.401942659396553,,,,,,,,,,,,,
drax,,ls-dev-other,sweepT,T0.7,12,200,3580,21.66,33,3.9,4.614205,0.99845,en,6.731843575418995,6.869876376634276,5.949720670391062,6.057780334138943,6.06145251396648,5.979174296739238,5.921787709497207,6.026530334138943,5.418994413407821,5.244668317316309,5.58659217877095,5.41830697957162,5.558659217877095,5.389297122940794,5.5307262569832405,5.398608484558113,5.5027932960893855,5.386335757285385,5.558659217877095,5.425664682985279,3.659217877094972,3.523536799169147,10.754189944134078,11.194029972311853,,,,,,,,,,,,,
drax,,ls-dev-other,sweepT,T0.7,15,200,3580,21.66,33,4.485,4.577695,0.99845,en,6.731843575418995,6.869876376634276,5.949720670391062,5.927278657453057,6.201117318435754,6.077745607997307,5.921787709497207,5.896028657453057,5.446927374301676,5.318531685452668,5.4748603351955305,5.362853710074233,5.446927374301676,5.346468309760261,5.5027932960893855,5.43090119185082,5.5027932960893855,5.39598767610239,5.446927374301676,5.3036184740969645,3.5195530726256985,3.365335740968088,11.11731843575419,11.522542553560609,6.495301271420675,6.025428413488115,5.4173576561636265,5.4449972360420125,7.3797678275290215,7.3797678275290215,7.3521282476506356,3.5931453841901604,2.653631284916201,2.7336720892347715,3.4078212290502794,3.2622212628536094,13.0
drax,,ls-dev-other,sweepT,T0.7,16,200,3580,21.66,33,4.69,4.601305,0.99845,en,6.731843575418995,6.869876376634276,5.837988826815643,5.846771491651229,6.284916201117318,6.150390535533539,5.837988826815643,5.822563745172355,5.4748603351955305,5.293459535380519,5.335195530726257,5.186036599143344,5.363128491620111,5.220596031024204,5.446927374301676,5.3735565095061375,5.58659217877095,5.506442317391946,5.64245810055866,5.516234111537287,3.435754189944134,3.240335740968088,11.1731843575419,11.583256839274895,6.495301271420675,5.914870093974572,5.527915975677169,5.4449972360420125,7.3521282476506356,7.490326147042565,7.545605306799336,3.482587064676617,2.569832402234637,2.6109869040495863,3.2960893854748603,3.07472126285361,12.5
drax,,ls-dev-other,sweepT,T1,1,200,3580,21.66,33,1.0,0.0,0.9984450000000001,en,7.17877094972067,7.056450068128053,7.17877094972067,7.056450068128053,7.17877094972067,7.056450068128053,7.17877094972067,7.056450068128053,7.17877094972067,7.056450068128053,7.17877094972067,7.056450068128053,7.17877094972067,7.056450068128053,7.17877094972067,7.056450068128053,7.17877094972067,7.056450068128053,7.17877094972067,7.056450068128053,7.17877094972067,7.056450068128053,7.17877094972067,7.056450068128053,7.048092868988391,7.048092868988391,7.048092868988391,7.048092868988391,9.065782200110558,9.065782200110558,9.065782200110558,7.048092868988391,,,,,
drax,,ls-dev-other,sweepT,T1,2,200,3580,21.66,33,1.44,6.092574999999999,0.9984450000000001,en,7.17877094972067,7.056450068128053,6.675977653631285,6.474652549832075,6.955307262569832,6.6334347300931285,6.731843575418995,6.4983614700198675,7.094972067039106,6.982153242995523,6.871508379888268,6.8052081053876305,6.927374301675978,6.8018477498219365,7.23463687150838,7.310581149465016,6.815642458100559,6.574987415150395,6.815642458100559,6.574987415150395,5.921787709497207,5.755258265732785,8.575418994413408,8.92791553638121,,,,,,,,,4.804469273743017,4.86956014836835,5.391061452513966,5.3154256494770165,15.0
drax,,ls-dev-other,sweepT,T1,3,200,3580,21.66,33,1.825,6.347075,0.9984450000000001,en,7.17877094972067,7.056450068128053,6.564245810055866,6.4313102497173285,6.983240223463687,6.714794810930763,6.620111731843576,6.455019169905121,6.229050279329609,6.147184468507244,6.368715083798882,6.288508124683112,6.284916201117318,6.197822246497235,6.145251396648045,6.124909824473546,5.949720670391062,6.0477390120444525,6.089385474860335,6.222847237152677,5.195530726256983,4.977442569000868,9.497206703910615,9.951110881344684,,,,,,,,,,,,,
drax,,ls-dev-other,sweepT,T1,4,200,3580,21.66,33,2.16,6.146315,0.9984450000000001,en,7.17877094972067,7.056450068128053,6.4804469273743015,6.126487988645068,6.675977653631285,6.289682433089512,6.4804469273743015,6.126487988645068,5.921787709497207,5.837774706875035,6.173184357541899,5.882295386503885,5.949720670391062,5.858173806685899,6.11731843575419,6.012938123501395,5.865921787709497,5.735686235518536,5.949720670391062,5.936674886507188,4.832402234636872,4.602408371172553,10.083798882681565,10.525735392882812,,,,,,,,,3.6871508379888267,3.783846762414031,4.4692737430167595,4.277385455020602,14.499999999999998
drax,,ls-dev-other,sweepT,T1,5,200,3580,21.66,33,2.545,6.33283,0.9984450000000001,en,7.17877094972067,7.056450068128053,6.4804469273743015,6.162948016419864,6.815642458100559,6.531405618759045,6.5363128491620115,6.215579595367232,5.921787709497207,5.81814645100065,5.977653631284916,5.872981740054016,5.865921787709497,5.763310549028525,5.782122905027933,5.686518242635373,5.810055865921788,5.881044052611098,5.893854748603352,6.0483311926923555,4.553072625698324,4.305032394752459,10.58659217877095,11.262462535067701,,,,,,,,,,,,,
drax,,ls-dev-other,sweepT,T1,6,200,3580,21.66,33,2.875,6.365654999999999,0.9984450000000001,en,7.17877094972067,7.056450068128053,6.396648044692737,6.195196888753323,6.564245810055866,6.396524861462876,6.396648044692737,6.185328467700692,5.977653631284916,6.021583490754309,5.754189944134078,5.786426311580081,5.58659217877095,5.723485889785359,5.726256983240224,5.758521460680611,5.698324022346369,5.744838221668425,5.893854748603352,5.949976823002679,4.273743016759776,4.0115980878313096,10.893854748603353,11.750269172874338,,,,,,,,,,,,,
drax,,ls-dev-other,sweepT,T1,8,200,3580,21.66,33,3.495,6.342845,0.9984450000000001,en,7.17877094972067,7.056450068128053,6.256983240223463,6.085685566742001,6.5083798882681565,6.326532633904856,6.229050279329609,6.034549203105637,5.782122905027933,5.83622315697572,5.670391061452514,5.736738054301763,5.58659217877095,5.715410441426162,5.754189944134078,5.797088039730863,5.5307262569832405,5.597440462900528,5.670391061452514,5.7741977653157255,3.910614525139665,3.6415221457535036,11.28491620111732,12.248351260573852,,,,,,,,,2.877094972067039,2.8314157540543974,3.659217877094972,3.397219459663889,14.000000000000002
drax,,ls-dev-other,sweepT,T1,10,200,3580,21.66,33,4.08,6.34384,0.9984450000000001,en,7.17877094972067,7.056450068128053,6.256983240223463,6.19741261162694,6.396648044692737,6.308071931754224,6.201117318435754,6.13491261162694,5.64245810055866,5.581160604534135,5.446927374301676,5.522620806555484,5.64245810055866,5.598464806610009,5.558659217877095,5.467703746771095,5.4748603351955305,5.432963030002043,5.58659217877095,5.564260586957495,3.7709497206703912,3.511109276888622,11.675977653631286,12.791560976577685,,,,,,,,,,,,,
drax,,ls-dev-other,sweepT,T1,12,200,3580,21.66,33,4.66,6.31491,0.9984450000000001,en,7.17877094972067,7.056450068128053,6.284916201117318,6.301481469216924,6.4525139664804465,6.419183042865334,6.229050279329609,6.238981469216925,5.726256983240224,5.74998950954725,5.614525139664805,5.757409166343843,5.726256983240224,5.730062010575635,5.64245810055866,5.639124768059706,5.614525139664805,5.607741770009657,5.64245810055866,5.603669652779645,3.7150837988826817,3.476870146453839,12.262569832402235,13.342188068866868,,,,,,,,,,,,,
drax,,ls-dev-other,sweepT,T1,15,200,3580,21.66,33,5.445,6.24444,0.9984450000000001,en,7.17877094972067,7.056450068128053,6.284916201117318,6.338700010479585,6.5083798882681565,6.611031213757624,6.284916201117318,6.338700010479585,5.754189944134078,5.78704413452,5.558659217877095,5.571329067105848,5.726256983240224,5.664658106487519,5.58659217877095,5.572777519281573,5.614525139664805,5.585935340772342,5.614525139664805,5.623728302907409,3.631284916201117,3.3893701464538393,12.905027932960893,13.870761358825417,7.048092868988391,6.274184632393587,5.666113875069099,5.555555555555555,7.407407407407407,7.435046987285793,7.462686567164179,3.7589828634604756,2.541899441340782,2.5063046723052143,3.4078212290502794,3.1878837136598013,14.499999999999998
drax,,ls-dev-other,sweepT,T1,16,200,3580,21.66,33,5.71,6.261099999999999,0.9984450000000001,en,7.17877094972067,7.056450068128053,6.312849162011173,6.42708252518591,6.564245810055866,6.649087718656234,6.396648044692737,6.46366789103957,5.782122905027933,5.75044993162145,5.614525139664805,5.64097287359176,5.782122905027933,5.697385379214793,5.614525139664805,5.558282976265902,5.670391061452514,5.64658348892049,5.754189944134078,5.759868064705065,3.5195530726256985,3.3170912348892134,13.184357541899441,14.308297433861492,7.048092868988391,6.329463792150359,5.721393034825871,5.610834715312327,7.435046987285793,7.517965726920951,7.600884466556108,3.648424543946932,2.5139664804469275,2.4961005906725613,3.2960893854748603,3.099493094254144,13.5
drax,,ls-dev-other,sweepT,T1.3,1,200,3580,21.66,33,1.0,0.0,0.9965799999999999,en,9.94413407821229,10.80336443193912,9.94413407821229,10.80336443193912,9.94413407821229,10.80336443193912,9.94413407821229,10.80336443193912,9.94413407821229,10.80336443193912,9.94413407821229,10.80336443193912,9.94413407821229,10.80336443193912,9.94413407821229,10.80336443193912,9.94413407821229,10.80336443193912,9.94413407821229,10.80336443193912,9.94413407821229,10.80336443193912,9.94413407821229,10.80336443193912,9.92260917634052,9.92260917634052,9.92260917634052,9.92260917634052,11.774461028192372,11.774461028192372,11.774461028192372,9.92260917634052,,,,,
drax,,ls-dev-other,sweepT,T1.3,2,200,3580,21.66,33,1.655,12.19008,0.9965799999999999,en,9.94413407821229,10.80336443193912,8.212290502793296,8.200978953887345,8.603351955307263,8.694373034968184,8.491620111731844,8.316789849361891,10.167597765363128,10.711660069521685,8.212290502793296,8.200978953887345,8.46368715083799,8.480145620554012,10.111731843575418,10.751574718228595,7.17877094972067,7.634775752419774,7.17877094972067,7.634775752419774,7.4860335195530725,7.549909735373304,12.569832402234637,13.623640545480372,,,,,,,,,5.279329608938547,5.711322667311333,6.759776536312849,6.855681897023942,25.0
drax,,ls-dev-other,sweepT,T1.3,3,200,3580,21.66,33,2.215,12.50009,0.9965799999999999,en,9.94413407821229,10.80336443193912,7.849162011173185,7.535802512960058,8.128491620111731,7.68170193291917,7.960893854748603,7.573765475923019,7.932960893854749,7.875640745518213,7.569832402234637,7.294140276189126,7.709497206703911,7.651095382486337,7.067039106145251,7.329373436521763,6.229050279329609,6.452835418757134,6.340782122905028,6.652762319341929,6.4804469273743015,6.098707448611893,14.30167597765363,15.690194334358232,,,,,,,,,,,,,
drax,,ls-dev-other,sweepT,T1.3,4,200,3580,21.66,33,2.72,12.555594999999999,0.9965799999999999,en,9.94413407821229,10.80336443193912,7.4581005586592175,7.22511027977767,7.709497206703911,7.303689983482735,7.625698324022347,7.267115101419589,7.290502793296089,7.238845930057984,7.290502793296089,6.980007003424394,7.150837988826815,6.894631823049215,6.5363128491620115,6.770501609086235,6.340782122905028,6.264993929672759,6.424581005586592,6.458353128953011,6.173184357541899,5.766104956422933,15.837988826815643,17.679016601490414,,,,,,,,,3.9664804469273744,3.9114966656008248,5.558659217877095,5.173577999867979,22.0
drax,,ls-dev-other,sweepT,T1.3,5,200,3580,21.66,33,3.25,12.87359,0.9965799999999999,en,9.94413407821229,10.80336443193912,7.206703910614525,7.054538741248387,7.5418994413407825,7.259170243962995,7.290502793296089,7.086880516385152,7.290502793296089,7.189473608479781,6.899441340782123,6.733672339131985,6.759776536312849,6.5434292216829855,6.173184357541899,6.2037920932961335,6.229050279329609,6.094119604397085,6.256983240223463,6.236406024547283,5.782122905027933,5.502192711329258,17.40223463687151,19.670915504960526,,,,,,,,,,,,,
drax,,ls-dev-other,sweepT,T1.3,6,200,3580,21.66,33,3.755,12.980805,0.9965799999999999,en,9.94413407821229,10.80336443193912,7.039106145251397,6.845636741217353,7.318435754189944,7.062879206219209,7.039106145251397,6.857271388281022,6.759776536312849,6.75248711023823,6.675977653631285,6.545652062188012,6.5083798882681565,6.357872955329958,6.089385474860335,6.206824799242373,6.11731843575419,6.141618669659309,6.06145251396648,6.109742454087441,5.5027932960893855,5.25240453610423,18.60335195530726,21.08032129566653,,,,,,,,,,,,,
drax,,ls-dev-other,sweepT,T1.3,8,200,3580,21.66,33,4.68,12.684715,0.9965799999999999,en,9.94413407821229,10.80336443193912,6.955307262569832,6.800185359818572,7.290502793296089,7.029778292684859,6.955307262569832,6.761662138078671,6.675977653631285,6.75124123572629,6.648044692737431,6.502213899482015,6.620111731843576,6.508052057343614,5.977653631284916,6.116052183764968,5.865921787709497,6.01673234793447,5.977653631284916,6.161633258857052,5.223463687150838,4.86281042425402,19.748603351955307,22.73739970966345,,,,,,,,,3.2960893854748603,3.2864204308645033,4.888268156424581,4.594590771278268,19.5
drax,,ls-dev-other,sweepT,T1.3,10,200,3580,21.66,33,5.69,12.750039999999998,0.9965799999999999,en,9.94413407821229,10.80336443193912,7.011173184357542,6.897166272667545,7.402234636871508,7.194970007962712,7.067039106145251,6.914598951395741,6.5083798882681565,6.548142432458732,6.592178770949721,6.472319838319793,6.592178770949721,6.529256459121958,5.865921787709497,6.053802847591653,5.782122905027933,6.033096768278552,5.893854748603352,6.140856778902341,4.888268156424581,4.628462070568787,20.58659217877095,23.703360826965238,,,,,,,,,,,,,
drax,,ls-dev-other,sweepT,T1.3,12,200,3580,21.66,33,6.6,12.664394999999999,0.9965799999999999,en,9.94413407821229,10.80336443193912,6.787709497206704,6.717153776113695,6.927374301675978,6.8252558266413885,6.815642458100559,6.71722534373078,6.173184357541899,6.340237940150216,6.145251396648045,6.052779837106858,6.201117318435754,6.251363657826901,5.64245810055866,5.784764554443452,5.670391061452514,5.960107309337083,5.698324022346369,5.9607434496791045,4.608938547486034,4.30233551271954,21.033519553072626,24.3141166937272,,,,,,,,,,,,,
drax,,ls-dev-other,sweepT,T1.3,15,200,3580,21.66,33,8.03,12.63672,0.9965799999999999,en,9.94413407821229,10.80336443193912,6.843575418994414,6.823026579780617,7.039106145251397,6.971161310046871,6.787709497206704,6.783624463187174,6.033519553072626,6.110891572038536,6.005586592178771,5.916012672046854,6.11731843575419,6.166295259829442,5.698324022346369,5.910014297596009,5.64245810055866,5.795269273872112,5.670391061452514,5.844692073294912,4.441340782122905,4.15452849517568,21.64804469273743,25.057341375930754,9.92260917634052,6.578220011055832,6.053067993366501,5.887230514096186,7.628524046434494,7.545605306799336,7.573244886677722,4.422332780541736,2.793296089385475,2.749599508300642,4.273743016759776,3.966956345103529,18.0
drax,,ls-dev-other,sweepT,T1.3,16,200,3580,21.66,33,8.465,12.552514999999998,0.9965799999999999,en,9.94413407821229,10.80336443193912,6.787709497206704,6.817531176027243,6.927374301675978,6.950826381817206,6.759776536312849,6.75434772621029,5.977653631284916,5.978731170570354,5.949720670391062,5.876893517761877,6.11731843575419,6.0883052153080275,5.558659217877095,5.757339674109067,5.698324022346369,5.7522229236943305,5.810055865921788,5.96237946105675,4.329608938547486,4.065712705701996,21.731843575418996,25.146627090216466,9.92260917634052,6.578220011055832,5.942509673852958,5.8595909342178,7.545605306799336,7.600884466556108,7.711442786069652,4.284134881149806,2.7374301675977653,2.686762126384312,4.162011173184357,3.878140555629846,18.0
drax,,ls-dev-other,sweepT,T1.6,1,200,3580,21.66,33,1.0,0.0,0.99036,en,33.12849162011173,37.153844830314654,33.12849162011173,37.153844830314654,33.12849162011173,37.153844830314654,33.12849162011173,37.153844830314654,33.12849162011173,37.153844830314654,33.12849162011173,37.153844830314654,33.12849162011173,37.153844830314654,33.12849162011173,37.153844830314654,33.12849162011173,37.153844830314654,33.12849162011173,37.153844830314654,33.12849162011173,37.153844830314654,33.12849162011173,37.153844830314654,32.89110005527916,32.89110005527916,32.89110005527916,32.89110005527916,34.190160309563296,34.190160309563296,34.190160309563296,32.89110005527916,,,,,
drax,,ls-dev-other,sweepT,T1.6,2,200,3580,21.66,33,1.995,45.846669999999996,0.99036,en,33.12849162011173,37.153844830314654,26.592178770949722,28.15049269076534,31.536312849162012,34.53803443108707,26.536312849162012,27.63350967235043,31.731843575418996,33.09433131126907,25.726256983240223,26.47442230647127,26.368715083798882,27.32355517824346,31.592178770949722,34.26823548055697,18.798882681564248,18.919498024049574,18.798882681564248,18.919498024049574,24.860335195530727,25.548828079502115,42.90502793296089,48.23417915511376,,,,,,,,,15.977653631284916,16.1581346493909,21.480446927374302,21.500146382321155,70.5
drax,,ls-dev-other,sweepT,T1.6,3,200,3580,21.66,33,2.97,47.45423000000001,0.99036,en,33.12849162011173,37.153844830314654,22.6536312849162,22.848680824526934,30.64245810055866,33.20818814309759,22.45810055865922,22.64945086081521,25.53072625698324,26.491489710565162,22.737430167597765,23.23072006441464,23.01675977653631,23.63516788267825,24.189944134078214,25.582131918659506,16.368715083798882,17.12463791567343,16.368715083798882,17.12463791567343,21.592178770949722,21.848184148959678,50.78212290502793,57.85836694366883,,,,,,,,,,,,,
drax,,ls-dev-other,sweepT,T1.6,4,200,3580,21.66,33,3.94,47.133990000000004,0.99036,en,33.12849162011173,37.153844830314654,20.16759776536313,20.045732314049577,29.83240223463687,31.689294305453757,20.223463687150836,20.182965470550975,21.75977653631285,22.61041520395954,20.307262569832403,20.282764228437962,20.279329608938546,20.37421672392646,18.407821229050278,19.208480188749686,13.854748603351956,14.489774227667345,13.854748603351956,14.489774227667345,19.078212290502794,18.900441680301594,53.99441340782123,61.62697939386299,,,,,,,,,9.692737430167599,9.942692172697516,17.206703910614525,16.88410267823439,65.0
drax,,ls-dev-other,sweepT,T1.6,5,200,3580,21.66,33,4.89,47.743355,0.99036,en,33.12849162011173,37.153844830314654,19.860335195530727,19.62700842098358,29.46927374301676,31.178318950399454,19.83240223463687,19.600765485293714,20.58659217877095,21.04705540629247,19.553072625698324,19.401338567515957,19.46927374301676,19.41082343249618,16.424581005586592,17.089968093631626,12.653631284916202,12.831760511342374,12.653631284916202,12.831760511342374,18.268156424581004,17.976868594168273,58.40782122905028,67.11722054246329,,,,,,,,,,,,,
drax,,ls-dev-other,sweepT,T1.6,6,200,3580,21.66,33,5.825,47.690124999999995,0.99036,en,33.12849162011173,37.153844830314654,19.35754189944134,19.108596415771913,29.022346368715084,30.400829772910278,19.134078212290504,18.722767143479583,19.553072625698324,19.75084590070772,18.547486033519554,18.32036568118317,18.407821229050278,18.146344867951825,15.05586592178771,15.465828813489841,11.899441340782124,12.137616198686157,11.927374301675977,12.179282865352823,17.262569832402235,16.671841121640803,62.43016759776536,72.12238724131923,,,,,,,,,,,,,
drax,,ls-dev-other,sweepT,T1.6,8,200,3580,21.66,33,7.66,47.186095,0.99036,en,33.12849162011173,37.153844830314654,16.70391061452514,15.615557702898696,27.877094972067038,28.499475601719148,16.87150837988827,15.714398258997317,17.76536312849162,17.180258659861188,16.39664804469274,15.17454986814086,16.34078212290503,15.199035779232661,13.100558659217876,13.284863322227347,10.977653631284916,11.207734493937867,10.977653631284916,11.207734493937867,15.139664804469273,13.937849017593102,66.92737430167598,76.95838296205137,,,,,,,,,6.229050279329609,6.110328996953073,13.994413407821229,12.78261499257147,56.49999999999999
drax,,ls-dev-other,sweepT,T1.6,10,200,3580,21.66,33,9.51,46.895295,0.99036,en,33.12849162011173,37.153844830314654,16.089385474860336,15.003904063852417,27.51396648044693,27.98092356552005,16.787709497206706,16.496380610723254,16.201117318435752,15.193094875769944,15.53072625698324,14.18614562471997,15.279329608938548,14.05811663257114,11.396648044692737,11.399039266914675,10.614525139664805,10.345973622426689,10.614525139664805,10.345973622426689,14.078212290502794,12.902697552843112,69.02234636871508,80.06510927125615,,,,,,,,,,,,,
drax,,ls-dev-other,sweepT,T1.6,12,200,3580,21.66,33,11.395,46.864335000000004,0.99036,en,33.12849162011173,37.153844830314654,15.307262569832401,14.339144266763878,26.899441340782122,27.34941056098073,16.033519553072626,15.913340994043118,14.776536312849162,14.400384042325227,14.692737430167599,13.650468415524083,14.385474860335195,13.582763202148621,10.558659217877095,10.867720006393812,9.94413407821229,10.176233434961308,9.94413407821229,10.176233434961308,13.128491620111731,12.204938098407087,72.20670391061452,83.2241966305521,,,,,,,,,,,,,
drax,,ls-dev-other,sweepT,T1.6,15,200,3580,21.66,33,14.14,46.496145,0.99036,en,33.12849162011173,37.153844830314654,13.910614525139664,13.043992810581326,25.391061452513966,24.67281987332227,14.748603351955307,14.630907246907526,13.40782122905028,12.999896165422955,13.519553072625698,12.523516269148901,13.324022346368714,12.578199615435521,9.636871508379889,9.872236386683667,9.329608938547485,9.6020252887054,9.385474860335195,9.67379562363363,11.703910614525139,10.848688104364998,75.75418994413408,87.22396280128852,32.89110005527916,13.571033720287451,13.294637921503593,13.18407960199005,11.415146489773356,11.166390270867883,11.221669430624654,11.691542288557214,4.41340782122905,4.5375684965084675,11.1731843575419,10.190232059956392,44.5
drax,,ls-dev-other,sweepT,T1.6,16,200,3580,21.66,33,15.045,46.544340000000005,0.99036,en,33.12849162011173,37.153844830314654,13.8268156424581,12.876621604789069,25.027932960893853,24.23687216090397,14.581005586592179,14.357319109898336,13.575418994413408,13.009534948033211,13.324022346368714,12.306756979620733,13.240223463687151,12.338089115504491,9.41340782122905,9.740142814786514,9.106145251396647,9.364120797824949,9.162011173184357,9.403594482035475,11.508379888268156,10.642183618512686,76.84357541899442,88.29578051060622,32.89110005527916,13.460475400773909,13.405196241017137,13.018242122719734,11.194029850746269,10.972913211719181,11.028192371475953,11.470425649530128,4.273743016759776,4.4172384539223275,11.22905027932961,10.322766485937654,43.5
drax,,ls-dev-other,sweepT,T2,1,200,3580,21.66,33,1.0,0.0,0.9804149999999998,en,148.88268156424581,174.27993138178965,148.88268156424581,174.27993138178965,148.88268156424581,174.27993138178965,148.88268156424581,174.27993138178965,148.88268156424581,174.27993138178965,148.88268156424581,174.27993138178965,148.88268156424581,174.27993138178965,148.88268156424581,174.27993138178965,148.88268156424581,174.27993138178965,148.88268156424581,174.27993138178965,148.88268156424581,174.27993138178965,148.88268156424581,174.27993138178965,150.27639579878385,150.27639579878385,150.27639579878385,150.27639579878385,147.56771697070204,147.56771697070204,147.56771697070204,150.27639579878385,,,,,
drax,,ls-dev-other,sweepT,T2,2,200,3580,21.66,33,2.0,97.22454000000002,0.9804149999999998,en,148.88268156424581,174.27993138178965,138.60335195530726,160.69134410735333,148.88268156424581,174.27993138178965,141.84357541899442,168.50061871651968,126.67597765363128,140.7539339327351,125.3072625698324,139.95184997719204,125.22346368715084,139.73835611810995,132.82122905027933,149.59840433462625,82.01117318435755,83.37232037595433,82.01117318435755,83.37232037595433,124.6927374301676,139.02378781604165,181.39664804469274,219.6257254916728,,,,,,,,,79.58100558659218,80.87895332317507,83.01675977653632,84.7533575662909,92.5
drax,,ls-dev-other,sweepT,T2,3,200,3580,21.66,33,3.0,97.77581,0.9804149999999998,en,148.88268156424581,174.27993138178965,126.87150837988827,146.42686241464946,148.88268156424581,174.27993138178965,135.2513966480447,162.45311490775342,113.68715083798882,125.04509509181642,113.01675977653632,124.40937953804891,112.26256983240224,123.70982488164061,120.55865921787709,134.11003445706717,78.04469273743017,79.21662457945948,78.04469273743017,79.21662457945948,111.31284916201118,122.54651889374519,196.4245810055866,240.27872337797177,,,,,,,,,,,,,
drax,,ls-dev-other,sweepT,T2,4,200,3580,21.66,33,4.0,97.56247000000002,0.9804149999999998,en,148.88268156424581,174.27993138178965,120.39106145251397,138.49983385841765,148.88268156424581,174.27993138178965,129.4413407821229,153.22004848648487,106.25698324022346,114.36683734262265,105.55865921787709,114.1822259553726,104.46927374301676,112.65785115447342,112.68156424581005,123.13821437244425,74.16201117318435,75.81402134448038,74.16201117318435,75.81402134448038,103.65921787709497,111.86518470935374,207.20670391061452,255.75487424510283,,,,,,,,,69.1340782122905,70.62955239761507,77.45810055865921,78.86383877793294,95.5
drax,,ls-dev-other,sweepT,T2,5,200,3580,21.66,33,5.0,97.62472,0.9804149999999998,en,148.88268156424581,174.27993138178965,113.07262569832402,128.83094988434792,148.88268156424581,174.27993138178965,125.50279329608938,146.22314926427606,100.33519553072625,106.38549496788279,99.80446927374301,105.49661697514287,98.18435754189944,104.09004710323282,106.22905027932961,114.47258320708586,71.92737430167598,73.06137135058712,71.92737430167598,73.06137135058712,97.37430167597765,103.27920598148259,216.70391061452514,265.32228927413405,,,,,,,,,,,,,
drax,,ls-dev-other,sweepT,T2,6,200,3580,21.66,33,6.0,97.520645,0.9804149999999998,en,148.88268156424581,174.27993138178965,107.59776536312849,119.78215259657674,148.88268156424581,174.27993138178965,121.7877094972067,142.55026505116805,96.4804469273743,102.48989265408646,97.23463687150839,103.15798532331229,95.22346368715084,101.17940686416107,101.73184357541899,109.8094741708587,69.66480446927375,71.08598654685223,69.66480446927375,71.08598654685223,93.65921787709497,99.47678794527599,224.0782122905028,276.43299621814197,,,,,,,,,,,,,
drax,,ls-dev-other,sweepT,T2,8,200,3580,21.66,33,8.0,97.410775,0.9804149999999998,en,148.88268156424581,174.27993138178965,101.39664804469274,108.58629896138487,148.88268156424581,174.27993138178965,123.2122905027933,153.58425443515745,91.95530726256983,96.89102253496256,92.01117318435755,97.7962451451304,90.02793296089385,95.19241749273465,94.74860335195531,101.26780392043602,67.48603351955308,68.70527028111972,67.48603351955308,68.70527028111972,88.40782122905028,93.24106800079619,235.94972067039106,300.89007427978765,,,,,,,,,59.46927374301676,60.44055895895048,71.95530726256983,73.74629196614637,96.5
drax,,ls-dev-other,sweepT,T2,10,200,3580,21.66,33,10.0,97.54860000000001,0.9804149999999998,en,148.88268156424581,174.27993138178965,98.12849162011173,105.55265780258556,148.88268156424581,174.27993138178965,118.96648044692738,148.3613689378718,89.80446927374301,94.529798085055,89.52513966480447,95.09794740108626,87.84916201117318,93.19933526331003,91.50837988826815,97.69374431306134,66.03351955307262,67.51184533108608,66.03351955307262,67.51184533108608,85.50279329608938,90.22187132919257,241.70391061452514,308.85729226041826,,,,,,,,,,,,,
drax,,ls-dev-other,sweepT,T2,12,200,3580,21.66,33,12.0,97.48720000000002,0.9804149999999998,en,148.88268156424581,174.27993138178965,94.49720670391062,102.54455739902055,148.88268156424581,174.27993138178965,113.49162011173185,141.19589834894919,86.06145251396649,89.39127137521656,86.50837988826815,90.90364640849607,84.74860335195531,88.59988532610855,86.59217877094972,91.70228880686702,64.18994413407822,65.10640476071806,64.18994413407822,65.10640476071806,82.17877094972067,85.58007765030524,248.91061452513966,316.1747350192916,,,,,,,,,,,,,
drax,,ls-dev-other,sweepT,T2,15,200,3580,21.66,33,15.0,97.585665,0.9804149999999998,en,148.88268156424581,174.27993138178965,90.81005586592178,100.71104033370975,148.88268156424581,174.27993138178965,107.3463687150838,126.28670625365643,82.6536312849162,86.04287004634907,83.63128491620111,88.5121943444608,81.50837988826815,85.61599985912157,81.75977653631286,86.41908714078212,62.513966480446925,63.28436727832032,62.513966480446925,63.28436727832032,78.8268156424581,82.1329968603508,259.3296089385475,331.04634370408655,150.27639579878385,91.32117191818685,83.11221669430624,84.10724156992814,81.73023770038695,62.93532338308458,62.93532338308458,79.04919845218353,49.32960893854749,49.01367206707224,66.34078212290503,67.26966286274534,97.0
drax,,ls-dev-other,sweepT,T2,16,200,3580,21.66,33,16.0,97.634575,0.9804149999999998,en,148.88268156424581,174.27993138178965,89.94413407821229,99.25815571832514,148.88268156424581,174.27993138178965,107.59776536312849,126.35622379751608,82.51396648044692,85.97752733350636,83.07262569832402,87.66562286038932,81.22905027932961,85.50488874801047,81.25698324022346,85.94150611342168,62.737430167597765,63.47433308049201,62.737430167597765,63.47433308049201,78.46368715083798,81.77605241590635,262.4860335195531,335.4599119469892,150.27639579878385,90.29850746268657,83.08457711442786,83.49917081260365,81.28800442233278,63.12880044223328,63.12880044223328,78.6898839137645,48.63128491620112,48.12762984611857,66.20111731843575,67.14776112237327,97.0
drax,,ls-tc-babble0,lowT,lowT,1,200,3869,23.7,40,1.0,0.0,1.0,en,39.88110622899974,41.25599216404458,39.88110622899974,41.25599216404458,39.88110622899974,41.25599216404458,39.88110622899974,41.25599216404458,39.88110622899974,41.25599216404458,39.88110622899974,41.25599216404458,39.88110622899974,41.25599216404458,39.88110622899974,41.25599216404458,39.88110622899974,41.25599216404458,39.88110622899974,41.25599216404458,39.88110622899974,41.25599216404458,39.88110622899974,41.25599216404458,39.67280163599182,39.67280163599182,39.67280163599182,39.67280163599182,40.899795501022496,40.899795501022496,40.899795501022496,39.67280163599182,,,,,
drax,,ls-tc-babble0,lowT,lowT,2,200,3869,23.7,40,1.86,32.10559,1.0,en,39.88110622899974,41.25599216404458,40.553114499870766,41.31730614684502,40.70819333161023,41.616763913736996,40.52726802791419,41.40093709922597,41.89713104161282,42.93179063131948,41.40604807443784,42.616728923291305,41.30266218661153,42.55245850168393,41.48358749030757,42.71018638992484,40.83742569139312,41.86574742729145,40.83742569139312,41.86574742729145,36.96045489790644,38.06401751962001,44.22331351770483,45.689770936268104,,,,,,,,,33.29025588007237,34.675031548892754,34.58257947790127,35.82824575024632,37.5
drax,,ls-tc-babble0,lowT,lowT,3,200,3869,23.7,40,2.68,31.66276,1.0,en,39.88110622899974,41.25599216404458,41.84543809769966,42.586945879120044,41.509433962264154,42.28187465001631,41.79374515378651,42.66016016483434,41.457741018350994,42.74723155166387,41.71620573791677,42.84105050986942,41.328508658568104,42.421958507551274,40.26880330834841,41.439574083701494,40.24295683639183,41.425543739676876,40.13957094856552,41.2493532634864,35.69397777203412,36.55319859042933,45.82579477901267,47.47546878835301,,,,,,,,,,,,,
drax,,ls-tc-babble0,lowT,lowT,4,200,3869,23.7,40,3.465,30.924255000000002,1.0,en,39.88110622899974,41.25599216404458,40.811579219436545,41.85923507265317,40.6306539157405,41.546723872654454,40.83742569139312,41.87548894262221,40.44972861204445,41.954750980957954,40.52726802791419,41.97320501535923,40.34634272421815,42.08122055870538,39.209097958128716,40.71735315713583,39.467562677694495,40.83831812316608,39.44171620573792,40.76688955173751,35.15120186094598,35.957208630261135,47.50581545619023,48.97112036891896,,,,,,,,,30.240372189196176,31.64003701026147,32.6699405531145,33.72219229106362,43.0
drax,,ls-tc-babble0,lowT,lowT,5,200,3869,23.7,40,4.21,30.594955,1.0,en,39.88110622899974,41.25599216404458,40.3980356681313,41.58221514850993,40.65650038769708,41.68871011708635,40.423882140087876,41.598469018478966,41.01835099508917,42.06701004924617,40.70819333161023,41.422859644657606,41.01835099508917,42.10970230370166,39.41586973378134,40.719178970342405,39.26079090204187,40.26088298069719,39.26079090204187,40.26435520291942,34.53088653398811,35.32232172597724,47.79012664771259,49.435084854408046,,,,,,,,,,,,,
drax,,ls-tc-babble0,lowT,lowT,6,200,3869,23.7,40,4.97,30.670150000000003,1.0,en,39.88110622899974,41.25599216404458,40.44972861204445,41.48214116764905,41.121736882915485,41.94913708838492,40.44972861204445,41.490061704284756,41.35435513052468,42.51791630194552,40.91496510726286,41.991599540729,41.121736882915485,42.35263097309975,39.596795037477385,40.94086589329011,39.596795037477385,40.889487007766135,39.64848798139054,40.99636424141822,34.117342982682864,34.896637549766915,48.462134918583615,50.1897892169662,,,,,,,,,,,,,
drax,,ls-tc-babble0,lowT,lowT,8,200,3869,23.7,40,6.47,30.88567,1.0,en,39.88110622899974,41.25599216404458,39.57094856552081,40.5747193645436,41.43189454639442,42.41674824518732,39.54510209356423,40.56638603121026,40.553114499870766,41.66233530890611,40.96665805117601,41.910215212607284,40.863272163349706,41.89000456803518,39.596795037477385,40.69061218158415,39.209097958128716,40.36879310574291,39.18325148617214,40.36837835919913,33.23856293615921,33.93280472212788,49.676919100542776,52.04109510727504,,,,,,,,,28.508658568105453,29.72942989322249,31.377616955285603,32.08646853718863,41.5
drax,,ls-tc-babble0,lowT,lowT,10,200,3869,23.7,40,7.92,30.983265000000003,1.0,en,39.88110622899974,41.25599216404458,40.01033858878263,41.014874551572575,41.89713104161282,42.94043815001812,40.03618506073921,41.036409796494915,41.380201602481264,42.37512146047576,41.457741018350994,42.36247678139377,41.43189454639442,42.45312490549267,40.03618506073921,41.290745142547394,39.88110622899974,41.10260450488052,39.88110622899974,41.09303909269414,32.74747996898424,33.459559798677546,50.42646678728354,52.69470361852455,,,,,,,,,,,,,
drax,,ls-tc-babble0,lowT,lowT,12,200,3869,23.7,40,9.335,30.951645,1.0,en,39.88110622899974,41.25599216404458,40.01033858878263,41.101958664021936,41.87128456965624,43.02362152643198,39.95864564486948,41.07510681217008,41.22512277074179,42.29990308093097,41.43189454639442,42.36121013633936,41.40604807443784,42.3977450994172,39.855259757043164,40.96105333087251,39.95864564486948,41.17781154605441,39.95864564486948,41.17388997742696,32.256397001809255,32.98969817791826,50.96924269837167,53.40563450782182,,,,,,,,,,,,,
drax,,ls-tc-babble0,lowT,lowT,15,200,3869,23.7,40,11.46,30.923265,1.0,en,39.88110622899974,41.25599216404458,40.604807443783926,41.46386959529028,41.948823985525976,43.210586056467164,40.57896097182734,41.44535107677176,40.70819333161023,42.078538813875106,41.17342982682864,42.446595969531515,41.04419746704575,42.312067746954014,39.62264150943396,40.97809700953498,39.67433445334712,41.1264064092515,39.726027397260275,41.16291105384438,31.636081674851383,32.327328847492716,51.69294391315585,54.25594215902606,39.67280163599182,40.36298568507157,40.49079754601227,40.95092024539877,40.7719836400818,40.79754601226994,40.82310838445808,31.49284253578732,26.596019643318687,27.75449028823901,29.93021452571724,30.692777490073503,44.5
drax,,ls-tc-babble0,lowT,lowT,16,200,3869,23.7,40,12.155,30.916085,1.0,en,39.88110622899974,41.25599216404458,40.604807443783926,41.358837330394934,41.81959162574309,43.01785448107839,40.57896097182734,41.340318811876415,41.30266218661153,42.3607540281772,41.070043939002325,42.37670908757568,41.22512277074179,42.38499592962051,40.19126389247867,41.17231317679501,40.13957094856552,41.29846763536689,40.24295683639183,41.44217064288569,31.610235202894806,32.264828847492716,51.977255104678214,54.59961831873841,39.67280163599182,40.43967280163599,41.078732106339466,40.7719836400818,41.33435582822086,41.25766871165644,41.33435582822086,31.46728016359918,26.54432669940553,27.520654381564512,29.80098216593435,30.47014480572771,45.5
drax,,ls-tc-babble0,main,main,1,600,11919,73.1,40,1.0,0.0,0.993165,en,53.796459434516315,60.703336930444884,53.796459434516315,60.703336930444884,53.796459434516315,60.703336930444884,53.796459434516315,60.703336930444884,53.796459434516315,60.703336930444884,53.796459434516315,60.703336930444884,53.796459434516315,60.703336930444884,53.796459434516315,60.703336930444884,53.796459434516315,60.703336930444884,53.796459434516315,60.703336930444884,53.796459434516315,60.703336930444884,53.796459434516315,60.703336930444884,53.4570263749064,53.4570263749064,53.4570263749064,53.4570263749064,54.20584075214244,54.20584075214244,54.20584075214244,53.4570263749064,,,,,
drax,,ls-tc-babble0,main,main,2,600,11919,73.1,40,1.975,58.538093333333336,0.993165,en,53.796459434516315,60.703336930444884,49.37494756271499,55.28332142805167,52.605084319154294,58.25178471466166,49.450457253125265,55.17053430904654,51.29624968537629,55.54922738281643,48.25908213776324,52.382991363473764,48.83798976424197,52.697492878533744,51.95066700226529,57.17053483521486,44.66817686047487,48.95707141323076,44.66817686047487,48.95707141323076,45.77565231982549,49.348983026233675,60.357412534608606,69.7102666163639,,,,,,,,,35.615403976843695,37.8134243238433,40.43963419749979,42.455747868448725,71.66666666666667
drax,,ls-tc-babble0,main,main,3,600,11919,73.1,40,2.9433333333333334,58.122405,0.993165,en,53.796459434516315,60.703336930444884,48.41010151858377,54.52576138960045,52.00100679587214,57.330196865968986,48.485611208994044,54.28911302675849,47.36135581844115,50.94033138427242,46.50557932712476,50.384620951775936,46.27066029029281,49.942927570592694,45.842772044634614,50.259857569793766,42.40288614816679,46.67516276763307,42.40288614816679,46.67516276763307,43.21671281147747,46.24053153371534,64.61951505998826,75.90588439461897,,,,,,,,,,,,,
drax,,ls-tc-babble0,main,main,4,600,11919,73.1,40,3.9033333333333333,58.30019666666667,0.993165,en,53.796459434516315,60.703336930444884,47.0257571943955,53.04180839534058,51.413709203792266,56.580882071503105,47.06770702240121,52.27822466191711,46.128030875073414,49.514221151899896,45.15479486534105,48.94382906359533,44.953435690913665,48.50424627577377,42.79721453142042,46.88216321093543,41.34575048242302,45.5427383552466,41.35414044802416,45.5555588680671,41.45482003523786,44.03208260336919,67.48888329557849,79.8948687190138,,,,,,,,,30.36328551052941,32.44602258661793,37.50314623710043,39.44321288947314,72.33333333333334
drax,,ls-tc-babble0,main,main,5,600,11919,73.1,40,4.865,58.20054666666667,0.993165,en,53.796459434516315,60.703336930444884,46.28744022149509,52.356119052792494,51.06133064854434,55.96347180398323,46.799228123164696,52.55977442349026,44.60105713566574,47.894071452937226,44.50876751405319,48.380450793557316,43.99697961238359,47.66908072623638,40.93464216796711,44.66018641567143,40.09564560785301,44.159650480207105,40.08725564225187,44.14682996738659,40.36412450708952,42.78919771496277,69.71222417988086,82.8817647236917,,,,,,,,,,,,,
drax,,ls-tc-babble0,main,main,6,600,11919,73.1,40,5.816666666666666,57.98027333333334,0.993165,en,53.796459434516315,60.703336930444884,45.901501803842606,52.105127435290186,50.57471264367816,54.92985300095402,45.909891769443746,51.53302641725155,43.87952009396761,47.26988106113622,43.92985988757446,47.585534953340265,43.40968202030372,46.996265800133784,39.91106636462791,43.66254134199257,39.332158738149175,43.136094464956294,39.332158738149175,43.146015099876934,39.40766842855944,41.671124146740844,71.59157647453645,85.4754522529275,,,,,,,,,,,,,
drax,,ls-tc-babble0,main,main,8,600,11919,73.1,40,7.7316666666666665,58.08042833333333,0.993165,en,53.796459434516315,60.703336930444884,44.89470593170568,50.21813676153347,49.38333752831613,52.75107706161963,44.752076516486284,49.46288503753954,43.04052353385351,46.322759696213545,43.03213356825237,46.43565359693694,42.54551556338619,45.706869357573495,38.845540733282995,42.41863573464587,38.7029113180636,42.17715779025631,38.68613138686131,42.15044838854691,37.84713482674721,39.63593282581614,75.31672120144307,91.46048711979216,,,,,,,,,26.83110999244903,28.813462299310906,34.54148837989764,35.86536181894317,68.0
drax,,ls-tc-babble0,main,main,10,600,11919,73.1,40,9.628333333333334,58.08160000000001,0.993165,en,53.796459434516315,60.703336930444884,44.33257823642923,49.11086383822676,48.86315966104539,52.154101649798136,44.064099337192715,48.599068984468616,42.3022065609531,45.5650629291157,42.42805604497021,45.62544804142446,42.02533769611544,44.90614040467528,37.71289537712895,41.22691837406183,37.98976424196661,41.35536337377488,37.972984310764325,41.32528696869847,36.84033895461029,38.49195436487236,77.74142126017283,95.61149164575954,,,,,,,,,,,,,
drax,,ls-tc-babble0,main,main,12,600,11919,73.1,40,11.521666666666667,57.91712499999999,0.993165,en,53.796459434516315,60.703336930444884,43.78723047235506,48.30698619293277,48.183572447352965,50.951228971575404,43.30900243309002,47.698963918876345,41.798808624884636,44.95484089223107,41.614229381659534,44.81636257608144,41.505159828844704,44.50544645964069,37.12559778504908,40.58746232229413,37.70450541152781,41.23805350524386,37.670945549123246,41.02510672979708,36.14397180971558,37.724860628244016,80.07383169729005,98.9064976281565,,,,,,,,,,,,,
drax,,ls-tc-babble0,main,main,15,600,11919,73.1,40,14.358333333333333,57.897681666666664,0.993165,en,53.796459434516315,60.703336930444884,42.679755013004446,46.15974215890839,47.33618592163772,49.78357990886366,42.41966607936907,46.234786062785474,41.2786307576139,44.04930409803719,41.287020723215036,44.07253725945725,40.808792683949996,43.457596914341536,36.16075174091786,39.38230848525546,36.999748301031964,39.98222177440088,36.999748301031964,40.00538611006521,35.23785552479235,36.51163422657893,82.75862068965517,103.25473691461838,53.4570263749064,42.4660953490307,41.2513520259589,41.084948831017556,37.132872951160664,37.90664780763791,37.90664780763791,35.111074132623344,23.75199261683027,25.66089239770271,32.25102777078614,33.19909804745087,69.33333333333334
drax,,ls-tc-babble0,main,main,16,600,11919,73.1,40,15.306666666666667,57.902789999999996,0.993165,en,53.796459434516315,60.703336930444884,42.8139944626227,46.182776518265015,47.1683866096149,49.414722532999484,42.61263528819532,46.31626507892117,41.127611376793354,43.80303712323679,41.16117123919792,43.857924525431635,40.5235338535112,43.05926545085575,35.95100260088934,39.079842895877945,36.85711888581257,39.891996416891715,36.85711888581257,39.901573796034306,35.07005621276953,36.26610804149462,83.50532762815672,104.52602391459939,53.4570263749064,42.599217904983774,41.09326899076462,41.01006739329395,36.90822863798985,37.7319244529495,37.7319244529495,34.95299109742907,23.382834130380065,25.36424418173846,32.34331739239869,33.46374579421299,69.5
drax,,ls-tc-babble0,main,ref,1,600,11919,73.1,40,1.0,0.0,0.9991666666666666,en,35.53989428643342,38.105663444665936,35.53989428643342,38.105663444665936,35.53989428643342,38.105663444665936,35.53989428643342,38.105663444665936,35.53989428643342,38.105663444665936,35.53989428643342,38.105663444665936,35.53989428643342,38.105663444665936,35.53989428643342,38.105663444665936,35.53989428643342,38.105663444665936,35.53989428643342,38.105663444665936,35.53989428643342,38.105663444665936,35.53989428643342,38.105663444665936,35.31907812630003,35.31907812630003,35.31907812630003,35.31907812630003,36.483900490889425,36.483900490889425,36.483900490889425,35.31907812630003,,,,,
drax,,ls-tc-babble0,main,ref,2,600,11919,73.1,40,1.8466666666666667,24.677905,0.9991666666666666,en,35.53989428643342,38.105663444665936,35.514724389630004,38.02622113416253,35.96778253209162,38.40979116241953,35.67413373605168,38.112780664373666,36.52991022736807,38.86551614365283,36.605419917778335,39.02456994902181,36.571860055373776,38.95969751647588,36.71448947059317,38.968096582354484,35.97617249769276,38.16034474267461,35.97617249769276,38.16034474267461,32.98095477808541,35.13056995336804,38.862320664485274,41.51156599687907,,,,,,,,,29.188690326369663,31.39894080748622,30.329725648124843,32.315486917686265,41.0
drax,,ls-tc-babble0,main,ref,3,600,11919,73.1,40,2.6283333333333334,25.519078333333333,0.9991666666666666,en,35.53989428643342,38.105663444665936,35.64057387364712,38.17963544747057,35.992952428895045,38.469065519918956,35.716083564057385,38.221938274447474,36.001342394496184,38.62516073178833,36.06846211930531,38.48139898703989,36.03490225690075,38.55369315002148,35.26302542159577,37.86085285547543,35.221075593590065,37.65308421011608,35.29658528400034,37.839704967669505,31.85669938753251,33.75973735647812,41.018541823978524,43.99869591318251,,,,,,,,,,,,,
drax,,ls-tc-babble0,main,ref,4,600,11919,73.1,40,3.395,25.69661166666667,0.9991666666666666,en,35.53989428643342,38.105663444665936,35.36370500880946,37.782423455114476,35.74125346086081,38.18201072663344,35.43082473361859,37.82913818374177,35.89227284168135,38.28530632734074,35.74125346086081,38.33102852132512,35.77481332326538,38.30567632033127,34.86869703834214,37.44894843155092,34.94420672875241,37.48036407162884,34.95259669435355,37.517901103153555,31.051262689822973,32.88764864751503,41.82397852168806,44.961225495641514,35.31907812630003,35.052833014393876,35.68516515517098,35.51044180048257,35.785007072135784,35.85988850985939,35.85988850985939,30.90939346035444,27.040859132477557,29.131393201561256,28.995721117543418,30.8258247862917,42.833333333333336
drax,,ls-tc-babble10,lowT,lowT,1,200,3869,23.7,40,1.0,0.0,1.0,en,4.884983199793228,6.074757811639852,4.884983199793228,6.074757811639852,4.884983199793228,6.074757811639852,4.884983199793228,6.074757811639852,4.884983199793228,6.074757811639852,4.884983199793228,6.074757811639852,4.884983199793228,6.074757811639852,4.884983199793228,6.074757811639852,4.884983199793228,6.074757811639852,4.884983199793228,6.074757811639852,4.884983199793228,6.074757811639852,4.884983199793228,6.074757811639852,4.780163599182004,4.780163599182004,4.780163599182004,4.780163599182004,6.901840490797546,6.901840490797546,6.901840490797546,4.780163599182004,,,,,
drax,,ls-tc-babble10,lowT,lowT,2,200,3869,23.7,40,1.335,3.5232550000000002,1.0,en,4.884983199793228,6.074757811639852,4.781597311966917,6.02001942601997,4.7557508400103385,5.969412138570577,4.781597311966917,6.02001942601997,5.246833807185319,6.52285200545773,4.936676143706384,6.301805622279851,4.98836908761954,6.310647170595083,4.807443783923494,5.9722776548727685,4.6782114241406045,5.853157932626439,4.6782114241406045,5.853157932626439,4.161281985009047,5.384713228891519,5.7379167743603,7.1038655470690975,,,,,,,,,3.7218919617472217,4.799346363955688,3.902817265443267,4.9698844465627365,8.5
drax,,ls-tc-babble10,lowT,lowT,3,200,3869,23.7,40,1.64,3.72635,1.0,en,4.884983199793228,6.074757811639852,4.807443783923494,6.067132442314021,4.8332902558800726,6.040987520456026,4.807443783923494,6.067132442314021,4.600672008270871,5.873854687791042,4.523132592401137,5.815200103128394,4.574825536314293,5.834545341223631,4.548979064357715,5.818151770019158,4.548979064357715,5.818142322199644,4.548979064357715,5.813719673698048,3.7477384337037996,4.79579141214135,6.306539157405014,7.683388569642226,,,,,,,,,,,,,
drax,,ls-tc-babble10,lowT,lowT,4,200,3869,23.7,40,1.88,3.5610250000000003,1.0,en,4.884983199793228,6.074757811639852,4.704057896097183,5.9422345890428545,4.704057896097183,5.897571148666342,4.704057896097183,5.9422345890428545,4.497286120444559,5.7812010678436545,4.368053760661669,5.619596644170265,4.393900232618248,5.628525215598836,4.393900232618248,5.709552361008191,4.23882140087878,5.555086546663343,4.342207288705092,5.636687747343492,3.540966658051176,4.538403456959276,6.590850348927371,7.975958525711707,,,,,,,,,2.9723442750064617,3.845337093194913,3.3083484104419747,4.208455743382529,10.5
drax,,ls-tc-babble10,lowT,lowT,5,200,3869,23.7,40,2.1,3.662685,1.0,en,4.884983199793228,6.074757811639852,4.600672008270871,5.791184170302881,4.626518480227449,5.741539887014492,4.600672008270871,5.791184170302881,4.393900232618248,5.60877256284936,4.290514344791936,5.511119521877354,4.342207288705092,5.532284467611265,4.342207288705092,5.519016023092821,4.316360816748514,5.437394076410805,4.316360816748514,5.441979018495747,3.4117342982682866,4.4403061838620035,6.97854742827604,8.506678741639902,,,,,,,,,,,,,
drax,,ls-tc-babble10,lowT,lowT,6,200,3869,23.7,40,2.28,3.67171,1.0,en,4.884983199793228,6.074757811639852,4.704057896097183,5.79759483657608,4.7557508400103385,5.822242051263398,4.704057896097183,5.79759483657608,4.497286120444559,5.668850532711911,4.419746704574825,5.576994245882798,4.342207288705092,5.5524406744542265,4.264667872835358,5.4433834559290455,4.290514344791936,5.460819262335991,4.290514344791936,5.483554222570952,3.3341948823985526,4.391903928222906,7.366244507624709,9.036723126767958,,,,,,,,,,,,,
drax,,ls-tc-babble10,lowT,lowT,8,200,3869,23.7,40,2.615,3.6349,1.0,en,4.884983199793228,6.074757811639852,4.574825536314293,5.716797729463183,4.600672008270871,5.732307517249915,4.574825536314293,5.716797729463183,4.342207288705092,5.581784102955927,4.393900232618248,5.6025691034284275,4.342207288705092,5.5833383341976575,4.23882140087878,5.491578614178551,4.161281985009047,5.382009017108954,4.161281985009047,5.38032395292389,3.179116050659085,4.172577202317232,7.624709227190489,9.401889991408911,,,,,,,,,2.7138795554406823,3.5762654169884818,2.9981907469630396,3.8976890125500088,9.0
drax,,ls-tc-babble10,lowT,lowT,10,200,3869,23.7,40,2.915,3.6102,1.0,en,4.884983199793228,6.074757811639852,4.72990436805376,5.829650967316421,4.7557508400103385,5.839800131321478,4.72990436805376,5.829650967316421,4.368053760661669,5.657788439486579,4.290514344791936,5.536441531821074,4.316360816748514,5.580712365154407,4.212974928922202,5.4279117250806275,4.23882140087878,5.505331839342848,4.135435513052468,5.332025053967096,3.0498836908761953,4.078353034326617,7.960713362626001,9.740902130999231,,,,,,,,,,,,,
drax,,ls-tc-babble10,lowT,lowT,12,200,3869,23.7,40,3.235,3.65519,1.0,en,4.884983199793228,6.074757811639852,4.704057896097183,5.819234300649754,4.7557508400103385,5.86349652508366,4.704057896097183,5.819234300649754,4.342207288705092,5.63836949595239,4.471439648487982,5.704741898693328,4.368053760661669,5.664878116642046,4.264667872835358,5.484547878972879,4.23882140087878,5.540440006029961,4.290514344791936,5.572593544762447,2.9981907469630396,4.034826248612331,8.141638666322047,10.052898467995568,,,,,,,,,,,,,
drax,,ls-tc-babble10,lowT,lowT,15,200,3869,23.7,40,3.665,3.6981,1.0,en,4.884983199793228,6.074757811639852,4.6782114241406045,5.733010716739038,4.7557508400103385,5.784726683813819,4.6782114241406045,5.733010716739038,4.368053760661669,5.619016672364184,4.368053760661669,5.586671126387174,4.316360816748514,5.5845339137434955,4.316360816748514,5.559367549557168,4.264667872835358,5.536875492740047,4.212974928922202,5.469005955880741,2.9206513310933055,3.9204471636450107,8.425949857844405,10.582089160815293,4.780163599182004,4.550102249488752,4.2433537832310835,4.192229038854806,6.339468302658487,6.288343558282208,6.211656441717792,2.7607361963190185,2.3778754200051693,3.3284751955871132,2.73972602739726,3.6285946881635023,9.5
drax,,ls-tc-babble10,lowT,lowT,16,200,3869,23.7,40,3.8,3.68327,1.0,en,4.884983199793228,6.074757811639852,4.6782114241406045,5.733010716739038,4.704057896097183,5.707803606890742,4.652364952184027,5.703598952033156,4.368053760661669,5.619016672364184,4.368053760661669,5.616113528347958,4.342207288705092,5.605696861681292,4.316360816748514,5.523528388718006,4.264667872835358,5.566100705092195,4.264667872835358,5.502940208266743,2.8948048591367277,3.8749926181904657,8.503489273714138,10.657089160815293,4.780163599182004,4.550102249488752,4.2433537832310835,4.192229038854806,6.339468302658487,6.288343558282208,6.262781186094069,2.7607361963190185,2.3778754200051693,3.3284751955871132,2.7138795554406823,3.583140142708957,9.0
drax,,ls-tc-babble10,main,main,1,600,11919,73.1,40,1.0,0.0,0.9953333333333332,en,8.121486701904523,9.856218159709847,8.121486701904523,9.856218159709847,8.121486701904523,9.856218159709847,8.121486701904523,9.856218159709847,8.121486701904523,9.856218159709847,8.121486701904523,9.856218159709847,8.121486701904523,9.856218159709847,8.121486701904523,9.856218159709847,8.121486701904523,9.856218159709847,8.121486701904523,9.856218159709847,8.121486701904523,9.856218159709847,8.121486701904523,9.856218159709847,7.737748564772444,7.737748564772444,7.737748564772444,7.737748564772444,9.601464348115483,9.601464348115483,9.601464348115483,7.737748564772444,,,,,
drax,,ls-tc-babble10,main,main,2,600,11919,73.1,40,1.7166666666666666,12.353473333333335,0.9953333333333332,en,8.121486701904523,9.856218159709847,6.56095310009229,7.706914836604247,6.7203624465139695,7.835639890455918,6.40154375367061,7.522125878960175,8.34801577313533,9.951545783964294,6.569343065693431,7.680766131508173,6.695192549710546,7.850004710676058,8.079536873898817,9.965412273709275,5.680006711972481,6.789211288716269,5.680006711972481,6.789211288716269,5.528987331151942,6.513929138931383,10.881785384679922,13.47476309413849,,,,,,,,,3.9684537293397097,4.902483849076589,4.933299773470929,5.839281862661781,22.5
drax,,ls-tc-babble10,main,main,3,600,11919,73.1,40,2.328333333333333,11.99927,0.9953333333333332,en,8.121486701904523,9.856218159709847,6.040775232821545,7.086748006680193,6.124674888832955,7.153230204147699,5.906535783203289,7.005153452249541,5.797466230388455,7.002943226981086,5.713566574377045,6.819017787472332,5.58771709035993,6.589570672545284,5.537377296753084,6.833011098872566,4.983639567077775,6.0525771144655165,5.075929188690326,6.190950331825427,4.664820874234415,5.544384003905219,12.266129708868194,15.281128374825991,,,,,,,,,,,,,
drax,,ls-tc-babble10,main,main,4,600,11919,73.1,40,2.8933333333333335,11.895081666666668,0.9953333333333332,en,8.121486701904523,9.856218159709847,5.8226361271918785,6.866249705888758,5.8058561959895965,6.847075907954327,5.6464468495679165,6.734068100006691,5.151438879100596,6.204316174381002,5.243728500713147,6.326693662996127,5.159828844701737,6.257852659673394,4.790670358251531,5.8955907673980725,4.564141287020723,5.635891910888271,4.631261011829851,5.75807298868529,4.12786307576139,4.9739913161965,13.2897055122074,16.904183496892543,,,,,,,,,2.7435187515731188,3.5915807116621123,3.8426042453225944,4.663213530427754,21.166666666666668
drax,,ls-tc-babble10,main,main,5,600,11919,73.1,40,3.4383333333333335,11.881518333333334,0.9953333333333332,en,8.121486701904523,9.856218159709847,5.6296669183656345,6.510364355510421,5.688396677573622,6.635699481899033,5.604497021562212,6.562460689849278,4.832620186257237,5.75912039563976,5.109489051094891,6.0502371154966665,4.9416897390720695,5.868045815096743,4.471851665408172,5.509464408741754,4.3963419749979025,5.35417278496138,4.429901837402467,5.398943714514918,3.8593841765248764,4.567658659250191,14.086752244315798,18.07981329840346,,,,,,,,,,,,,
drax,,ls-tc-babble10,main,main,6,600,11919,73.1,40,3.9516666666666667,11.650218333333333,0.9953333333333332,en,8.121486701904523,9.856218159709847,5.621276952764494,6.568046297217394,5.638056883966776,6.626643949773397,5.570937159157648,6.585362066034414,4.7655004614481085,5.872140308102715,4.966859635875493,6.035276574569467,4.824230220656095,5.923532929395787,4.37117207819448,5.453216262380077,4.387952009396762,5.403491135121365,4.387952009396762,5.37501723246268,3.6328551052940683,4.3776331796757795,14.66565987079453,19.012999747718222,,,,,,,,,,,,,
drax,,ls-tc-babble10,main,main,8,600,11919,73.1,40,4.955,11.636956666666666,0.9953333333333332,en,8.121486701904523,9.856218159709847,5.604497021562212,6.5322922771185175,5.520597365550802,6.45432094883886,5.528987331151942,6.488828518654762,4.471851665408172,5.428467059491851,4.698380736638979,5.601357609499081,4.6060911150264285,5.541578401281915,4.2369326285762225,5.222747153680865,4.2201526973739405,5.174839567431926,4.253712559778505,5.2243626905772835,3.381156137259837,4.107211669958289,15.739575467740583,20.747830575112793,,,,,,,,,2.2401208155046564,2.920362474238539,3.2385267220404397,3.901408277668951,17.333333333333336
drax,,ls-tc-babble10,main,main,10,600,11919,73.1,40,6.013333333333334,11.674050000000001,0.9953333333333332,en,8.121486701904523,9.856218159709847,5.59610705596107,6.4742379011954,5.4534776407416725,6.340744842428038,5.4702575719439555,6.375871579722116,4.354392146992197,5.371448672632358,4.639650977430993,5.570953692929909,4.438291803003608,5.34819322499888,4.069133316553402,5.0653142458408125,4.144643006963672,5.136783297125329,4.262102525379646,5.274984350842995,3.1462371004278884,3.7561456300250087,16.553402131051264,22.014614377872096,,,,,,,,,,,,,
drax,,ls-tc-babble10,main,main,12,600,11919,73.1,40,6.991666666666666,11.646403333333334,0.9953333333333332,en,8.121486701904523,9.856218159709847,5.478647537545096,6.243382293002679,5.386357915932544,6.130912068364392,5.403137847134826,6.16192718896693,4.2201526973739405,5.201069269672665,4.639650977430993,5.517784558942966,4.346002181391056,5.234978169436118,4.094303213356826,5.089065943432875,4.153032972564812,5.0875971760735546,4.2201526973739405,5.173372946209089,2.9868277540062085,3.619459382981866,17.1742595855357,22.887108178692525,,,,,,,,,,,,,
drax,,ls-tc-babble10,main,main,15,600,11919,73.1,40,8.428333333333333,11.548825,0.9953333333333332,en,8.121486701904523,9.856218159709847,5.319238191123416,6.064930058591216,5.159828844701737,5.873200089147541,5.18499874150516,5.944446470961765,4.178202869368236,5.163125190533155,4.530581424616159,5.365782242620757,4.362782112593338,5.215365590983337,4.0607433509522615,5.013185950012429,4.13625304136253,5.041317613493425,4.2117627317728,5.173272089560877,2.768688648376542,3.3884989970974213,17.996476214447522,24.225328483840425,7.737748564772444,4.983775688493219,4.068558116315833,4.368083867210251,5.76587070471753,5.8573924619352695,5.915633580164739,2.662451119061486,1.8457924322510277,2.4581613057832925,2.701568923567413,3.257125740724167,13.666666666666666
drax,,ls-tc-babble10,main,main,16,600,11919,73.1,40,8.925,11.578771666666665,0.9953333333333332,en,8.121486701904523,9.856218159709847,5.302458259921134,6.040139779674592,5.134658947898314,5.885721247808313,5.176608775904019,5.95175481471962,4.13625304136253,5.078251391164676,4.446681768604749,5.253352192181552,4.312442318986492,5.139943441754609,4.069133316553402,5.048844639260701,4.069133316553402,4.993673597995195,4.111083144559108,5.106485009547232,2.7351287859719777,3.3464861635952268,18.30690494168974,24.727610397282632,7.737748564772444,4.983775688493219,4.001996838339296,4.276562109992512,5.757550544970464,5.782511024211665,5.815791663199933,2.6374906398202844,1.8122325698464636,2.4083665602988917,2.668009061162849,3.227348356957422,13.333333333333334
drax,,ls-tc-babble10,main,ref,1,600,11919,73.1,40,1.0,0.0,0.99875,en,4.5389713902173,5.471932881025327,4.5389713902173,5.471932881025327,4.5389713902173,5.471932881025327,4.5389713902173,5.471932881025327,4.5389713902173,5.471932881025327,4.5389713902173,5.471932881025327,4.5389713902173,5.471932881025327,4.5389713902173,5.471932881025327,4.5389713902173,5.471932881025327,4.5389713902173,5.471932881025327,4.5389713902173,5.471932881025327,4.5389713902173,5.471932881025327,4.343123387969049,4.343123387969049,4.343123387969049,4.343123387969049,6.2401198103003575,6.2401198103003575,6.2401198103003575,4.343123387969049,,,,,
drax,,ls-tc-babble10,main,ref,2,600,11919,73.1,40,1.2966666666666666,2.4599516666666665,0.99875,en,4.5389713902173,5.471932881025327,4.337612215789915,5.286328357016791,4.354392146992197,5.286028277868962,4.354392146992197,5.303872216665914,4.580921218223005,5.5004037973122335,4.362782112593338,5.298907882754212,4.404731940599044,5.34841185100818,4.471851665408172,5.41539788587545,4.29566238778421,5.273811594641815,4.29566238778421,5.273811594641815,3.7838744861146067,4.730519759083932,5.1178790166960315,6.053757215877397,,,,,,,,,3.381156137259837,4.193992077668103,3.523785552479235,4.306268542372412,7.166666666666667
drax,,ls-tc-babble10,main,ref,3,600,11919,73.1,40,1.5133333333333334,2.5957783333333335,0.99875,en,4.5389713902173,5.471932881025327,4.245322594177364,5.196498818128308,4.262102525379646,5.239518198439354,4.245322594177364,5.196498818128308,4.119473110160248,5.114736019050386,4.085913247755684,5.06899870669459,4.102693178957966,5.084036479798215,4.111083144559108,5.103361370418285,4.119473110160248,5.127245812608635,4.153032972564812,5.144186795112934,3.523785552479235,4.480838755473305,5.570937159157648,6.589358348982313,,,,,,,,,,,,,
drax,,ls-tc-babble10,main,ref,4,600,11919,73.1,40,1.7016666666666667,2.6992,0.99875,en,4.5389713902173,5.471932881025327,4.354392146992197,5.248714504571981,4.387952009396762,5.32020610710525,4.346002181391056,5.240381171238647,4.12786307576139,5.130632782694885,4.05235338535112,5.026944315477641,4.0607433509522615,5.039589059167468,4.094303213356826,5.106109631512647,4.0775232821545435,5.107653830593175,4.178202869368236,5.173436134999141,3.389546102860978,4.30165061149468,5.923315714405571,7.042907315076436,4.343123387969049,4.135119394292371,3.9687161993510274,3.868874282386222,5.824111822947001,5.807471503452867,5.890673100923538,3.244862301356186,2.9868277540062085,3.7555777235143535,3.1797969628324525,3.876703530128415,7.333333333333333
drax,,ls-tc-babble5,lowT,lowT,1,200,3869,23.7,40,1.0,0.0,0.99969,en,10.519514086327217,12.192375911009485,10.519514086327217,12.192375911009485,10.519514086327217,12.192375911009485,10.519514086327217,12.192375911009485,10.519514086327217,12.192375911009485,10.519514086327217,12.192375911009485,10.519514086327217,12.192375911009485,10.519514086327217,12.192375911009485,10.519514086327217,12.192375911009485,10.519514086327217,12.192375911009485,10.519514086327217,12.192375911009485,10.519514086327217,12.192375911009485,10.531697341513292,10.531697341513292,10.531697341513292,10.531697341513292,12.372188139059304,12.372188139059304,12.372188139059304,10.531697341513292,,,,,
drax,,ls-tc-babble5,lowT,lowT,2,200,3869,23.7,40,1.565,8.545735,0.99969,en,10.519514086327217,12.192375911009485,10.59705350219695,12.054319709513933,10.72628586197984,12.320829938955196,10.59705350219695,12.054319709513933,10.648746446110106,12.389647420121099,10.622899974153528,12.204319709513932,10.59705350219695,12.150107075664202,10.881364693719307,12.71907974835761,10.261049366761437,12.024111429038477,10.261049366761437,12.024111429038477,9.278883432411476,10.613351187719516,12.22538123546136,14.440182280331229,,,,,,,,,7.85732747479969,9.419276790610642,8.47764280175756,9.833527783174395,22.0
drax,,ls-tc-babble5,lowT,lowT,3,200,3869,23.7,40,2.045,8.194105,0.99969,en,10.519514086327217,12.192375911009485,10.20935642284828,11.663702474018118,10.235202894804859,11.843445416692093,10.20935642284828,11.663702474018118,10.235202894804859,12.03858020756023,10.157663478935126,11.941149078476961,10.028431119152236,11.787211745481498,10.105970535021969,11.92950067719876,9.950891703282501,11.732840171317118,9.899198759369346,11.658874809193861,8.761953993279917,10.094257296631309,12.84569656241923,15.277963645558245,,,,,,,,,,,,,
drax,,ls-tc-babble5,lowT,lowT,4,200,3869,23.7,40,2.445,8.00299,0.99969,en,10.519514086327217,12.192375911009485,10.054277591108814,11.318344281280892,10.131817006978547,11.484163291612097,10.054277591108814,11.318344281280892,10.131817006978547,11.970570421960435,10.183509950891704,11.964909565172391,10.08012406306539,11.98518925512386,10.157663478935126,12.121980501563465,9.950891703282501,11.969090666091645,9.925045231325925,11.969855669062529,8.400103385887826,9.757315371145491,13.388472473507367,15.841644269816548,,,,,,,,,6.823468596536573,8.19424340679138,7.702248643060222,8.900392697386595,24.0
drax,,ls-tc-babble5,lowT,lowT,5,200,3869,23.7,40,2.825,7.888344999999999,0.99969,en,10.519514086327217,12.192375911009485,10.157663478935126,11.442462786052896,10.364435254587749,11.753807053647163,10.157663478935126,11.442462786052896,10.002584647195658,11.855359365482371,10.002584647195658,11.81214837366483,10.054277591108814,11.952251923339311,9.899198759369346,11.848563938336634,9.821659343499613,11.721279739431667,9.821659343499613,11.734996629696544,8.115792194365469,9.42395255488794,13.82786249676919,16.220864930530567,,,,,,,,,,,,,
drax,,ls-tc-babble5,lowT,lowT,6,200,3869,23.7,40,3.245,8.041739999999999,0.99969,en,10.519514086327217,12.192375911009485,10.157663478935126,11.506568668250884,10.183509950891704,11.598058048545441,10.131817006978547,11.496953283635499,9.795812871543035,11.716178415611655,9.744119927629878,11.664132978691587,9.744119927629878,11.663746152873726,9.7182734556733,11.702010029711783,9.511501680020677,11.550283480938575,9.58904109589041,11.64986429228409,7.934866890669424,9.281339875665616,14.370638407857328,17.127297970427062,,,,,,,,,,,,,
drax,,ls-tc-babble5,lowT,lowT,8,200,3869,23.7,40,3.945,7.90654,0.99969,en,10.519514086327217,12.192375911009485,10.312742310674594,11.864808236734824,10.131817006978547,11.810977659209424,10.286895838718015,11.855192852119437,9.744119927629878,11.760020221268643,9.769966399586457,11.86081555245126,9.692426983716723,11.780596935617396,9.666580511760145,11.7523973548039,9.7182734556733,11.820563824579018,9.795812871543035,11.935946414961606,7.702248643060222,9.024453973363753,14.887567846988887,17.610756923288683,,,,,,,,,6.203153269578703,7.56406938913377,7.185319203928664,8.43384130538855,22.5
drax,,ls-tc-babble5,lowT,lowT,10,200,3869,23.7,40,4.69,8.026075,0.99969,en,10.519514086327217,12.192375911009485,10.364435254587749,11.946660672477893,10.235202894804859,11.85271766109006,10.33858878263117,11.937045287862508,9.666580511760145,11.806190130673848,9.795812871543035,11.862228479872254,9.84750581545619,11.916393766172293,9.58904109589041,11.612942305556107,9.7182734556733,11.844560745134903,9.666580511760145,11.761805561721825,7.5988627552339105,8.975706291639213,15.301111398294132,18.20029740473706,,,,,,,,,,,,,
drax,,ls-tc-babble5,lowT,lowT,12,200,3869,23.7,40,5.43,8.15544,0.99969,en,10.519514086327217,12.192375911009485,10.286895838718015,11.910754702700956,10.131817006978547,11.781658672289137,10.286895838718015,11.910754702700956,9.614887567846989,11.535865677238643,9.666580511760145,11.578802888972351,9.640734039803567,11.517836596325026,9.485655208064099,11.664000443729709,9.537348151977255,11.633281272090725,9.511501680020677,11.59416064809107,7.366244507624709,8.817908986133927,15.688808477642802,18.735882644621498,,,,,,,,,,,,,
drax,,ls-tc-babble5,lowT,lowT,15,200,3869,23.7,40,6.38,8.189625000000001,0.99969,en,10.519514086327217,12.192375911009485,10.33858878263117,11.890317503284091,10.390281726544327,11.95635847657703,10.33858878263117,11.890317503284091,9.485655208064099,11.509216855793946,9.640734039803567,11.695404188228846,9.614887567846989,11.659274459480581,9.511501680020677,11.67620282468209,9.614887567846989,11.72119565012607,9.537348151977255,11.573117983713491,7.262858619798397,8.735179038809086,16.154044972861204,19.322241302873113,10.531697341513292,10.35276073619632,9.48364008179959,9.611451942740286,11.349693251533742,11.42638036809816,11.400817995910021,7.183026584867076,5.634530886533988,6.959791570675375,6.694236236753683,8.001172674802719,26.0
drax,,ls-tc-babble5,lowT,lowT,16,200,3869,23.7,40,6.705,8.167325,0.99969,en,10.519514086327217,12.192375911009485,10.286895838718015,11.839742790640415,10.390281726544327,11.935608325336862,10.286895838718015,11.839742790640415,9.485655208064099,11.632293778870869,9.666580511760145,11.817898813169123,9.58904109589041,11.716069679658954,9.485655208064099,11.622573792424024,9.485655208064099,11.689712616243883,9.485655208064099,11.599038346461946,7.159472731972086,8.560260207640255,16.309123804600674,19.559509821391632,10.531697341513292,10.30163599182004,9.48364008179959,9.637014314928425,11.324130879345603,11.298568507157464,11.349693251533742,7.106339468302658,5.60868441457741,6.9143370252208305,6.745929180666839,8.059689158319202,25.5
drax,,ls-tc-babble5,main,main,1,600,11919,73.1,40,1.0,0.0,0.99606,en,16.5198422686467,19.580579326452465,16.5198422686467,19.580579326452465,16.5198422686467,19.580579326452465,16.5198422686467,19.580579326452465,16.5198422686467,19.580579326452465,16.5198422686467,19.580579326452465,16.5198422686467,19.580579326452465,16.5198422686467,19.580579326452465,16.5198422686467,19.580579326452465,16.5198422686467,19.580579326452465,16.5198422686467,19.580579326452465,16.5198422686467,19.580579326452465,16.16607038855146,16.16607038855146,16.16607038855146,16.16607038855146,17.813462018470755,17.813462018470755,17.813462018470755,16.16607038855146,,,,,
drax,,ls-tc-babble5,main,main,2,600,11919,73.1,40,1.84,21.602466666666665,0.99606,en,16.5198422686467,19.580579326452465,14.01963251950667,16.45596854412919,14.934138770031042,17.427836192086634,14.10353217551808,16.602571774023684,15.924154710965684,18.370191644551486,14.053192381911234,16.443011593672235,14.296501384344324,16.77127074625024,16.343652991022736,19.230904705045397,12.501048745700142,14.88503409153133,12.501048745700142,14.88503409153133,12.55977850490813,14.603382723616637,20.127527477137345,24.33937060781112,,,,,,,,,9.002433090024331,10.599233484776487,10.990854937494756,12.55362698339513,41.333333333333336
drax,,ls-tc-babble5,main,main,3,600,11919,73.1,40,2.6416666666666666,21.874666666666666,0.99606,en,16.5198422686467,19.580579326452465,13.38199513381995,15.91619146477771,14.212601728332913,16.56958080971431,13.474284755432503,15.97256311043389,13.04639650977431,15.496591097005691,13.163856028190285,15.634466588154206,12.861817266549208,15.375881331498842,12.417149089688733,14.866524992680752,11.125094387113013,13.322374709719792,11.225773974326705,13.549257020154732,11.284503733534693,13.137449046142699,22.30052856783287,27.7754392211712,,,,,,,,,,,,,
drax,,ls-tc-babble5,main,main,4,600,11919,73.1,40,3.4,22.205968333333335,0.99606,en,16.5198422686467,19.580579326452465,13.054786475375451,15.438591111789583,13.860223173084991,16.205061226245462,13.256145649802836,15.803691020058515,12.173840087255643,14.470165475531193,12.391979192885309,14.762994366842994,12.123500293648796,14.354156334843978,11.17543418071986,13.396002976325727,10.630086416645693,12.924856337230745,10.69720614145482,13.115851453225858,10.45389713902173,11.893313054076703,24.037251447269067,30.517340955578913,,,,,,,,,6.711972480912828,8.026551767183921,9.531000922896217,10.72355558107767,42.66666666666667
drax,,ls-tc-babble5,main,main,5,600,11919,73.1,40,4.155,22.34974166666667,0.99606,en,16.5198422686467,19.580579326452465,12.996056716167464,15.510181851469465,13.675643929859888,15.931723758864205,13.13029616578572,15.65121198313561,11.527812735967782,13.72718879017865,11.972480912828257,14.109219554187296,11.561372598372346,13.810747206043619,10.53779679503314,12.677396175812513,10.202198170987499,12.419574100284638,10.235758033392063,12.492625260319805,9.874989512543,11.21887574741208,25.11955700981626,32.033989781537876,,,,,,,,,,,,,
drax,,ls-tc-babble5,main,main,6,600,11919,73.1,40,4.883333333333334,22.09485666666667,0.99606,en,16.5198422686467,19.580579326452465,12.752747713734374,15.19883607491776,13.398775065022233,15.485974693668794,12.81147747294236,15.198645438526537,11.183824146321,13.28268373068529,11.544592667170065,13.452445072378946,11.19221411192214,13.167159227412112,10.151858377380652,12.224023244760906,10.076348686970384,12.05039933221913,10.12668848057723,12.12045746041322,9.430321335682523,10.595457694374065,25.899823810722378,33.1678656052928,,,,,,,,,,,,,
drax,,ls-tc-babble5,main,main,8,600,11919,73.1,40,6.328333333333333,22.137716666666666,0.99606,en,16.5198422686467,19.580579326452465,12.375199261683028,14.376298407353175,12.903767094554912,14.704989298601836,12.517828676902425,14.510251518311538,10.621696451044551,12.342757743654767,11.410353217551808,13.152806706748699,10.94890510948905,12.499489954227396,9.824649718936152,11.619431867317505,9.707190200520177,11.61055898350854,9.72397013172246,11.633298299204569,8.826243812400369,9.866201087299808,27.36806779092206,35.61257555631807,,,,,,,,,5.2940682943199935,6.490169116340709,8.264116117123919,9.189897357054672,40.5
drax,,ls-tc-babble5,main,main,10,600,11919,73.1,40,7.7683333333333335,22.10343333333333,0.99606,en,16.5198422686467,19.580579326452465,12.165450121654501,14.094507983143734,12.56816847050927,14.398803262732946,12.173840087255643,14.091745936454725,10.529406829431998,12.31960208135451,11.301283664736975,12.916217714628786,10.865005453477641,12.475848271443288,9.438711301283664,11.195086386234422,9.4051514388791,11.2748547478001,9.455491232485947,11.334806246263906,8.540984981961573,9.588036345935787,28.517493078278378,37.12144441262441,,,,,,,,,,,,,
drax,,ls-tc-babble5,main,main,12,600,11919,73.1,40,9.166666666666666,22.064353333333337,0.99606,en,16.5198422686467,19.580579326452465,12.106720362446515,14.149577080729411,12.375199261683028,14.348907925803733,11.947311016024834,14.064954865770785,10.403557345414884,12.296325823263501,11.19221411192214,12.9900696843012,10.655256313449115,12.433897502473135,9.304471851665408,11.169806844184157,9.539390888497357,11.564975817891533,9.57295075090192,11.581431673957967,8.264116117123919,9.32432393747617,29.541068881617587,38.66536999370242,,,,,,,,,,,,,
drax,,ls-tc-babble5,main,main,15,600,11919,73.1,40,11.236666666666666,21.907463333333332,0.99606,en,16.5198422686467,19.580579326452465,11.972480912828257,13.874563207889834,12.089940431244232,13.928504593702021,11.771121738400872,13.72674556982558,10.168638308582935,11.973076908327172,10.730766003859385,12.343504147437693,10.353217551808038,11.97621292080224,9.128282574041446,10.969645419929996,9.48066112928937,11.479778160524605,9.489051094890511,11.498727221503312,7.836227871465727,8.81912085088108,30.87507341219901,41.06101602262731,16.16607038855146,11.581662367917463,10.042432814710043,10.525002080039936,10.666444795740079,10.957650386887428,10.974290706381563,7.737748564772444,4.4131219062001845,5.511993329014297,7.416729591408675,8.218440637194977,38.666666666666664
drax,,ls-tc-babble5,main,main,16,600,11919,73.1,40,11.968333333333334,21.904484999999998,0.99606,en,16.5198422686467,19.580579326452465,11.896971222417989,13.837416383429685,12.140280224851079,13.993370725299314,11.762731772799732,13.767206910979587,10.118298514976088,11.902479200987475,10.655256313449115,12.30944831003673,10.311267723802333,11.925721078888644,9.0779427804346,10.895322080366068,9.413541404480242,11.397248760174856,9.421931370081383,11.41063541485586,7.7607181810554575,8.737962973670573,31.219062001845792,41.507894221773746,16.16607038855146,11.581662367917463,9.984191696480572,10.483401281304602,10.59988351776354,10.899409268657958,10.916049588152093,7.671187286795907,4.346002181391056,5.464746783050029,7.399949660206393,8.241506070714204,38.333333333333336
drax,,ls-tc-babble5,main,ref,1,600,11919,73.1,40,1.0,0.0,0.9991666666666666,en,9.531000922896217,11.378909288305643,9.531000922896217,11.378909288305643,9.531000922896217,11.378909288305643,9.531000922896217,11.378909288305643,9.531000922896217,11.378909288305643,9.531000922896217,11.378909288305643,9.531000922896217,11.378909288305643,9.531000922896217,11.378909288305643,9.531000922896217,11.378909288305643,9.531000922896217,11.378909288305643,9.531000922896217,11.378909288305643,9.531000922896217,11.378909288305643,9.360179715450537,9.360179715450537,9.360179715450537,9.360179715450537,11.032531824611032,11.032531824611032,11.032531824611032,9.360179715450537,,,,,
drax,,ls-tc-babble5,main,ref,2,600,11919,73.1,40,1.52,6.609105,0.9991666666666666,en,9.531000922896217,11.378909288305643,9.581340716503062,11.395000012546639,9.564560785300781,11.194876062422688,9.581340716503062,11.392474760021386,9.514220991693934,11.35579396434106,9.57295075090192,11.366439606902901,9.63168051010991,11.51804032770652,9.698800234919037,11.703872085997343,9.514220991693934,11.559800731166954,9.514220991693934,11.559800731166954,8.440305394747881,10.012391029038046,10.839835556674217,13.07088502446407,,,,,,,,,7.383169729004111,8.867230298527277,7.735548284252035,9.217874637312764,17.666666666666668
drax,,ls-tc-babble5,main,ref,3,600,11919,73.1,40,1.9416666666666667,6.62523,0.9991666666666666,en,9.531000922896217,11.378909288305643,9.430321335682523,11.211085934194381,9.388371507676819,10.966668569707199,9.438711301283664,11.224463127176836,9.15345247084487,10.916405522650207,9.178622367648293,10.934610241420325,9.145062505243729,10.918296010960203,9.044382918030037,10.881976635721431,8.99404312442319,10.825877839756103,9.027602986827754,10.958918868740113,7.903347596274855,9.32993788221365,11.569762563973487,13.88181130425887,,,,,,,,,,,,,
drax,,ls-tc-babble5,main,ref,4,600,11919,73.1,40,2.34,6.786623333333334,0.9991666666666666,en,9.531000922896217,11.378909288305643,9.455491232485947,11.229929714340855,9.497441060491653,11.086699872901807,9.472271163688228,11.254796806313209,8.977263193220908,10.689160482141245,9.16184243644601,10.909739011028389,9.027602986827754,10.768397235272408,8.935313365215203,10.722118318720064,8.926923399614061,10.724425701911949,8.952093296417484,10.721640074659145,7.576138937830355,8.907524965022171,12.173840087255643,14.537710354004304,9.360179715450537,9.335219236209335,8.85264997087944,9.044013645061986,10.475081121557533,10.475081121557533,10.508361760545803,7.413262334636825,6.468663478479738,7.820561054348531,7.0559610705596105,8.345523997795636,18.333333333333332
drax,,ls-tc-white5,lowT,lowT,1,200,3869,23.7,40,1.0,0.0,0.99938,en,8.167485138278625,9.341182887011568,8.167485138278625,9.341182887011568,8.167485138278625,9.341182887011568,8.167485138278625,9.341182887011568,8.167485138278625,9.341182887011568,8.167485138278625,9.341182887011568,8.167485138278625,9.341182887011568,8.167485138278625,9.341182887011568,8.167485138278625,9.341182887011568,8.167485138278625,9.341182887011568,8.167485138278625,9.341182887011568,8.167485138278625,9.341182887011568,8.205521472392638,8.205521472392638,8.205521472392638,8.205521472392638,10.020449897750511,10.020449897750511,10.020449897750511,8.205521472392638,,,,,
drax,,ls-tc-white5,lowT,lowT,2,200,3869,23.7,40,1.53,6.348345,0.99938,en,8.167485138278625,9.341182887011568,7.934866890669424,9.267149500194169,8.012406306539157,9.411256821252488,7.960713362626001,9.329385476223248,8.425949857844405,9.70517044156136,8.141638666322047,9.451561401842767,8.193331610235203,9.500789201070567,8.167485138278625,9.40581411579471,7.960713362626001,9.41305013304713,7.960713362626001,9.41305013304713,7.030240372189196,8.261435627956399,9.7182734556733,11.3646672514197,,,,,,,,,6.3323856293615925,7.671600948980134,6.668389764797105,7.9042527823761475,12.0
drax,,ls-tc-white5,lowT,lowT,3,200,3869,23.7,40,1.935,6.3505650000000005,0.99938,en,8.167485138278625,9.341182887011568,7.960713362626001,9.179936561798481,8.141638666322047,9.480397650417462,8.012406306539157,9.256859638721558,7.624709227190489,8.992977805525683,7.831481002843112,9.156082225147015,7.779788058929956,9.055623877598904,7.6764021711036445,9.04483497062703,7.5988627552339105,8.903556307298281,7.650555699147066,9.018223285582213,6.384078573274748,7.557114696415799,10.364435254587749,12.15141113194565,,,,,,,,,,,,,
drax,,ls-tc-white5,lowT,lowT,4,200,3869,23.7,40,2.295,6.2803700000000005,0.99938,en,8.167485138278625,9.341182887011568,7.934866890669424,9.190730205009555,8.115792194365469,9.490397282739245,7.98655983458258,9.267653281932631,7.7539415869733785,9.065773745640733,7.5988627552339105,8.797329958916682,7.5213233393641765,8.74630014383014,7.650555699147066,9.040251870311579,7.5213233393641765,8.780056431857245,7.495476867407599,8.738365128782894,6.073920909795813,7.239430086339885,10.72628586197984,12.681746351972063,,,,,,,,,5.3502196950116305,6.629205048404296,5.815456190230034,6.978568974581368,11.5
drax,,ls-tc-white5,lowT,lowT,5,200,3869,23.7,40,2.585,6.105174999999999,0.99938,en,8.167485138278625,9.341182887011568,8.115792194365469,9.351928003041435,8.400103385887826,9.74896923580248,8.115792194365469,9.351928003041435,7.7280951150168,9.226399211025075,7.5988627552339105,9.085594481383708,7.5988627552339105,9.104830925865647,7.547169811320755,8.947162005454064,7.495476867407599,8.929505831649978,7.547169811320755,9.01329177750489,5.970535021969501,7.1158495002593,10.933057637632464,12.960057344098846,,,,,,,,,,,,,
drax,,ls-tc-white5,lowT,lowT,6,200,3869,23.7,40,2.88,5.996865000000001,0.99938,en,8.167485138278625,9.341182887011568,8.115792194365469,9.34292342617695,8.425949857844405,9.75937255367484,8.115792194365469,9.34292342617695,7.650555699147066,9.155226887081946,7.624709227190489,8.975107647667754,7.443783923494443,8.907771151920574,7.5988627552339105,9.014915523865477,7.366244507624709,8.592117320125375,7.469630395451021,8.759163499898413,5.815456190230034,6.992768995656023,11.243215301111398,13.365155069961187,,,,,,,,,,,,,
drax,,ls-tc-white5,lowT,lowT,8,200,3869,23.7,40,3.435,5.9264850000000004,0.99938,en,8.167485138278625,9.341182887011568,8.089945722408892,9.300187634936986,8.219178082191782,9.453478867698033,8.089945722408892,9.300187634936986,7.443783923494443,8.972811186533441,7.288705091754975,8.721288736440943,7.340398035668131,8.780583608235814,7.366244507624709,8.747682710402323,7.366244507624709,8.754538694896913,7.417937451537865,8.80087134706448,5.660377358490566,6.782954826085757,11.734298268286379,14.02895488813407,,,,,,,,,4.7557508400103385,5.9753307482310065,5.453605582837943,6.6078080000415245,14.000000000000002
drax,,ls-tc-white5,lowT,lowT,10,200,3869,23.7,40,3.99,6.085355,0.99938,en,8.167485138278625,9.341182887011568,8.064099250452314,9.270038263867804,8.34841044197467,9.754374124044446,8.064099250452314,9.270038263867804,7.288705091754975,8.821302974488301,7.262858619798397,8.772326634046346,7.314551563711554,8.808843092416351,7.211165675885241,8.711598383102675,7.262858619798397,8.858942938660304,7.288705091754975,8.867039922833309,5.376066166968209,6.556956061364167,12.199534763504781,14.85563171503776,,,,,,,,,,,,,
drax,,ls-tc-white5,lowT,lowT,12,200,3869,23.7,40,4.51,6.103910000000001,0.99938,en,8.167485138278625,9.341182887011568,8.089945722408892,9.340594503605079,8.400103385887826,9.818301575902932,8.115792194365469,9.386049049059624,7.185319203928664,8.846390805903532,7.23701214784182,8.771614383334095,7.159472731972086,8.69906683357956,7.211165675885241,8.856700118307739,7.262858619798397,8.770017332282848,7.23701214784182,8.805889114285828,5.220987335228742,6.3792048655982665,12.380460067200827,14.96443088688041,,,,,,,,,,,,,
drax,,ls-tc-white5,lowT,lowT,15,200,3869,23.7,40,5.175,6.120295,0.99938,en,8.167485138278625,9.341182887011568,8.064099250452314,9.325073939711201,8.245024554148358,9.538224145705364,8.089945722408892,9.370528485165746,7.366244507624709,9.058978203438233,7.340398035668131,8.948872768571665,7.366244507624709,9.019216368183042,7.288705091754975,8.908386624281173,7.262858619798397,8.928186284968584,7.23701214784182,8.868822452877062,5.169294391315585,6.328630152954587,12.664771258723185,15.284720340659916,8.205521472392638,8.15439672801636,7.361963190184049,7.33640081799591,9.279141104294478,9.279141104294478,9.25357873210634,5.16359918200409,4.290514344791936,5.578657844946796,4.962522615662962,6.14478369321072,15.0
drax,,ls-tc-white5,lowT,lowT,16,200,3869,23.7,40,5.405,6.109484999999999,0.99938,en,8.167485138278625,9.341182887011568,8.064099250452314,9.274148013785275,8.270871026104937,9.486557142949433,8.089945722408892,9.31960255923982,7.262858619798397,8.940737681137644,7.340398035668131,8.949355828054635,7.211165675885241,8.804460400901146,7.262858619798397,8.90827797011245,7.23701214784182,8.937730619943952,7.185319203928664,8.856261324746878,5.117601447402429,6.265116639441073,12.690617730679762,15.311036130133598,8.205521472392638,8.15439672801636,7.259713701431493,7.310838445807771,9.25357873210634,9.25357873210634,9.202453987730062,5.086912065439673,4.161281985009047,5.475073114267172,4.936676143706384,6.100500948927976,15.0
drax,,ls-tc-white5,main,main,1,600,11919,73.1,40,1.0,0.0,0.993365,en,11.905361188019128,14.567622077115425,11.905361188019128,14.567622077115425,11.905361188019128,14.567622077115425,11.905361188019128,14.567622077115425,11.905361188019128,14.567622077115425,11.905361188019128,14.567622077115425,11.905361188019128,14.567622077115425,11.905361188019128,14.567622077115425,11.905361188019128,14.567622077115425,11.905361188019128,14.567622077115425,11.905361188019128,14.567622077115425,11.905361188019128,14.567622077115425,11.79798652134121,11.79798652134121,11.79798652134121,11.79798652134121,13.353856394042765,13.353856394042765,13.353856394042765,11.79798652134121,,,,,
drax,,ls-tc-white5,main,main,2,600,11919,73.1,40,1.785,16.899744999999996,0.993365,en,11.905361188019128,14.567622077115425,10.529406829431998,12.596006423077485,10.772715831865089,12.71218140012931,10.479067035825153,12.364251628059316,12.47587884889672,14.743466360928,10.604916519842268,12.509519457997012,10.730766003859385,12.672270084563428,11.846631428811142,14.57764936704683,9.06955281483346,11.03085854085314,9.06955281483346,11.03085854085314,9.421931370081383,10.983386526777545,15.15227787566071,18.657413509136354,,,,,,,,,6.795872136924238,8.21242985664479,8.608104706770701,10.054445541770281,34.333333333333336
drax,,ls-tc-white5,main,main,3,600,11919,73.1,40,2.495,16.923138333333338,0.993365,en,11.905361188019128,14.567622077115425,9.958889168554409,11.531333441192592,10.193808205386357,11.676194405789838,9.72397013172246,11.255231240978768,9.48066112928937,10.995232725310613,9.514220991693934,10.966969838271714,9.32964174846883,10.727608138000571,8.926923399614061,10.777135442550907,8.096316805101099,9.699494104494882,8.10470677070224,9.639194973551989,8.322845876331908,9.441585878830903,17.01485023911402,20.99143448727376,,,,,,,,,,,,,
drax,,ls-tc-white5,main,main,4,600,11919,73.1,40,3.2083333333333335,16.865599999999997,0.993365,en,11.905361188019128,14.567622077115425,9.673630338115613,11.088294835625078,9.858209581340716,11.177489673216751,9.463881198087089,10.820683985872543,8.792683949995805,10.235425214051746,9.061162849232318,10.325818181951071,8.876583606007216,10.167445424633318,8.121486701904523,9.714865209371178,7.5845289034314956,9.039536587902196,7.626478731437201,9.073478074255886,7.676818525044047,8.534147339042367,18.248175182481752,22.562985012385628,,,,,,,,,5.017199429482339,6.1202928199388,7.165030623374444,8.023725995853894,33.33333333333333
drax,,ls-tc-white5,main,main,5,600,11919,73.1,40,3.9033333333333333,17.046121666666664,0.993365,en,11.905361188019128,14.567622077115425,9.472271163688228,10.824147435329962,9.690410269317896,10.8778919258441,9.354811645272255,10.640401346214713,8.482255222753587,9.825488540650822,8.733954190787818,9.836778821192258,8.49903515395587,9.700979936853951,7.920127527477137,9.481692025863875,7.433509522610957,8.829255467747444,7.467069385015521,8.884821349128545,7.223760382582431,8.011612089304668,19.36404060743351,24.26220144955161,,,,,,,,,,,,,
drax,,ls-tc-white5,main,main,6,600,11919,73.1,40,4.548333333333333,16.910278333333334,0.993365,en,11.905361188019128,14.567622077115425,9.119892608440306,10.351303958536727,9.4051514388791,10.509659582512354,9.170232402047152,10.355682247840457,8.188606426713651,9.724822175412,8.490645188354728,9.765042962747343,8.25572615152278,9.673540445140803,7.509019213021227,9.1618096869914,7.181810554576726,8.72521599473221,7.274100176189278,8.853918861716265,6.8462119305310845,7.541235192652571,20.03523785552479,25.082874307918146,,,,,,,,,,,,,
drax,,ls-tc-white5,main,main,8,600,11919,73.1,40,5.828333333333333,16.832683333333335,0.993365,en,11.905361188019128,14.567622077115425,8.859803674804933,10.172916282923858,9.270911989260844,10.445188923671338,8.968873227619767,10.211049472356478,7.844617837066868,9.329824724966276,8.138266633106804,9.382309120556991,7.819447940263445,9.033157999998458,7.223760382582431,8.789344164328654,7.064351036160752,8.545612293219177,7.114690829767598,8.589985404533767,6.468663478479738,7.175967737224509,21.193053108482257,26.584019439458128,,,,,,,,,4.035573454148838,5.0599607793048635,6.2085745448443665,6.914225156526385,28.833333333333332
drax,,ls-tc-white5,main,main,10,600,11919,73.1,40,7.086666666666667,16.748391666666667,0.993365,en,11.905361188019128,14.567622077115425,8.83463377800151,10.332094510446376,9.178622367648293,10.4615909060327,8.952093296417484,10.272494221703198,7.5845289034314956,8.922533581155433,8.02080711469083,9.350732368177052,7.710378387448611,8.994639617494911,7.064351036160752,8.508506461181206,6.9133316553402135,8.238530193103088,6.980451380149342,8.29362250560073,6.1917946136420845,6.829193377190201,22.19145901501804,27.898874554820463,,,,,,,,,,,,,
drax,,ls-tc-white5,main,main,12,600,11919,73.1,40,8.311666666666667,16.834295,0.993365,en,11.905361188019128,14.567622077115425,8.901753502810639,10.317003603732235,9.170232402047152,10.459770887900618,8.935313365215203,10.27285194839301,7.458679419414381,8.747212856615297,7.987247252286266,9.376215834104755,7.601308834633778,8.911383095686173,6.896551724137931,8.324894445652214,6.938501552143636,8.316708378853344,6.997231311351624,8.363813861073135,5.990435439214699,6.544122747353424,23.03045557513214,28.892702697455213,,,,,,,,,,,,,
drax,,ls-tc-white5,main,main,15,600,11919,73.1,40,10.165,16.846878333333333,0.993365,en,11.905361188019128,14.567622077115425,8.775904018793524,10.097545381746913,8.843023743602652,10.142245736195873,8.7507341219901,10.059160833936232,7.391559694605252,8.702380770753313,7.878177699471432,9.204909259386177,7.601308834633778,8.946518080460496,6.9133316553402135,8.397347841062974,6.96367144894706,8.453609031159209,7.072741001761893,8.559826906796141,5.721956539978186,6.261140697796567,23.98691165366222,30.400458389618194,11.79798652134121,8.586404858973292,7.3467010566602875,7.912471919460853,8.544804060237956,8.53648390049089,8.644645977202762,5.599467509776188,3.288866515647286,4.087724240767223,5.4366977095393905,6.011868442837113,28.000000000000004
drax,,ls-tc-white5,main,main,16,600,11919,73.1,40,10.773333333333333,16.853520000000003,0.993365,en,11.905361188019128,14.567622077115425,8.767514053192382,10.153784759976546,8.767514053192382,10.094015979597211,8.725564225186677,10.099277982275519,7.4083396258075345,8.751689739814882,7.836227871465727,9.118738355679042,7.534189109824649,8.878262417980451,6.8629918617333665,8.341318703086221,6.946891517744778,8.405697320889056,7.022401208155046,8.50048378447673,5.621276952764494,6.185370195310378,24.280560449702158,30.744741356455506,11.79798652134121,8.586404858973292,7.3467010566602875,7.887511440219652,8.486562942008486,8.519843580996755,8.594725018720359,5.53290623179965,3.2469166876415807,4.034512557020712,5.377967950331404,5.991605292631746,27.833333333333332
drax,,ls-tc-white5,main,ref,1,600,11919,73.1,40,1.0,0.0,0.9975,en,7.257320244986995,8.66067120272178,7.257320244986995,8.66067120272178,7.257320244986995,8.66067120272178,7.257320244986995,8.66067120272178,7.257320244986995,8.66067120272178,7.257320244986995,8.66067120272178,7.257320244986995,8.66067120272178,7.257320244986995,8.66067120272178,7.257320244986995,8.66067120272178,7.257320244986995,8.66067120272178,7.257320244986995,8.66067120272178,7.257320244986995,8.66067120272178,7.122056743489475,7.122056743489475,7.122056743489475,7.122056743489475,8.777768533155836,8.777768533155836,8.777768533155836,7.122056743489475,,,,,
drax,,ls-tc-white5,main,ref,2,600,11919,73.1,40,1.415,4.479993333333334,0.9975,en,7.257320244986995,8.66067120272178,7.072741001761893,8.499176979508348,7.173420588975585,8.642168418424653,7.04757110495847,8.457378037709407,7.2489302793858545,8.65993128068521,7.064351036160752,8.506655611986979,7.139860726571021,8.61313157330165,7.274100176189278,8.701939289212476,7.081130967363034,8.447556233326821,7.081130967363034,8.447556233326821,6.3512039600637635,7.671512235267838,8.238946220320496,9.901696377234078,,,,,,,,,5.604497021562212,6.861373240007533,5.982045473613558,7.195212864852983,13.166666666666666
drax,,ls-tc-white5,main,ref,3,600,11919,73.1,40,1.7483333333333333,4.58464,0.9975,en,7.257320244986995,8.66067120272178,6.980451380149342,8.40081916987619,7.0391811393573285,8.506876994242601,6.980451380149342,8.40081916987619,6.88816175853679,8.399268511179699,6.8462119305310845,8.327855855300811,6.854601896132226,8.353172153397681,6.837821964929944,8.31308099673507,6.795872136924238,8.280987304832681,6.821042033727662,8.338612054273709,5.923315714405571,7.047001096813162,8.784293984394663,10.606312482057723,,,,,,,,,,,,,
drax,,ls-tc-white5,main,ref,4,600,11919,73.1,40,2.05,4.608998333333333,0.9975,en,7.257320244986995,8.66067120272178,7.0391811393573285,8.439794563340799,7.0391811393573285,8.492871205577478,7.0391811393573285,8.439794563340799,6.829431999328802,8.385963930621822,6.896551724137931,8.378777298172082,6.837821964929944,8.361256538733585,6.711972480912828,8.177918706961067,6.779092205721956,8.278417949231667,6.770702240120816,8.261593992775047,5.680006711972481,6.7752059101663775,9.203792264451716,11.074755603502489,7.122056743489475,6.947333388801065,6.747649554871454,6.772610034112655,8.311839587320076,8.395041184790747,8.38672102504368,5.53290623179965,4.958469670274352,6.083988001586181,5.386357915932544,6.406150065233715,12.0
drax,,ls-test-clean,lowT,lowT,1,200,3869,23.7,40,1.0,0.0,1.0,en,2.817265443266994,3.2738806521822124,2.817265443266994,3.2738806521822124,2.817265443266994,3.2738806521822124,2.817265443266994,3.2738806521822124,2.817265443266994,3.2738806521822124,2.817265443266994,3.2738806521822124,2.817265443266994,3.2738806521822124,2.817265443266994,3.2738806521822124,2.817265443266994,3.2738806521822124,2.817265443266994,3.2738806521822124,2.817265443266994,3.2738806521822124,2.817265443266994,3.2738806521822124,2.632924335378323,2.632924335378323,2.632924335378323,2.632924335378323,4.933537832310838,4.933537832310838,4.933537832310838,2.632924335378323,,,,,
drax,,ls-test-clean,lowT,lowT,2,200,3869,23.7,40,1.2,2.09047,1.0,en,2.817265443266994,3.2738806521822124,2.73972602739726,3.312274963409341,2.6880330834841044,3.280476717795306,2.73972602739726,3.312274963409341,3.075730162832773,3.574046129979269,2.7914189713104163,3.3710984928211056,2.7914189713104163,3.3710984928211056,2.7914189713104163,3.254533233293852,2.7655724993538384,3.325768217672219,2.7655724993538384,3.325768217672219,2.2744895321788574,2.4553267413295403,3.3858878263117083,4.141886389575994,,,,,,,,,2.067717756526234,2.2705598855565867,2.171103644352546,2.3378374250902234,4.0
drax,,ls-test-clean,lowT,lowT,3,200,3869,23.7,40,1.365,2.35634,1.0,en,2.817265443266994,3.2738806521822124,2.610493667614371,3.1558625040546033,2.6363401395709487,3.2121482433474027,2.610493667614371,3.1558625040546033,2.73972602739726,3.3590104057432555,2.6880330834841044,3.324527647122566,2.73972602739726,3.3590104057432555,2.7138795554406823,3.34550307973593,2.7138795554406823,3.34550307973593,2.7138795554406823,3.3336063825451143,1.9384853967433446,2.0993437545775246,3.7994313776169553,4.709923671158872,,,,,,,,,,,,,
drax,,ls-test-clean,lowT,lowT,4,200,3869,23.7,40,1.46,2.12409,1.0,en,2.817265443266994,3.2738806521822124,2.507107779788059,3.130706984287014,2.5588007237012147,3.1953260569131468,2.507107779788059,3.130706984287014,2.817265443266994,3.4500393989731677,2.6621866115275266,3.297362703851651,2.6621866115275266,3.297362703851651,2.6621866115275266,3.3244287593195034,2.6363401395709487,3.2282059671263164,2.6363401395709487,3.288693192319424,1.809253036960455,2.050236611720382,3.954510209356423,4.987487773722975,,,,,,,,,1.6024812613078314,1.6699267826605528,1.7317136210907211,1.9605250732588433,4.0
drax,,ls-test-clean,lowT,lowT,5,200,3869,23.7,40,1.565,2.097215,1.0,en,2.817265443266994,3.2738806521822124,2.4554148358749033,3.0220398259181063,2.4554148358749033,3.0481973600827006,2.4554148358749033,3.0220398259181063,2.6621866115275266,3.3003887363184727,2.6621866115275266,3.2759839744137107,2.6621866115275266,3.2759839744137107,2.6621866115275266,3.3407733517030884,2.5846471956577926,3.212662308871651,2.507107779788059,2.918540779994024,1.6800206771775652,1.9243088823886418,4.161281985009047,5.215429179862056,,,,,,,,,,,,,
drax,,ls-test-clean,lowT,lowT,6,200,3869,23.7,40,1.66,2.0527949999999997,1.0,en,2.817265443266994,3.2738806521822124,2.4554148358749033,2.989301730680011,2.403721891961747,2.9529592648446052,2.4554148358749033,2.989301730680011,2.610493667614371,3.082186981932508,2.6363401395709487,3.232782220027745,2.6363401395709487,3.232782220027745,2.481261307831481,2.9932989257225646,2.429568363918325,2.9348173853331296,2.3778754200051693,2.878063231215892,1.6283277332644095,1.885246382388642,4.316360816748514,5.314840129273005,,,,,,,,,,,,,
drax,,ls-test-clean,lowT,lowT,8,200,3869,23.7,40,1.855,2.04986,1.0,en,2.817265443266994,3.2738806521822124,2.507107779788059,3.0660062761345563,2.532954251744637,3.075302382253512,2.507107779788059,3.0660062761345563,2.5588007237012147,3.253953731443159,2.6621866115275266,3.278236765482292,2.610493667614371,3.2571130721025,2.532954251744637,3.2260245334481725,2.481261307831481,3.2136052641210084,2.429568363918325,3.0056965406372216,1.5766347893512536,1.8652387604374223,4.626518480227449,5.596457912661049,,,,,,,,,1.36986301369863,1.5260003599490222,1.5249418454380976,1.806777221975884,4.0
drax,,ls-test-clean,lowT,lowT,10,200,3869,23.7,40,2.005,2.02765,1.0,en,2.817265443266994,3.2738806521822124,2.532954251744637,3.1038850640133444,2.532954251744637,3.0933442600514875,2.532954251744637,3.1038850640133444,2.6880330834841044,3.3882331019067404,2.7138795554406823,3.4057853667151026,2.6880330834841044,3.3968567952865314,2.610493667614371,3.315786360052104,2.5588007237012147,3.3189831875910367,2.507107779788059,3.097877036797386,1.4990953734815198,1.7941646732343033,4.884983199793228,5.953044086273084,,,,,,,,,,,,,
drax,,ls-test-clean,lowT,lowT,12,200,3869,23.7,40,2.165,2.08209,1.0,en,2.817265443266994,3.2738806521822124,2.532954251744637,3.1002931099903557,2.507107779788059,3.0933580752592684,2.532954251744637,3.1002931099903557,2.6363401395709487,3.3346616733353125,2.7138795554406823,3.4057853667151026,2.6880330834841044,3.3968567952865314,2.610493667614371,3.290845535769175,2.532954251744637,3.198557524073268,2.532954251744637,3.2684833755114044,1.473248901524942,1.7608313399009696,5.091754975445852,6.219062544938602,,,,,,,,,,,,,
drax,,ls-test-clean,lowT,lowT,15,200,3869,23.7,40,2.355,2.0707850000000003,1.0,en,2.817265443266994,3.2738806521822124,2.532954251744637,3.1285062761345563,2.532954251744637,3.1343917542239823,2.481261307831481,3.1106491332774135,2.6363401395709487,3.3346616733353125,2.6363401395709487,3.3123402447638837,2.6363401395709487,3.3346616733353125,2.6363401395709487,3.3346616733353125,2.532954251744637,3.2691457593673854,2.5588007237012147,3.2762958755114044,1.421555957611786,1.707043461113091,5.272680279141897,6.526334431366498,2.632924335378323,2.2494887525562373,2.505112474437628,2.505112474437628,4.754601226993865,4.652351738241308,4.703476482617587,1.3803680981595092,1.2147841819591625,1.369888393958024,1.36986301369863,1.6485819226515523,4.0
drax,,ls-test-clean,lowT,lowT,16,200,3869,23.7,40,2.385,2.047365,1.0,en,2.817265443266994,3.2738806521822124,2.532954251744637,3.1285062761345563,2.507107779788059,3.103141754223982,2.481261307831481,3.1106491332774135,2.610493667614371,3.3034116733353125,2.6363401395709487,3.3123402447638837,2.610493667614371,3.3034116733353125,2.6363401395709487,3.3346616733353125,2.532954251744637,3.2564142778859035,2.532954251744637,3.267367304082833,1.421555957611786,1.707043461113091,5.298526751098475,6.547167764699832,2.632924335378323,2.2494887525562373,2.4795501022494886,2.505112474437628,4.754601226993865,4.652351738241308,4.677914110429448,1.3803680981595092,1.2147841819591625,1.369888393958024,1.36986301369863,1.6485819226515523,4.0
drax,,ls-test-clean,main,main,1,600,11919,73.1,40,1.0,0.0,0.9966816666666667,en,5.235338535112006,6.409801162208474,5.235338535112006,6.409801162208474,5.235338535112006,6.409801162208474,5.235338535112006,6.409801162208474,5.235338535112006,6.409801162208474,5.235338535112006,6.409801162208474,5.235338535112006,6.409801162208474,5.235338535112006,6.409801162208474,5.235338535112006,6.409801162208474,5.235338535112006,6.409801162208474,5.235338535112006,6.409801162208474,5.235338535112006,6.409801162208474,5.125218404193361,5.125218404193361,5.125218404193361,5.125218404193361,6.922372909559863,6.922372909559863,6.922372909559863,5.125218404193361,,,,,
drax,,ls-test-clean,main,main,2,600,11919,73.1,40,1.5983333333333334,8.346085,0.9966816666666667,en,5.235338535112006,6.409801162208474,3.9097239701317226,4.709731973068656,4.085913247755684,4.734435110822793,3.8426042453225944,4.511184870184035,5.612886987163352,6.931186608731549,3.9516737981374277,4.807724424660179,4.270492490980787,5.274395715814601,5.143048913499455,6.395371990566143,3.498615655675812,4.246713912239814,3.498615655675812,4.246713912239814,3.1881869284335935,3.856986550373282,7.391559694605252,9.30466764038509,,,,,,,,,2.2485107811057974,2.8063189422990185,2.827418407584529,3.2927634407668114,14.333333333333334
drax,,ls-test-clean,main,main,3,600,11919,73.1,40,2.035,7.874029999999999,0.9966816666666667,en,5.235338535112006,6.409801162208474,3.6076852084906452,4.315660361555626,3.800654417316889,4.4705386203615,3.590905277288363,4.273233841349287,3.314036412450709,4.049356961031841,3.355986240456414,4.031633357237598,3.1965768940347346,3.829645446813595,3.1462371004278884,3.940059037949318,2.886148166792516,3.5636054545031417,2.9364879603993623,3.634697167371171,2.617669267556003,3.086369462230259,8.482255222753587,10.720247117296406,,,,,,,,,,,,,
drax,,ls-test-clean,main,main,4,600,11919,73.1,40,2.445,7.85354,0.9966816666666667,en,5.235338535112006,6.409801162208474,3.339206309254132,4.063089530021318,3.48183572447353,4.207132128296131,3.330816343652991,4.038956959873635,2.886148166792516,3.5027540994360167,3.087507341219901,3.725145596626786,2.9784377884050675,3.5738942623204615,2.7435187515731188,3.424911486875923,2.7351287859719777,3.3241376288425557,2.777078613977683,3.38140471430513,2.2569007467069384,2.711463714904707,9.346421679671113,12.076078976474484,,,,,,,,,1.5437536706099504,1.9074683018648224,2.114271331487541,2.4336605366292643,11.166666666666666
drax,,ls-test-clean,main,main,5,600,11919,73.1,40,2.8566666666666665,7.930768333333332,0.9966816666666667,en,5.235338535112006,6.409801162208474,3.2301367564392987,3.75411682076466,3.32242637805185,3.869642880126494,3.1881869284335935,3.716285081116824,2.785468579578824,3.3887162732750857,2.810638476382247,3.2814953170528063,2.7351287859719777,3.200815176175125,2.609279301954862,3.24372402077322,2.5337696115445927,3.0537645090969527,2.567329473949157,3.071089368333577,2.080711469082977,2.4769426360325175,10.177028274184076,13.175568514113111,,,,,,,,,,,,,
drax,,ls-test-clean,main,main,6,600,11919,73.1,40,3.2083333333333335,7.77672,0.9966816666666667,en,5.235338535112006,6.409801162208474,3.1042872724221833,3.532881043066232,3.1378471348267474,3.5421750679347546,3.0707274100176187,3.501459559828652,2.642839164359426,3.138340296959975,2.7267388203708363,3.172507062597025,2.693178957966272,3.1202502285462757,2.4498699555331824,3.015705405217524,2.4750398523366055,2.9238226323686725,2.567329473949157,3.04559060528081,1.9464720194647203,2.2319808123365243,10.655256313449115,13.817023333644304,,,,,,,,,,,,,
drax,,ls-test-clean,main,main,8,600,11919,73.1,40,3.935,7.65194,0.9966816666666667,en,5.235338535112006,6.409801162208474,3.0119976508096316,3.4507846878697954,2.9952177196073495,3.474714462776255,2.9868277540062085,3.4260612502320464,2.4498699555331824,2.83241990464933,2.5002097491400286,2.925440304221885,2.5337696115445927,2.9120047026522258,2.3827502307240542,2.809917874417568,2.3995301619263363,2.8137613467060056,2.4414799899320414,2.8714753845892163,1.7115529826327711,1.9900645139466142,11.569762563973487,15.026393855016137,,,,,,,,,1.1578152529574628,1.4266149885041253,1.644433257823643,1.87934231628476,9.0
drax,,ls-test-clean,main,main,10,600,11919,73.1,40,4.668333333333333,7.679941666666667,0.9966816666666667,en,5.235338535112006,6.409801162208474,3.0119976508096316,3.454106854545754,3.0455575132141957,3.4288466279128884,2.9868277540062085,3.425989751749634,2.4163100931286183,2.8244135560136443,2.4498699555331824,2.8551322767557936,2.3995301619263363,2.831787708543572,2.2904606091115025,2.634689050143071,2.3408004027183487,2.6742446436204546,2.4247000587297594,2.846251205704544,1.6108733954190788,1.8927380642329386,12.417149089688733,16.27925187448541,,,,,,,,,,,,,
drax,,ls-test-clean,main,main,12,600,11919,73.1,40,5.385,7.679753333333335,0.9966816666666667,en,5.235338535112006,6.409801162208474,2.9280979947982213,3.3134328759956757,2.9364879603993623,3.291594129077303,2.9113180635959393,3.3147895276182844,2.3995301619263363,2.704030638351514,2.4666498867354645,2.8714199362025754,2.4498699555331824,2.8303772630946846,2.2904606091115025,2.5721187413960434,2.3240204715160666,2.6786889829625413,2.3827502307240542,2.786072236577766,1.5269737394076683,1.79795191320293,12.979276784965181,17.054033899967322,,,,,,,,,,,,,
drax,,ls-test-clean,main,main,15,600,11919,73.1,40,6.441666666666666,7.771508333333333,0.9966816666666667,en,5.235338535112006,6.409801162208474,2.819028441983388,3.2191325171279503,2.886148166792516,3.232187155241617,2.810638476382247,3.202087062582496,2.4247000587297594,2.7811820403468026,2.3995301619263363,2.8024937484874535,2.4163100931286183,2.8187829515401,2.2820706435103615,2.5612865566746685,2.3072405403137846,2.6177854003970946,2.4247000587297594,2.852296197894402,1.409514220991694,1.6278035435939087,13.759543585871297,18.209441053275306,5.125218404193361,2.6957317580497544,2.38788584740827,2.3546052084200015,4.051917796821699,4.051917796821699,4.143439554039437,1.3062650802895415,0.9564560785300781,1.1429727971492398,1.3759543585871299,1.5419702102605748,7.5
drax,,ls-test-clean,main,main,16,600,11919,73.1,40,6.793333333333333,7.807111666666667,0.9966816666666667,en,5.235338535112006,6.409801162208474,2.810638476382247,3.2300895327844548,2.886148166792516,3.2690428637085787,2.810638476382247,3.233877411572334,2.3827502307240542,2.772152417700582,2.4582599211343235,2.874000745739419,2.4163100931286183,2.8028871214995332,2.2736806779092205,2.566517797868405,2.2988505747126435,2.651412228176568,2.4079201275274773,2.7967958621106215,1.3759543585871299,1.4930813213716867,13.994462622703248,18.547587785246076,5.125218404193361,2.6874115983026874,2.3379648889258675,2.4128463266494715,4.043597637074632,4.060237956568766,4.151759713786505,1.2896247607954072,0.9396761473277959,1.0707505749270179,1.3340045305814245,1.4510169430976299,7.166666666666667
drax,,ls-test-clean,main,ref,1,600,11919,73.1,40,1.0,0.0,0.99875,en,2.567329473949157,3.0352984995545436,2.567329473949157,3.0352984995545436,2.567329473949157,3.0352984995545436,2.567329473949157,3.0352984995545436,2.567329473949157,3.0352984995545436,2.567329473949157,3.0352984995545436,2.567329473949157,3.0352984995545436,2.567329473949157,3.0352984995545436,2.567329473949157,3.0352984995545436,2.567329473949157,3.0352984995545436,2.567329473949157,3.0352984995545436,2.567329473949157,3.0352984995545436,2.371245527914136,2.371245527914136,2.371245527914136,2.371245527914136,4.301522589233714,4.301522589233714,4.301522589233714,2.371245527914136,,,,,
drax,,ls-test-clean,main,ref,2,600,11919,73.1,40,1.165,1.4075216666666666,0.99875,en,2.567329473949157,3.0352984995545436,2.4834298179377465,2.944383888247984,2.4666498867354645,2.918444345764324,2.4834298179377465,2.944383888247984,2.59249937075258,2.9813666625928974,2.4750398523366055,2.886182830046925,2.5337696115445927,2.9536841240427845,2.5421595771457337,3.0076825518719446,2.4498699555331824,2.9171030556733877,2.4498699555331824,2.9171030556733877,2.18978102189781,2.5836406945773356,2.9280979947982213,3.496011387594042,,,,,,,,,1.9380820538635792,2.315116234678075,1.9968118130715664,2.35161692426261,4.5
drax,,ls-test-clean,main,ref,3,600,11919,73.1,40,1.2783333333333333,1.4252316666666665,0.99875,en,2.567329473949157,3.0352984995545436,2.4414799899320414,2.9099828318506553,2.4079201275274773,2.87723773381144,2.4414799899320414,2.9099828318506553,2.3911401963251953,2.8173345382001873,2.365970299521772,2.8350911172673885,2.365970299521772,2.8243250717187345,2.3911401963251953,2.82378687124135,2.3575803339206307,2.7998933995896937,2.3408004027183487,2.7949316109713735,1.9213021226612972,2.3182762947204396,3.1378471348267474,3.7400879123476547,,,,,,,,,,,,,
drax,,ls-test-clean,main,ref,4,600,11919,73.1,40,1.39,1.46272,0.99875,en,2.567329473949157,3.0352984995545436,2.4414799899320414,2.8533046387060246,2.3911401963251953,2.8050624646434166,2.4414799899320414,2.8533046387060246,2.3911401963251953,2.862131940775604,2.3491903683194897,2.7433157866202604,2.3575803339206307,2.7793813603907522,2.365970299521772,2.8922242978260115,2.3827502307240542,2.8580905024125873,2.3491903683194897,2.8238465556602277,1.7702827418407585,2.1354938813434763,3.339206309254132,3.92701129253631,2.371245527914136,2.263083451202263,2.2298028122139946,2.204842332972793,4.135119394292371,4.143439554039437,4.118479074798236,1.6473916299192946,1.5773135330145147,1.8572913097520973,1.652823223424784,1.9578195066038842,3.6666666666666665
drax,,ls-test-other,kscale,K64,1,200,3572,21.75,32,1.0,0.0,0.9924100000000001,en,10.414333706606943,11.578200246278442,10.414333706606943,11.578200246278442,10.414333706606943,11.578200246278442,10.414333706606943,11.578200246278442,10.414333706606943,11.578200246278442,10.414333706606943,11.578200246278442,10.414333706606943,11.578200246278442,10.414333706606943,11.578200246278442,10.414333706606943,11.578200246278442,10.414333706606943,11.578200246278442,10.414333706606943,11.578200246278442,10.414333706606943,11.578200246278442,10.177481974486966,10.177481974486966,10.177481974486966,10.177481974486966,12.2573488630061,12.2573488630061,12.2573488630061,10.177481974486966,,,,,
drax,,ls-test-other,kscale,K64,2,200,3572,21.75,32,1.665,13.46911,0.9924100000000001,en,10.414333706606943,11.578200246278442,7.9787234042553195,9.114366437763767,8.622620380739082,9.904248536144284,7.726763717805151,8.946082101154495,10.330347144456887,11.276094407995279,8.006718924972004,9.251866437763766,8.146696528555431,9.389768255395621,10.498320268756999,12.011430433157958,7.362821948488242,8.52588941666289,7.362821948488242,8.52588941666289,6.998880179171333,7.775507185905045,13.269876819708847,15.505508332635594,,,,,,,,,5.2631578947368425,6.062011938825242,6.4949608062709965,7.207128646519773,20.5
drax,,ls-test-other,kscale,K64,3,200,3572,21.75,32,2.31,13.670129999999999,0.9924100000000001,en,10.414333706606943,11.578200246278442,7.19484882418813,8.426664095208537,7.894736842105263,9.198321716590423,7.082866741321388,8.319824692780898,7.082866741321388,7.755880389480635,6.802911534154536,7.793531194612401,6.942889137737962,7.874300365917286,6.998880179171333,8.010849622414849,6.326987681970885,7.35187112912379,6.382978723404255,7.518537795790456,5.93505039193729,6.7080716049694304,14.977603583426651,17.920689473470762,,,,,,,,,,,,,
drax,,ls-test-other,kscale,K64,4,200,3572,21.75,32,2.865,13.57949,0.9924100000000001,en,10.414333706606943,11.578200246278442,6.83090705487122,8.000044276716473,7.558790593505039,8.788131247615944,6.83090705487122,7.96155221322441,6.718924972004479,7.600105244782754,6.634938409854423,7.756822432492455,6.634938409854423,7.429799224219247,6.438969764837626,7.360466081318851,6.131019036954087,7.158134945860228,6.131019036954087,7.158134945860228,5.403135498320268,6.113156623610746,16.32138857782755,19.513128521998908,,,,,,,,,3.723404255319149,4.584316843882083,5.011198208286674,5.742174182279467,19.0
drax,,ls-test-other,kscale,K64,5,200,3572,21.75,32,3.395,13.522659999999998,0.9924100000000001,en,10.414333706606943,11.578200246278442,6.802911534154536,8.21579343822318,7.61478163493841,9.011008401085203,6.802911534154536,8.170356930286673,6.326987681970885,7.182693581153984,6.326987681970885,7.373023837296801,6.187010078387458,7.001148092477387,5.879059350503919,6.70442799944086,5.4591265397536395,6.3435641717971984,5.51511758118701,6.464992743225771,4.983202687569989,5.707853593307716,17.049272116461367,20.518235954537552,,,,,,,,,,,,,
drax,,ls-test-other,kscale,K64,6,200,3572,21.75,32,3.935,13.58109,0.9924100000000001,en,10.414333706606943,11.578200246278442,6.662933930571109,7.782019166517876,7.3908174692049275,8.615734517880284,6.662933930571109,7.8155745000732075,6.131019036954087,6.915250521731246,6.187010078387458,6.958801684224496,6.103023516237402,6.903837704110964,5.823068309070549,6.7502498906409025,5.347144456886898,6.170440452191758,5.431131019036954,6.310718229969536,4.759238521836506,5.477255340607602,17.80515117581187,21.445199477126074,,,,,,,,,,,,,
drax,,ls-test-other,kscale,K64,8,200,3572,21.75,32,4.935,13.572944999999999,0.9924100000000001,en,10.414333706606943,11.578200246278442,6.522956326987682,7.488478741310045,7.3348264277715565,8.291882461901267,6.522956326987682,7.4776201554514605,5.907054871220605,6.494055376695209,5.963045912653976,6.608866867589381,5.851063829787234,6.456295069095972,5.627099664053752,6.242303562182766,5.235162374020157,5.9224187652037585,5.291153415453527,5.972671290456283,4.339305711086226,4.7781617206692495,18.95296752519597,22.90999843422336,,,,,,,,,2.715565509518477,3.2677962700065915,4.227323628219485,4.618241085748615,19.5
drax,,ls-test-other,kscale,K64,10,200,3572,21.75,32,5.93,13.61248,0.9924100000000001,en,10.414333706606943,11.578200246278442,6.270996640537514,7.265616016970462,7.054871220604703,7.954467184851234,6.159014557670773,7.0353129866674315,5.543113101903695,5.983080496312433,5.907054871220605,6.438589089811603,5.739081746920493,6.263239513540415,5.2631578947368425,5.832088462096338,5.235162374020157,5.807117392860563,5.179171332586786,5.798228503971673,4.283314669652856,4.644828387335917,19.960806270996642,24.313755532859492,,,,,,,,,,,,,
drax,,ls-test-other,kscale,K64,12,200,3572,21.75,32,6.875,13.634760000000002,0.9924100000000001,en,10.414333706606943,11.578200246278442,6.019036954087346,6.963447469213678,6.83090705487122,7.617357111987485,5.93505039193729,6.7384474692136775,5.543113101903695,6.0225110511266156,5.93505039193729,6.5560415970885275,5.851063829787234,6.416263857606283,5.151175811870101,5.678594626830147,5.179171332586786,5.6977739585171285,5.123180291153416,5.6097184029615725,4.115341545352743,4.32841707247259,21.16461366181411,26.160077330769855,,,,,,,,,,,,,
drax,,ls-test-other,kscale,K64,15,200,3572,21.75,32,8.365,13.737964999999999,0.9924100000000001,en,10.414333706606943,11.578200246278442,6.131019036954087,6.978079100374915,6.83090705487122,7.595730127860502,6.075027995520717,6.853079100374915,5.487122060470325,6.003767581952111,5.739081746920493,6.21147089001782,5.599104143337066,6.088486079828505,5.151175811870101,5.661509666009199,5.09518477043673,5.651426104753035,5.067189249720045,5.635619827696759,3.9193729003359463,4.139592683067704,22.36842105263158,27.840702784034622,10.177481974486966,5.990016638935108,5.1858014420410425,5.574043261231282,7.321131447587354,7.265668330560177,7.237936772046589,3.521907931225735,2.295632698768197,2.7050686780694715,3.807390817469205,4.038005381480401,19.5
drax,,ls-test-other,kscale,K64,16,200,3572,21.75,32,8.845,13.693254999999999,0.9924100000000001,en,10.414333706606943,11.578200246278442,5.99104143337066,6.697721957517771,6.802911534154536,7.604063461193834,5.93505039193729,6.572721957517771,5.4591265397536395,5.936768031794667,5.683090705487122,6.116266211655246,5.571108622620381,6.009948068132598,5.067189249720045,5.579806126147764,5.039193729003359,5.499995681236147,5.09518477043673,5.555240726320121,3.891377379619261,4.101131144606166,22.620380739081746,28.141519777498676,10.177481974486966,5.990016638935108,5.213533000554631,5.574043261231282,7.237936772046589,7.237936772046589,7.293399889073766,3.521907931225735,2.295632698768197,2.7050686780694715,3.807390817469205,4.024543843018863,19.0
drax,,ls-test-other,kscale,K64,20,200,3572,21.75,32,10.735,13.619605,0.9924100000000001,en,10.414333706606943,11.578200246278442,5.93505039193729,6.6451730367189485,6.578947368421052,7.335349310276294,5.767077267637178,6.386839703385617,5.123180291153416,5.501718515072524,5.431131019036954,5.839040094895219,5.207166853303471,5.528982223586231,5.039193729003359,5.533882074709006,4.871220604703248,5.283884071587476,4.955207166853303,5.347077566688865,3.6114221724524076,3.878581192268037,23.96416573348264,29.827851502571377,,,,,,,,,,,,,
drax,,ls-test-other,kscale,K64,24,200,3572,21.75,32,12.65,13.598334999999999,0.9924100000000001,en,10.414333706606943,11.578200246278442,5.879059350503919,6.577771231370982,6.4949608062709965,7.214738620201416,5.711086226203808,6.309517263117015,5.123180291153416,5.474208242858862,5.375139977603584,5.679558234832773,5.179171332586786,5.363652581200259,5.039193729003359,5.436526288532183,4.955207166853303,5.277606217543147,4.955207166853303,5.312948479447909,3.41545352743561,3.6337647240140685,25.111982082866742,31.579812986363358,,,,,,,,,,,,,
drax,,ls-test-other,kscale,K64,32,200,3572,21.75,32,16.345,13.706385000000001,0.9924100000000001,en,10.414333706606943,11.578200246278442,5.99104143337066,6.50798333193192,6.270996640537514,6.782512628600424,5.823068309070549,6.350840474789063,5.123180291153416,5.515999946478658,5.319148936170213,5.6201320766997185,5.179171332586786,5.386057666536379,4.983202687569989,5.377441455096481,4.955207166853303,5.354428006864936,5.011198208286674,5.410930532117462,3.2474804031354982,3.4145893901671247,26.93169092945129,34.38842943372266,,,,,,,,,1.8197088465845466,2.0662424069245313,3.1634938409854425,3.338002088579822,15.0
drax,,ls-test-other,kscale,K64,48,200,3572,21.75,32,23.495,13.673155000000001,0.9924100000000001,en,10.414333706606943,11.578200246278442,5.907054871220605,6.460323179584268,6.243001119820828,6.6410402468155425,5.879059350503919,6.424608893869982,5.067189249720045,5.5558642141554255,5.067189249720045,5.328501299292512,5.179171332586786,5.4285012992925115,4.955207166853303,5.387266963083325,4.899216125419933,5.4188561391577945,5.039193729003359,5.532228649881869,3.0235162374020157,3.1914474546200657,28.555431131019038,37.17056829917048,,,,,,,,,,,,,
drax,,ls-test-other,kscale,K64,64,200,3572,21.75,32,30.58,13.589175000000001,0.9924100000000001,en,10.414333706606943,11.578200246278442,5.907054871220605,6.340893158700759,6.466965285554311,6.948062754483497,5.907054871220605,6.340893158700759,5.039193729003359,5.568724817689814,5.011198208286674,5.343611529418631,5.039193729003359,5.38474213370713,4.8152295632698765,5.161437237253599,4.899216125419933,5.40887747554717,5.011198208286674,5.472806901384491,2.9395296752519595,3.1288657552736603,29.61926091825308,38.75651164560973,10.177481974486966,5.740432612312812,4.603438713255685,4.7420965058236275,6.988352745424293,7.071547420965058,7.182473655019412,2.6622296173044924,1.427771556550952,1.5487713194688422,2.855543113101904,3.055056231464136,16.5
drax,,ls-test-other,lowT,lowT,1,200,3572,21.75,32,1.0,0.0,0.9987550000000001,en,5.487122060470325,5.933716413968025,5.487122060470325,5.933716413968025,5.487122060470325,5.933716413968025,5.487122060470325,5.933716413968025,5.487122060470325,5.933716413968025,5.487122060470325,5.933716413968025,5.487122060470325,5.933716413968025,5.487122060470325,5.933716413968025,5.487122060470325,5.933716413968025,5.487122060470325,5.933716413968025,5.487122060470325,5.933716413968025,5.487122060470325,5.933716413968025,4.9916805324459235,4.9916805324459235,4.9916805324459235,4.9916805324459235,7.570715474209651,7.570715474209651,7.570715474209651,4.9916805324459235,,,,,
drax,,ls-test-other,lowT,lowT,2,200,3572,21.75,32,1.33,3.612015,0.9987550000000001,en,5.487122060470325,5.933716413968025,5.571108622620381,5.924836936715554,5.4591265397536395,5.827852708241556,5.571108622620381,5.924836936715554,5.4591265397536395,5.928134244231443,5.599104143337066,5.984360746239363,5.6550951847704365,6.012391049269667,5.51511758118701,5.9441296118812215,5.403135498320268,5.8814140588882795,5.403135498320268,5.8814140588882795,4.6192609182530795,5.0022783691888435,6.858902575587906,7.2245615571372355,,,,,,,,,4.1993281075028,4.581049206194976,4.25531914893617,4.615853127763604,6.0
drax,,ls-test-other,lowT,lowT,3,200,3572,21.75,32,1.595,3.828535,0.9987550000000001,en,5.487122060470325,5.933716413968025,5.599104143337066,5.951000300378918,5.487122060470325,5.835960516349364,5.599104143337066,5.951000300378918,5.347144456886898,5.741047181833483,5.375139977603584,5.812060890347192,5.319148936170213,5.721981525267827,5.291153415453527,5.746850753262054,5.179171332586786,5.571761235363479,5.123180291153416,5.582177902030146,4.311310190369541,4.620322849075429,7.502799552071669,8.140391580334713,,,,,,,,,,,,,
drax,,ls-test-other,lowT,lowT,4,200,3572,21.75,32,1.835,3.9577,0.9987550000000001,en,5.487122060470325,5.933716413968025,5.487122060470325,5.689391852175075,5.4591265397536395,5.699324348724419,5.487122060470325,5.689391852175075,5.123180291153416,5.45775933785485,5.291153415453527,5.541680913963926,5.123180291153416,5.345862843145856,5.011198208286674,5.3729709780664905,4.927211646136618,5.329055634151146,4.899216125419933,5.275583411928924,4.1993281075028,4.525966766561452,7.838745800671893,8.670257703655341,,,,,,,,,3.6954087346024638,4.037936476931898,3.975363941769317,4.317105627700313,8.5
drax,,ls-test-other,lowT,lowT,5,200,3572,21.75,32,2.06,3.915075,0.9987550000000001,en,5.487122060470325,5.933716413968025,5.571108622620381,5.724922155205378,5.599104143337066,5.813850492515268,5.571108622620381,5.724922155205378,5.011198208286674,5.453534800817813,5.151175811870101,5.509288769071781,5.123180291153416,5.453733213516225,5.039193729003359,5.507767605050617,5.09518477043673,5.57488493001678,5.039193729003359,5.522624538680758,4.143337066069429,4.461260884208511,8.202687569988802,9.085218891770282,,,,,,,,,,,,,
drax,,ls-test-other,lowT,lowT,6,200,3572,21.75,32,2.22,3.8343399999999996,0.9987550000000001,en,5.487122060470325,5.933716413968025,5.543113101903695,5.717873002807388,5.571108622620381,5.806801340117278,5.543113101903695,5.717873002807388,4.983202687569989,5.359560281185399,5.207166853303471,5.561765362246049,5.123180291153416,5.445495520976207,5.039193729003359,5.450744718376567,5.09518477043673,5.509309533191383,5.067189249720045,5.541199468652747,4.087346024636059,4.419019504898166,8.51063829787234,9.352593444505857,,,,,,,,,,,,,
drax,,ls-test-other,lowT,lowT,8,200,3572,21.75,32,2.605,3.88152,0.9987550000000001,en,5.487122060470325,5.933716413968025,5.6550951847704365,5.849288118930879,5.6550951847704365,5.877150624508804,5.6550951847704365,5.849288118930879,5.039193729003359,5.375977959367782,5.207166853303471,5.437851150096542,5.179171332586786,5.40610511835051,5.067189249720045,5.467889909786465,5.123180291153416,5.559237507384063,4.927211646136618,5.295988553956538,4.003359462486002,4.341364429710197,8.87458006718925,9.699384313631285,,,,,,,,,3.471444568868981,3.8388733557669155,3.7793952967525195,4.1325032908490575,8.5
drax,,ls-test-other,lowT,lowT,10,200,3572,21.75,32,2.93,3.873725,0.9987550000000001,en,5.487122060470325,5.933716413968025,5.51511758118701,5.763969760818403,5.599104143337066,5.873808133666312,5.51511758118701,5.763969760818403,4.955207166853303,5.39677033749909,5.09518477043673,5.514591252267679,5.039193729003359,5.490839406568159,4.899216125419933,5.3384370041657565,4.927211646136618,5.416214781943535,4.899216125419933,5.379142132370886,3.891377379619261,4.2552533185990855,9.042553191489361,9.87186777876181,,,,,,,,,,,,,
drax,,ls-test-other,lowT,lowT,12,200,3572,21.75,32,3.26,3.908455,0.9987550000000001,en,5.487122060470325,5.933716413968025,5.403135498320268,5.686011890063922,5.51511758118701,5.765150407211976,5.403135498320268,5.686011890063922,4.871220604703248,5.149215492426745,4.927211646136618,5.23334713346628,4.927211646136618,5.24257332394247,4.927211646136618,5.192271047982301,4.8152295632698765,5.082229756691008,4.843225083986562,5.215027027646174,3.6954087346024638,4.044845597598144,9.266517357222844,10.224015304438748,,,,,,,,,,,,,
drax,,ls-test-other,lowT,lowT,15,200,3572,21.75,32,3.685,3.8549200000000003,0.9987550000000001,en,5.487122060470325,5.933716413968025,5.319148936170213,5.597643834508367,5.543113101903695,5.802743890117958,5.319148936170213,5.597643834508367,4.899216125419933,5.238772775945494,4.927211646136618,5.238219066089458,4.955207166853303,5.288772775945494,4.899216125419933,5.245171585469303,4.899216125419933,5.22746325213597,4.731243001119821,5.018709597165211,3.6114221724524076,3.9627027404552866,9.462486002239642,10.610998747241155,4.9916805324459235,4.936217415418747,4.409317803660565,4.437049362174154,7.016084303937881,7.016084303937881,6.877426511369939,3.272323904603439,3.0235162374020157,3.2938299512966203,3.471444568868981,3.827651125403671,9.0
drax,,ls-test-other,lowT,lowT,16,200,3572,21.75,32,3.84,3.871825,0.9987550000000001,en,5.487122060470325,5.933716413968025,5.319148936170213,5.5863343106988435,5.4591265397536395,5.729738501521842,5.319148936170213,5.5863343106988435,4.8152295632698765,5.120583673381391,4.899216125419933,5.16883948733488,4.843225083986562,5.145583673381392,4.899216125419933,5.1713835116812295,4.927211646136618,5.2330114186579735,4.871220604703248,5.119743874798325,3.555431131019037,3.8138932166457624,9.546472564389697,10.733022556764965,4.9916805324459235,4.936217415418747,4.3261231281198,4.381586245146977,7.016084303937881,7.016084303937881,6.932889628397116,3.2168607875762616,2.99552071668533,3.16882995129662,3.387458006718925,3.5955082682608137,8.5
drax,,ls-test-other,main,main,1,600,10627,65.27,33,1.0,0.0,0.9937716666666665,en,10.256892820175025,12.554824710692033,10.256892820175025,12.554824710692033,10.256892820175025,12.554824710692033,10.256892820175025,12.554824710692033,10.256892820175025,12.554824710692033,10.256892820175025,12.554824710692033,10.256892820175025,12.554824710692033,10.256892820175025,12.554824710692033,10.256892820175025,12.554824710692033,10.256892820175025,12.554824710692033,10.256892820175025,12.554824710692033,10.256892820175025,12.554824710692033,9.914354868739528,9.914354868739528,9.914354868739528,9.914354868739528,11.850679575498045,11.850679575498045,11.850679575498045,9.914354868739528,,,,,
drax,,ls-test-other,main,main,2,600,10627,65.27,33,1.7016666666666667,14.745339999999999,0.9937716666666665,en,10.256892820175025,12.554824710692033,8.685423920203256,10.146306156665407,8.948903735767384,10.548323724261884,8.647783946551238,10.192780471501091,10.586242589630187,12.68277174092344,8.779523854333302,10.307346978912314,8.930083748941376,10.687913454182176,10.313352780653053,12.697036265884895,7.7820645525548136,9.442578728532888,7.7820645525548136,9.442578728532888,7.631504657946739,8.849433458443157,13.277500705749507,16.625130039139275,,,,,,,,,5.655406041215771,6.7690344885876375,6.953985132210407,8.042421086777447,24.0
drax,,ls-test-other,main,main,3,600,10627,65.27,33,2.3266666666666667,14.641733333333335,0.9937716666666665,en,10.256892820175025,12.554824710692033,8.167874282488002,9.255068945824508,8.563094005834197,9.891503043611387,8.149054295661992,9.261048183297941,8.3654841441611,9.78613215105858,7.960854427401901,9.05143477293904,7.913804460336878,9.010245794767288,7.7256045920767855,9.228367948242166,7.132775007057495,8.281276666056282,7.198644960948528,8.464770619193091,6.662275336407265,7.465780758794482,15.1030394278724,19.014544190976274,,,,,,,,,,,,,
drax,,ls-test-other,main,main,4,600,10627,65.27,33,2.925,14.723973333333337,0.9937716666666665,en,10.256892820175025,12.554824710692033,7.87616448668486,8.9677086050438,8.111414322009974,9.23506376393542,7.763244565728804,8.795007292963271,7.396254822621624,8.613219006035425,7.518584736990684,8.557228300852785,7.339794862143597,8.399480806007178,6.888115178319375,8.12664220675566,6.737555283711301,7.925787395166695,6.784605250776324,8.015513197529064,6.031805777735956,6.661756409979352,16.269878611084973,20.83613566844111,,,,,,,,,3.9992472005269595,4.583839235544149,5.645996047802766,6.244399628919876,23.666666666666668
drax,,ls-test-other,main,main,5,600,10627,65.27,33,3.4883333333333333,14.69866,0.9937716666666665,en,10.256892820175025,12.554824710692033,7.6973746118377715,8.639329311616853,7.885574480097864,8.870885742126571,7.631504657946739,8.52991362398789,7.161004987296509,8.104441468609114,7.330384868730592,8.144579591923632,7.161004987296509,7.980359435967206,6.586995389103228,7.642013366399368,6.417615507669145,7.382942798036507,6.3893855274301306,7.321798618142326,5.608356074150748,6.106323491036199,17.173237978733415,21.978423735121122,,,,,,,,,,,,,
drax,,ls-test-other,main,main,6,600,10627,65.27,33,4.008333333333334,14.465084999999998,0.9937716666666665,en,10.256892820175025,12.554824710692033,7.6785546250117624,8.638741793917152,7.829114519619837,8.908377018458967,7.603274677707725,8.548363474196814,6.888115178319375,7.755730045935383,7.085725039992472,7.81120768505297,6.944575138797402,7.674737486513286,6.314105580126094,7.273148228660245,6.332925566952103,7.204103641116798,6.323515573539098,7.16944829802925,5.382516232238637,5.888949374201954,17.907217464947774,22.952959884704065,,,,,,,,,,,,,
drax,,ls-test-other,main,main,8,600,10627,65.27,33,5.028333333333333,14.170405,0.9937716666666665,en,10.256892820175025,12.554824710692033,7.415074809447633,8.327190018725284,7.452714783099652,8.444665687164152,7.36802484238261,8.343101689066867,6.474075468147173,7.315703207196492,6.756375270537311,7.649539929388846,6.558765408864214,7.276928921207987,6.031805777735956,7.018539541894299,5.994165804083937,6.870234107871509,6.050625764561965,6.914159386872744,4.883786581349393,5.2830075732592165,19.186976569116403,24.574529552845455,,,,,,,,,3.218217747247577,3.6566302942581292,4.648536746024278,5.065362221007401,19.333333333333332
drax,,ls-test-other,main,main,10,600,10627,65.27,33,6.028333333333333,14.045481666666667,0.9937716666666665,en,10.256892820175025,12.554824710692033,7.245694928013551,8.105569819153487,7.339794862143597,8.25760158015401,7.189234967535523,8.151987241769397,6.276465606474075,7.231142095710339,6.558765408864214,7.436535312371404,6.3611555471911165,7.239475641755012,5.843605909475864,6.737409167326468,5.81537592923685,6.705984507201446,5.871835889714877,6.759803457735393,4.4885668580032,4.9553792962625325,20.06210595652583,25.80148531318421,,,,,,,,,,,,,
drax,,ls-test-other,main,main,12,600,10627,65.27,33,7.033333333333333,14.096325,0.9937716666666665,en,10.256892820175025,12.554824710692033,7.170414980709514,7.943154975464135,7.1421850004705,7.949964419569812,7.0574950597534585,7.81011802307291,6.201185659170038,7.052862489487663,6.521125435212196,7.4449176826662296,6.323515573539098,7.181285729351384,5.881245883127882,6.733713083469178,5.805965935823845,6.686371186343443,5.881245883127882,6.738118631392595,4.3380069633951255,4.787803011953823,21.16307518584737,27.342493552732368,,,,,,,,,,,,,
drax,,ls-test-other,main,main,15,600,10627,65.27,33,8.528333333333334,14.11,0.9937716666666665,en,10.256892820175025,12.554824710692033,7.179824974122518,8.072994801482565,7.095135033405477,7.955140618172591,7.1421850004705,8.008385540582227,5.994165804083937,6.81579166829769,6.229415639409052,7.03432293708524,6.031805777735956,6.829523076166405,5.7212759951068035,6.524853602347086,5.627176060976757,6.4475612112656595,5.7495059753458175,6.553536281065537,4.083937141244001,4.54868964491182,22.14171450079985,28.77545171910508,9.914354868739528,6.814373487246323,5.706572332898902,5.911375907652206,7.661515546453175,7.540495252280767,7.661515546453175,3.8447216533234037,2.5218782346852358,3.1006380213710996,3.9145572598099183,4.359166770464686,17.166666666666668
drax,,ls-test-other,main,main,16,600,10627,65.27,33,9.0,14.073798333333334,0.9937716666666665,en,10.256892820175025,12.554824710692033,7.151594993883505,8.035865833214958,7.0386750729274485,7.848523224422843,7.113955020231486,7.92492230748664,5.947115837018914,6.763093669964304,6.238825632822057,6.9746407280017575,6.088265738213983,6.861139982822635,5.768325962171827,6.620946845065688,5.636586054389762,6.473495078430015,5.730685988519808,6.545676241147938,4.027477180765973,4.478543332968196,22.320504375646937,29.03785129397063,9.914354868739528,6.74920871346118,5.660026065909514,5.874138894060696,7.6801340532489295,7.5591137590765225,7.642897039657419,3.8074846397318933,2.465418274207208,2.989130084863162,3.895737272983909,4.338995129240413,17.333333333333336
drax,,ls-test-other,main,ref,1,600,10627,65.27,33,1.0,0.0,0.99875,en,6.3611555471911165,7.344522530789442,6.3611555471911165,7.344522530789442,6.3611555471911165,7.344522530789442,6.3611555471911165,7.344522530789442,6.3611555471911165,7.344522530789442,6.3611555471911165,7.344522530789442,6.3611555471911165,7.344522530789442,6.3611555471911165,7.344522530789442,6.3611555471911165,7.344522530789442,6.3611555471911165,7.344522530789442,6.3611555471911165,7.344522530789442,6.3611555471911165,7.344522530789442,5.976540681437348,5.976540681437348,5.976540681437348,5.976540681437348,8.238689257121578,8.238689257121578,8.238689257121578,5.976540681437348,,,,,
drax,,ls-test-other,main,ref,2,600,10627,65.27,33,1.32,3.416006666666667,0.99875,en,6.3611555471911165,7.344522530789442,6.125905711866002,6.989863934252197,6.154135692105015,7.011809385137865,6.116495718452997,6.969030600918863,6.40820551425614,7.2817323325150785,6.172955678931025,7.063080069968334,6.201185659170038,7.059069735617442,6.276465606474075,7.307489430874532,5.994165804083937,7.042972253151855,5.994165804083937,7.042972253151855,5.410746212477651,6.2731373569892295,7.161004987296509,8.25550045807326,,,,,,,,,4.808506634045356,5.632730059871367,4.94024654182742,5.72016168693034,8.666666666666668
drax,,ls-test-other,main,ref,3,600,10627,65.27,33,1.5466666666666666,3.4383133333333338,0.99875,en,6.3611555471911165,7.344522530789442,6.022395784322951,6.876981318650128,6.088265738213983,6.928500440057932,6.050625764561965,6.892132833801642,5.93770584360591,6.77145021764845,5.824785922649854,6.649248981287697,5.890655876540887,6.7221303322868975,5.965935823844923,6.850391003222131,5.834195916062859,6.695627567523797,5.900065869953891,6.834784307177033,5.109626423261504,5.909099375449341,7.7350145854897905,8.857779934602373,,,,,,,,,,,,,
drax,,ls-test-other,main,ref,4,600,10627,65.27,33,1.755,3.5166633333333333,0.99875,en,6.3611555471911165,7.344522530789442,6.069445751387974,6.926213412245525,6.144725698692011,6.981327776235983,6.069445751387974,6.926213412245525,5.900065869953891,6.746995843346776,5.824785922649854,6.654121050165938,5.805965935823845,6.659824959817216,5.834195916062859,6.6805340849303505,5.758915968758822,6.6721358970308,5.824785922649854,6.742338704584797,4.883786581349393,5.632655661999049,8.167874282488002,9.329174673656773,5.976540681437348,5.6041705455222495,5.576242785328617,5.4272947309625765,7.7359895736361945,7.670824799851052,7.7359895736361945,4.505678644572705,4.253317022678084,5.002832946451482,4.554436811894232,5.240696779733259,9.166666666666666
drax,,slr83,lowT,lowT,1,200,2767,23.03,24,1.0,0.0,0.99969,en,8.998915793277918,9.552151950646532,8.998915793277918,9.552151950646532,8.998915793277918,9.552151950646532,8.998915793277918,9.552151950646532,8.998915793277918,9.552151950646532,8.998915793277918,9.552151950646532,8.998915793277918,9.552151950646532,8.998915793277918,9.552151950646532,8.998915793277918,9.552151950646532,8.998915793277918,9.552151950646532,8.998915793277918,9.552151950646532,8.998915793277918,9.552151950646532,7.047824523552679,7.047824523552679,7.047824523552679,7.047824523552679,9.852571017619562,9.852571017619562,9.852571017619562,7.047824523552679,,,,,
drax,,slr83,lowT,lowT,2,200,2767,23.03,24,1.31,4.393485000000001,0.99969,en,8.998915793277918,9.552151950646532,8.92663534513914,9.36129232867236,8.890495121069751,9.284208995339025,9.035056017347307,9.42379232867236,9.432598482110588,9.923633867852136,9.107336465486085,9.673713241093271,9.179616913624864,9.75063631801635,9.071196241416697,9.531671760758448,8.854354897000361,9.402739867488318,8.854354897000361,9.402739867488318,7.9508492952656304,8.236535031875588,10.191543187567763,10.771547245467524,,,,,,,,,6.4691001084206725,6.826865398533349,6.830502349114565,7.093989543451612,12.5
drax,,slr83,lowT,lowT,3,200,2767,23.03,24,1.565,4.591425,0.99969,en,8.998915793277918,9.552151950646532,9.071196241416697,9.194127782692025,8.890495121069751,9.02329444935869,9.071196241416697,9.194127782692025,8.601373328514637,9.048630809335144,8.601373328514637,9.04731501986146,8.601373328514637,9.048630809335144,8.529092880375858,9.005482661186996,8.3845319840983,8.894335937540273,8.45681243223708,9.00400751596185,7.408745934224792,7.542607556701983,11.31189013371883,11.898003515375805,,,,,,,,,,,,,
drax,,slr83,lowT,lowT,4,200,2767,23.03,24,1.79,4.582975,0.99969,en,8.998915793277918,9.552151950646532,9.071196241416697,9.194344232908474,8.890495121069751,9.04802070349671,8.998915793277918,9.13552070349671,8.745934224792194,9.191253529751982,8.529092880375858,9.024213559917895,8.673653776653415,9.144213559917894,8.45681243223708,8.968325901824354,8.49295265630647,8.952170760669212,8.673653776653415,9.134840174588627,7.155764365739068,7.313325523375832,12.17925551138417,12.658608207810992,,,,,,,,,5.710155402963498,5.945031592361307,6.10769786772678,6.228345824425539,11.0
drax,,slr83,lowT,lowT,5,200,2767,23.03,24,1.965,4.56952,0.99969,en,8.998915793277918,9.552151950646532,9.324177809902421,9.557619846184087,9.107336465486085,9.387407857879994,9.251897361763643,9.498796316772323,8.565233104445248,9.039434858227427,8.565233104445248,9.053564734199409,8.529092880375858,8.999752318544889,8.565233104445248,9.033416339708909,8.45681243223708,8.954199029241598,8.3845319840983,8.85015214733094,6.975063245392121,7.177797448509522,12.540657752078063,13.022069746272532,,,,,,,,,,,,,
drax,,slr83,lowT,lowT,6,200,2767,23.03,24,2.15,4.55947,0.99969,en,8.998915793277918,9.552151950646532,9.179616913624864,9.436191274755515,9.107336465486085,9.638628859100995,9.179616913624864,9.427367745343751,8.818214672930972,9.258365584364036,8.745934224792194,9.19648801462269,8.745934224792194,9.19648801462269,8.529092880375858,9.018623980508655,8.45681243223708,9.016454418044974,8.49295265630647,9.021741002375677,6.722081676906397,6.997189679085963,12.829779544633176,13.307341640240079,,,,,,,,,,,,,
drax,,slr83,lowT,lowT,8,200,2767,23.03,24,2.425,4.55197,0.99969,en,8.998915793277918,9.552151950646532,9.179616913624864,9.469279510049633,8.92663534513914,9.213321867617532,9.107336465486085,9.410455980637868,8.529092880375858,8.967136840341176,8.601373328514637,9.020544051178724,8.601373328514637,9.020007988800558,8.42067220816769,8.865080073578525,8.348391760028912,8.820321988526324,8.529092880375858,9.020463769260209,6.613661004698229,6.892911604219654,13.263462233465848,13.79273541313385,,,,,,,,,5.059631369714492,5.400430953062528,5.6017347307553305,5.86427969691127,12.0
drax,,slr83,lowT,lowT,10,200,2767,23.03,24,2.74,4.6151,0.99969,en,8.998915793277918,9.552151950646532,9.324177809902421,9.84095317951742,8.96277556920853,9.498394229895778,9.251897361763643,9.782129650105656,8.673653776653415,9.101714297054855,8.818214672930972,9.016377384512058,8.673653776653415,8.872858865993543,8.45681243223708,8.872370234254909,8.348391760028912,8.813900027990584,8.49295265630647,8.965335602220275,6.432959884351283,6.675662186970236,13.733285146367907,14.335488931545266,,,,,,,,,,,,,
drax,,slr83,lowT,lowT,12,200,2767,23.03,24,3.0,4.6233,0.99969,en,8.998915793277918,9.552151950646532,9.071196241416697,9.428208818615165,8.890495121069751,9.303156871794643,8.998915793277918,9.3693852892034,8.745934224792194,9.14803008652854,8.890495121069751,9.336674655467224,8.92663534513914,9.356674655467224,8.565233104445248,8.964694525031213,8.49295265630647,8.944467325759895,8.276111311890133,8.803646939575732,6.2522587640043366,6.561773298081347,13.986266714853633,14.626499032555365,,,,,,,,,,,,,
drax,,slr83,lowT,lowT,15,200,2767,23.03,24,3.415,4.62666,0.99969,en,8.998915793277918,9.552151950646532,9.107336465486085,9.466670357076703,8.92663534513914,9.289911323912872,9.035056017347307,9.407846827664939,8.529092880375858,8.691894949735506,8.745934224792194,8.854243222377896,8.637513552584027,8.775539518674194,8.42067220816769,8.591894949735508,8.45681243223708,8.916158529293204,8.3845319840983,8.657092595227269,6.2522587640043366,6.561773298081347,14.456089627755691,15.078530179942549,7.047824523552679,6.903991370010788,6.3646170442286945,6.400575332614167,9.421071556993887,9.45702984537936,9.169363538295578,4.7105357784969435,4.806649801228768,5.151931535813111,5.421033610408385,5.690780279661853,12.5
drax,,slr83,lowT,lowT,16,200,2767,23.03,24,3.53,4.6457749999999995,0.99969,en,8.998915793277918,9.552151950646532,9.143476689555476,9.484347124753471,9.035056017347307,9.371080155081703,9.071196241416697,9.425523595341707,8.565233104445248,8.979773737614295,8.745934224792194,8.901757516505967,8.637513552584027,8.810322331320783,8.49295265630647,8.909185502320177,8.42067220816769,8.87308493621961,8.42067220816769,8.655198655833331,6.216118539934947,6.541773298081348,14.636790748102639,15.35054150195387,7.047824523552679,6.9399496583962605,6.400575332614167,6.508450197770586,9.492988133764833,9.385113268608414,9.20532182668105,4.638619201725998,4.734369353089989,5.101686437773894,5.421033610408385,5.7020302796618525,12.5
drax,,slr83,main,main,1,600,8270,67.79,24,1.0,0.0,0.9966816666666667,en,11.088270858524789,11.951339524108404,11.088270858524789,11.951339524108404,11.088270858524789,11.951339524108404,11.088270858524789,11.951339524108404,11.088270858524789,11.951339524108404,11.088270858524789,11.951339524108404,11.088270858524789,11.951339524108404,11.088270858524789,11.951339524108404,11.088270858524789,11.951339524108404,11.088270858524789,11.951339524108404,11.088270858524789,11.951339524108404,11.088270858524789,11.951339524108404,9.623933677760423,9.623933677760423,9.623933677760423,9.623933677760423,11.942809083263246,11.942809083263246,11.942809083263246,9.623933677760423,,,,,
drax,,slr83,main,main,2,600,8270,67.79,24,1.6133333333333333,12.108046666666667,0.9966816666666667,en,11.088270858524789,11.951339524108404,9.35912938331318,10.15673761930526,9.66142684401451,10.553283965116313,9.310761789600967,10.124853512127034,11.620314389359129,12.486294560876772,9.637243047158403,10.49332800976562,9.939540507859734,10.950975917413524,10.870616686819831,11.828167604285241,8.706166868198308,9.534915369603866,8.706166868198308,9.534915369603866,8.403869407496977,9.147706904005194,13.7726723095526,15.021929121939218,,,,,,,,,6.348246674727933,7.090953648006922,7.424425634824668,8.15462745769326,20.166666666666664
drax,,slr83,main,main,3,600,8270,67.79,24,2.1683333333333334,12.491845,0.9966816666666667,en,11.088270858524789,11.951339524108404,8.863361547762999,9.512475346309813,9.008464328899636,9.675088495687667,8.75453446191052,9.405523862158839,8.887545344619106,9.752643615837854,8.585247883917775,9.329632500014954,8.60943168077388,9.347135158175506,8.585247883917775,9.39754603946089,8.004836759371221,8.762609521587065,8.053204353083434,8.773345082322626,7.363966142684402,7.98222167354066,16.045949214026603,17.639627288198987,,,,,,,,,,,,,
drax,,slr83,main,main,4,600,8270,67.79,24,2.6666666666666665,12.402293333333335,0.9966816666666667,en,11.088270858524789,11.951339524108404,8.48851269649335,9.109869863652731,8.75453446191052,9.350639567804787,8.464328899637243,9.039442938820432,8.476420798065297,9.347453052880656,8.162031438935912,8.941042677480342,8.14993954050786,8.919011397356957,8.04111245465538,8.859221891552341,7.629987908101572,8.475568365378177,7.654171704957679,8.446240668115697,6.6505441354292625,7.266220347067254,17.31559854897219,19.085545801819862,,,,,,,,,4.776299879081016,5.452703182224312,5.96130592503023,6.6176768730867,19.333333333333332
drax,,slr83,main,main,5,600,8270,67.79,24,3.171666666666667,12.481528333333332,0.9966816666666667,en,11.088270858524789,11.951339524108404,8.07738814993954,8.750614527649569,8.403869407496977,9.005841819972984,8.18621523579202,8.799839711698027,7.920193470374849,8.820507698824992,7.678355501813785,8.490153765358313,7.617896009673519,8.52166591062046,7.569528415961306,8.416156583118152,7.376058041112454,8.233274177129395,7.448609431680774,8.300880024717125,6.118500604594922,6.707846023469872,18.319226118500605,20.10948931620321,,,,,,,,,,,,,
drax,,slr83,main,main,6,600,8270,67.79,24,3.6166666666666667,12.39962,0.9966816666666667,en,11.088270858524789,11.951339524108404,7.883917775090689,8.551277977260389,8.210399032648125,8.831731600986604,7.968561064087062,8.651790714341754,7.77509068923821,8.847433151683108,7.629987908101572,8.41282684019083,7.617896009673519,8.430312811010134,7.376058041112454,8.264265734448351,7.158403869407497,8.0733557892737,7.1704957678355505,8.056622985040896,5.8645707376058045,6.368160016799862,18.972188633615477,20.946814780556533,,,,,,,,,,,,,
drax,,slr83,main,main,8,600,8270,67.79,24,4.488333333333333,12.229225,0.9966816666666667,en,11.088270858524789,11.951339524108404,7.883917775090689,8.532363365657158,7.980652962515115,8.621683250644136,7.871825876662636,8.518596016527491,7.642079806529625,8.546332026143126,7.593712212817413,8.39034474898196,7.569528415961306,8.3723053682465,7.267230955259976,8.101338314287961,7.061668681983071,7.834292260077359,7.001209189842806,7.756520417722183,5.5380894800483675,6.010756999243394,20.024183796856107,22.155796597461354,,,,,,,,,4.0024183796856105,4.499417448742555,5.090689238210399,5.559405898132281,16.166666666666664
drax,,slr83,main,main,10,600,8270,67.79,24,5.3116666666666665,12.16808,0.9966816666666667,en,11.088270858524789,11.951339524108404,7.799274486094316,8.432967914797514,8.016928657799275,8.601580278642187,7.8597339782345825,8.495165285328216,7.376058041112454,8.171265664486208,7.3035066505441355,7.974203877506925,7.279322853688029,7.986593142830972,7.146311970979443,7.968625338849293,6.807738814993954,7.573456460886296,6.819830713422007,7.5871367620665975,5.356711003627569,5.7787229929446795,20.967351874244255,23.238867270450594,,,,,,,,,,,,,
drax,,slr83,main,main,12,600,8270,67.79,24,6.15,12.141241666666666,0.9966816666666667,en,11.088270858524789,11.951339524108404,7.968561064087062,8.636403337399603,7.992744860943168,8.630041679976395,7.980652962515115,8.657427868424133,7.218863361547763,8.032038828275368,7.218863361547763,7.896451236223581,7.230955259975816,7.985118794155845,6.86819830713422,7.535861995715722,6.735187424425635,7.475018793701209,6.795646916565901,7.53581354447274,5.2116082224909315,5.65161585343816,21.85006045949214,24.133839613925257,,,,,,,,,,,,,
drax,,slr83,main,main,15,600,8270,67.79,24,7.3966666666666665,12.072028333333334,0.9966816666666667,en,11.088270858524789,11.951339524108404,7.690447400241838,8.399602891373263,7.799274486094316,8.575722388061644,7.726723095525998,8.427327829833494,7.049576783555018,7.811951315540738,6.9770253929866985,7.656432665660634,6.964933494558646,7.720608635889237,6.880290205562273,7.600672620868195,6.686819830713422,7.420298865987215,6.771463119709795,7.485210411413466,4.969770253929867,5.43714688553911,22.817412333736396,25.198592779576256,9.623933677760423,6.464015379070047,5.899315150786975,5.851255556890544,8.110056470022828,7.905803195962994,8.013937282229966,4.04902078577436,3.5792019347037485,4.104109843264671,4.619105199516324,5.070674545874097,14.666666666666666
drax,,slr83,main,main,16,600,8270,67.79,24,7.786666666666667,12.029123333333333,0.9966816666666667,en,11.088270858524789,11.951339524108404,7.654171704957679,8.372740146275222,7.77509068923821,8.55457859721197,7.678355501813785,8.386576195846567,7.001209189842806,7.723276503510664,7.013301088270858,7.70511626505631,6.964933494558646,7.700302440536601,6.771463119709795,7.459877463047697,6.723095525997581,7.4289044814568665,6.831922611850061,7.493380373212169,4.873035066505441,5.340202441094666,23.05925030229746,25.460218398109767,9.623933677760423,6.367896191277183,5.827225759942328,5.779166166045897,7.977892586807641,7.917818094437102,8.013937282229966,3.9408866995073892,3.555018137847642,4.072165398820227,4.498186215235792,4.950581953281506,13.833333333333334
drax,,slr83,main,ref,1,600,8270,67.79,24,1.0,0.0,0.9995833333333334,en,7.593712212817413,8.439477463962195,7.593712212817413,8.439477463962195,7.593712212817413,8.439477463962195,7.593712212817413,8.439477463962195,7.593712212817413,8.439477463962195,7.593712212817413,8.439477463962195,7.593712212817413,8.439477463962195,7.593712212817413,8.439477463962195,7.593712212817413,8.439477463962195,7.593712212817413,8.439477463962195,7.593712212817413,8.439477463962195,7.593712212817413,8.439477463962195,6.127598221795026,6.127598221795026,6.127598221795026,6.127598221795026,8.758860987624654,8.758860987624654,8.758860987624654,6.127598221795026,,,,,
drax,,slr83,main,ref,2,600,8270,67.79,24,1.2866666666666666,3.8533916666666665,0.9995833333333334,en,7.593712212817413,8.439477463962195,7.267230955259976,8.086405039597203,7.230955259975816,8.02276867596084,7.267230955259976,8.086405039597203,7.714631197097944,8.549791301959102,7.4002418379685615,8.22261894007581,7.376058041112454,8.218529803091936,7.4365175332527205,8.356611043651247,7.230955259975816,8.035896051166445,7.230955259975816,8.035896051166445,6.505441354292624,7.355445537484506,8.512696493349456,9.362364724408685,,,,,,,,,5.489721886336155,6.227402376924748,5.743651753325272,6.545380321551243,10.5
drax,,slr83,main,ref,3,600,8270,67.79,24,1.5016666666666667,3.936336666666666,0.9995833333333334,en,7.593712212817413,8.439477463962195,7.327690447400242,8.091086672235548,7.3035066505441355,8.048116825318335,7.327690447400242,8.091086672235548,7.122128174123337,8.019891755897444,7.158403869407497,8.064837373145691,7.158403869407497,8.0542390825474,7.0737605804111245,7.968189829512855,7.085852478839178,7.994347236920262,7.0737605804111245,7.979593457561219,6.130592503022974,6.861449673728635,9.250302297460701,10.122465395581337,,,,,,,,,,,,,
drax,,slr83,main,ref,4,600,8270,67.79,24,1.705,3.8705133333333333,0.9995833333333334,en,7.593712212817413,8.439477463962195,7.194679564691657,7.858678442483351,7.2067714631197095,7.871991664349205,7.194679564691657,7.858678442483351,7.218863361547763,8.04539544252729,7.315598548972188,8.158395883444399,7.255139056831923,8.113155453939264,7.025392986698912,7.917658870724671,7.037484885126965,7.92266812803656,7.049576783555018,7.957344402054939,5.876662636033857,6.534894725408982,9.673518742442564,10.576475738953135,6.127598221795026,5.839240658416436,5.8031959629941126,5.935359846209299,8.26625015018623,8.302294845608555,8.242220353238014,4.601706115583323,4.848851269649335,5.462226369830576,5.2478839177750904,5.873704746762921,10.833333333333334
drax,,spgispeech,lowT,lowT,1,200,4851,30.41,172,1.0,0.0,1.0,en,8.080808080808081,8.034718201069678,8.080808080808081,8.034718201069678,8.080808080808081,8.034718201069678,8.080808080808081,8.034718201069678,8.080808080808081,8.034718201069678,8.080808080808081,8.034718201069678,8.080808080808081,8.034718201069678,8.080808080808081,8.034718201069678,8.080808080808081,8.034718201069678,8.080808080808081,8.034718201069678,8.080808080808081,8.034718201069678,8.080808080808081,8.034718201069678,4.86529955770004,4.86529955770004,4.86529955770004,4.86529955770004,8.383594692400482,8.383594692400482,8.383594692400482,4.86529955770004,,,,,
drax,,spgispeech,lowT,lowT,2,200,4851,30.41,172,1.455,3.3650699999999993,1.0,en,8.080808080808081,8.034718201069678,7.895279323850753,7.8641880175700525,7.854050711193568,7.775824185194996,7.895279323850753,7.8641880175700525,7.833436404864976,7.7801566728762195,7.833436404864976,7.781590485803721,7.854050711193568,7.769090485803722,8.204493918779633,8.139897102254707,8.018965161822305,8.020591415043672,8.018965161822305,8.020591415043672,6.8645640074211505,6.78648106226902,9.19398062255205,9.196331576863646,,,,,,,,,4.329004329004329,4.313571496879937,4.596990311276025,4.5530148518660924,36.5
drax,,spgispeech,lowT,lowT,3,200,4851,30.41,172,1.835,3.49733,1.0,en,8.080808080808081,8.034718201069678,7.627293341579056,7.60872647942309,7.524221809936096,7.4891019535476495,7.689136260564832,7.651583622280233,7.503607503607504,7.498305619705198,7.400535971964543,7.383539902611575,7.482993197278912,7.500776566894142,7.544836116264688,7.537844238019907,7.524221809936096,7.506706611344524,7.709750566893424,7.704213497774559,6.225520511234797,6.179337754226065,9.668109668109668,9.659350861736234,,,,,,,,,,,,,
drax,,spgispeech,lowT,lowT,4,200,4851,30.41,172,2.13,3.441895,1.0,en,8.080808080808081,8.034718201069678,7.421150278293135,7.390069146153108,7.338693052978767,7.279970112569019,7.482993197278912,7.432926289010251,7.173778602350031,7.187803047133983,7.194392908678623,7.201071434848402,7.194392908678623,7.204027828048698,7.421150278293135,7.451910662912153,7.441764584621727,7.441631202494861,7.586064728921872,7.590749852044546,5.936920222634508,5.8982523126365916,10.018552875695732,9.983579237807866,,,,,,,,,3.6693465264893836,3.683203769045206,4.040404040404041,4.01601005208206,35.0
drax,,spgispeech,lowT,lowT,5,200,4851,30.41,172,2.36,3.3330200000000003,1.0,en,8.080808080808081,8.034718201069678,7.379921665635951,7.37613364270541,7.318078746650175,7.28905676955849,7.379921665635951,7.37613364270541,7.46237889095032,7.492439390518162,7.338693052978767,7.379645428450429,7.318078746650175,7.355222448329774,7.441764584621727,7.471469034057268,7.544836116264688,7.589514012356956,7.56545042259328,7.60803133864231,5.792620078334364,5.7804747470649085,10.224695938981654,10.192125171857834,,,,,,,,,,,,,
drax,,spgispeech,lowT,lowT,6,200,4851,30.41,172,2.68,3.5205950000000006,1.0,en,8.080808080808081,8.034718201069678,7.503607503607504,7.482471027613767,7.441764584621727,7.393544056568155,7.503607503607504,7.482471027613767,7.318078746650175,7.331461920407627,7.400535971964543,7.420735487813028,7.338693052978767,7.351430572445245,7.338693052978767,7.325902458934358,7.400535971964543,7.3973160550503385,7.586064728921872,7.606008913071291,5.64831993403422,5.623666875882037,10.657596371882086,10.663734693172705,,,,,,,,,,,,,
drax,,spgispeech,lowT,lowT,8,200,4851,30.41,172,3.145,3.455905,1.0,en,8.080808080808081,8.034718201069678,7.482993197278912,7.444023076090296,7.524221809936096,7.488254840466352,7.524221809936096,7.478505834710986,7.2356215213358075,7.197731587925165,7.297464440321583,7.270793834671246,7.297464440321583,7.269065724072169,7.111935683364255,7.085432503438311,7.524221809936096,7.498357569889398,7.586064728921872,7.583323966428168,5.54524840239126,5.5303871395392825,10.987425273139559,10.98012012112834,,,,,,,,,3.2570603999175427,3.2802001987333576,3.73118944547516,3.711609732629559,35.0
drax,,spgispeech,lowT,lowT,10,200,4851,30.41,172,3.55,3.4054149999999996,1.0,en,8.080808080808081,8.034718201069678,7.400535971964543,7.352165282064021,7.379921665635951,7.345666238933784,7.441764584621727,7.386648040684713,7.215007215007215,7.1708560100132654,7.338693052978767,7.276901577551348,7.276850133992991,7.233551934778156,7.194392908678623,7.164925968198739,7.46237889095032,7.423670904205876,7.503607503607504,7.491214426991334,5.462791177076891,5.435905616859763,11.276025561739848,11.225783848524223,,,,,,,,,,,,,
drax,,spgispeech,lowT,lowT,12,200,4851,30.41,172,3.945,3.3643650000000003,1.0,en,8.080808080808081,8.034718201069678,7.359307359307359,7.260626820525561,7.503607503607504,7.491847640115186,7.421150278293135,7.312966722003393,7.091321377035663,7.047011745640424,7.194392908678623,7.139443952221406,7.132549989692847,7.094191623689204,7.194392908678623,7.152774867700417,7.379921665635951,7.330082174307968,7.544836116264688,7.55622304732384,5.359719645433931,5.317581986467166,11.420325706039991,11.40703240121674,,,,,,,,,,,,,
drax,,spgispeech,lowT,lowT,15,200,4851,30.41,172,4.46,3.3373450000000005,1.0,en,8.080808080808081,8.034718201069678,7.482993197278912,7.359958258376268,7.56545042259328,7.537907585794146,7.524221809936096,7.394441016996958,7.194392908678623,7.169202367809594,7.215007215007215,7.174937673843522,7.173778602350031,7.145452624009634,7.215007215007215,7.196551596421092,7.2562358276643995,7.240708824529728,7.606679035250464,7.630538577099251,5.153576582148011,5.122868760309975,11.729540300968873,11.758517478006077,4.86529955770004,4.382790510655408,4.121431443506232,4.101326899879373,7.498994772818657,7.498994772818657,7.659831121833534,2.613590671491757,3.071531642960214,3.0773363073565347,3.6075036075036073,3.5793391001106123,33.0
drax,,spgispeech,lowT,lowT,16,200,4851,30.41,172,4.66,3.3837900000000003,1.0,en,8.080808080808081,8.034718201069678,7.482993197278912,7.359958258376268,7.524221809936096,7.496240919127479,7.524221809936096,7.394441016996958,7.2356215213358075,7.18385031503537,7.297464440321583,7.240296149182981,7.215007215007215,7.169144432682428,7.173778602350031,7.153857099267393,7.297464440321583,7.278836058181809,7.503607503607504,7.522126438028579,5.112347969490827,5.085000597617128,11.915069057926202,11.947800879125982,4.86529955770004,4.362685967028549,4.101326899879373,4.101326899879373,7.458785685564938,7.519099316445517,7.619622034579815,2.573381584238038,3.0303030303030303,3.039468144663688,3.5662749948464234,3.5414709374177655,33.0
drax,,spgispeech,main,main,1,600,14270,90.46,416,1.0,0.0,0.9985533333333334,en,11.583742116327961,11.783406732906956,11.583742116327961,11.783406732906956,11.583742116327961,11.783406732906956,11.583742116327961,11.783406732906956,11.583742116327961,11.783406732906956,11.583742116327961,11.783406732906956,11.583742116327961,11.783406732906956,11.583742116327961,11.783406732906956,11.583742116327961,11.783406732906956,11.583742116327961,11.783406732906956,11.583742116327961,11.783406732906956,11.583742116327961,11.783406732906956,8.544260500752497,8.544260500752497,8.544260500752497,8.544260500752497,11.520043781639075,11.520043781639075,11.520043781639075,8.544260500752497,,,,,
drax,,spgispeech,main,main,2,600,14270,90.46,416,1.8433333333333333,11.635358333333334,0.9985533333333334,en,11.583742116327961,11.783406732906956,10.133146461107218,10.278003369017023,10.413454800280308,10.555941861749302,10.245269796776453,10.391585825573818,11.051156271899089,11.238173291974627,10.084092501751927,10.210504080585023,10.091100210231254,10.22754039153325,11.913104414856342,12.072913935718576,9.320252277505256,9.414983142344271,9.320252277505256,9.414983142344271,8.766643307638402,8.87128585975064,14.540995094604064,15.023215317714659,,,,,,,,,4.83531885073581,4.840105602106362,6.405045550105116,6.3798721390156246,53.333333333333336
drax,,spgispeech,main,main,3,600,14270,90.46,416,2.598333333333333,11.330395,0.9985533333333334,en,11.583742116327961,11.783406732906956,9.82480728801682,9.91508049727706,9.964961457603364,10.085245798523838,9.719691660826909,9.84877457363089,9.25718290119131,9.276056121816573,9.313244569025928,9.394742470058004,9.180098107918711,9.213233043396633,8.808689558514367,8.86800144211333,8.353188507358094,8.353934463851289,8.46531184302733,8.512433095899151,7.79957953749124,7.797947377454731,16.047652417659425,16.580725036888968,,,,,,,,,,,,,
drax,,spgispeech,main,main,4,600,14270,90.46,416,3.35,11.489801666666665,0.9985533333333334,en,11.583742116327961,11.783406732906956,9.691660826909601,9.820377932119094,9.698668535388927,9.749143096956224,9.530483531885073,9.594718942171655,8.626489138051857,8.58872654179914,8.92782060266293,9.042918172740192,8.612473721093203,8.680759783513455,8.241065171688858,8.208990491267308,8.199018920812895,8.219258357858203,8.304134548002803,8.342575928647317,7.1829011913104415,7.164363338660619,17.330063069376315,18.008324968350628,,,,,,,,,3.749124036440084,3.740059219330282,5.466012613875263,5.40709044064603,48.66666666666667
drax,,spgispeech,main,main,5,600,14270,90.46,416,4.04,11.507201666666667,0.9985533333333334,en,11.583742116327961,11.783406732906956,9.376313945339874,9.465785976708748,9.362298528381219,9.395247621511956,9.306236860546601,9.311142198580853,8.220042046250876,8.18889430614663,8.563419761737912,8.620614653129484,8.304134548002803,8.336277384385319,7.95374912403644,7.857158154656226,8.079887876664332,8.049299444313592,8.100911002102313,8.083809398104533,6.825508058864751,6.770770519319726,18.24106517168886,19.06252464451093,,,,,,,,,,,,,
drax,,spgispeech,main,main,6,600,14270,90.46,416,4.703333333333333,11.344023333333332,0.9985533333333334,en,11.583742116327961,11.783406732906956,9.011913104414857,9.078571831329375,9.060967063770148,9.112086227769797,9.018920812894184,9.075368330086846,7.981779957953749,7.942097879172423,8.31114225648213,8.345381139655169,8.065872459705677,8.085017085937297,7.820602662929222,7.7498113251819,7.806587245970568,7.763893415010438,7.918710581639804,7.889976473071639,6.41906096706377,6.396491691110766,18.80168185003504,19.70035884802058,,,,,,,,,,,,,
drax,,spgispeech,main,main,8,600,14270,90.46,416,6.055,11.362366666666667,0.9985533333333334,en,11.583742116327961,11.783406732906956,8.710581639803785,8.738965678193207,8.759635599159076,8.787139800931651,8.675543097407148,8.704522297293273,7.79957953749124,7.76836124677948,8.009810791871057,7.968437163334804,7.841625788367204,7.8057997151027125,7.6384022424667135,7.611967392112836,7.792571829011913,7.746986336369416,7.813594954449895,7.77895121794085,6.0476524176594255,6.015134805505827,20.133146461107216,21.185038949640855,,,,,,,,,3.076384022424667,3.081734171303754,4.814295725297828,4.747266049757625,43.166666666666664
drax,,spgispeech,main,main,10,600,14270,90.46,416,7.346666666666667,11.461358333333333,0.9985533333333334,en,11.583742116327961,11.783406732906956,8.49334267694464,8.480302599612944,8.591450595655221,8.595264257706914,8.500350385423966,8.481783860665551,7.652417659425368,7.618377314007799,7.869656622284513,7.856344952773597,7.729502452697968,7.701202364114594,7.414155571128241,7.405184142975889,7.631394533987386,7.5967918369986105,7.631394533987386,7.6022049510746506,5.788367203924317,5.736957674835011,21.212333566923615,22.408513699225043,,,,,,,,,,,,,
drax,,spgispeech,main,main,12,600,14270,90.46,416,8.64,11.507038333333334,0.9985533333333334,en,11.583742116327961,11.783406732906956,8.33917309039944,8.323974212524526,8.458304134548003,8.466791942381253,8.38822704975473,8.368277113922295,7.659425367904695,7.606797920105,7.79957953749124,7.806046646897932,7.7014716187806584,7.662430870194233,7.477224947442187,7.426960285292558,7.617379117028731,7.57432630711366,7.67344078486335,7.638380592993281,5.557112824106517,5.512406832983184,21.962158374211633,23.26969670502886,,,,,,,,,,,,,
drax,,spgispeech,main,main,15,600,14270,90.46,416,10.57,11.528413333333331,0.9985533333333334,en,11.583742116327961,11.783406732906956,8.353188507358094,8.343708907515238,8.549404344779257,8.555570926419371,8.36720392431675,8.35843876757526,7.617379117028731,7.559384117949965,7.680448493342677,7.673213655354378,7.6384022424667135,7.590401469695705,7.365101611772951,7.323728775628265,7.5402943237561315,7.470753817931521,7.5402943237561315,7.485470822489858,5.346881569726699,5.2836003214010345,23.055360896986684,24.781868814021774,8.544260500752497,5.30168285675195,4.6381173895197705,4.644958270625256,7.579696264878916,7.600218908195376,7.579696264878916,2.989465043097551,2.55781359495445,2.5326089165416077,4.295725297827611,4.199206942784663,41.5
drax,,spgispeech,main,main,16,600,14270,90.46,416,11.221666666666666,11.588916666666668,0.9985533333333334,en,11.583742116327961,11.783406732906956,8.38822704975473,8.36263513713912,8.584442887175893,8.562843880363477,8.38822704975473,8.353555473389616,7.561317449194114,7.500886855862017,7.666433076384022,7.648917048031177,7.610371408549405,7.572246718602081,7.351086194814296,7.306183438734867,7.505255781359495,7.462478661201648,7.561317449194114,7.53190733845298,5.248773651016117,5.1896453699046745,23.307638402242468,25.04393512520352,8.544260500752497,5.294841975646463,4.5697085784649065,4.624435627308797,7.579696264878916,7.607059789300862,7.654945957039267,2.9278971131481737,2.529782761037141,2.5106766278842136,4.211632796075683,4.107447558067202,41.0
drax,,spgispeech,main,ref,1,600,14270,90.46,416,1.0,0.0,1.0,en,7.575332866152768,7.59149281564654,7.575332866152768,7.59149281564654,7.575332866152768,7.59149281564654,7.575332866152768,7.59149281564654,7.575332866152768,7.59149281564654,7.575332866152768,7.59149281564654,7.575332866152768,7.59149281564654,7.575332866152768,7.59149281564654,7.575332866152768,7.59149281564654,7.575332866152768,7.59149281564654,7.575332866152768,7.59149281564654,7.575332866152768,7.59149281564654,4.549185935148447,4.549185935148447,4.549185935148447,4.549185935148447,7.805445341359968,7.805445341359968,7.805445341359968,4.549185935148447,,,,,
drax,,spgispeech,main,ref,2,600,14270,90.46,416,1.4166666666666667,2.963261666666667,1.0,en,7.575332866152768,7.59149281564654,7.337070777855641,7.291797841880104,7.330063069376314,7.289728426181749,7.31604765241766,7.282921055583963,7.323055360896987,7.271114939368547,7.400140154169587,7.353732196265532,7.358093903293623,7.305632727556639,7.848633496846531,7.873644512909269,7.659425367904695,7.664674369141529,7.659425367904695,7.664674369141529,6.601261387526279,6.540204305566139,8.563419761737912,8.584635867771597,,,,,,,,,4.197617379117029,4.137614216344764,4.428871758934828,4.361656339917077,38.166666666666664
drax,,spgispeech,main,ref,3,600,14270,90.46,416,1.73,2.9647,1.0,en,7.575332866152768,7.59149281564654,7.456201822004204,7.432548779476017,7.393132445690259,7.351885225763531,7.414155571128241,7.402748472256356,7.245970567624386,7.219125613433654,7.245970567624386,7.231431415523258,7.252978276103714,7.233303772735653,7.259985984583041,7.2615826821782745,7.259985984583041,7.222665006677789,7.554309740714786,7.516142012230522,6.29292221443588,6.219963943992703,9.110021023125437,9.155787207849263,,,,,,,,,,,,,
drax,,spgispeech,main,ref,4,600,14270,90.46,416,2.006666666666667,2.9999016666666667,1.0,en,7.575332866152768,7.59149281564654,7.561317449194114,7.527043723686429,7.547302032235459,7.4982885698305735,7.51927119831815,7.49662897714265,7.105816398037842,7.097966864677585,7.259985984583041,7.245199471161026,7.154870357393133,7.152726732584277,7.379117028731605,7.37480694453269,7.407147862648914,7.386060408937498,7.666433076384022,7.650919247852686,6.033637000700771,5.978979459080396,9.586545199719692,9.619553106955614,4.549185935148447,4.385004788616774,4.193460117663155,4.213982760979614,7.47708304829662,7.483923929402107,7.689150362566698,3.290463811738952,3.8402242466713385,3.794000838006221,4.141555711282411,4.0735655379951785,35.16666666666667
drax,,voxpopuli,lowT,lowT,1,200,3708,22.76,150,1.0,0.0,1.0,en,7.9288025889967635,10.766050382420023,7.9288025889967635,10.766050382420023,7.9288025889967635,10.766050382420023,7.9288025889967635,10.766050382420023,7.9288025889967635,10.766050382420023,7.9288025889967635,10.766050382420023,7.9288025889967635,10.766050382420023,7.9288025889967635,10.766050382420023,7.9288025889967635,10.766050382420023,7.9288025889967635,10.766050382420023,7.9288025889967635,10.766050382420023,7.9288025889967635,10.766050382420023,7.789757412398922,7.789757412398922,7.789757412398922,7.789757412398922,8.49056603773585,8.49056603773585,8.49056603773585,7.789757412398922,,,,,
drax,,voxpopuli,lowT,lowT,2,200,3708,22.76,150,1.335,4.339485,1.0,en,7.9288025889967635,10.766050382420023,7.44336569579288,9.997523551182315,7.497303128371089,10.577523551182315,7.44336569579288,9.997523551182315,7.686084142394822,10.192633543728586,7.497303128371089,9.987884928935,7.578209277238403,10.07401938271651,7.874865156418554,11.183504121952105,7.605177993527508,10.87330433652546,7.605177993527508,10.87330433652546,6.930960086299892,9.482017725697943,8.683926645091693,12.173043413437654,,,,,,,,,5.312837108953614,6.925797709412702,5.447680690399137,7.011726942216937,21.5
drax,,voxpopuli,lowT,lowT,3,200,3708,22.76,150,1.605,4.3007349999999995,1.0,en,7.9288025889967635,10.766050382420023,7.524271844660194,9.748348117812633,7.524271844660194,9.861143816737362,7.5512405609492985,9.764477150070697,7.308522114347357,9.714523929236755,7.227615965480044,9.501361050448878,7.254584681769148,9.52219438378221,7.254584681769148,9.735954591971767,7.254584681769148,9.735954591971767,7.497303128371089,10.1071045027919,6.6073354908306365,8.97888540936763,9.277238403451996,12.785628014069289,,,,,,,,,,,,,
drax,,voxpopuli,lowT,lowT,4,200,3708,22.76,150,1.865,4.16551,1.0,en,7.9288025889967635,10.766050382420023,7.497303128371089,9.85107146934033,7.497303128371089,9.924103667344273,7.524271844660194,9.867200501598395,7.200647249190938,9.504586673397965,7.1736785329018335,9.478271695584674,7.146709816612729,9.462646695584674,7.1736785329018335,9.548901178656081,7.254584681769148,9.779845442725346,7.281553398058253,9.89944411890297,6.418554476806904,8.791164022567294,9.65480043149946,13.213702033726435,,,,,,,,,4.908306364617045,6.423436069774118,5.124056094929881,6.653968477181527,21.0
drax,,voxpopuli,lowT,lowT,5,200,3708,22.76,150,2.045,4.134004999999999,1.0,en,7.9288025889967635,10.766050382420023,7.524271844660194,9.852658770927631,7.416396979503776,9.904242501207015,7.524271844660194,9.852658770927631,7.119741100323624,9.568894538924908,7.200647249190938,9.602815690237364,7.1736785329018335,9.583584921006596,7.146709816612729,9.710939993470364,7.389428263214671,10.502522242102696,7.254584681769148,9.961972911259249,6.256742179072276,8.622419364447637,9.978425026968717,13.683035312836662,,,,,,,,,,,,,
drax,,voxpopuli,lowT,lowT,6,200,3708,22.76,150,2.22,4.144415,1.0,en,7.9288025889967635,10.766050382420023,7.578209277238403,9.826724862881655,7.44336569579288,9.778308593161038,7.578209277238403,9.826724862881655,7.09277238403452,9.502552490793132,7.254584681769148,9.59610409068,7.200647249190938,9.51186496024522,7.254584681769148,9.834911580291482,7.3624595469255665,9.947137697086564,7.416396979503776,10.104609460048346,6.040992448759439,8.35944556288688,10.194174757281553,14.437290581035892,,,,,,,,,,,,,
drax,,voxpopuli,lowT,lowT,8,200,3708,22.76,150,2.565,4.05461,1.0,en,7.9288025889967635,10.766050382420023,7.3624595469255665,9.647502002408794,7.389428263214671,9.709001960251463,7.3624595469255665,9.647502002408794,7.011866235167206,9.350680253210623,7.119741100323624,9.971196317293966,7.038834951456311,9.436713558673278,7.065803667745415,9.503441380225784,7.227615965480044,9.688020085481263,7.227615965480044,9.85322994368114,5.852211434735707,8.146173673485958,10.544768069039913,15.27840680229173,,,,,,,,,4.368932038834951,5.881334780162723,4.692556634304207,6.2004158570379175,20.5
drax,,voxpopuli,lowT,lowT,10,200,3708,22.76,150,2.81,4.051825,1.0,en,7.9288025889967635,10.766050382420023,7.416396979503776,9.717124334100092,7.416396979503776,9.791430929749398,7.416396979503776,9.717124334100092,7.065803667745415,9.631152063582281,7.1736785329018335,10.183923527743364,7.119741100323624,9.6560702668738,7.038834951456311,9.577439825999075,7.119741100323624,9.671815945569161,7.09277238403452,9.816696189164576,5.744336569579288,8.060988488300772,10.787486515641856,15.658851427111356,,,,,,,,,,,,,
drax,,voxpopuli,lowT,lowT,12,200,3708,22.76,150,3.055,4.02457,1.0,en,7.9288025889967635,10.766050382420023,7.416396979503776,9.717124334100092,7.389428263214671,9.755716644035111,7.416396979503776,9.717124334100092,7.011866235167206,9.388093590192927,7.119741100323624,9.463536622981458,7.119741100323624,9.47211505435401,7.038834951456311,9.521278114002449,7.146709816612729,9.635761556804859,7.038834951456311,9.651882946380196,5.690399137001079,8.02163663644892,11.084142394822006,16.49996126692829,,,,,,,,,,,,,
drax,,voxpopuli,lowT,lowT,15,200,3708,22.76,150,3.525,4.098365,1.0,en,7.9288025889967635,10.766050382420023,7.44336569579288,9.264270652581718,7.470334412081985,9.358905325950406,7.44336569579288,9.264270652581718,7.038834951456311,9.403157692757027,7.09277238403452,9.44734653583549,7.011866235167206,9.393646823191812,7.09277238403452,9.580475988496376,7.146709816612729,9.632542613391948,7.200647249190938,9.790897714506805,5.528586839266451,7.345275278508614,11.542610571736786,16.987176973536815,7.789757412398922,7.304582210242588,6.92722371967655,6.981132075471698,7.654986522911051,7.735849056603773,7.762803234501348,5.390835579514825,4.0722761596548,5.615343966639015,4.47680690399137,5.97570793825105,20.5
drax,,voxpopuli,lowT,lowT,16,200,3708,22.76,150,3.62,4.141645,1.0,en,7.9288025889967635,10.766050382420023,7.44336569579288,9.264270652581718,7.470334412081985,9.358905325950406,7.44336569579288,9.264270652581718,7.065803667745415,9.636491026090361,7.09277238403452,9.660888202502155,7.09277238403452,9.660888202502155,7.146709816612729,9.772056502280838,7.1736785329018335,9.758117326035627,7.146709816612729,9.74895692503312,5.528586839266451,7.345275278508614,11.677454153182309,17.14171180289633,7.789757412398922,7.304582210242588,6.954177897574124,6.981132075471698,7.735849056603773,7.762803234501348,7.735849056603773,5.390835579514825,4.0722761596548,5.615343966639015,4.47680690399137,5.965056309178369,20.5
drax,,voxpopuli,main,main,1,600,10754,67.96,296,1.0,0.0,0.9995866666666666,en,12.339594569462525,15.844441080688831,12.339594569462525,15.844441080688831,12.339594569462525,15.844441080688831,12.339594569462525,15.844441080688831,12.339594569462525,15.844441080688831,12.339594569462525,15.844441080688831,12.339594569462525,15.844441080688831,12.339594569462525,15.844441080688831,12.339594569462525,15.844441080688831,12.339594569462525,15.844441080688831,12.339594569462525,15.844441080688831,12.339594569462525,15.844441080688831,11.978778853313477,11.978778853313477,11.978778853313477,11.978778853313477,12.965376023827252,12.965376023827252,12.965376023827252,11.978778853313477,,,,,
drax,,voxpopuli,main,main,2,600,10754,67.96,296,1.695,12.707705,0.9995866666666666,en,12.339594569462525,15.844441080688831,9.884694067323787,12.219614297476957,10.396131671936024,13.30636857764143,10.17295889901432,12.963667153429146,11.93974335131114,14.16963827306302,9.921889529477404,12.24874781732255,10.024177050399851,12.112533329487933,12.032732006695182,15.177107152031857,9.559233773479635,11.705428554450757,9.559233773479635,11.705428554450757,9.038497303328993,10.955711914220823,15.296633810675097,19.969633609399594,,,,,,,,,6.155848986423656,6.861079771286548,7.401896968569835,8.093114303266216,32.166666666666664
drax,,voxpopuli,main,main,3,600,10754,67.96,296,2.276666666666667,13.029603333333332,0.9995866666666666,en,12.339594569462525,15.844441080688831,9.24307234517389,11.02418825805258,9.819602008554956,12.383588987785258,9.326762135019528,11.053534399853081,9.475543983633997,11.15792829784695,9.066393899944206,10.845816176019076,9.029198437790589,10.666678173695718,9.131485958713037,11.277305119117488,8.564255160870374,10.402127192139037,8.694439278408034,10.659252152892247,8.108610749488562,9.539036999101633,17.147108052817558,22.851489846183526,,,,,,,,,,,,,
drax,,voxpopuli,main,main,4,600,10754,67.96,296,2.835,12.959806666666667,0.9995866666666666,en,12.339594569462525,15.844441080688831,9.112888227636228,10.522805286996565,9.270968941789102,11.068546361527998,9.112888227636228,10.546549372086321,8.806025664868885,10.181091209814,8.787427933792078,10.121133154143523,8.638646085177609,10.044658845717482,8.378277850102288,10.155408295215667,8.238794867026224,10.040544989577754,8.350381253487075,10.295973264600326,7.476287892877069,8.507895793958523,18.718616328807887,25.182077032055815,,,,,,,,,4.900502138739074,5.302685206687245,6.258136507346104,6.631325424075954,28.999999999999996
drax,,voxpopuli,main,main,5,600,10754,67.96,296,3.3833333333333333,13.149906666666666,0.9995866666666666,en,12.339594569462525,15.844441080688831,9.001301841175376,10.24289983833647,8.992002975636971,10.065323100130716,9.057095034405803,10.600099480715453,8.610749488562396,9.870950211229342,8.610749488562396,9.693814387547464,8.48986423656314,9.649839500104616,8.266691463641436,9.86775428191501,8.024920959642923,9.62965928001477,8.071415287334945,9.90302121900171,7.160126464571323,7.963598092930868,20.42960758787428,28.91261679979481,,,,,,,,,,,,,
drax,,voxpopuli,main,main,6,600,10754,67.96,296,3.9166666666666665,13.036231666666666,0.9995866666666666,en,12.339594569462525,15.844441080688831,8.796726799330482,9.896811799434726,8.796726799330482,9.809574290489417,8.8339222614841,10.272198973236536,8.359680119025478,9.525518991191822,8.322484656871861,9.425805767880115,8.285289194718244,9.370613346553851,7.9598289008740934,9.206668669352904,7.857541379951646,9.58001759146068,7.987725497489306,9.82184609449886,6.825367305188767,7.500807202220497,21.591965780174817,30.693031895369614,,,,,,,,,,,,,
drax,,voxpopuli,main,main,8,600,10754,67.96,296,4.926666666666667,13.258276666666667,0.9995866666666666,en,12.339594569462525,15.844441080688831,8.657243816254416,9.671563551144251,8.638646085177609,9.695716027564028,8.666542681792821,9.67531642693245,7.904035707643668,8.823853706822986,7.950530035335689,8.855672945271092,7.885437976566859,8.8085102128041,7.718058396875581,8.740224633432106,7.718058396875581,9.248221826137337,7.838943648874837,9.42250391682802,6.472010414729403,7.0760068556033335,24.056165147851964,34.47677468610988,,,,,,,,,4.286777013204389,4.397168896070102,5.579319323042589,5.705866175177305,25.166666666666664
drax,,voxpopuli,main,main,10,600,10754,67.96,296,5.943333333333333,13.366133333333334,0.9995866666666666,en,12.339594569462525,15.844441080688831,8.647944950716013,9.66242779113162,8.610749488562396,9.614332661433792,8.694439278408034,9.694438373142203,7.857541379951646,8.816636431554139,7.904035707643668,8.847163124437312,7.885437976566859,8.82945968592597,7.708759531337177,8.974013703625818,7.569276548261112,8.935399816664585,7.727357262413985,9.270778762818427,6.295331969499721,6.927882075691351,25.358006323228565,39.23621152577315,,,,,,,,,,,,,
drax,,voxpopuli,main,main,12,600,10754,67.96,296,6.983333333333333,13.401675000000001,0.9995866666666666,en,12.339594569462525,15.844441080688831,8.536358564255162,9.593172063113458,8.536358564255162,9.565273858155567,8.55495629533197,9.604679999621396,7.876139111028454,8.913817426322854,7.9133345731820715,8.856627414543096,7.80174818672122,8.752355363981819,7.643667472568347,8.893870155886713,7.6622652036451555,9.075474122339482,7.8110470522596245,9.384945187493908,6.137251255346848,6.744964819244325,26.464571322298678,40.88316627333256,,,,,,,,,,,,,
drax,,voxpopuli,main,main,15,600,10754,67.96,296,8.446666666666667,13.404721666666667,0.9995866666666666,en,12.339594569462525,15.844441080688831,8.573554026408779,9.531762328504662,8.527059698716757,9.475184942426683,8.536358564255162,9.506127407869744,7.6622652036451555,8.377917012317136,7.876139111028454,8.748583485059681,7.755253859029199,8.48360439263924,7.559977682722708,8.526225027922058,7.550678817184304,8.669522910973884,7.6157708759531335,8.920852588656917,5.923377347963548,6.141031015343006,27.785010228752093,43.26935842519513,11.978778853313477,8.274385703648548,7.3901712583767685,7.5670141474311245,8.293000744601638,8.265078183172003,8.302308265078183,5.84512285927029,3.6451552910544915,3.5972933590260587,5.142272642737586,5.16599165503483,25.833333333333336
drax,,voxpopuli,main,main,16,600,10754,67.96,296,8.928333333333333,13.420463333333334,0.9995866666666666,en,12.339594569462525,15.844441080688831,8.55495629533197,9.520906689952948,8.517760833178352,9.480675665597671,8.517760833178352,9.495271769318025,7.671564069183559,8.381489581707404,7.885437976566859,8.570228077028762,7.773851590106007,8.500554223853777,7.559977682722708,8.49213895426764,7.569276548261112,8.662180708387696,7.652966338106751,8.992111538092077,5.867584154733122,6.089694284441058,28.259252371210714,44.017986054543634,11.978778853313477,8.255770662695458,7.399478778853314,7.5670141474311245,8.302308265078183,8.320923306031274,8.367460908413998,5.7985852568875655,3.5800632322856614,3.545953961286765,5.0678817184303515,5.099578611556568,26.166666666666664
drax,,voxpopuli,main,ref,1,600,10754,67.96,296,1.0,0.0,1.0,en,7.745954993490794,8.596694895890046,7.745954993490794,8.596694895890046,7.745954993490794,8.596694895890046,7.745954993490794,8.596694895890046,7.745954993490794,8.596694895890046,7.745954993490794,8.596694895890046,7.745954993490794,8.596694895890046,7.745954993490794,8.596694895890046,7.745954993490794,8.596694895890046,7.745954993490794,8.596694895890046,7.745954993490794,8.596694895890046,7.745954993490794,8.596694895890046,7.492553983618764,7.492553983618764,7.492553983618764,7.492553983618764,8.469843633655994,8.469843633655994,8.469843633655994,7.492553983618764,,,,,
drax,,voxpopuli,main,ref,2,600,10754,67.96,296,1.2566666666666666,2.5942333333333334,1.0,en,7.745954993490794,8.596694895890046,7.671564069183559,8.516127423575425,7.680862934721964,8.583615298354967,7.671564069183559,8.516127423575425,7.727357262413985,8.378291651640604,7.699460665798773,8.383149371032156,7.680862934721964,8.384363042239533,7.9133345731820715,8.962042677583689,7.838943648874837,8.873251535898175,7.838943648874837,8.873251535898175,7.253115119955366,7.880255856586975,8.536358564255162,9.757437826098297,,,,,,,,,5.597917054119398,5.777159671848705,5.681606843965036,5.866433104976394,21.166666666666668
drax,,voxpopuli,main,ref,3,600,10754,67.96,296,1.4366666666666668,2.5238966666666665,1.0,en,7.745954993490794,8.596694895890046,7.634368607029942,8.413169471475861,7.699460665798773,8.521243588219333,7.634368607029942,8.413169471475861,7.587874279337921,8.30824512089176,7.60647201041473,8.318896551641595,7.60647201041473,8.313613459449751,7.587874279337921,8.34089908413734,7.597173144876325,8.359159894208492,7.699460665798773,8.674098993546925,6.955551422726427,7.557486674710286,8.889715454714525,10.387092286174997,,,,,,,,,,,,,
drax,,voxpopuli,main,ref,4,600,10754,67.96,296,1.5816666666666668,2.6215499999999996,1.0,en,7.745954993490794,8.596694895890046,7.6622652036451555,8.465510393224678,7.745954993490794,8.554567292866256,7.6622652036451555,8.465510393224678,7.597173144876325,8.33204305389477,7.569276548261112,8.35158924752239,7.578575413799516,8.36498947048783,7.541379951645899,8.34588662205224,7.587874279337921,8.457254402782764,7.699460665798773,8.750289418606407,6.797470708573554,7.362203844326035,9.215175748558677,10.959099590461872,7.492553983618764,7.408786299329859,7.325018615040953,7.306403574087863,8.265078183172003,8.302308265078183,8.413998510796723,6.589724497393894,5.2166635670448205,5.385395705608603,5.402640877812907,5.531424087916892,20.666666666666668
parakeet-ctc,,ami,main,greedy,1,200,1795,10.27,16,1.0,0.0,0.985,en,16.601671309192202,22.08073155684123,16.601671309192202,22.08073155684123,16.601671309192202,22.08073155684123,16.601671309192202,22.08073155684123,16.601671309192202,22.08073155684123,16.601671309192202,22.08073155684123,16.601671309192202,22.08073155684123,16.601671309192202,22.08073155684123,16.601671309192202,22.08073155684123,16.601671309192202,22.08073155684123,16.601671309192202,22.08073155684123,16.601671309192202,22.08073155684123,12.882096069868995,12.882096069868995,12.882096069868995,12.882096069868995,20.141921397379914,20.141921397379914,20.141921397379914,12.882096069868995,,,,,
parakeet-ctc,,ami,main,sample,1,200,1795,10.27,16,1.0,0.0,0.994225,en,23.008356545961004,29.04743367887179,23.008356545961004,29.04743367887179,23.008356545961004,29.04743367887179,23.008356545961004,29.04743367887179,23.008356545961004,29.04743367887179,23.008356545961004,29.04743367887179,23.008356545961004,29.04743367887179,23.008356545961004,29.04743367887179,23.008356545961004,29.04743367887179,23.008356545961004,29.04743367887179,23.008356545961004,29.04743367887179,23.008356545961004,29.04743367887179,19.650655021834062,19.650655021834062,19.650655021834062,19.650655021834062,25.982532751091703,25.982532751091703,25.982532751091703,19.650655021834062,,,,,
parakeet-ctc,,ami,main,sample,2,200,1795,10.27,16,1.7,23.812020000000004,0.994225,en,23.008356545961004,29.04743367887179,20.83565459610028,26.5026501373434,20.83565459610028,26.300088809782075,20.501392757660167,26.1385628357561,23.231197771587745,27.835556007640577,20.94707520891365,25.746697756391022,21.058495821727018,25.773483470676734,22.729805013927578,29.152138302798893,19.944289693593316,25.31417386183909,19.944289693593316,25.31417386183909,18.71866295264624,23.903441089024444,27.186629526462397,34.18888787883992,,,,,,,,,15.766016713091922,20.18579540381298,16.935933147632312,20.973172147439723,22.5
parakeet-ctc,,ami,main,sample,3,200,1795,10.27,16,2.355,24.945155,0.994225,en,23.008356545961004,29.04743367887179,20.0,24.54688254966792,20.501392757660167,24.921400137343404,19.88857938718663,24.51007257601584,20.389972144846798,25.69582780730883,19.44289693593315,24.55962840729364,19.88857938718663,25.03323951840475,20.22284122562674,25.14462028389542,19.331476323119777,24.210056285515638,19.220055710306408,24.03960174006109,17.04735376044568,21.324631521399088,29.415041782729805,37.56716692836511,,,,,,,,,,,,,
parakeet-ctc,,ami,main,sample,4,200,1795,10.27,16,2.925,24.29861,0.994225,en,23.008356545961004,29.04743367887179,20.055710306406684,24.359093000036264,19.721448467966574,24.221562475005737,19.16434540389972,23.833232749176013,20.11142061281337,25.629996160455516,19.77715877437326,24.337899150026622,19.77715877437326,24.811726711354186,19.05292479108635,24.517216129343606,18.4958217270195,23.470078025471587,18.440111420612812,23.17462348001704,15.988857938718663,20.263872176286196,30.696378830083564,39.75103417223235,,,,,,,,,12.423398328690809,17.04388260033317,14.484679665738161,18.44310458861072,24.5
parakeet-ctc,,ami,main,sample,5,200,1795,10.27,16,3.475,24.407975,0.994225,en,23.008356545961004,29.04743367887179,20.11142061281337,24.41146398431514,19.721448467966574,24.22801895712012,19.610027855153202,24.332762824363982,19.44289693593315,24.537001195324322,19.275766016713092,23.812174896210266,18.997214484679667,24.349630751758227,18.161559888579387,24.07153101079858,18.105849582172702,23.841195826659046,17.938718662952645,22.70714605290339,15.43175487465181,19.531168213582234,31.6991643454039,41.1824536299676,,,,,,,,,,,,,
parakeet-ctc,,ami,main,sample,6,200,1795,10.27,16,3.97,23.896099999999997,0.994225,en,23.008356545961004,29.04743367887179,20.389972144846798,24.59658790247682,19.66573816155989,24.004029058130218,19.721448467966574,24.434117536902903,18.774373259052926,23.635666418989544,18.885793871866294,23.353050883939797,18.885793871866294,23.662939146262275,18.050139275766018,23.67568724399893,17.99442896935933,23.35456923157657,18.050139275766018,22.83142108342842,14.930362116991644,19.021346785010806,32.25626740947075,42.6719738319878,,,,,,,,,,,,,
parakeet-ctc,,ami,main,sample,8,200,1795,10.27,16,5.01,24.139944999999997,0.994225,en,23.008356545961004,29.04743367887179,20.61281337047354,24.819877442314347,19.832869080779943,24.1867142433154,19.832869080779943,24.5543101493014,17.771587743732592,22.181588382763845,18.551532033426184,23.153097487376495,18.27298050139276,22.892395827924837,17.43732590529248,22.551740847258415,17.771587743732592,22.857121540378877,17.771587743732592,22.607121540378877,14.26183844011142,18.205438643444772,33.871866295264624,46.07229172230182,,,,,,,,,10.194986072423399,14.480691172196089,13.314763231197771,17.13675885101498,28.999999999999996
parakeet-ctc,,ami,main,sample,10,200,1795,10.27,16,5.93,24.00642,0.994225,en,23.008356545961004,29.04743367887179,20.724233983286908,25.475749762002454,19.77715877437326,24.620642814743974,19.944289693593316,25.186254593745844,17.771587743732592,22.45793407654375,18.551532033426184,23.204955351734363,18.27298050139276,22.821894166161734,17.66016713091922,22.633312864422535,17.715877437325904,22.79247497424254,17.771587743732592,22.542474974242545,13.649025069637883,17.555967743973866,34.87465181058496,48.57131229162795,,,,,,,,,,,,,
parakeet-ctc,,ami,main,sample,12,200,1795,10.27,16,6.775,23.768285000000002,0.994225,en,23.008356545961004,29.04743367887179,20.83565459610028,25.458086918023824,19.944289693593316,24.731339062940222,20.22284122562674,25.33165293533984,17.715877437325904,22.734430241197806,18.662952646239553,23.165990391573747,18.050139275766018,22.50657936400482,17.214484679665738,22.484421823689388,17.604456824512535,22.663149577417144,17.66016713091922,22.69267049509596,13.314763231197771,17.22148351549987,35.26462395543175,49.41922895829461,,,,,,,,,,,,,
parakeet-ctc,,ami,main,sample,15,200,1795,10.27,16,8.115,23.810895000000002,0.994225,en,23.008356545961004,29.04743367887179,20.779944289693592,25.91857272850963,19.498607242339833,24.691836898438055,20.167130919220057,25.491741920428822,17.54874651810585,23.422929266538937,18.27298050139276,22.926595249678606,17.715877437325904,22.374633811993483,17.10306406685237,22.971688285297958,17.43732590529248,22.64835881262638,17.493036211699163,22.89835881262638,12.98050139275766,16.811080424438885,36.100278551532035,51.05008213289779,19.650655021834062,17.903930131004365,14.08296943231441,15.338427947598253,20.524017467248907,20.851528384279476,20.906113537117903,10.262008733624453,8.969359331476323,13.260636492787864,12.144846796657381,15.68174587010433,26.5
parakeet-ctc,,ami,main,sample,16,200,1795,10.27,16,8.545,23.78694,0.994225,en,23.008356545961004,29.04743367887179,20.83565459610028,25.939954307457004,19.77715877437326,24.86662756829451,20.445682451253482,25.666532590285286,17.54874651810585,23.27216172267929,18.105849582172702,22.85367858301194,17.827298050139277,22.47418192469949,17.10306406685237,22.915662804930374,17.381615598885794,22.51275275202032,17.43732590529248,22.679419418686987,12.813370473537605,16.72055754862189,36.32311977715877,51.19469857596625,19.650655021834062,17.958515283842793,14.137554585152838,15.065502183406114,20.524017467248907,20.79694323144105,20.79694323144105,10.207423580786026,8.746518105849582,13.145113616970871,12.03342618384401,15.694000772065115,27.500000000000004
parakeet-ctc,,ami,main,sample,20,200,1795,10.27,16,10.235,23.578355000000002,0.994225,en,23.008356545961004,29.04743367887179,21.058495821727018,26.22208751019375,19.944289693593316,25.143498913323754,20.668523676880223,25.94430973241597,17.604456824512535,23.281372881890448,18.4958217270195,23.145484138567497,17.715877437325904,22.207608958192314,17.214484679665738,23.039141640909207,17.43732590529248,22.652227860245425,17.43732590529248,22.216621799639366,12.590529247910863,16.594069453383796,37.10306406685237,52.86644216831339,,,,,,,,,,,,,
parakeet-ctc,,ami,main,sample,24,200,1795,10.27,16,11.87,23.735765,0.994225,en,23.008356545961004,29.04743367887179,21.39275766016713,26.63475950881776,20.167130919220057,25.513068671051407,21.114206128133706,26.447259508817762,17.381615598885794,22.697853623371188,18.4958217270195,23.04328356136692,17.715877437325904,22.441772966698426,17.270194986072422,22.51892505194262,17.604456824512535,22.833775479293045,17.54874651810585,22.45877547929305,12.200557103064067,16.32861490792925,37.99442896935933,54.90907037344158,,,,,,,,,,,,,
parakeet-ctc,,ami,main,sample,32,200,1795,10.27,16,14.865,23.56748,0.994225,en,23.008356545961004,29.04743367887179,21.838440111420613,26.823152365960617,20.278551532033426,25.495211528194268,21.448467966573816,26.554483534791785,17.10306406685237,21.86955997257754,18.328690807799443,22.923011822236482,17.04735376044568,21.755533650459114,16.824512534818943,22.080075845593413,17.270194986072422,22.382179158946727,17.32590529247911,22.23476754278511,11.532033426183844,15.66965121080766,39.108635097493035,57.93741912994824,19.650655021834062,18.449781659388645,13.482532751091703,15.065502183406114,20.25109170305677,20.79694323144105,20.851528384279476,8.842794759825328,7.520891364902507,11.83376175246111,10.75208913649025,14.06412618028263,28.499999999999996
parakeet-ctc,,common_voice,main,greedy,1,147,1347,13.99,147,1.0,0.0,0.9863945578231292,en,11.804008908685969,12.220869644339032,11.804008908685969,12.220869644339032,11.804008908685969,12.220869644339032,11.804008908685969,12.220869644339032,11.804008908685969,12.220869644339032,11.804008908685969,12.220869644339032,11.804008908685969,12.220869644339032,11.804008908685969,12.220869644339032,11.804008908685969,12.220869644339032,11.804008908685969,12.220869644339032,11.804008908685969,12.220869644339032,11.804008908685969,12.220869644339032,10.621387283236995,10.621387283236995,10.621387283236995,10.621387283236995,12.933526011560694,12.933526011560694,12.933526011560694,10.621387283236995,,,,,
parakeet-ctc,,common_voice,main,sample,1,147,1347,13.99,147,1.0,0.0,0.9863945578231292,en,13.734224201930216,13.627421331502966,13.734224201930216,13.627421331502966,13.734224201930216,13.627421331502966,13.734224201930216,13.627421331502966,13.734224201930216,13.627421331502966,13.734224201930216,13.627421331502966,13.734224201930216,13.627421331502966,13.734224201930216,13.627421331502966,13.734224201930216,13.627421331502966,13.734224201930216,13.627421331502966,13.734224201930216,13.627421331502966,13.734224201930216,13.627421331502966,12.5,12.5,12.5,12.5,14.739884393063583,14.739884393063583,14.739884393063583,12.5,,,,,
parakeet-ctc,,common_voice,main,sample,2,147,1347,13.99,147,1.435374149659864,10.012496598639455,0.9863945578231292,en,13.734224201930216,13.627421331502966,12.917594654788418,13.090179850383931,12.620638455827766,12.934983572738673,12.620638455827766,12.86312799067901,13.659985152190051,13.176851493178024,12.843355605048256,13.022152639499577,12.917594654788418,13.136856529713672,13.882702301410541,13.794249967719354,12.249443207126948,12.620173666092033,12.249443207126948,12.620173666092033,11.952487008166296,11.656160355139948,15.441722345953972,15.81786316480194,,,,,,,,,9.428359317000742,9.305157238830706,10.244988864142538,9.994009203192872,17.687074829931973
parakeet-ctc,,common_voice,main,sample,3,147,1347,13.99,147,1.816326530612245,9.755095238095237,0.9863945578231292,en,13.734224201930216,13.627421331502966,12.323682256867112,12.572368108082395,12.323682256867112,12.644223690142056,12.175204157386785,12.482180517894804,12.47216035634744,12.326918168754904,11.952487008166296,12.299358804460846,12.100965107646623,11.840445080240999,12.47216035634744,12.332071745337052,11.729769858945806,12.175722048171027,11.878247958426131,12.317445404180098,10.987379361544173,10.676440906032743,16.55530809205642,16.976942181023812,,,,,,,,,,,,,
parakeet-ctc,,common_voice,main,sample,4,147,1347,13.99,147,2.1564625850340136,9.888034013605443,0.9863945578231292,en,13.734224201930216,13.627421331502966,12.47216035634744,12.685746792889653,12.249443207126948,12.506549572876102,12.397921306607275,12.63421102706817,12.026726057906458,11.898238760483656,11.952487008166296,12.227888324827102,11.804008908685969,12.1849418533092,12.249443207126948,12.291014918565937,11.58129175946548,12.020542760338678,11.58129175946548,12.056985909026727,10.616184112843355,10.360011303888855,17.59465478841871,18.174337000867613,,,,,,,,,8.537490720118782,8.355966595762515,9.502598366740905,9.204873924261676,14.285714285714285
parakeet-ctc,,common_voice,main,sample,5,147,1347,13.99,147,2.4761904761904763,9.651925170068028,0.9863945578231292,en,13.734224201930216,13.627421331502966,12.47216035634744,12.73728255871113,12.546399406087602,12.801334153374968,12.620638455827766,12.860968396682681,11.804008908685969,12.137659203985734,11.952487008166296,12.178691489915979,11.729769858945806,11.987027522741808,11.729769858945806,11.989145586084362,11.58129175946548,11.96759117677485,11.507052709725315,11.915262553017655,10.46770601336303,10.171628258362952,17.891610987379362,18.45753830447708,,,,,,,,,,,,,
parakeet-ctc,,common_voice,main,sample,6,147,1347,13.99,147,2.8299319727891157,9.57851700680272,0.9863945578231292,en,13.734224201930216,13.627421331502966,12.175204157386785,12.436829043971901,12.47216035634744,12.716300139769526,12.397921306607275,12.673893566750708,11.58129175946548,11.888226097409769,11.432813659985152,11.721127511943838,11.432813659985152,11.757840609881425,11.729769858945806,12.066890969952192,11.35857461024499,11.753479891234992,11.35857461024499,11.753479891234992,10.022271714922049,9.791515174168234,18.634001484780995,19.113456460395238,,,,,,,,,,,,,
parakeet-ctc,,common_voice,main,sample,8,147,1347,13.99,147,3.4489795918367347,9.647489795918368,0.9863945578231292,en,13.734224201930216,13.627421331502966,12.47216035634744,12.758927580356152,12.323682256867112,12.597767878380123,12.47216035634744,12.831813877732245,11.804008908685969,12.373104031267294,11.878247958426131,12.1690469394551,11.804008908685969,12.23219052300685,11.878247958426131,12.444574510901042,11.432813659985152,11.84854355772723,11.432813659985152,11.859881426207956,9.948032665181886,9.723487963283882,19.524870081662954,20.095178819668615,,,,,,,,,7.943578322197476,7.841435775109247,8.908685968819599,8.645286119775914,12.925170068027212
parakeet-ctc,,common_voice,main,sample,10,147,1347,13.99,147,4.01360544217687,9.575326530612246,0.9863945578231292,en,13.734224201930216,13.627421331502966,12.323682256867112,12.617204224347084,12.249443207126948,12.535409601736133,12.249443207126948,12.57671183691592,11.729769858945806,12.368244944775556,12.026726057906458,12.550796708959973,11.952487008166296,12.581234902663475,11.952487008166296,12.538018481896032,11.507052709725315,12.157095549952693,11.35857461024499,11.873648837934551,9.725315515961396,9.525075264871182,20.11878247958426,20.840827728582827,,,,,,,,,,,,,
parakeet-ctc,,common_voice,main,sample,12,147,1347,13.99,147,4.625850340136054,9.546693877551022,0.9863945578231292,en,13.734224201930216,13.627421331502966,12.47216035634744,12.815616922759778,12.100965107646623,12.41069304844815,12.249443207126948,12.71843519292499,11.804008908685969,12.512709323933812,11.878247958426131,12.356433249290392,11.878247958426131,12.558060797856715,11.729769858945806,12.29344446181181,11.35857461024499,11.988148850393749,11.135857461024498,11.656111273458212,9.35412026726058,9.017816084142616,20.638455827765405,21.31569299936647,,,,,,,,,,,,,
parakeet-ctc,,common_voice,main,sample,15,147,1347,13.99,147,5.510204081632653,9.69308843537415,0.9863945578231292,en,13.734224201930216,13.627421331502966,12.620638455827766,12.978870147237496,12.249443207126948,12.580761075659035,12.546399406087602,12.992122201305875,12.026726057906458,12.739466693548323,12.026726057906458,12.498966453048087,11.878247958426131,12.409343302200446,11.507052709725315,12.201948656030288,11.35857461024499,11.866671688100258,11.061618411284336,11.586169876986204,9.057164068299926,8.743589177262647,21.455085374907203,22.202999192795108,12.5,11.416184971098266,11.054913294797688,10.910404624277456,12.861271676300579,12.789017341040463,12.644508670520231,8.526011560693641,7.646622123236822,7.4394568017017,8.537490720118782,8.204230576679556,9.523809523809524
parakeet-ctc,,common_voice,main,sample,16,147,1347,13.99,147,5.755102040816326,9.634074829931974,0.9863945578231292,en,13.734224201930216,13.627421331502966,12.397921306607275,12.728848060480713,12.397921306607275,12.733822300148828,12.323682256867112,12.742100114549096,11.952487008166296,12.700814869182217,11.878247958426131,12.375280615076534,11.804008908685969,12.382839194063683,11.58129175946548,12.254277279787486,11.507052709725315,12.195764364131712,11.061618411284336,11.586169876986204,8.908685968819599,8.63021049245539,21.529324424647363,22.27858498266661,12.5,11.199421965317919,10.982658959537572,10.765895953757225,12.933526011560694,12.861271676300579,12.644508670520231,8.38150289017341,7.646622123236822,7.4394568017017,8.611729769858945,8.311940327246448,9.523809523809524
parakeet-ctc,,common_voice,main,sample,20,147,1347,13.99,147,6.843537414965986,9.591448979591837,0.9863945578231292,en,13.734224201930216,13.627421331502966,12.397921306607275,12.803059563263645,12.397921306607275,12.72057024608045,12.323682256867112,12.748284406447672,12.026726057906458,12.736136690218322,12.026726057906458,12.61580539641764,11.952487008166296,12.474040509754797,11.804008908685969,12.44702104395982,11.35857461024499,11.87983312983313,11.284335560504825,11.831242264915733,8.760207869339272,8.51359241665364,22.642910170749815,23.351353861557946,,,,,,,,,,,,,
parakeet-ctc,,common_voice,main,sample,24,147,1347,13.99,147,7.8979591836734695,9.613367346938775,0.9863945578231292,en,13.734224201930216,13.627421331502966,12.47216035634744,13.035780357208928,12.323682256867112,12.813702737172125,12.47216035634744,13.049032411277311,11.952487008166296,12.638954960383533,11.878247958426131,12.462744171927847,11.952487008166296,12.632770668484952,11.655530809205642,12.34983931412503,11.58129175946548,12.225122760837047,11.284335560504825,11.831242264915733,8.611729769858945,8.418746786093724,23.385300668151448,24.138010515561536,,,,,,,,,,,,,
parakeet-ctc,,common_voice,main,sample,32,147,1347,13.99,147,9.755102040816327,9.54030612244898,0.9863945578231292,en,13.734224201930216,13.627421331502966,12.843355605048256,13.406379146175063,12.323682256867112,12.815027942578961,12.843355605048256,13.419631200243446,11.878247958426131,12.480224801653375,11.878247958426131,12.340145681982415,11.729769858945806,12.484585520299806,11.432813659985152,11.998365391222535,11.284335560504825,12.008910401767544,11.210096510764663,11.759477295191582,8.389012620638455,8.149067485802181,24.12769116555308,24.736471011981216,12.5,11.632947976878613,10.982658959537572,10.693641618497109,12.861271676300579,12.716763005780347,12.789017341040463,7.73121387283237,6.829992576095026,6.635184543347809,8.092056421677803,7.830797320593239,12.244897959183673
parakeet-ctc,,earnings22,main,greedy,1,200,3261,20.89,6,1.0,0.0,0.97,en,23.704385157927018,25.856915676885205,23.704385157927018,25.856915676885205,23.704385157927018,25.856915676885205,23.704385157927018,25.856915676885205,23.704385157927018,25.856915676885205,23.704385157927018,25.856915676885205,23.704385157927018,25.856915676885205,23.704385157927018,25.856915676885205,23.704385157927018,25.856915676885205,23.704385157927018,25.856915676885205,23.704385157927018,25.856915676885205,23.704385157927018,25.856915676885205,16.796267496111977,16.796267496111977,16.796267496111977,16.796267496111977,19.409020217729392,19.409020217729392,19.409020217729392,16.796267496111977,,,,,
parakeet-ctc,,earnings22,main,sample,1,200,3261,20.89,6,1.0,0.0,0.97,en,28.73351732597363,33.2721182343158,28.73351732597363,33.2721182343158,28.73351732597363,33.2721182343158,28.73351732597363,33.2721182343158,28.73351732597363,33.2721182343158,28.73351732597363,33.2721182343158,28.73351732597363,33.2721182343158,28.73351732597363,33.2721182343158,28.73351732597363,33.2721182343158,28.73351732597363,33.2721182343158,28.73351732597363,33.2721182343158,28.73351732597363,33.2721182343158,23.141524105754275,23.141524105754275,23.141524105754275,23.141524105754275,25.287713841368586,25.287713841368586,25.287713841368586,23.141524105754275,,,,,
parakeet-ctc,,earnings22,main,sample,2,200,3261,20.89,6,1.855,19.585530000000002,0.97,en,28.73351732597363,33.2721182343158,26.678932842686294,29.663737021902147,27.16957988347133,30.564572186256804,26.92425636307881,30.31010640853785,27.90555044464888,31.59931145125283,26.770929162833486,29.792089512323606,26.648267402637227,29.60592409505354,29.7148114075437,35.46898633865941,25.850965961361545,28.303742046657334,25.850965961361545,28.303742046657334,25.57497700091996,28.42528382926605,32.19871205151794,38.098480270919026,,,,,,,,,17.939282428702853,17.193657235680877,19.809874271695797,19.04067680159193,57.49999999999999
parakeet-ctc,,earnings22,main,sample,3,200,3261,20.89,6,2.67,19.93152,0.97,en,28.73351732597363,33.2721182343158,26.065624041705,28.18933146377812,26.46427476234284,28.95472278239514,26.433609322293776,28.950657422467714,26.740263722784423,29.931164761450674,26.096289481754063,28.148857696806846,26.40294388224471,28.873419200910995,26.12695492180313,30.02224350649383,24.65501379944802,25.909156637088472,24.685679239497087,26.041732394664223,24.225697638761115,26.205329230098656,34.130634774609014,40.554558657355344,,,,,,,,,,,,,
parakeet-ctc,,earnings22,main,sample,4,200,3261,20.89,6,3.37,19.611275,0.97,en,28.73351732597363,33.2721182343158,25.789635081263416,28.00756120921337,26.12695492180313,28.25699027335829,25.912296841459675,28.086523322287103,26.00429316160687,29.07224930367297,25.758969641214353,28.14838953797274,25.605642440969028,27.9704343453533,25.48298068077277,28.638654261989338,24.348359398957374,25.67608020080545,24.31769395890831,25.756080200805453,23.58172339773076,25.33113980840923,35.32658693652254,41.833067794249246,,,,,,,,,16.160686905857098,15.575566753935979,18.797914750076664,18.063832571890803,55.50000000000001
parakeet-ctc,,earnings22,main,sample,5,200,3261,20.89,6,4.09,19.50027,0.97,en,28.73351732597363,33.2721182343158,25.69763876111622,27.80935651481087,25.758969641214353,27.77199286336088,25.758969641214353,27.824568841582618,25.57497700091996,28.189214488986792,25.329653480527444,27.578298618458852,25.36031892057651,27.729282892805195,24.961668199938668,28.204985094932717,24.195032198712052,26.18303368062505,24.133701318613923,26.058776826368195,23.091076356945724,24.458983183525746,36.24655013799448,42.94373752231495,,,,,,,,,,,,,
parakeet-ctc,,earnings22,main,sample,6,200,3261,20.89,6,4.81,19.547639999999998,0.97,en,28.73351732597363,33.2721182343158,25.452315240723703,27.534459476982796,25.42164980067464,27.430409456346432,25.666973321067157,27.705297547742365,25.57497700091996,27.7660049303462,25.268322600429315,27.50022975245895,25.29898804047838,27.44630254939382,24.808340999693346,27.817149087861324,24.44035571910457,26.61670934530157,24.287028518859245,26.20543950403173,22.723091076356944,24.09158148799905,37.22784421956455,44.07097122595439,,,,,,,,,,,,,
parakeet-ctc,,earnings22,main,sample,8,200,3261,20.89,6,6.255,19.618270000000003,0.97,en,28.73351732597363,33.2721182343158,25.29898804047838,27.125094544994553,25.23765716038025,27.017646780425864,25.29898804047838,27.10503905623387,25.23765716038025,27.512618468048665,24.992333639987734,26.73807351184536,25.022999080036797,27.230809743147837,24.90033731984054,28.100189588388915,24.256363078810182,26.58351821943647,24.287028518859245,26.312551196263563,22.140447715424717,22.729529916593933,38.14780742103649,45.69123611323002,,,,,,,,,14.688745783501993,13.69998771084279,17.60196258816314,16.646854239136402,55.00000000000001
parakeet-ctc,,earnings22,main,sample,10,200,3261,20.89,6,7.65,19.53678,0.97,en,28.73351732597363,33.2721182343158,25.513646120821832,27.274675560286106,25.145660840233056,26.974240103630336,25.390984360625573,27.162965462410043,24.931002759889605,27.586377395086913,24.808340999693346,26.61029644384189,24.869671879791476,27.157743010148184,24.532352039251762,27.40842490406764,24.287028518859245,26.74171962230124,24.31769395890831,26.572888453470078,21.619135234590615,22.16435325390583,38.79178166206685,46.55873269903155,,,,,,,,,,,,,
parakeet-ctc,,earnings22,main,sample,12,200,3261,20.89,6,9.025,19.612180000000002,0.97,en,28.73351732597363,33.2721182343158,25.390984360625573,27.225472086370644,25.36031892057651,27.06656857226315,25.206991720331185,27.07769935975264,24.77767555964428,27.37404097755014,24.71634467954615,26.535862150700503,24.747010119595217,27.163346887714102,24.44035571910457,27.238533212427598,23.949708678319535,25.81700791910076,23.888377798221406,26.236948395291236,21.281815394050906,21.790183445155613,39.650413983440664,48.02393367452665,,,,,,,,,,,,,
parakeet-ctc,,earnings22,main,sample,15,200,3261,20.89,6,10.96,19.481679999999997,0.97,en,28.73351732597363,33.2721182343158,25.69763876111622,27.528928235955824,25.69763876111622,27.242258915362022,25.5443115608709,27.362272486734284,24.747010119595217,27.203114861155044,24.71634467954615,26.6397883414688,24.44035571910457,26.76886381734628,24.103035878564857,27.25615000066434,23.67371971787795,25.58981120358895,23.704385157927018,25.62910392067579,20.97516099356026,21.29092490900412,40.0490647040785,48.63883456966732,23.141524105754275,19.813374805598755,18.3203732503888,18.413685847589424,19.968895800933126,19.502332814930014,19.53343701399689,14.650077760497668,13.615455381784729,12.451810956458948,16.988653787181846,16.06456601096342,50.5
parakeet-ctc,,earnings22,main,sample,16,200,3261,20.89,6,11.625,19.506225,0.97,en,28.73351732597363,33.2721182343158,25.820300521312483,27.68309490262249,25.820300521312483,27.370006168109274,25.728304201165287,27.564058201019996,24.624348359398958,27.014223796848196,24.869671879791476,26.754452843633302,24.287028518859245,26.452347546261045,24.133701318613923,27.243635970461387,23.67371971787795,25.54168037078513,23.765716038025147,25.470075651974533,20.852499233364,21.17260225943147,40.29438822447102,48.908285026617776,23.141524105754275,19.875583203732504,18.258164852255053,18.413685847589424,19.968895800933126,19.564541213063762,19.720062208398133,14.556765163297046,13.523459061637535,12.366049495697487,16.83532658693652,15.950745136848429,50.0
parakeet-ctc,,earnings22,main,sample,20,200,3261,20.89,6,14.13,19.320819999999998,0.97,en,28.73351732597363,33.2721182343158,25.5443115608709,27.626977793307383,26.12695492180313,27.927208409840375,25.666973321067157,27.61506426823597,24.348359398957374,26.909379742883853,24.471021159153633,26.567337787972424,24.103035878564857,26.564749372186007,23.949708678319535,27.02303869369434,23.704385157927018,25.64971269934231,23.73505059797608,25.679893694817423,20.576510272922416,20.92333272309297,40.81570070530512,49.57960235663076,,,,,,,,,,,,,
parakeet-ctc,,earnings22,main,sample,24,200,3261,20.89,6,16.64,19.482374999999998,0.97,en,28.73351732597363,33.2721182343158,25.5443115608709,27.678626873330153,26.157620361852192,27.955300036276192,25.881631401410612,27.845444855710745,24.44035571910457,27.505561677682742,24.195032198712052,26.088066280518866,23.888377798221406,26.19258007765363,23.980374118368598,27.27949355720673,23.61238883777982,25.52133930389995,23.61238883777982,25.364853632708396,20.361852192578965,20.792893926525142,41.42900950628641,50.38351899339622,,,,,,,,,,,,,
parakeet-ctc,,earnings22,main,sample,32,200,3261,20.89,6,21.505,19.448925,0.97,en,28.73351732597363,33.2721182343158,25.36031892057651,27.580382925365065,25.881631401410612,27.737447605006977,25.605642440969028,27.71435066619977,24.409690279055503,26.999975319596388,24.133701318613923,26.084779192900736,24.041704998466727,26.309093242082575,23.73505059797608,27.11624365895683,23.61238883777982,25.602520460706103,23.643054277828888,25.445821114300877,19.840539711744864,20.328077906192817,42.164980067463965,51.224901187136,23.141524105754275,19.22239502332815,17.76049766718507,17.791601866251945,19.62674961119751,19.53343701399689,19.47122861586314,13.654743390357698,12.634161300214657,11.527103909605703,16.09935602575897,15.140623083569817,48.5
parakeet-ctc,,fleurs-en,main,greedy,1,200,4330,32.52,168,1.0,0.0,1.0,en,10.092378752886836,10.563135044986554,10.092378752886836,10.563135044986554,10.092378752886836,10.563135044986554,10.092378752886836,10.563135044986554,10.092378752886836,10.563135044986554,10.092378752886836,10.563135044986554,10.092378752886836,10.563135044986554,10.092378752886836,10.563135044986554,10.092378752886836,10.563135044986554,10.092378752886836,10.563135044986554,10.092378752886836,10.563135044986554,10.092378752886836,10.563135044986554,7.932804479701353,7.932804479701353,7.932804479701353,7.932804479701353,9.216052263182455,9.216052263182455,9.216052263182455,7.932804479701353,,,,,
parakeet-ctc,,fleurs-en,main,sample,1,200,4330,32.52,168,1.0,0.0,1.0,en,11.732101616628176,12.058879425310469,11.732101616628176,12.058879425310469,11.732101616628176,12.058879425310469,11.732101616628176,12.058879425310469,11.732101616628176,12.058879425310469,11.732101616628176,12.058879425310469,11.732101616628176,12.058879425310469,11.732101616628176,12.058879425310469,11.732101616628176,12.058879425310469,11.732101616628176,12.058879425310469,11.732101616628176,12.058879425310469,11.732101616628176,12.058879425310469,9.892673821745216,9.892673821745216,9.892673821745216,9.892673821745216,10.965935604293048,10.965935604293048,10.965935604293048,9.892673821745216,,,,,
parakeet-ctc,,fleurs-en,main,sample,2,200,4330,32.52,168,1.595,5.9195400000000005,1.0,en,11.732101616628176,12.058879425310469,11.131639722863742,11.53583237121882,11.177829099307159,11.615655844375503,11.039260969976905,11.471305070562487,11.478060046189377,11.779047925345687,11.15473441108545,11.565244135924702,11.177829099307159,11.534778069654148,11.963048498845266,12.300633686593997,10.508083140877599,10.949551221188116,10.508083140877599,10.949551221188116,10.415704387990763,10.706749265774652,12.79445727482679,13.184995757941067,,,,,,,,,6.4203233256351036,6.51310160677447,6.997690531177829,7.036036178291652,36.5
parakeet-ctc,,fleurs-en,main,sample,3,200,4330,32.52,168,2.105,5.9349,1.0,en,11.732101616628176,12.058879425310469,10.993071593533488,11.444674638676105,10.92378752886836,11.318543756155606,10.92378752886836,11.363188129495633,10.854503464203233,11.125806256912117,10.739030023094688,11.049876959503425,10.623556581986143,10.930330738614458,10.577367205542725,10.869707627291799,10.2540415704388,10.614636368002206,10.300230946882218,10.674160177526016,10.069284064665126,10.365987349195706,13.579676674364896,14.065684365109234,,,,,,,,,,,,,
parakeet-ctc,,fleurs-en,main,sample,4,200,4330,32.52,168,2.595,5.841285,1.0,en,11.732101616628176,12.058879425310469,10.739030023094688,11.16760493678172,10.854503464203233,11.28592591103776,10.762124711316398,11.22440005338287,10.531177829099308,10.919221356745965,10.577367205542725,10.976474729120303,10.48498845265589,10.86875166514724,10.577367205542725,10.922116839418416,10.277136258660509,10.651352418437895,10.277136258660509,10.659032909989353,9.653579676674365,9.958567841764818,13.879907621247114,14.369622182843894,,,,,,,,,5.658198614318707,5.726532624487846,6.489607390300231,6.494168226253125,37.5
parakeet-ctc,,fleurs-en,main,sample,5,200,4330,32.52,168,3.02,5.729345,1.0,en,11.732101616628176,12.058879425310469,10.785219399538105,11.234757635615452,10.92378752886836,11.385569752502255,10.785219399538105,11.266437011475862,10.43879907621247,10.874750571119886,10.48498845265589,10.876626026577636,10.46189376443418,10.88302904232939,10.2540415704388,10.672300852988117,10.092378752886836,10.52779696898778,10.184757505773671,10.658312943493524,9.56120092378753,9.878846987906034,14.295612009237875,14.778878463717291,,,,,,,,,,,,,
parakeet-ctc,,fleurs-en,main,sample,6,200,4330,32.52,168,3.475,5.77111,1.0,en,11.732101616628176,12.058879425310469,10.877598152424943,11.311473651342054,10.92378752886836,11.310028914030383,10.69284064665127,11.114437298486735,10.508083140877599,10.851948061832243,10.43879907621247,10.788823452801596,10.43879907621247,10.819427841892654,10.2540415704388,10.628301298524635,10.092378752886836,10.472610151116498,10.115473441108545,10.534733851171234,9.376443418013857,9.694270426679463,14.734411085450347,15.229868477434163,,,,,,,,,,,,,
parakeet-ctc,,fleurs-en,main,sample,8,200,4330,32.52,168,4.36,5.879840000000001,1.0,en,11.732101616628176,12.058879425310469,10.877598152424943,11.31388066212238,10.831408775981524,11.230818759995543,10.762124711316398,11.171068579620362,10.369515011547344,10.709354690545432,10.43879907621247,10.767006555292442,10.346420323325635,10.711066663213288,10.115473441108545,10.47318082618952,10.0,10.408742362788441,10.092378752886836,10.527087951898647,9.145496535796767,9.510517010027224,15.519630484988452,16.10877153293841,,,,,,,,,5.219399538106235,5.310918682153935,6.351039260969977,6.4030545720131515,37.0
parakeet-ctc,,fleurs-en,main,sample,10,200,4330,32.52,168,5.12,5.867049999999999,1.0,en,11.732101616628176,12.058879425310469,10.946882217090069,11.43644531011806,10.877598152424943,11.305439972116755,10.854503464203233,11.354269384192136,10.46189376443418,10.875624531815275,10.369515011547344,10.793297755404279,10.392609699769054,10.813341639115592,10.23094688221709,10.637178616785775,10.069284064665126,10.494867575336803,10.115473441108545,10.573274608379421,8.983833718244803,9.329489416930665,16.00461893764434,16.61638868739187,,,,,,,,,,,,,
parakeet-ctc,,fleurs-en,main,sample,12,200,4330,32.52,168,5.915,5.88371,1.0,en,11.732101616628176,12.058879425310469,10.808314087759815,11.338551846578781,10.900692840646652,11.350727240629176,10.831408775981524,11.34103200530894,10.323325635103926,10.708768629488873,10.323325635103926,10.763872209498,10.323325635103926,10.758262111321283,10.20785219399538,10.586905654500896,9.97690531177829,10.420532512157926,10.02309468822171,10.466081166402233,8.752886836027713,9.106590269462552,16.46651270207852,17.094594430687557,,,,,,,,,,,,,
parakeet-ctc,,fleurs-en,main,sample,15,200,4330,32.52,168,7.005,5.854680000000001,1.0,en,11.732101616628176,12.058879425310469,10.69284064665127,11.219412652439587,10.854503464203233,11.33407722397916,10.739030023094688,11.25165471593165,10.323325635103926,10.776106318453248,10.346420323325635,10.826784406769804,10.369515011547344,10.815409120913944,10.161662817551964,10.602785777244774,9.97690531177829,10.428526766778868,10.046189376443419,10.557961508282574,8.660508083140877,9.034725306468557,16.836027713625867,17.444268564961575,9.892673821745216,8.656089594027065,8.42277181521232,8.212785814279048,9.402706486234251,9.169388707419506,9.239384041063929,6.579561362575828,4.803695150115473,4.892043815842986,6.073903002309469,6.113516078845627,35.5
parakeet-ctc,,fleurs-en,main,sample,16,200,4330,32.52,168,7.375,5.861234999999999,1.0,en,11.732101616628176,12.058879425310469,10.785219399538105,11.310900536372293,10.877598152424943,11.360393013452843,10.808314087759815,11.327013567606292,10.277136258660509,10.705319568970847,10.346420323325635,10.778283473308974,10.300230946882218,10.730537304134234,10.20785219399538,10.643720926553238,10.0,10.44227164259271,10.02309468822171,10.532961508282575,8.591224018475751,8.924687427680679,17.090069284064665,17.688591186298815,9.892673821745216,8.749416705552964,8.282781147923473,8.189454036397574,9.356042930471302,9.14605692953803,9.216052263182455,6.509566028931404,4.780600461893765,4.867043815842987,6.05080831408776,6.078992269321818,35.0
parakeet-ctc,,fleurs-en,main,sample,20,200,4330,32.52,168,8.74,5.83761,1.0,en,11.732101616628176,12.058879425310469,10.762124711316398,11.327917343094981,10.831408775981524,11.32708020557107,10.785219399538105,11.313362172704897,10.369515011547344,10.808653398883623,10.369515011547344,10.837132290613674,10.346420323325635,10.79163032171017,10.2540415704388,10.687622127523404,10.02309468822171,10.474273705605002,10.069284064665126,10.55156839159534,8.475750577367206,8.813276532677516,17.4364896073903,18.136054826972533,,,,,,,,,,,,,
parakeet-ctc,,fleurs-en,main,sample,24,200,4330,32.52,168,10.095,5.856945,1.0,en,11.732101616628176,12.058879425310469,10.739030023094688,11.34747655592438,10.808314087759815,11.29681972817437,10.831408775981524,11.361060558305459,10.392609699769054,10.81285804033995,10.346420323325635,10.816644438028634,10.300230946882218,10.71827814498468,10.2540415704388,10.664325610126486,10.069284064665126,10.501374576695644,10.092378752886836,10.590176195828146,8.360277136258661,8.708597833240752,17.759815242494227,18.405033467379745,,,,,,,,,,,,,
parakeet-ctc,,fleurs-en,main,sample,32,200,4330,32.52,168,12.745,5.891005,1.0,en,11.732101616628176,12.058879425310469,11.016166281755197,11.560422472243609,10.831408775981524,11.303474139064162,11.016166281755197,11.548667350147634,10.300230946882218,10.771941107031713,10.2540415704388,10.728115296301496,10.277136258660509,10.743654143419288,10.138568129330254,10.614867272015598,10.02309468822171,10.50982383413858,10.02309468822171,10.527860235301915,8.106235565819862,8.47207049580918,18.36027713625866,19.116952382720477,9.892673821745216,9.029398040130658,8.352776481567895,8.166122258516099,9.332711152589827,9.169388707419506,9.076061595893608,6.089594027064862,4.387990762124711,4.455422034670354,5.727482678983834,5.745244895923442,36.5
parakeet-ctc,,ls-dev-other,main,greedy,1,200,3580,21.66,33,1.0,0.0,1.0,en,3.8547486033519553,4.117125965299355,3.8547486033519553,4.117125965299355,3.8547486033519553,4.117125965299355,3.8547486033519553,4.117125965299355,3.8547486033519553,4.117125965299355,3.8547486033519553,4.117125965299355,3.8547486033519553,4.117125965299355,3.8547486033519553,4.117125965299355,3.8547486033519553,4.117125965299355,3.8547486033519553,4.117125965299355,3.8547486033519553,4.117125965299355,3.8547486033519553,4.117125965299355,3.7037037037037037,3.7037037037037037,3.7037037037037037,3.7037037037037037,5.887230514096186,5.887230514096186,5.887230514096186,3.7037037037037037,,,,,
parakeet-ctc,,ls-dev-other,main,sample,1,200,3580,21.66,33,1.0,0.0,1.0,en,5.418994413407821,5.385075705440846,5.418994413407821,5.385075705440846,5.418994413407821,5.385075705440846,5.418994413407821,5.385075705440846,5.418994413407821,5.385075705440846,5.418994413407821,5.385075705440846,5.418994413407821,5.385075705440846,5.418994413407821,5.385075705440846,5.418994413407821,5.385075705440846,5.418994413407821,5.385075705440846,5.418994413407821,5.385075705440846,5.418994413407821,5.385075705440846,5.223880597014926,5.223880597014926,5.223880597014926,5.223880597014926,7.3521282476506356,7.3521282476506356,7.3521282476506356,5.223880597014926,,,,,
parakeet-ctc,,ls-dev-other,main,sample,2,200,3580,21.66,33,1.43,4.850015,1.0,en,5.418994413407821,5.385075705440846,5.0,5.230198008696409,5.195530726256983,5.289447604052773,4.944134078212291,5.151877206691396,5.279329608938547,5.319351515032199,4.944134078212291,5.158769437267837,4.944134078212291,5.158769437267837,5.446927374301676,5.314703935244392,4.385474860335195,4.543204537230061,4.385474860335195,4.543204537230061,4.301675977653631,4.466839859196955,6.5083798882681565,6.557483021640353,,,,,,,,,3.35195530726257,3.567080773138745,3.7709497206703912,3.9267479334638,12.5
parakeet-ctc,,ls-dev-other,main,sample,3,200,3580,21.66,33,1.75,4.87691,1.0,en,5.418994413407821,5.385075705440846,4.832402234636872,5.141434559847914,4.972067039106145,5.18501303295421,4.776536312849162,5.067435028499218,4.720670391061453,4.883892474561927,4.608938547486034,4.790920490583845,4.581005586592179,4.722170490583845,4.553072625698324,4.716589141895362,4.217877094972067,4.440921968329226,4.189944134078212,4.360292302101733,3.88268156424581,3.8982826202605527,7.039106145251397,6.974725959032754,,,,,,,,,,,,,
parakeet-ctc,,ls-dev-other,main,sample,4,200,3580,21.66,33,2.095,4.899505,1.0,en,5.418994413407821,5.385075705440846,4.664804469273743,5.074692734599991,4.720670391061453,5.105172720827312,4.608938547486034,5.029537225083121,4.5251396648044695,4.878351064752224,4.5251396648044695,4.912655327562584,4.553072625698324,4.948187478338638,4.385474860335195,4.705203067545343,4.217877094972067,4.520470307997243,4.162011173184357,4.482375069902005,3.5754189944134076,3.7188081095511585,7.290502793296089,7.24909523185404,,,,,,,,,2.569832402234637,2.8130911864459054,3.2681564245810057,3.415708409072424,13.5
parakeet-ctc,,ls-dev-other,main,sample,5,200,3580,21.66,33,2.4,4.940404999999999,1.0,en,5.418994413407821,5.385075705440846,4.720670391061453,5.056040129105281,4.4692737430167595,4.940595631250224,4.581005586592179,4.953696399242296,4.664804469273743,4.989720128850162,4.553072625698324,4.877321937229194,4.553072625698324,4.877992283143442,4.385474860335195,4.7602708744009075,4.329608938547486,4.635831885345214,4.189944134078212,4.395211394724723,3.4078212290502794,3.4871161903592385,7.709497206703911,7.766292593459295,,,,,,,,,,,,,
parakeet-ctc,,ls-dev-other,main,sample,6,200,3580,21.66,33,2.67,4.917400000000001,1.0,en,5.418994413407821,5.385075705440846,4.664804469273743,5.007773322382592,4.608938547486034,4.992617731170741,4.5251396648044695,4.901285432229747,4.35754189944134,4.786360899120754,4.385474860335195,4.691366338773596,4.273743016759776,4.6424870676382275,4.273743016759776,4.688665010120517,4.022346368715084,4.319199220096906,4.050279329608938,4.297651601049287,3.2681564245810057,3.3705226231077767,8.212290502793296,8.269549580766121,,,,,,,,,,,,,
parakeet-ctc,,ls-dev-other,main,sample,8,200,3580,21.66,33,3.205,4.96879,1.0,en,5.418994413407821,5.385075705440846,4.664804469273743,5.026547859249233,4.4692737430167595,4.790154502391723,4.553072625698324,4.87422203510056,4.441340782122905,4.8951530128041725,4.301675977653631,4.65747939238665,4.35754189944134,4.774703462354622,4.245810055865922,4.6687982464494056,4.106145251396648,4.297325031872645,4.134078212290503,4.248775248322861,3.0726256983240225,3.2089483445525286,8.88268156424581,9.329148270914011,,,,,,,,,2.206703910614525,2.3158204995074914,2.8491620111731844,2.940769763873946,13.5
parakeet-ctc,,ls-dev-other,main,sample,10,200,3580,21.66,33,3.72,5.000735,1.0,en,5.418994413407821,5.385075705440846,4.664804469273743,4.910581153088927,4.35754189944134,4.629348269329392,4.41340782122905,4.652503103625531,4.4692737430167595,4.67234458772462,4.385474860335195,4.674400146857705,4.35754189944134,4.600050215430247,4.245810055865922,4.4902140870287806,4.162011173184357,4.3493433839412985,4.189944134078212,4.359343383941298,2.988826815642458,3.058948344552528,9.273743016759777,9.957971762237502,,,,,,,,,,,,,
parakeet-ctc,,ls-dev-other,main,sample,12,200,3580,21.66,33,4.175,4.9757,1.0,en,5.418994413407821,5.385075705440846,4.748603351955308,4.894256468254012,4.273743016759776,4.5359949265140695,4.441340782122905,4.612567307679504,4.385474860335195,4.695257518365576,4.385474860335195,4.550407472865031,4.329608938547486,4.511829664051802,4.217877094972067,4.493957008798826,4.106145251396648,4.310053042251031,4.106145251396648,4.280159602357591,2.9608938547486034,3.0295365798466456,9.35754189944134,10.142315196580938,,,,,,,,,,,,,
parakeet-ctc,,ls-dev-other,main,sample,15,200,3580,21.66,33,4.86,4.952665,1.0,en,5.418994413407821,5.385075705440846,4.608938547486034,4.768016921051732,4.301675977653631,4.603852069371213,4.5251396648044695,4.7010978413187345,4.245810055865922,4.460152682289472,4.273743016759776,4.396897325807107,4.301675977653631,4.511310690220471,4.050279329608938,4.352373361746535,4.078212290502793,4.261054421823839,4.022346368715084,4.153911564680982,2.905027932960894,3.0031476909577566,9.720670391061452,10.482886374846704,5.223880597014926,4.505251520176893,4.06301824212272,4.1735765616362634,5.997788833609729,6.025428413488115,6.025428413488115,2.874516307352128,2.0391061452513966,2.1950983873273997,2.7094972067039107,2.7662191102791747,13.0
parakeet-ctc,,ls-dev-other,main,sample,16,200,3580,21.66,33,5.1,4.960955,1.0,en,5.418994413407821,5.385075705440846,4.4972067039106145,4.6921111239502835,4.273743016759776,4.5809354027045455,4.385474860335195,4.612996922266065,4.217877094972067,4.5275683806262235,4.273743016759776,4.414294986625821,4.217877094972067,4.402698250029083,4.106145251396648,4.435997055126327,4.022346368715084,4.226157396652214,3.994413407821229,4.140753669944139,2.905027932960894,3.0031476909577566,9.860335195530727,10.691222483182813,5.223880597014926,4.39469320066335,4.035378662244334,4.1735765616362634,6.053067993366501,5.970149253731344,5.970149253731344,2.874516307352128,2.0391061452513966,2.1950983873273997,2.6815642458100557,2.7349691102791747,13.0
parakeet-ctc,,ls-dev-other,main,sample,20,200,3580,21.66,33,6.0,4.962700000000001,1.0,en,5.418994413407821,5.385075705440846,4.441340782122905,4.665200096381361,4.301675977653631,4.664268736037879,4.385474860335195,4.626290573059716,4.162011173184357,4.420508089587059,4.273743016759776,4.533146967977801,4.217877094972067,4.454087138917973,4.078212290502793,4.348320138928283,3.994413407821229,4.245192528187346,3.9385474860335195,4.101072680438466,2.7094972067039107,2.87916601551655,10.558659217877095,11.527394592806933,,,,,,,,,,,,,
parakeet-ctc,,ls-dev-other,main,sample,24,200,3580,21.66,33,6.885,5.014095,1.0,en,5.418994413407821,5.385075705440846,4.245810055865922,4.5300471030761935,4.245810055865922,4.617046513815657,4.217877094972067,4.477667012762856,4.189944134078212,4.467490755893019,4.162011173184357,4.333421693252527,4.245810055865922,4.530860365691199,4.162011173184357,4.43157805748032,4.078212290502793,4.2953538747772635,3.994413407821229,4.1330162124396015,2.6815642458100557,2.823610459960994,11.11731843575419,12.312734688441147,,,,,,,,,,,,,
parakeet-ctc,,ls-dev-other,main,sample,32,200,3580,21.66,33,8.485,4.9443150000000005,1.0,en,5.418994413407821,5.385075705440846,4.245810055865922,4.535683827462917,4.245810055865922,4.641352069371213,4.189944134078212,4.478343419689262,4.217877094972067,4.5170634054656675,3.910614525139665,4.110070907401741,4.050279329608938,4.330994428325262,4.189944134078212,4.507539595941858,3.994413407821229,4.191187208110597,3.9385474860335195,4.081248535671925,2.625698324022346,2.7741480943695964,11.620111731843576,12.745563941438833,5.223880597014926,4.2288557213930345,4.06301824212272,3.841901603095633,6.135986733001658,5.997788833609729,5.914870093974572,2.59812050856827,1.7597765363128492,1.9789151483998,2.458100558659218,2.5557380322095336,12.5
parakeet-ctc,,ls-tc-babble5,main,greedy,1,200,3869,23.7,40,1.0,0.0,0.995,en,11.656758852416646,13.992679172481386,11.656758852416646,13.992679172481386,11.656758852416646,13.992679172481386,11.656758852416646,13.992679172481386,11.656758852416646,13.992679172481386,11.656758852416646,13.992679172481386,11.656758852416646,13.992679172481386,11.656758852416646,13.992679172481386,11.656758852416646,13.992679172481386,11.656758852416646,13.992679172481386,11.656758852416646,13.992679172481386,11.656758852416646,13.992679172481386,11.68200408997955,11.68200408997955,11.68200408997955,11.68200408997955,13.420245398773005,13.420245398773005,13.420245398773005,11.68200408997955,,,,,
parakeet-ctc,,ls-tc-babble5,main,sample,1,200,3869,23.7,40,1.0,0.0,1.0,en,15.2235719824244,17.97796707523343,15.2235719824244,17.97796707523343,15.2235719824244,17.97796707523343,15.2235719824244,17.97796707523343,15.2235719824244,17.97796707523343,15.2235719824244,17.97796707523343,15.2235719824244,17.97796707523343,15.2235719824244,17.97796707523343,15.2235719824244,17.97796707523343,15.2235719824244,17.97796707523343,15.2235719824244,17.97796707523343,15.2235719824244,17.97796707523343,15.158486707566462,15.158486707566462,15.158486707566462,15.158486707566462,16.641104294478527,16.641104294478527,16.641104294478527,15.158486707566462,,,,,
parakeet-ctc,,ls-tc-babble5,main,sample,2,200,3869,23.7,40,1.76,16.337345,1.0,en,15.2235719824244,17.97796707523343,14.241406048074438,16.570362468771044,14.422331351770483,16.86377065460954,14.293098991987593,16.691546502994164,15.016800206771777,17.419506718184863,14.138020160248127,16.446772243207135,14.189713104161282,16.45383163075433,15.507883173946757,18.523908043559633,12.949082450245541,15.389000548516623,12.949082450245541,15.389000548516623,13.20754716981132,15.445726236940956,17.4463685706901,20.603294665342364,,,,,,,,,10.82967174980615,13.18041091330156,12.09614887567847,14.269177071268413,34.5
parakeet-ctc,,ls-tc-babble5,main,sample,3,200,3869,23.7,40,2.47,16.435605,1.0,en,15.2235719824244,17.97796707523343,13.4660118893771,15.798734976001654,14.08632721633497,16.703981682614092,13.802016024812612,16.112398328048158,13.517704833290257,15.664084362658691,13.491858361333678,15.744521316853785,13.414318945463943,15.609950731815236,13.07831481002843,15.370456041205385,12.302920651331092,14.499282334714774,12.302920651331092,14.499282334714774,12.406306539157406,14.470441739914527,18.68699922460584,22.16206753463231,,,,,,,,,,,,,
parakeet-ctc,,ls-tc-babble5,main,sample,4,200,3869,23.7,40,3.14,16.398935,1.0,en,15.2235719824244,17.97796707523343,13.310933057637632,15.71488160924988,13.776169552856036,16.392175087025937,13.569397777203411,16.178058468622392,13.104161281985009,15.484568098280075,13.259240113724477,15.553101959047936,13.20754716981132,15.501389110964123,12.949082450245541,15.231713796480664,12.22538123546136,14.461289270680034,12.22538123546136,14.461289270680034,11.83768415611269,13.947092645925654,19.69501163091238,23.32269821201188,,,,,,,,,9.614887567846989,11.87201941677301,11.036443525458775,13.177304584312798,31.0
parakeet-ctc,,ls-tc-babble5,main,sample,5,200,3869,23.7,40,3.825,16.532,1.0,en,15.2235719824244,17.97796707523343,13.181700697854742,15.416843385553767,13.414318945463943,15.876411794679973,13.233393641767899,15.6157459484772,13.052468338071852,15.422508988398823,13.026621866115276,15.335083459779437,12.97492892220212,15.357893223491374,12.561385370896872,14.850240132544887,12.173688291548205,14.606012451059868,12.09614887567847,14.474068006615424,11.553372964590334,13.581708506562173,20.41871284569656,24.332275932353387,,,,,,,,,,,,,
parakeet-ctc,,ls-tc-babble5,main,sample,6,200,3869,23.7,40,4.505,16.48696,1.0,en,15.2235719824244,17.97796707523343,12.897389506332386,15.024174779649863,13.388472473507367,15.69432535041868,13.026621866115276,15.263436299236604,12.613078314810029,15.062065967893885,12.794003618506073,15.048676173372149,12.638924786766607,14.96181536425562,12.251227707417938,14.588360388584826,12.147841819591626,14.62082853353175,12.121995347635048,14.60159776430098,11.398294132850866,13.390630890484555,20.80640992504523,24.956217277039638,,,,,,,,,,,,,
parakeet-ctc,,ls-tc-babble5,main,sample,8,200,3869,23.7,40,5.855,16.53485,1.0,en,15.2235719824244,17.97796707523343,12.897389506332386,15.040246902125617,13.233393641767899,15.563764494230629,13.000775394158698,15.202365788424027,12.742310674592918,15.07748502424915,12.84569656241923,15.057209585030332,12.768157146549497,14.976235270133504,12.044455931765315,14.425034299621716,12.121995347635048,14.56026511125122,12.22538123546136,14.717736564918326,11.062289997415354,12.94324358946822,21.840268803308348,26.344625959390015,,,,,,,,,8.761953993279917,10.795550973114773,10.33858878263117,12.080127595848193,33.5
parakeet-ctc,,ls-tc-babble5,main,sample,10,200,3869,23.7,40,7.17,16.52797,1.0,en,15.2235719824244,17.97796707523343,12.819850090462651,14.829012222675896,13.20754716981132,15.479742285276693,12.923235978288963,15.01102864977613,12.58723184285345,15.037716778888798,12.613078314810029,14.668181061997295,12.509692426983717,14.6867520848037,12.09614887567847,14.609984208531174,12.22538123546136,14.723808478423619,12.199534763504781,14.656374267897304,10.72628586197984,12.550304499675589,22.33135177048333,27.078844124266077,,,,,,,,,,,,,
parakeet-ctc,,ls-tc-babble5,main,sample,12,200,3869,23.7,40,8.485,16.65614,1.0,en,15.2235719824244,17.97796707523343,12.768157146549497,14.897469021724802,13.414318945463943,15.551452373115811,13.026621866115276,15.304229199226679,12.58723184285345,15.004336792245375,12.638924786766607,14.761334618966643,12.535538898940295,14.81407927551343,12.018609459808737,14.568149846497299,12.173688291548205,14.583632390936774,12.173688291548205,14.578698180410454,10.312742310674594,12.11209021885857,22.899974153528042,27.81124396968814,,,,,,,,,,,,,
parakeet-ctc,,ls-tc-babble5,main,sample,15,200,3869,23.7,40,10.39,16.73597,1.0,en,15.2235719824244,17.97796707523343,12.84569656241923,15.058974070729853,13.233393641767899,15.457398566562002,13.026621866115276,15.403738280489792,12.380460067200827,14.856558527604774,12.561385370896872,14.698221230792354,12.380460067200827,14.657524790444102,11.83768415611269,14.356379108115414,11.992762987852158,14.433576955518944,12.044455931765315,14.546076955518943,10.054277591108814,11.77197004314057,23.597828896355647,28.595743715397454,15.158486707566462,12.960122699386503,12.397750511247445,12.653374233128835,13.445807770961146,13.624744376278118,13.675869120654397,10.020449897750511,7.7539415869733785,9.710533900592532,9.537348151977255,11.160779636725735,28.499999999999996
parakeet-ctc,,ls-tc-babble5,main,sample,16,200,3869,23.7,40,10.98,16.718015,1.0,en,15.2235719824244,17.97796707523343,12.923235978288963,15.19141454692033,13.20754716981132,15.44778318194662,13.052468338071852,15.405226375727887,12.302920651331092,14.730152890871432,12.613078314810029,14.833282674724767,12.406306539157406,14.792580209699436,11.7084517963298,14.253592362948394,12.070302403721891,14.498872161802238,12.044455931765315,14.488455495135568,10.028431119152236,11.75197004314057,23.67536831222538,28.7137261715378,15.158486707566462,13.036809815950921,12.423312883435583,12.704498977505112,13.31799591002045,13.752556237218814,13.726993865030675,9.994887525562373,7.7539415869733785,9.688499331388153,9.485655208064099,11.008603710799807,28.000000000000004
parakeet-ctc,,ls-tc-babble5,main,sample,20,200,3869,23.7,40,13.445,16.694365,1.0,en,15.2235719824244,17.97796707523343,12.97492892220212,15.280202579987431,13.155854225898166,15.240217028908038,13.052468338071852,15.403552332177739,12.121995347635048,14.626489652346248,12.483845955027139,14.632836437093038,12.32876712328767,14.648292387931184,11.7084517963298,14.174783875862285,11.941070043939002,14.380613432537734,12.018609459808737,14.544019229639183,9.821659343499613,11.502388920765329,24.08891186353063,29.3177379463142,,,,,,,,,,,,,
parakeet-ctc,,ls-tc-babble5,main,sample,24,200,3869,23.7,40,15.725,16.684424999999997,1.0,en,15.2235719824244,17.97796707523343,13.026621866115276,15.335010039081814,13.130007753941587,15.271382520599843,12.949082450245541,15.35259999504119,12.251227707417938,14.599255515531823,12.535538898940295,14.777664355296693,12.380460067200827,14.626887154415947,11.7084517963298,14.195965083460283,11.734298268286379,14.181605644504938,11.734298268286379,14.199282412181704,9.7182734556733,11.412771221391532,24.399069527009562,29.765443306088525,,,,,,,,,,,,,
parakeet-ctc,,ls-tc-babble5,main,sample,32,200,3869,23.7,40,20.55,16.711380000000002,1.0,en,15.2235719824244,17.97796707523343,13.000775394158698,15.404249402002906,13.026621866115276,15.171288439481485,12.97492892220212,15.385121527562722,12.199534763504781,14.555136742351147,12.380460067200827,14.575018498510426,12.302920651331092,14.496728806596526,11.734298268286379,14.111084440212526,11.760144740242957,14.218786859516342,11.734298268286379,14.205213627193105,9.537348151977255,11.261430361415531,24.967691910054278,30.83847925460172,15.158486707566462,13.241308793456033,12.346625766871165,12.602249488752555,13.445807770961146,13.496932515337424,13.471370143149285,9.53476482617587,6.9268544843628845,8.588051930069689,8.813646937193074,10.364965872261296,32.5
parakeet-ctc,,ls-test-clean,main,greedy,1,200,3869,23.7,40,1.0,0.0,1.0,en,1.9901783406565003,2.152650137000253,1.9901783406565003,2.152650137000253,1.9901783406565003,2.152650137000253,1.9901783406565003,2.152650137000253,1.9901783406565003,2.152650137000253,1.9901783406565003,2.152650137000253,1.9901783406565003,2.152650137000253,1.9901783406565003,2.152650137000253,1.9901783406565003,2.152650137000253,1.9901783406565003,2.152650137000253,1.9901783406565003,2.152650137000253,1.9901783406565003,2.152650137000253,1.9171779141104295,1.9171779141104295,1.9171779141104295,1.9171779141104295,4.115541922290388,4.115541922290388,4.115541922290388,1.9171779141104295,,,,,
parakeet-ctc,,ls-test-clean,main,sample,1,200,3869,23.7,40,1.0,0.0,1.0,en,3.204962522615663,2.825599588664703,3.204962522615663,2.825599588664703,3.204962522615663,2.825599588664703,3.204962522615663,2.825599588664703,3.204962522615663,2.825599588664703,3.204962522615663,2.825599588664703,3.204962522615663,2.825599588664703,3.204962522615663,2.825599588664703,3.204962522615663,2.825599588664703,3.204962522615663,2.825599588664703,3.204962522615663,2.825599588664703,3.204962522615663,2.825599588664703,3.2464212678936604,3.2464212678936604,3.2464212678936604,3.2464212678936604,5.393660531697342,5.393660531697342,5.393660531697342,3.2464212678936604,,,,,
parakeet-ctc,,ls-test-clean,main,sample,2,200,3869,23.7,40,1.33,3.12962,1.0,en,3.204962522615663,2.825599588664703,2.843111915223572,2.5302339213031044,2.7914189713104163,2.4927339213031043,2.817265443266994,2.509400587969771,3.2308089945722407,2.9003627357565707,2.843111915223572,2.5302339213031044,2.86895838718015,2.5577876847439645,3.3600413543551304,2.9522188056904337,2.196950116309124,2.230970439803011,2.196950116309124,2.230970439803011,2.3520289480485914,2.082480635318926,4.161281985009047,3.7238810945817304,,,,,,,,,1.421555957611786,1.5245449666569957,2.0418712845696563,1.874544820316578,13.0
parakeet-ctc,,ls-test-clean,main,sample,3,200,3869,23.7,40,1.595,2.93092,1.0,en,3.204962522615663,2.825599588664703,2.610493667614371,2.3034040039561496,2.532954251744637,2.2874135055478484,2.5588007237012147,2.283442763646072,2.7138795554406823,2.4817535281662724,2.610493667614371,2.3839908714522444,2.5846471956577926,2.3788732379612973,2.3003360041354357,2.2870964336844932,2.0160248126130784,2.092184831062709,2.093564228482812,2.1662443921912353,2.067717756526234,1.8680785923899375,4.652364952184027,4.3249401271325105,,,,,,,,,,,,,
parakeet-ctc,,ls-test-clean,main,sample,4,200,3869,23.7,40,1.835,3.0120250000000004,1.0,en,3.204962522615663,2.825599588664703,2.5846471956577926,2.2901996056974037,2.507107779788059,2.303906661986657,2.4554148358749033,2.231185920084881,2.532954251744637,2.35825529181023,2.4554148358749033,2.2595145322703947,2.481261307831481,2.3000744736771512,2.2486430602222796,2.289604848437189,2.0160248126130784,2.150918847630308,2.0160248126130784,2.160219510735319,1.9126389247867666,1.7692032747646202,5.169294391315585,4.951190694757338,,,,,,,,,1.2406306539157406,1.3791605005079117,1.7058671491341433,1.6109420568159019,9.0
parakeet-ctc,,ls-test-clean,main,sample,5,200,3869,23.7,40,2.05,3.087835,1.0,en,3.204962522615663,2.825599588664703,2.4554148358749033,2.264604367602166,2.3778754200051693,2.238451235630068,2.3778754200051693,2.224063827061625,2.3778754200051693,2.25889898250166,2.403721891961747,2.167845615601478,2.3003360041354357,2.168200154302832,2.2227965882657017,2.2074499223569477,2.067717756526234,2.110015272855766,2.0418712845696563,2.068348606189099,1.7317136210907211,1.6397160952774406,5.712070302403722,5.614555658362072,,,,,,,,,,,,,
parakeet-ctc,,ls-test-clean,main,sample,6,200,3869,23.7,40,2.265,3.0712400000000004,1.0,en,3.204962522615663,2.825599588664703,2.4554148358749033,2.264604367602166,2.4554148358749033,2.3083849477512803,2.3778754200051693,2.224063827061625,2.3778754200051693,2.1966358268174515,2.2744895321788574,2.0760230237788866,2.3520289480485914,2.1575024139539285,2.2227965882657017,2.1837345528250456,2.11941070043939,2.0785452831055813,2.171103644352546,2.1523090193693175,1.7058671491341433,1.626895582456928,5.996381493926079,5.937414616844467,,,,,,,,,,,,,
parakeet-ctc,,ls-test-clean,main,sample,8,200,3869,23.7,40,2.675,3.162625,1.0,en,3.204962522615663,2.825599588664703,2.429568363918325,2.2722966752944735,2.403721891961747,2.3057330887264866,2.2744895321788574,2.196396333265099,2.2486430602222796,2.183911006834567,2.2227965882657017,2.084985566612397,2.196950116309124,2.0872406864341366,2.0160248126130784,2.0241060208174817,1.9126389247867666,1.994409595735559,1.8867924528301887,1.9836377063346373,1.6024812613078314,1.5169020813343943,6.565003876970794,6.7469632275618086,,,,,,,,,1.0080124063065392,1.1579248820161958,1.473248901524942,1.3985447095395227,8.0
parakeet-ctc,,ls-test-clean,main,sample,10,200,3869,23.7,40,3.095,3.3086249999999997,1.0,en,3.204962522615663,2.825599588664703,2.429568363918325,2.2793948687092866,2.3778754200051693,2.305723134912185,2.2744895321788574,2.20920689227131,2.196950116309124,2.1417827284761786,2.2227965882657017,2.097796125618608,2.2227965882657017,2.153257572384403,1.9643318686999225,2.018757952969414,1.8867924528301887,1.9619082623874105,1.8867924528301887,2.026731611081727,1.5766347893512536,1.5079735099058231,6.97854742827604,7.250139676435932,,,,,,,,,,,,,
parakeet-ctc,,ls-test-clean,main,sample,12,200,3869,23.7,40,3.45,3.272835,1.0,en,3.204962522615663,2.825599588664703,2.481261307831481,2.329422739389331,2.429568363918325,2.357806468245518,2.3778754200051693,2.2728950001404526,2.145257172395968,2.133278449079584,2.2486430602222796,2.125283583812588,2.171103644352546,2.150618721647726,1.9643318686999225,2.070605999246808,1.9126389247867666,2.0322136290637447,1.8609459808736108,2.0200718914909728,1.4474024295683638,1.4414781012336408,7.288705091754975,7.713969377590319,,,,,,,,,,,,,
parakeet-ctc,,ls-test-clean,main,sample,15,200,3869,23.7,40,4.02,3.3076149999999997,1.0,en,3.204962522615663,2.825599588664703,2.610493667614371,2.507828339165899,2.4554148358749033,2.3833441026541204,2.5588007237012147,2.4789586458940316,2.093564228482812,2.0859848049608765,2.2227965882657017,2.093204891277833,2.11941070043939,2.0993911672221737,1.9643318686999225,2.0389373551281005,1.8867924528301887,2.0021613642553824,1.8350995089170328,1.9695731191671375,1.3957094856552081,1.3876163126157546,7.7280951150168,8.366534526401967,3.2464212678936604,2.505112474437628,2.096114519427403,2.198364008179959,4.166666666666667,4.08997955010225,3.9877300613496933,1.303680981595092,0.8270871026104937,0.9921284799533463,1.2664771258723184,1.2692589408208828,8.0
parakeet-ctc,,ls-test-clean,main,sample,16,200,3869,23.7,40,4.215,3.32581,1.0,en,3.204962522615663,2.825599588664703,2.5846471956577926,2.4943148256523857,2.4554148358749033,2.3833441026541204,2.532954251744637,2.465445132380518,2.093564228482812,2.0859848049608765,2.196950116309124,2.07969137776432,2.11941070043939,2.0993911672221737,1.9643318686999225,2.0389373551281005,1.8609459808736108,1.9943488642553824,1.8350995089170328,2.045093952500471,1.36986301369863,1.3042829792824215,7.934866890669424,8.506939598556949,3.2464212678936604,2.4795501022494886,2.096114519427403,2.17280163599182,4.166666666666667,4.064417177914111,3.962167689161554,1.278118609406953,0.8012406306539157,0.9087951466200129,1.2406306539157406,1.1859256074875495,8.0
parakeet-ctc,,ls-test-clean,main,sample,20,200,3869,23.7,40,4.975,3.3824699999999996,1.0,en,3.204962522615663,2.825599588664703,2.4554148358749033,2.4836409732950653,2.2744895321788574,2.3223898015788516,2.3778754200051693,2.4482527422546605,2.0418712845696563,2.11564867267918,2.11941070043939,2.1423003799398543,1.9901783406565003,2.078310987321429,1.9384853967433446,2.0730655085606897,1.9643318686999225,2.0656385374886534,1.9643318686999225,2.1695148441088623,1.2664771258723184,1.238137145949088,8.581028689583873,9.46952827924301,,,,,,,,,,,,,
parakeet-ctc,,ls-test-clean,main,sample,24,200,3869,23.7,40,5.66,3.33332,1.0,en,3.204962522615663,2.825599588664703,2.5588007237012147,2.5572787938078854,2.2744895321788574,2.3512359554250057,2.507107779788059,2.5297030627674806,1.9384853967433446,1.985497573778081,2.145257172395968,2.1712829682974424,2.0160248126130784,2.0810260290626337,1.9126389247867666,2.0079613418940228,1.9126389247867666,2.0418155085606897,1.8609459808736108,1.9861815107755292,1.1889377100025846,1.169593189905132,8.813646937193074,9.746163736697431,,,,,,,,,,,,,
parakeet-ctc,,ls-test-clean,main,sample,32,200,3869,23.7,40,7.05,3.32789,1.0,en,3.204962522615663,2.825599588664703,2.5846471956577926,2.6233665227913607,2.2486430602222796,2.3549399562808038,2.507107779788059,2.5841628847742113,1.8867924528301887,1.9688744125631912,2.067717756526234,2.0820340935787627,2.0160248126130784,2.0554883946540317,1.8350995089170328,1.9827209572786382,1.8609459808736108,1.9943488642553824,1.8609459808736108,2.0687536261601442,1.085551822176273,1.0777051061692222,9.330576376324633,10.299680244129013,3.2464212678936604,2.4284253578732105,1.9171779141104295,2.0194274028629855,4.013292433537832,4.013292433537832,4.013292433537832,1.0736196319018405,0.7237012147841819,0.825141300466167,1.0080124063065392,1.008826901041017,6.0
parakeet-ctc,,ls-test-other,main,greedy,1,200,3572,21.75,32,1.0,0.0,1.0,en,3.4994400895856663,4.472764835466629,3.4994400895856663,4.472764835466629,3.4994400895856663,4.472764835466629,3.4994400895856663,4.472764835466629,3.4994400895856663,4.472764835466629,3.4994400895856663,4.472764835466629,3.4994400895856663,4.472764835466629,3.4994400895856663,4.472764835466629,3.4994400895856663,4.472764835466629,3.4994400895856663,4.472764835466629,3.4994400895856663,4.472764835466629,3.4994400895856663,4.472764835466629,3.2168607875762616,3.2168607875762616,3.2168607875762616,3.2168607875762616,5.795895729339989,5.795895729339989,5.795895729339989,3.2168607875762616,,,,,
parakeet-ctc,,ls-test-other,main,sample,1,200,3572,21.75,32,1.0,0.0,1.0,en,4.787234042553192,5.693945999905306,4.787234042553192,5.693945999905306,4.787234042553192,5.693945999905306,4.787234042553192,5.693945999905306,4.787234042553192,5.693945999905306,4.787234042553192,5.693945999905306,4.787234042553192,5.693945999905306,4.787234042553192,5.693945999905306,4.787234042553192,5.693945999905306,4.787234042553192,5.693945999905306,4.787234042553192,5.693945999905306,4.787234042553192,5.693945999905306,4.464780920687742,4.464780920687742,4.464780920687742,4.464780920687742,6.738768718801997,6.738768718801997,6.738768718801997,4.464780920687742,,,,,
parakeet-ctc,,ls-test-other,main,sample,2,200,3572,21.75,32,1.42,4.864695,1.0,en,4.787234042553192,5.693945999905306,4.171332586786114,5.034671542017765,4.311310190369541,5.341409533737375,4.171332586786114,5.1057499733903144,4.731243001119821,5.542798049415251,4.115341545352743,4.909671542017765,4.059350503919373,4.862449319795543,5.067189249720045,6.169808707719036,3.807390817469205,4.9197317007734025,3.807390817469205,4.9197317007734025,3.7793952967525195,4.586826834222361,5.851063829787234,6.898593883206031,,,,,,,,,2.9115341545352744,3.682013380941538,3.4434490481522957,4.156864023962939,12.5
parakeet-ctc,,ls-test-other,main,sample,3,200,3572,21.75,32,1.755,4.8162650000000005,1.0,en,4.787234042553192,5.693945999905306,3.9473684210526314,4.99184741212467,3.975363941769317,5.011958387070204,3.83538633818589,4.869069634346893,4.115341545352743,5.017242030298894,3.9473684210526314,4.838730529007787,3.891377379619261,4.77093746680683,3.8633818589025757,4.9907140068660025,3.6114221724524076,4.587678674143169,3.6114221724524076,4.590425926890422,3.3314669652855544,4.172666190361086,6.410974244120941,7.607293665358196,,,,,,,,,,,,,
parakeet-ctc,,ls-test-other,main,sample,4,200,3572,21.75,32,2.055,4.777,1.0,en,4.787234042553192,5.693945999905306,4.003359462486002,5.019964845538714,4.003359462486002,5.08437902199084,3.8633818589025757,4.880379158156417,4.031354983202688,5.036725448666241,3.723404255319149,4.578383096573889,3.7793952967525195,4.645347382288175,3.807390817469205,4.8645883963653915,3.3594624860022395,4.267456361733357,3.387458006718925,4.3059179001948955,3.275475923852184,4.0268328570277525,6.802911534154536,8.077236916551449,,,,,,,,,2.4076147816349383,3.137905716508244,2.967525195968645,3.654400479298764,11.5
parakeet-ctc,,ls-test-other,main,sample,5,200,3572,21.75,32,2.365,4.8180000000000005,1.0,en,4.787234042553192,5.693945999905306,4.003359462486002,5.06949135939463,3.9473684210526314,5.052447214945296,3.8633818589025757,4.924905672012333,3.8633818589025757,4.874115217601505,3.807390817469205,4.635151651949255,3.7793952967525195,4.682150931887219,3.723404255319149,4.759461983426479,3.555431131019037,4.446448444677646,3.471444568868981,4.376135944677646,3.107502799552072,3.8769783887187796,7.19484882418813,8.627229005359325,,,,,,,,,,,,,
parakeet-ctc,,ls-test-other,main,sample,6,200,3572,21.75,32,2.665,4.931575,1.0,en,4.787234042553192,5.693945999905306,4.031354983202688,5.088051965455237,3.891377379619261,4.925320686502978,3.891377379619261,4.905966278072939,3.83538633818589,4.863509156995445,3.6954087346024638,4.467816647772146,3.6954087346024638,4.479613603396501,3.6674132138857782,4.702427351391847,3.471444568868981,4.3620296031452614,3.5274356103023514,4.398149314187574,2.967525195968645,3.707678244418635,7.698768197088466,9.279327961206905,,,,,,,,,,,,,
parakeet-ctc,,ls-test-other,main,sample,8,200,3572,21.75,32,3.265,5.014959999999999,1.0,en,4.787234042553192,5.693945999905306,3.8633818589025757,4.7176845551273505,3.8633818589025757,4.8413478339982206,3.807390817469205,4.709209978856164,3.83538633818589,4.831676858858798,3.6954087346024638,4.574028714870552,3.7513997760358344,4.704596434614508,3.6954087346024638,4.7170236246837725,3.5834266517357225,4.5776996392756555,3.5834266517357225,4.569258080834097,2.6595744680851063,3.2802438236806433,8.258678611422173,9.840982916718932,,,,,,,,,1.9596864501679732,2.5822275393651575,2.463605823068309,3.0374410755812837,9.0
parakeet-ctc,,ls-test-other,main,sample,10,200,3572,21.75,32,3.745,5.034540000000001,1.0,en,4.787234042553192,5.693945999905306,3.891377379619261,4.757325866197233,3.7513997760358344,4.727853370984459,3.807390817469205,4.7153767136548606,3.7793952967525195,4.7347954355966335,3.6954087346024638,4.516852839898067,3.6114221724524076,4.5186389730115994,3.6114221724524076,4.615782553093863,3.5834266517357225,4.543626767702785,3.555431131019037,4.518626767702784,2.5195968645016795,3.1301025807427907,8.622620380739082,10.258682336773784,,,,,,,,,,,,,
parakeet-ctc,,ls-test-other,main,sample,12,200,3572,21.75,32,4.21,5.000475,1.0,en,4.787234042553192,5.693945999905306,3.975363941769317,4.83177225314362,3.7513997760358344,4.725892586670733,3.83538633818589,4.749671585449732,3.8633818589025757,4.785121642924863,3.7793952967525195,4.685860462710037,3.6674132138857782,4.541178383803032,3.6674132138857782,4.655472916937413,3.555431131019037,4.552754984206777,3.5274356103023514,4.508599140050933,2.5195968645016795,3.1301025807427907,9.098544232922732,10.68272050850349,,,,,,,,,,,,,
parakeet-ctc,,ls-test-other,main,sample,15,200,3572,21.75,32,4.97,4.9818500000000006,1.0,en,4.787234042553192,5.693945999905306,3.9473684210526314,4.797777646055792,3.807390817469205,4.784299616149191,3.891377379619261,4.757626130904278,3.723404255319149,4.647188442865417,3.7513997760358344,4.608208947558523,3.6954087346024638,4.577843204770179,3.6674132138857782,4.628909945025603,3.5834266517357225,4.572091203542996,3.6114221724524076,4.587692707302395,2.4076147816349383,2.9505886918539015,9.574468085106384,11.154274111011597,4.464780920687742,3.7992235163616197,3.521907931225735,3.6051026067665,5.768164170826401,5.740432612312812,5.795895729339989,2.2462562396006653,1.7637178051511757,2.2949011504762686,2.267637178051512,2.737093853359062,8.5
parakeet-ctc,,ls-test-other,main,sample,16,200,3572,21.75,32,5.21,5.014925,1.0,en,4.787234042553192,5.693945999905306,3.9473684210526314,4.817720665998812,3.807390817469205,4.80276115461073,3.891377379619261,4.777569150847297,3.807390817469205,4.790243998420973,3.7793952967525195,4.691542280891856,3.6954087346024638,4.579628919055893,3.6954087346024638,4.692798833914493,3.555431131019037,4.540543584495378,3.6114221724524076,4.590668897778585,2.4076147816349383,2.9505886918539015,9.77043673012318,11.299286669407309,4.464780920687742,3.7992235163616197,3.5773710482529117,3.6328341652800886,5.795895729339989,5.684969495285635,5.768164170826401,2.2462562396006653,1.7637178051511757,2.2949011504762686,2.267637178051512,2.737093853359062,8.5
parakeet-ctc,,ls-test-other,main,sample,20,200,3572,21.75,32,6.12,5.004544999999999,1.0,en,4.787234042553192,5.693945999905306,3.891377379619261,4.872276478650872,3.6674132138857782,4.6735630869227744,3.8633818589025757,4.847276478650873,3.723404255319149,4.810229568406543,3.6674132138857782,4.686748975108662,3.7513997760358344,4.808061201059604,3.639417693169093,4.694728848344507,3.5274356103023514,4.559293584495378,3.555431131019037,4.581145088254776,2.3236282194848825,2.9194100339500624,10.022396416573349,11.673232350918777,,,,,,,,,,,,,
parakeet-ctc,,ls-test-other,main,sample,24,200,3572,21.75,32,6.99,4.98283,1.0,en,4.787234042553192,5.693945999905306,3.807390817469205,4.804137347998611,3.639417693169093,4.718046505290121,3.8633818589025757,5.002176563684886,3.6674132138857782,4.728284033782437,3.555431131019037,4.637841703866833,3.6954087346024638,4.72175167725008,3.639417693169093,4.734098506464164,3.5834266517357225,4.657507870209663,3.6114221724524076,4.6674546120643,2.2396416573348263,2.805039285650742,10.302351623740202,12.070767949366054,,,,,,,,,,,,,
parakeet-ctc,,ls-test-other,main,sample,32,200,3572,21.75,32,8.725,5.00845,1.0,en,4.787234042553192,5.693945999905306,3.975363941769317,5.015377629367569,3.807390817469205,4.909958269996004,4.003359462486002,5.137813526803466,3.555431131019037,4.554489772488175,3.4994400895856663,4.45251773453551,3.555431131019037,4.595759613758016,3.471444568868981,4.508433496870584,3.5274356103023514,4.596099140050933,3.555431131019037,4.622414929524617,2.0436730123180293,2.656594100092014,11.114221724524077,13.100916707433875,4.464780920687742,3.882418191902385,3.327787021630616,3.327787021630616,5.60177481974487,5.657237936772047,5.657237936772047,1.8857459789240156,1.5957446808510638,2.169122652636455,1.9596864501679732,2.512363330861243,5.5
whisfusion,,ami,main,main,1,400,3707,20.99,16,1.0,0.0,0.9203175,en,46.20987321284057,61.818738346507395,46.20987321284057,61.818738346507395,46.20987321284057,61.818738346507395,46.20987321284057,61.818738346507395,46.20987321284057,61.818738346507395,46.20987321284057,61.818738346507395,46.20987321284057,61.818738346507395,46.20987321284057,61.818738346507395,46.20987321284057,61.818738346507395,46.20987321284057,61.818738346507395,46.20987321284057,61.818738346507395,46.20987321284057,61.818738346507395,44.07633183143387,44.07633183143387,44.07633183143387,44.07633183143387,47.99893983567453,47.99893983567453,47.99893983567453,44.07633183143387,,,,,
whisfusion,,ami,main,main,2,400,3707,20.99,16,1.7725,41.234272499999996,0.9203175,en,46.20987321284057,61.818738346507395,42.59509036957108,58.62484302082483,43.94388993795522,59.36025903246719,43.02670623145401,58.73602947347605,45.778257350957645,60.8262365034969,42.5681143782034,58.37817837011605,43.916913946587535,59.529820915372724,46.29080118694362,62.53839961073909,40.383059077421095,56.758521283519855,40.383059077421095,56.758521283519855,39.81656325869976,55.49743937957442,51.87483140005395,68.12669754197795,,,,,,,,,32.82978149446992,48.546999805983305,36.90315619099002,51.16799924887287,38.0
whisfusion,,ami,main,main,3,400,3707,20.99,16,2.485,40.5755925,0.9203175,en,46.20987321284057,61.818738346507395,41.435122740760725,57.675691278952826,43.512274076072295,58.496061964214476,41.381170758025355,57.44357453853684,41.40814674939304,57.12914619482049,40.652818991097924,56.34762368124302,40.81467493930402,56.348872918117266,40.167251146479636,56.45405940821492,37.73941192338818,54.423985763965575,37.76638791475587,54.6073190972989,37.46965200971135,52.48569404386076,54.626382519557595,70.94709799957849,,,,,,,,,,,,,
whisfusion,,ami,main,main,4,400,3707,20.99,16,3.19,40.859350000000006,0.9203175,en,46.20987321284057,61.818738346507395,40.86862692203938,57.07260672461827,43.45832209333693,58.15730917159945,40.94955489614243,57.44292175994289,40.59886700836256,56.44385998421308,39.789587267332074,55.42429360268276,39.789587267332074,55.62785789398305,39.03425950903696,55.48314551090564,37.118964121931484,54.10745728821303,37.118964121931484,53.99912395487969,36.09387644995954,50.76223278375864,56.40679794982466,73.27857524118704,,,,,,,,,28.270838953331534,44.2393967723727,33.88184515780955,47.75935757433167,38.25
whisfusion,,ami,main,main,5,400,3707,20.99,16,3.855,40.9456575,0.9203175,en,46.20987321284057,61.818738346507395,40.32910709468573,56.57780848595014,43.48529808470461,58.25900815344549,40.67979498246561,57.15250417779737,40.248179120582684,56.23710560125513,39.54680334502293,55.56370112820678,39.2770434313461,55.532670707445234,38.41381170758025,55.17246047844833,36.47154032910709,53.5584668867636,36.41758834637173,53.39989200753653,35.06878877798759,49.6195474648505,58.2141893714594,75.15443995009355,,,,,,,,,,,,,
whisfusion,,ami,main,main,6,400,3707,20.99,16,4.53,41.40456749999999,0.9203175,en,46.20987321284057,61.818738346507395,39.54680334502293,56.22054853851024,42.837874291880226,57.670154912873905,40.03237118964122,56.420029129697326,38.95333153493391,55.247789145938285,38.73752360399245,54.98547661471718,38.60264364715403,54.69090984033229,37.33477205287294,54.28889639548805,35.47342864850283,52.373821978320066,35.392500674399784,52.4152251403754,34.313461019692475,48.572446995875026,59.69786889668195,77.06440961396979,,,,,,,,,,,,,
whisfusion,,ami,main,main,8,400,3707,20.99,16,5.8275,41.3995075,0.9203175,en,46.20987321284057,61.818738346507395,38.54869166441867,55.252861569644615,42.19045049905584,58.04313081617523,39.16913946587537,56.073962090441434,38.27893175074184,54.65144233939622,37.73941192338818,54.007735267068625,37.79336390612355,54.14602648259096,36.52549231184246,53.879571193502414,35.01483679525222,52.16555978119983,34.906932829781496,51.430837558977615,33.126517399514434,47.27198097120446,61.39735635284597,78.64273767696436,,,,,,,,,25.141623954680334,41.16098836188837,31.23819800377664,44.90585292215478,39.25
whisfusion,,ami,main,main,10,400,3707,20.99,16,7.0475,41.4252225,0.9203175,en,46.20987321284057,61.818738346507395,38.22497976800648,54.95206784619812,41.35419476665768,57.067351206868224,38.57566765578635,55.22923615541565,37.68545994065282,54.05421977581142,37.79336390612355,54.24128204579729,37.442676018343676,53.639916868679585,35.770164553547346,53.04708104741125,34.34043701106015,50.99397906072206,34.20555705422174,50.617536059279054,32.50606959805773,46.307018747970176,62.934987860803886,80.55216438176436,,,,,,,,,,,,,
whisfusion,,ami,main,main,12,400,3707,20.99,16,8.235,41.1625425,0.9203175,en,46.20987321284057,61.818738346507395,37.55057998381441,54.55499252872805,40.70677097383329,56.58792896398058,37.712435932020504,54.53567884771361,36.795252225519285,53.334406154078465,36.82222821688697,53.390593196494066,36.47154032910709,53.22427210927337,35.28459670892905,52.63023493712693,34.313461019692475,51.29106700392867,34.09765308875101,50.52137003423171,31.561909900188834,45.677169797875735,63.63636363636363,81.07834856260385,,,,,,,,,,,,,
whisfusion,,ami,main,main,15,400,3707,20.99,16,9.975,41.16395000000001,0.9203175,en,46.20987321284057,61.818738346507395,37.49662800107904,54.3448903938619,39.68168330186134,55.57748869116019,37.442676018343676,54.55691271359135,36.55246830321014,53.33028926849873,36.52549231184246,53.2767928886148,36.28270838953332,53.3426817332751,34.718100890207715,52.08558216792494,33.719989209603455,51.01472349020126,33.531157270029674,50.4117928681917,30.59077421095225,44.74751198249423,64.79633126517399,82.16679589266084,44.07633183143387,34.614365226610126,34.614365226610126,33.819241982507286,37.052743175192155,35.99257884972171,35.83355420090114,28.279883381924197,23.199352576207176,39.09064903668882,29.053142702994336,42.638901496291055,37.75
whisfusion,,ami,main,main,16,400,3707,20.99,16,10.5625,41.168587499999994,0.9203175,en,46.20987321284057,61.818738346507395,37.46965200971135,54.38962328174697,39.250067439978416,55.24695117312268,37.442676018343676,54.572019989356534,36.36363636363637,53.213958574600575,36.09387644995954,52.78205968703378,36.03992446722417,53.0956815335003,34.63717291610467,51.98924058214087,33.74696520097113,50.95782005001811,33.58510925276504,50.397692458311575,30.428918262746155,44.59447717008442,65.2549231184246,82.95626262432958,44.07633183143387,34.534852902199844,34.42883646965279,33.44818446859263,36.893718526371586,35.91306652531142,35.780545984627615,28.147362841240394,23.091448610736446,39.03823050614529,28.91826274615592,42.497410180747984,37.75
whisfusion,,ami,main,main,20,400,3707,20.99,16,12.785,41.223915,0.9203175,en,46.20987321284057,61.818738346507395,36.71432425141624,54.0482575984219,38.305907742109525,54.685336868969756,36.55246830321014,54.02483755333971,36.28270838953332,52.96759054236584,35.581332613973565,52.689753975067276,35.47342864850283,52.662593167879294,34.448340976530886,51.83723655218802,33.93579714054491,51.00191524216275,33.719989209603455,50.513757347425916,29.78149446992177,43.87454178462701,66.73860264364716,84.19125977084366,,,,,,,,,,,,,
whisfusion,,ami,main,main,24,400,3707,20.99,16,14.9775,41.23354499999999,0.9203175,en,46.20987321284057,61.818738346507395,36.52549231184246,53.893002571856805,38.17102778527111,54.49733880397108,36.55246830321014,53.71785349600147,35.90504451038576,52.701974309398594,35.47342864850283,52.600172138401376,35.3655246830321,52.629115224039516,34.63717291610467,52.17087091109125,33.55813326139736,50.6418452946798,33.34232533045589,50.1622642397698,29.161046668465065,43.28458565544487,68.06042622066362,85.22859386488037,,,,,,,,,,,,,
whisfusion,,ami,main,main,32,400,3707,20.99,16,19.22,41.4145075,0.9203175,en,46.20987321284057,61.818738346507395,36.63339627731319,54.13466408694131,38.79147558672781,55.11693013810173,36.55246830321014,53.71195712628931,35.3655246830321,52.650996728415286,35.28459670892905,52.47030123138852,35.392500674399784,52.50180755866691,34.34043701106015,52.32124980866837,33.28837334772053,50.918567403298354,33.261397356352845,50.20778421718624,28.3247909360669,42.4666762968178,69.4901537631508,86.19841287241223,44.07633183143387,33.898754306917574,33.42168036045587,32.812085873310366,36.575669228730455,35.303472038165914,35.27696793002915,25.89451364961569,21.17615322363097,36.89979103335421,27.16482330725654,40.68019184581132,36.75
whisfusion,,common_voice,main,main,1,296,2618,27.69,296,1.0,0.0,1.0,en,42.13139801375095,41.21850179415969,42.13139801375095,41.21850179415969,42.13139801375095,41.21850179415969,42.13139801375095,41.21850179415969,42.13139801375095,41.21850179415969,42.13139801375095,41.21850179415969,42.13139801375095,41.21850179415969,42.13139801375095,41.21850179415969,42.13139801375095,41.21850179415969,42.13139801375095,41.21850179415969,42.13139801375095,41.21850179415969,42.13139801375095,41.21850179415969,41.3715989563921,41.3715989563921,41.3715989563921,41.3715989563921,43.08609765188222,43.08609765188222,43.08609765188222,41.3715989563921,,,,,
whisfusion,,common_voice,main,main,2,296,2618,27.69,296,1.8445945945945945,34.4164695945946,1.0,en,42.13139801375095,41.21850179415969,38.65546218487395,38.05720972661762,40.37433155080214,39.538295270203164,39.037433155080215,38.29680684121473,39.419404125286476,38.71524397840187,38.349885408708936,37.85613827554617,38.50267379679144,37.983780903188794,43.58288770053476,42.45620412561202,37.4331550802139,37.17424590779854,37.4331550802139,37.17424590779854,36.36363636363637,35.572048491456385,47.32620320855615,46.83392709708498,,,,,,,,,26.43239113827349,25.95640359620624,30.328495034377386,29.23052982263509,47.63513513513514
whisfusion,,common_voice,main,main,3,296,2618,27.69,296,2.6216216216216215,34.48580743243243,1.0,en,42.13139801375095,41.21850179415969,37.4331550802139,36.58928528994318,39.34300993124523,38.486288905696796,37.31856378915202,36.539446802604694,37.585943468296406,37.01265133830923,36.783804430863256,36.34246473062262,37.242169595110774,36.76181639997429,37.585943468296406,37.25553456638983,35.064935064935064,34.84454060934324,35.064935064935064,34.793864933667564,33.72803666921314,32.78146491962281,51.60427807486631,51.12768363590732,,,,,,,,,,,,,
whisfusion,,common_voice,main,main,4,296,2618,27.69,296,3.364864864864865,34.20257094594594,1.0,en,42.13139801375095,41.21850179415969,36.134453781512605,35.33493669184459,38.617265087853326,37.54034108474899,36.51642475171887,35.64532825223614,36.17265087853323,35.50167404608194,35.714285714285715,35.097968329876224,35.714285714285715,34.9909779103858,36.01986249045073,35.421304311106944,33.30786860198625,32.66435844560844,33.26967150496562,32.535101441351436,31.66539343009931,30.743394600302498,53.896103896103895,53.46174878247246,,,,,,,,,22.230710466004584,21.746964559464566,27.38731856378915,26.0682727705754,42.567567567567565
whisfusion,,common_voice,main,main,5,296,2618,27.69,296,4.087837837837838,33.82951689189189,1.0,en,42.13139801375095,41.21850179415969,35.52330022918258,34.38516075851602,38.19709702062643,37.051706393811656,36.058059587471355,34.88325219410745,35.63789152024446,34.98131649447439,34.606569900687546,33.6299784408337,34.87394957983193,34.22630591216117,34.45378151260504,33.90365546615546,32.50572956455309,31.909841284841285,32.31474407944996,31.62615256365256,30.443086325439268,29.46091645927172,55.61497326203209,55.00734564056932,,,,,,,,,,,,,
whisfusion,,common_voice,main,main,6,296,2618,27.69,296,4.831081081081081,33.82244594594595,1.0,en,42.13139801375095,41.21850179415969,34.75935828877005,33.85793618523882,37.70053475935829,36.61907191512454,35.064935064935064,34.20969122449385,34.224598930481285,33.72620886601149,33.61344537815126,32.87340363820627,33.9572192513369,33.205086782389415,33.460656990068756,33.260182478932485,31.51260504201681,31.048636813439444,31.51260504201681,30.956816096618724,29.564553093964857,28.654327856630484,57.10466004583652,56.41845892668261,,,,,,,,,,,,,
whisfusion,,common_voice,main,main,8,296,2618,27.69,296,6.256756756756757,33.823564189189185,1.0,en,42.13139801375095,41.21850179415969,34.45378151260504,33.691455706258346,37.47135217723453,36.38909262264525,34.41558441558441,33.712072289374916,33.460656990068756,32.98025483880747,33.34606569900688,32.78007729487993,33.00229182582124,32.51735203215466,32.42933537051184,32.25554100554101,30.290297937356762,29.971224346224346,30.137509549274256,29.68877875127875,28.49503437738732,27.674892970945603,59.20550038197097,58.448239393963085,,,,,,,,,19.633307868601985,19.355330292830303,25.515660809778456,24.338344650844657,43.58108108108108
whisfusion,,common_voice,main,main,10,296,2618,27.69,296,7.672297297297297,33.82512162162162,1.0,en,42.13139801375095,41.21850179415969,33.9572192513369,33.1433954706981,37.77692895339954,36.441528456331085,34.14820473644003,33.36711694441957,33.155080213903744,32.61534197389461,32.88770053475936,32.402542854845485,32.84950343773873,32.23279190384453,31.779984721161192,31.511835574335574,30.022918258212375,29.68247968247968,29.793735676088616,29.363946863946865,27.807486631016044,26.941795362847998,61.07715813598166,60.09252556949926,,,,,,,,,,,,,
whisfusion,,common_voice,main,main,12,296,2618,27.69,296,9.013513513513514,33.657804054054054,1.0,en,42.13139801375095,41.21850179415969,33.26967150496562,32.40926848657112,37.01298701298701,35.78222418682945,33.804430863254396,32.90497023227286,32.35294117647059,31.867723882526516,32.773109243697476,32.19151608131871,32.23834988540871,31.70902934883198,31.398013750954927,31.19273838023838,29.75553857906799,29.557333619833614,29.64094728800611,29.32728213978214,27.272727272727273,26.47417739523002,62.452253628724215,61.82111229808598,,,,,,,,,,,,,
whisfusion,,common_voice,main,main,15,296,2618,27.69,296,10.969594594594595,33.65416891891892,1.0,en,42.13139801375095,41.21850179415969,33.19327731092437,32.431118820921455,36.860198624904505,35.78544356504883,33.155080213903744,32.369355321657956,32.00916730328495,31.804873819676448,32.42933537051184,31.94803958784222,31.970970206264322,31.602105491908123,31.016042780748663,30.933658589908593,29.44996180290298,29.28347582952846,29.488158899923604,29.177838223890856,26.470588235294116,25.684854105906734,63.941940412528645,63.26756796329165,41.3715989563921,32.202758106597095,31.196421915765935,31.6064107342527,31.904584420424897,30.3764442787924,30.413715989563922,25.531121878494222,18.067226890756302,17.740529459279465,24.140565317035904,22.879106925159583,42.9054054054054
whisfusion,,common_voice,main,main,16,296,2618,27.69,296,11.635135135135135,33.68666891891892,1.0,en,42.13139801375095,41.21850179415969,33.34606569900688,32.5766489664516,36.898395721925134,35.81259124844651,33.116883116883116,32.34522404752668,31.970970206264322,31.767486282288914,32.62032085561497,32.034870924673555,32.00916730328495,31.53253073483337,30.977845683728038,30.86696242946243,29.602750190985486,29.39847625702889,29.44996180290298,29.124641139443767,26.279602750190985,25.535260831313465,64.09472880061115,63.44748001820369,41.3715989563921,32.35184494968319,31.08460678345136,31.792769288110325,31.867312709653373,30.63734625419307,30.48825941110697,25.344763324636602,17.87624140565317,17.58905930780931,23.834988540870892,22.653922949975602,42.22972972972973
whisfusion,,common_voice,main,main,20,296,2618,27.69,296,14.212837837837839,33.7567804054054,1.0,en,42.13139801375095,41.21850179415969,33.65164247517189,32.853911118713754,36.74560733384263,35.77681715017241,33.231474407944994,32.48087199567463,32.00916730328495,31.62121176101439,32.16195569136745,31.50622258352521,31.70359052711994,31.275122977425607,30.672268907563026,30.347930504180503,29.793735676088616,29.452067091869722,29.526355996944233,29.087952977755606,25.821237585943468,25.04557127912391,65.3170359052712,64.61958025280393,,,,,,,,,,,,,
whisfusion,,common_voice,main,main,24,296,2618,27.69,296,16.763513513513512,33.83163851351352,1.0,en,42.13139801375095,41.21850179415969,33.155080213903744,32.215504855307486,35.9816653934301,35.08547442757969,32.734912146676855,31.9100951748978,31.741787624140564,31.46756379486642,31.627196333078686,31.07439465169728,31.47440794499618,31.08275528505791,30.93964858670741,30.584367599170236,29.526355996944233,29.156426171228794,29.373567608861727,28.943006895309527,25.210084033613445,24.494305727858357,66.50114591291062,65.69438007760377,,,,,,,,,,,,,
whisfusion,,common_voice,main,main,32,296,2618,27.69,296,21.739864864864863,33.7405777027027,1.0,en,42.13139801375095,41.21850179415969,32.62032085561497,31.985129937432568,35.67608861726509,34.79847603202867,32.467532467532465,31.78790317770581,31.321619556913674,31.11571781802045,31.550802139037433,31.07162339892603,31.207028265851797,30.872890075192704,30.40488922841864,30.265762593065226,29.182582123758593,28.95074315304578,28.953399541634834,28.70387524992788,24.29335370511841,23.701944935497565,68.02902979373567,67.35195486017854,41.3715989563921,31.457323891166606,30.33917256802087,30.525531121878494,31.270965337308983,30.15281401416325,29.929183749534104,23.369362653745807,16.615737203972497,16.387623731373736,22.26890756302521,21.151038338538356,39.86486486486486
whisfusion,,earnings22,main,main,1,400,6535,41.65,6,1.0,0.0,1.0,en,48.04896710022953,52.258202126899874,48.04896710022953,52.258202126899874,48.04896710022953,52.258202126899874,48.04896710022953,52.258202126899874,48.04896710022953,52.258202126899874,48.04896710022953,52.258202126899874,48.04896710022953,52.258202126899874,48.04896710022953,52.258202126899874,48.04896710022953,52.258202126899874,48.04896710022953,52.258202126899874,48.04896710022953,52.258202126899874,48.04896710022953,52.258202126899874,44.53598632053474,44.53598632053474,44.53598632053474,44.53598632053474,45.5930359085963,45.5930359085963,45.5930359085963,44.53598632053474,,,,,
whisfusion,,earnings22,main,main,2,400,6535,41.65,6,1.9775,40.516427500000006,1.0,en,48.04896710022953,52.258202126899874,44.621270084162205,47.691562851764566,46.778882938026015,50.204281220928735,44.957918898240244,48.016234825286155,46.289211935730684,49.20205984686994,44.83550114766641,48.02179356980278,45.20275439938791,48.28575620030953,49.05891354246366,53.32029405006789,42.234123947972456,46.07231981568704,42.234123947972456,46.07231981568704,42.73909716908952,45.29733287471252,52.60902830910482,58.37282062434762,,,,,,,,,29.472073450650345,30.753048425572317,35.042081101759756,35.82929398447462,77.0
whisfusion,,earnings22,main,main,3,400,6535,41.65,6,2.9225,39.858802499999996,1.0,en,48.04896710022953,52.258202126899874,43.61132364192808,46.654480236935214,46.182096403978576,49.84259019236376,43.84085692425402,46.980106462741205,43.412394797245604,46.31627000854235,42.7850038255547,45.60662582333745,43.0451415455241,45.75287537947166,42.01989288446825,45.919403823313104,39.64804896710023,42.95131353191621,39.66335118592196,42.949527817630496,40.306044376434585,42.49200196780146,55.53175210405509,61.67634937001629,,,,,,,,,,,,,
whisfusion,,earnings22,main,main,4,400,6535,41.65,6,3.86,39.55121,1.0,en,48.04896710022953,52.258202126899874,43.10635042081102,46.15468478308817,46.0902830910482,49.62289003534481,43.44299923488906,46.363755532960944,42.50956388676358,46.001635772041865,42.17291507268554,45.23206838691262,42.17291507268554,45.49370094666425,40.48967100229533,44.675653144145386,38.56159143075746,42.46660228154323,38.56159143075746,42.36660228154323,39.05126243305279,41.157070378111804,57.199693955623566,63.54261059713596,,,,,,,,,24.743687834736036,26.137646158674578,32.853863810252484,33.78737800315001,78.5
whisfusion,,earnings22,main,main,5,400,6535,41.65,6,4.8,39.879265,1.0,en,48.04896710022953,52.258202126899874,42.35654169854629,45.14866813549645,45.814843152257076,49.002054075588966,42.815608263198165,45.478777726791456,41.53022188217292,44.71109602352773,41.22417750573833,44.1717907878711,41.1017597551645,44.13721553443996,38.990053557765876,42.73865710862311,37.566947207345066,41.25008987074037,37.59755164498852,41.29349264851815,37.765876052027544,39.615313192798226,58.65340474368784,65.32336029948276,,,,,,,,,,,,,
whisfusion,,earnings22,main,main,6,400,6535,41.65,6,5.7,39.5775225,1.0,en,48.04896710022953,52.258202126899874,41.89747513389442,45.09315526321469,45.78423871461362,49.03847430391437,42.555470543228765,45.498978607426956,40.85692425401683,44.04848623138163,40.62739097169089,43.36872541362507,40.673297628156085,43.37071493885353,38.46977811782708,42.37624157775602,37.23029839326702,40.944669308702714,37.169089517980105,40.82046295949637,36.9548584544759,38.82753993880601,59.602142310635045,66.42531834354469,,,,,,,,,,,,,
whisfusion,,earnings22,main,main,8,400,6535,41.65,6,7.5475,39.7460725,1.0,en,48.04896710022953,52.258202126899874,41.025248661055855,44.449723899788076,45.095638867635806,48.449409033068534,41.89747513389442,45.35256554118598,40.35195103289977,43.634017259957666,40.16832440703902,43.51785082993081,40.18362662586075,43.28859316690669,37.39862280030604,41.38384633315538,36.29686304514154,40.328605850859454,36.18974751338944,39.98477190702551,35.92960979342005,37.730301082913485,61.469013006886,68.63974869016381,,,,,,,,,21.729150726855394,23.374268772056176,30.95638867635807,31.751521347545907,77.0
whisfusion,,earnings22,main,main,10,400,6535,41.65,6,9.365,39.91496,1.0,en,48.04896710022953,52.258202126899874,40.81101759755165,44.368778656439005,44.590665646518744,48.00202812486907,41.23947972456006,44.67677371704113,39.83167559296098,43.18921329597776,39.66335118592196,42.9907161346263,39.73986228003061,42.76400125556275,36.75592960979342,40.90692672078761,35.79188982402448,39.482647134422876,35.745983167559295,39.41841102331176,35.10328997704667,36.912039670221404,62.66258607498087,70.15050004372249,,,,,,,,,,,,,
whisfusion,,earnings22,main,main,12,400,6535,41.65,6,11.16,40.0484925,1.0,en,48.04896710022953,52.258202126899874,40.642693190512624,44.20637795976441,44.269319051262435,47.3270999637725,40.795715378729916,44.34599588723396,39.29609793420046,42.71756669996327,39.37260902830911,42.74219202862375,39.29609793420046,42.700470841166464,36.480489671002296,40.57539276580283,35.42463657230299,38.91158938389452,35.409334353481256,38.86388014868528,34.567712318286155,36.21331113072824,63.641928079571535,71.33456803089996,,,,,,,,,,,,,
whisfusion,,earnings22,main,main,15,400,6535,41.65,6,13.8125,39.9854925,1.0,en,48.04896710022953,52.258202126899874,40.10711553175211,43.72549797607887,43.672532517215,46.50428234787819,40.4743687834736,43.95349688765936,38.37796480489671,41.83501513809202,38.74521805661821,42.5469945171653,38.622800306044375,42.331177216131294,36.128538638102526,40.3649792122672,35.1185921958684,39.04057711993205,35.07268553940321,38.948405402760336,33.75669472073451,35.4074023990966,64.60596786534047,72.4921690579703,44.53598632053474,35.67542359707757,33.85667651173636,34.089849214985236,32.44209544535986,31.43168039794808,31.400590704181564,29.115498212342608,20.0,21.57549637930264,29.594491201224177,30.36454072264431,79.0
whisfusion,,earnings22,main,main,16,400,6535,41.65,6,14.6875,39.97908,1.0,en,48.04896710022953,52.258202126899874,40.22953328232594,43.88244744319513,43.672532517215,46.41966856320729,40.428462127008416,43.956470469549735,38.31675592960979,41.726067383119926,38.76052027543994,42.490127969652306,38.39326702371844,42.13756007029586,35.88370313695486,40.06857747500331,34.98087222647284,38.95564371377389,34.87375669472073,38.755346094726264,33.573068094873754,35.24516963186383,65.08033664881408,73.07737526258441,44.53598632053474,35.84641691279341,33.778952277320066,34.12093890875175,32.3177366702938,31.524949479247628,31.447225244831337,28.882325509093736,19.785768936495792,21.32280399266629,29.502677888293803,30.307742963723232,79.25
whisfusion,,earnings22,main,main,20,400,6535,41.65,6,18.155,39.946745,1.0,en,48.04896710022953,52.258202126899874,39.89288446824789,43.24724149162068,43.289977046671765,46.12542566473182,40.0,43.23922676695099,37.9495026778883,41.0699991087898,38.607498087222645,41.867805562134734,37.918898240244836,41.03138939150193,35.761285386381026,39.865391137995644,34.82785003825555,38.58124679270458,34.79724560061209,38.62478936124715,32.884468247895946,34.4221823210963,66.12088752869165,74.28978692077848,,,,,,,,,,,,,
whisfusion,,earnings22,main,main,24,400,6535,41.65,6,21.59,39.9061375,1.0,en,48.04896710022953,52.258202126899874,39.78576893649579,43.03927895386833,43.47360367253252,46.18114679013772,40.10711553175211,43.29251264455537,37.96480489671002,41.50799280667668,38.40856924254017,41.90825883452236,37.781178270849274,41.24923540923632,35.65416985462892,40.068878453926644,34.919663351185925,38.79728463161406,34.88905891354246,38.74345213370262,32.30298393267024,33.82387502787563,67.06962509563887,75.53844334425874,,,,,,,,,,,,,
whisfusion,,earnings22,main,main,32,400,6535,41.65,6,28.3925,39.9550125,1.0,en,48.04896710022953,52.258202126899874,39.28079571537873,42.60017348566399,43.01453710788064,45.45268231604767,39.61744452945677,42.989629279071636,37.24560061208875,40.67400301360149,37.781178270849274,41.21480394486682,37.36801836266259,40.90486314987673,35.271614384085694,39.40021320381119,34.44529456771232,38.29782816539562,34.39938791124713,38.17503404774857,31.660290742157613,33.11761293035394,68.6610558530987,77.43023657915444,44.53598632053474,34.665008549665785,32.6130887610757,33.094979014456705,31.727032488729986,30.82543136950101,30.778796828851235,26.908129954919943,18.270849273144606,19.806395566879196,28.033664881407805,28.580035898006116,76.0
whisfusion,,fleurs-en,main,main,1,400,8716,65.74,280,1.0,0.0,1.0,en,34.55713630105553,35.4946159944039,34.55713630105553,35.4946159944039,34.55713630105553,35.4946159944039,34.55713630105553,35.4946159944039,34.55713630105553,35.4946159944039,34.55713630105553,35.4946159944039,34.55713630105553,35.4946159944039,34.55713630105553,35.4946159944039,34.55713630105553,35.4946159944039,34.55713630105553,35.4946159944039,34.55713630105553,35.4946159944039,34.55713630105553,35.4946159944039,33.8447341100473,33.8447341100473,33.8447341100473,33.8447341100473,34.144653362556234,34.144653362556234,34.144653362556234,33.8447341100473,,,,,
whisfusion,,fleurs-en,main,main,2,400,8716,65.74,280,1.99,30.529780000000002,1.0,en,34.55713630105553,35.4946159944039,32.50344194584672,33.282947574542234,34.235888022028455,34.947616407558186,32.64111977971547,33.43898701322199,33.62781092244148,34.367896757073794,32.33134465351078,33.12655480371868,32.43460302891234,33.24447262553069,35.291418081688846,36.2142877057656,29.63515374024782,30.502281579724833,29.63515374024782,30.502281579724833,30.41532813217072,31.103222019016414,38.61863240018357,39.57751188528977,,,,,,,,,19.366681964203764,19.910175620058844,24.495181275814595,24.966243124717096,83.0
whisfusion,,fleurs-en,main,main,3,400,8716,65.74,280,2.9625,30.070790000000002,1.0,en,34.55713630105553,35.4946159944039,30.70215695273061,31.271951431275998,32.90500229463056,33.502049931066004,30.816888480954567,31.420512266391988,30.78246902248738,31.3222735592311,29.84167049105094,30.434796340964244,30.082606700321247,30.60241437608655,29.118861863240017,29.917373568479405,27.168425883432768,27.884549636865675,27.15695273061037,27.872644874960912,28.04038549793483,28.543198801861436,40.97062872877467,41.85658230125051,,,,,,,,,,,,,
whisfusion,,fleurs-en,main,main,4,400,8716,65.74,280,3.9225,30.225875000000002,1.0,en,34.55713630105553,35.4946159944039,29.9449288664525,30.56893243530708,32.90500229463056,33.33640841293836,30.071133547498853,30.623950221994228,29.210647085819183,29.797567068032464,28.923818265259293,29.54871253838173,28.85497934832492,29.46994386755575,27.13400642496558,27.952351309424735,25.952271684258836,26.7701594040529,25.929325378614042,26.737650246543744,26.916016521340065,27.279731255233397,42.7030748049564,43.67424498977121,,,,,,,,,15.718219366681964,16.193073356147455,22.441486920605783,22.728387730584608,82.0
whisfusion,,fleurs-en,main,main,5,400,8716,65.74,280,4.885,30.125245,1.0,en,34.55713630105553,35.4946159944039,29.715465810004588,30.29073230547783,32.76732446076182,33.185686251412505,29.887563102340522,30.418385646276597,28.69435520881138,29.28114341653926,28.659935750344193,29.32683007463562,28.510784763653053,29.13256942936544,25.98669114272602,26.884346972551594,25.344194584671868,26.098365410780843,25.378614043139056,26.155111442526874,26.20468104635154,26.546730200554926,44.03396053235429,45.19490669436579,,,,,,,,,,,,,
whisfusion,,fleurs-en,main,main,6,400,8716,65.74,280,5.84,30.216540000000006,1.0,en,34.55713630105553,35.4946159944039,29.486002753556676,30.09326138251148,32.606700321248276,33.13075111876707,29.53189536484626,30.106798263326052,28.510784763653053,29.148776403299674,28.556677374942634,29.226935925562415,28.30426801284993,28.961571313489575,25.63102340523176,26.515148182603344,25.172097292335934,26.00506453141626,25.195043597980725,26.043900695252425,25.734281780633317,26.09609863499105,45.032124827902706,46.17859452329403,,,,,,,,,,,,,
whisfusion,,fleurs-en,main,main,8,400,8716,65.74,280,7.725,30.422449999999998,1.0,en,34.55713630105553,35.4946159944039,29.24506654428637,29.850151217323635,32.411656723267555,32.93104258954961,29.26801284993116,29.797204113758625,27.902707664066085,28.519143540915675,28.02891234511244,28.70293795528966,27.99449288664525,28.68132718566587,25.24093620927031,26.181307946043642,24.782010096374485,25.684911151254973,24.804956402019275,25.723125593817244,24.862322166131253,25.178741355780907,46.810463515374025,48.17680739543212,,,,,,,,,13.90546122074346,14.372711595984224,21.271225332721432,21.422576534293068,80.75
whisfusion,,fleurs-en,main,main,10,400,8716,65.74,280,9.615,30.469745,1.0,en,34.55713630105553,35.4946159944039,28.93529141808169,29.6173715333357,31.941257457549334,32.432786735032735,29.06149609912804,29.642235252418203,27.248737953189536,27.863343075225604,27.535566773749427,28.233400260672646,27.351996328591095,28.01839462180819,24.71317117944011,25.577882011163076,24.277191372189076,25.172946457467077,24.288664525011473,25.1645703306699,24.265718219366683,24.57853377279796,47.93483249196879,49.34662641241739,,,,,,,,,,,,,
whisfusion,,fleurs-en,main,main,12,400,8716,65.74,280,11.4825,30.558335000000003,1.0,en,34.55713630105553,35.4946159944039,28.659935750344193,29.262948728401465,31.95273061037173,32.300273179473095,28.832033042680127,29.408764884616456,27.053694355208812,27.625376534035833,27.386415787058283,28.04649800260649,27.053694355208812,27.711563113048935,24.69022487379532,25.465459617895768,24.150986691142727,24.99402708062999,24.185406149609914,25.035491051441788,23.841211564938046,24.06954787884402,49.08214777420835,50.45820915919402,,,,,,,,,,,,,
whisfusion,,fleurs-en,main,main,15,400,8716,65.74,280,14.2925,30.61184,1.0,en,34.55713630105553,35.4946159944039,28.269848554382744,28.945632485530083,31.895364846259753,32.233619439437106,28.40752638825149,28.984858088063724,26.525929325378613,27.10832720931296,27.168425883432768,27.796434961453432,26.789811840293712,27.396439735558726,24.38044974759064,25.228837302817308,23.80679210647086,24.65662807721462,23.79531895364846,24.631299020306614,23.347865993575034,23.591571505524023,50.217989903625515,51.731007266957675,33.8447341100473,27.361864113507902,25.700772868843003,26.231399238666512,23.566732033683238,22.863075325873805,22.863075325873805,22.390125735378938,12.528682882055989,12.9405367509008,20.330426801284993,20.45172283637634,81.5
whisfusion,,fleurs-en,main,main,16,400,8716,65.74,280,15.2025,30.6294525,1.0,en,34.55713630105553,35.4946159944039,28.350160624139512,28.96248670638207,31.837999082147775,32.16419632400619,28.533731069297843,29.034743101704898,26.652134006424966,27.211274971299332,26.984855438274437,27.52747099421089,26.72097292335934,27.25830369646718,24.414869206057826,25.268282557451833,23.79531895364846,24.60892940873645,23.841211564938046,24.662475869426792,23.267553923818266,23.505490474141215,50.539238182652596,52.03932885102262,33.8447341100473,27.419540892836544,25.689237512977275,25.931479986157573,23.54366132195178,22.874610681739533,22.909216749336718,22.28630753258738,12.425424506654428,12.853368181098752,20.227168425883434,20.313164170079855,81.75
whisfusion,,fleurs-en,main,main,20,400,8716,65.74,280,18.8475,30.606397500000003,1.0,en,34.55713630105553,35.4946159944039,28.17806333180358,28.68669578820719,31.40201927489674,31.69522436997126,28.545204222120237,29.025165376330957,26.19320789352914,26.832474527411023,26.64066085360257,27.202413268453995,26.319412574575495,26.93063474524948,24.08214777420835,24.949356091632158,23.657641119779715,24.525232251219116,23.692060578246902,24.564199304118056,22.84304726938963,23.0735037469856,51.709499770536944,53.29005176197785,,,,,,,,,,,,,
whisfusion,,fleurs-en,main,main,24,400,8716,65.74,280,22.465,30.57183,1.0,en,34.55713630105553,35.4946159944039,28.155117026158788,28.676356510400154,31.42496558054153,31.822808481095876,28.350160624139512,28.84442488772282,26.12436897659477,26.77348861945379,26.525929325378613,27.124531922875843,26.181734740706744,26.80138130326104,23.978889398806793,24.85478736696866,23.48554382744378,24.297645532311932,23.51996328591097,24.3164505576959,22.52179899036255,22.72431777741894,52.93712712253327,54.55166200621514,,,,,,,,,,,,,
whisfusion,,fleurs-en,main,main,32,400,8716,65.74,280,29.6625,30.477905,1.0,en,34.55713630105553,35.4946159944039,27.960073428178063,28.445441149981278,31.447911886186326,31.815284794142634,28.132170720513997,28.633350253314333,25.688389169343736,26.373693784247294,26.089949518127582,26.72776715136746,25.64249655805415,26.27500487760677,23.967416245984396,24.838427980909614,23.474070674621387,24.28759708016124,23.474070674621387,24.285636295847517,21.95961450206517,22.163882186652117,53.98118402937127,55.702595200218774,33.8447341100473,26.831237743684394,24.662590840927443,25.04325758449648,23.11685315491983,22.50547929403622,22.50547929403622,20.84438804937132,11.450206516750804,11.872784344078811,19.366681964203764,19.424570435011717,79.0
whisfusion,,gigaspeech,main,main,1,400,7510,40.09,112,1.0,0.0,1.0,en,32.07723035952064,33.442619563292645,32.07723035952064,33.442619563292645,32.07723035952064,33.442619563292645,32.07723035952064,33.442619563292645,32.07723035952064,33.442619563292645,32.07723035952064,33.442619563292645,32.07723035952064,33.442619563292645,32.07723035952064,33.442619563292645,32.07723035952064,33.442619563292645,32.07723035952064,33.442619563292645,32.07723035952064,33.442619563292645,32.07723035952064,33.442619563292645,30.704480704480705,30.704480704480705,30.704480704480705,30.704480704480705,34.45998445998446,34.45998445998446,34.45998445998446,30.704480704480705,,,,,
whisfusion,,gigaspeech,main,main,2,400,7510,40.09,112,1.9075,31.2020525,1.0,en,32.07723035952064,33.442619563292645,30.11984021304927,30.790752032043173,31.491344873501998,32.316410462416265,30.199733688415446,30.687799321816218,31.757656458055926,32.912075181704516,30.18641810918775,30.97556586145099,30.452729693741677,31.431330574805365,33.07589880159787,34.393155861298965,27.949400798934754,28.92562022704231,27.949400798934754,28.92562022704231,28.29560585885486,28.84183634128034,36.524633821571236,38.236301821672754,,,,,,,,,20.02663115845539,21.189379949159257,24.833555259653796,25.659090171705827,66.5
whisfusion,,gigaspeech,main,main,3,400,7510,40.09,112,2.795,31.07022,1.0,en,32.07723035952064,33.442619563292645,29.06790945406125,29.857209222520982,30.81225033288948,31.571999097568998,29.04127829560586,29.74390065659069,29.241011984021306,30.630282434452273,28.735019973368843,29.6445073899527,29.001331557922768,30.105991014859278,27.163781624500665,28.7700647776474,25.579227696404793,26.814866943986114,25.552596537949402,26.718339166208338,26.2982689747004,26.77437980673133,38.48202396804261,40.708474262773436,,,,,,,,,,,,,
whisfusion,,gigaspeech,main,main,4,400,7510,40.09,112,3.6675,30.823445000000003,1.0,en,32.07723035952064,33.442619563292645,27.96271637816245,28.603972795468763,30.332889480692412,30.94447795003334,28.348868175765645,28.69721076379789,28.215712383488682,29.225837343101666,27.669773635153128,28.276328274324452,27.683089214380825,28.55587415254039,25.952063914780293,27.096404513072926,24.460719041278296,25.52501547736651,24.434087882822904,25.45923264908368,24.96671105193076,25.033478237956608,40.026631158455395,42.35592594889302,,,,,,,,,16.271637816245008,17.085121660146807,22.43675099866844,22.711318239773238,66.5
whisfusion,,gigaspeech,main,main,5,400,7510,40.09,112,4.5425,30.847219999999997,1.0,en,32.07723035952064,33.442619563292645,27.683089214380825,28.18583694503169,30.29294274300932,30.58726844829409,27.88282290279627,28.42911097479288,27.456724367509988,28.169987731652306,27.15046604527297,27.5825256156207,27.057256990679093,27.740750287693533,24.647137150466044,25.775589226786238,23.648468708388815,24.73286604947408,23.55525965379494,24.52074483735287,24.207723035952064,24.146401645349297,41.33155792276964,43.767788078024964,,,,,,,,,,,,,
whisfusion,,gigaspeech,main,main,6,400,7510,40.09,112,5.41,30.951135,1.0,en,32.07723035952064,33.442619563292645,27.56324900133156,27.943312104075797,30.11984021304927,30.171340061399093,27.44340878828229,27.868782153879927,26.937416777629828,27.46643617054325,26.711051930758988,27.09296698149504,26.59121171770972,26.99755680834293,23.941411451398135,24.86318526045639,23.102529960053264,23.96748142032445,23.142476697736353,24.011925864768894,23.315579227696404,23.028762873636495,42.33022636484687,44.9198454344369,,,,,,,,,,,,,
whisfusion,,gigaspeech,main,main,8,400,7510,40.09,112,7.0975,30.9332175,1.0,en,32.07723035952064,33.442619563292645,26.81757656458056,27.234994227985602,30.02663115845539,29.988031297313782,26.790945406125168,27.29574132733838,25.69906790945406,26.128975640323716,25.432756324900133,25.86332732302377,25.512649800266313,25.978873538263965,23.142476697736353,24.29683745667031,22.343541944074566,23.31393292029381,22.37017310252996,23.391588149051977,22.210386151797604,21.953127366395787,43.84820239680426,46.69999929852896,,,,,,,,,14.034620505992011,14.751929848136925,20.492676431424766,20.40681277139043,63.24999999999999
whisfusion,,gigaspeech,main,main,10,400,7510,40.09,112,8.7775,30.817515,1.0,en,32.07723035952064,33.442619563292645,26.191744340878827,26.531697935305303,29.58721704394141,29.702553253152836,26.37816245006658,26.725910271275488,25.086551264980027,25.644336327576973,25.03328894806924,25.47351003491843,25.126498002663116,25.691050562122893,22.66311584553928,23.717550150363323,22.170439414114515,23.237071948127774,22.130492676431423,23.127227176885945,21.77097203728362,21.51281724642717,44.84687083888149,47.83341854037331,,,,,,,,,,,,,
whisfusion,,gigaspeech,main,main,12,400,7510,40.09,112,10.46,30.9448425,1.0,en,32.07723035952064,33.442619563292645,26.13848202396804,26.42200672223094,29.653794940079894,29.715821855971942,26.191744340878827,26.472099063804595,24.913448735019973,25.3781617797889,24.980026631158456,25.42939473543388,24.8069241011984,25.249014419179737,22.55659121171771,23.523240340775075,21.810918774966712,22.798324020123932,21.757656458055926,22.66788618310715,21.278295605858855,20.866989103150836,46.11185086551265,49.26633691687765,,,,,,,,,,,,,
whisfusion,,gigaspeech,main,main,15,400,7510,40.09,112,12.93,31.103767500000004,1.0,en,32.07723035952064,33.442619563292645,25.9254327563249,26.150795022426703,28.908122503328894,28.94242445471948,25.938748335552596,26.19866285445295,24.340878828229027,24.827572478889564,24.51398135818908,24.784494341344214,24.274300932090547,24.689587449045447,22.276964047936087,23.36264271903327,21.59786950732357,22.45134153956526,21.544607190412783,22.33733010165676,20.825565912117177,20.4187237388441,47.123834886817576,50.61202124009593,30.704480704480705,24.734524734524733,23.154623154623156,23.232323232323232,25.045325045325047,24.514374514374513,24.462574462574462,19.34731934731935,12.80958721704394,13.476865746752056,19.400798934753663,19.213475044465614,61.75000000000001
whisfusion,,gigaspeech,main,main,16,400,7510,40.09,112,13.7375,31.031395000000003,1.0,en,32.07723035952064,33.442619563292645,25.63249001331558,25.730014307315997,28.69507323568575,28.713503003007084,25.81890812250333,26.036053299655904,24.194407456724367,24.706760930175538,24.487350199733687,24.654660007494492,24.234354194407455,24.490990933046447,22.237017310252995,23.283382204930113,21.717709720372838,22.678870379778722,21.70439414114514,22.63177070657611,20.63914780292943,20.178687155057517,47.470039946737685,50.98755968817776,30.704480704480705,24.462574462574462,22.934472934472936,23.14167314167314,25.071225071225072,24.708624708624708,24.734524734524733,19.21781921781922,12.689747003994674,13.38049239311767,19.201065246338217,18.958909858802283,61.0
whisfusion,,gigaspeech,main,main,20,400,7510,40.09,112,16.9075,30.939225,1.0,en,32.07723035952064,33.442619563292645,25.512649800266313,25.333171697615136,28.575233022636485,28.356110787513817,25.605858854860188,25.565795640892087,24.021304926764316,24.391356153977156,24.38082556591212,24.516519975232306,23.914780292942744,24.1532704804283,22.023968042609855,23.02209000020115,21.531291611185086,22.46125234090014,21.4780292942743,22.389172458222426,20.199733688415446,19.67137867462969,48.68175765645805,52.141107233449105,,,,,,,,,,,,,
whisfusion,,gigaspeech,main,main,24,400,7510,40.09,112,19.985,30.936515,1.0,en,32.07723035952064,33.442619563292645,25.379494007989347,25.254296869113297,28.468708388814914,28.375933081546105,25.512649800266313,25.495837578892775,24.00798934753662,24.30481220001341,23.981358189081224,24.127215689753818,23.808255659121173,24.042064157155227,22.023968042609855,22.95210508131023,21.571238348868174,22.39638159968791,21.571238348868174,22.45976543807175,19.89347536617843,19.352229076855632,49.74700399467377,53.24020686794776,,,,,,,,,,,,,
whisfusion,,gigaspeech,main,main,32,400,7510,40.09,112,26.03,30.898242500000002,1.0,en,32.07723035952064,33.442619563292645,24.92676431424767,24.859850254109755,27.70972037283622,27.766346101261142,25.006657789613847,25.068944778171893,23.675099866844207,24.083525387027898,23.901464713715047,24.21149431361774,23.7017310252996,23.990327452667742,21.70439414114514,22.631998931489495,21.4780292942743,22.27354566836525,21.4780292942743,22.25918329462788,19.267643142476697,18.734796377297,50.94540612516644,54.62486199197226,30.704480704480705,23.87982387982388,22.42942242942243,22.494172494172496,24.617974617974618,24.501424501424502,24.488474488474488,17.832167832167833,11.544607190412783,12.179129975714904,18.02929427430093,17.693977230778106,59.75
whisfusion,,ls-dev-clean,main,main,1,400,7557,45.14,40,1.0,0.0,1.0,en,11.949186184994046,12.498073510413171,11.949186184994046,12.498073510413171,11.949186184994046,12.498073510413171,11.949186184994046,12.498073510413171,11.949186184994046,12.498073510413171,11.949186184994046,12.498073510413171,11.949186184994046,12.498073510413171,11.949186184994046,12.498073510413171,11.949186184994046,12.498073510413171,11.949186184994046,12.498073510413171,11.949186184994046,12.498073510413171,11.949186184994046,12.498073510413171,11.971552745950218,11.971552745950218,11.971552745950218,11.971552745950218,12.959304622678783,12.959304622678783,12.959304622678783,11.971552745950218,,,,,
whisfusion,,ls-dev-clean,main,main,2,400,7557,45.14,40,1.6825,13.693974999999998,1.0,en,11.949186184994046,12.498073510413171,10.070133650919677,10.85011345993629,10.903797803361122,11.651944791049349,10.202461294164351,10.955722749212772,12.147677649861055,12.702909715162075,10.242159587137753,10.941467128197853,10.400952759031362,11.002711809610412,12.346169114728067,13.018270459846914,8.667460632526135,9.839320229275259,8.667460632526135,9.839320229275259,9.14384014820696,9.728902582139115,14.939790922323674,15.579496451200614,,,,,,,,,5.690088659520974,6.814855367680852,8.13815005954744,8.621651164043577,34.25
whisfusion,,ls-dev-clean,main,main,3,400,7557,45.14,40,2.305,13.4391825,1.0,en,11.949186184994046,12.498073510413171,9.355564377398439,9.847746569450123,10.877332274712188,11.160458190618783,9.448193727669711,9.913063685243934,9.289400555776101,10.004472270190213,9.117374619558026,9.768994380784225,9.223236734153765,9.900652488081008,8.111684530898504,9.26758326931035,7.383882493052798,8.5213628388813,7.383882493052798,8.499539692354206,7.913193066031494,8.283712690357378,16.36892946936615,17.002659391081806,,,,,,,,,,,,,
whisfusion,,ls-dev-clean,main,main,4,400,7557,45.14,40,2.91,13.438157499999999,1.0,en,11.949186184994046,12.498073510413171,8.773322747121874,9.423874767030878,10.427418287680297,10.794463825465112,8.693926161175069,9.30562501518012,8.813021040095276,9.543563523517708,8.548365753605928,9.342640992156483,8.508667460632527,9.213498642632942,7.291253142781527,8.38561890991927,6.709011512504962,7.880299213669447,6.801640862776234,7.974705187597479,7.317718671430462,7.673810369184141,17.440783379648007,18.059604129732175,,,,,,,,,4.075691411935954,5.130932270006193,6.761942569802832,7.061625861115671,32.0
whisfusion,,ls-dev-clean,main,main,5,400,7557,45.14,40,3.4925,13.24729,1.0,en,11.949186184994046,12.498073510413171,8.270477702792114,8.829040499387578,9.75254730713246,10.060730769303703,8.257244938467647,8.800581987925884,8.019055180627234,8.600905198908565,7.754399894137886,8.369037702070592,7.8073309514357545,8.419828126943749,6.761942569802832,7.827817167950007,6.272330289797539,7.31506568719809,6.351726875744343,7.446704881337282,6.735477041153897,7.014115082329892,18.353844118036257,19.002534344497317,,,,,,,,,,,,,
whisfusion,,ls-dev-clean,main,main,6,400,7557,45.14,40,4.0575,13.246815000000002,1.0,en,11.949186184994046,12.498073510413171,8.151382823871907,8.660287579836233,9.434960963345242,9.616981512570309,8.283710467116581,8.727681244154953,7.4765118433240705,8.163904093026133,7.4765118433240705,8.179803296404137,7.502977371973005,8.171069285809205,6.404657933042213,7.5824788630764735,5.967976710334789,7.143830370720125,6.034140531957126,7.2643651464019605,6.351726875744343,6.69047161158713,19.30660314939791,19.983873800848443,,,,,,,,,,,,,
whisfusion,,ls-dev-clean,main,main,8,400,7557,45.14,40,5.14,13.239702499999998,1.0,en,11.949186184994046,12.498073510413171,7.754399894137886,8.274041881981475,8.932115919015482,9.170415457019432,7.913193066031494,8.338910453971073,7.000132327643245,7.815575230028063,7.013365091967712,7.800781851607557,6.907502977371973,7.7442167084228295,5.994442238983724,7.13968652440119,5.835649067090115,7.020627411569552,5.835649067090115,7.02479407823622,5.928278417361387,6.252699532135448,20.61664681752018,21.408237488308373,,,,,,,,,3.2155617308455735,4.181782562217951,5.650390366547572,5.9510403901398625,29.75
whisfusion,,ls-dev-clean,main,main,10,400,7557,45.14,40,6.185,13.192177499999998,1.0,en,11.949186184994046,12.498073510413171,7.595606722244277,8.117895637137892,8.932115919015482,9.251182898066912,7.873494773058092,8.233826392254256,6.8942702130475055,7.778625098857067,6.933968506020908,7.873958662910086,6.881037448723038,7.771662842094846,5.928278417361387,7.130569983210205,5.835649067090115,6.982581311314108,5.86211459573905,7.020676549409346,5.703321423845441,6.103188657545486,21.74143178509991,22.679249924652616,,,,,,,,,,,,,
whisfusion,,ls-dev-clean,main,main,12,400,7557,45.14,40,7.2175,13.2020125,1.0,en,11.949186184994046,12.498073510413171,7.423580786026201,7.968732043089114,8.83948656874421,9.100044141649507,7.635305015217679,8.04564655288118,6.682545983856028,7.602780975898414,6.576683869260289,7.3135283064147805,6.603149397909223,7.482574650341797,5.6371576022231045,6.845130841810289,5.584226544925235,6.759429275873208,5.650390366547572,6.867928517644508,5.438666137356094,5.81358748471661,22.33690617970094,23.481266798443787,,,,,,,,,,,,,
whisfusion,,ls-dev-clean,main,main,15,400,7557,45.14,40,8.755,13.468085,1.0,en,11.949186184994046,12.498073510413171,7.304485907105994,7.872142836355808,8.693926161175069,8.92187978052866,7.4765118433240705,7.9436442786522665,6.444356226015615,7.443403906652366,6.510520047637952,7.395965698194278,6.404657933042213,7.282004653603071,5.623924837898637,6.835857282837747,5.518062723302898,6.815556311820183,5.478364430329496,6.7003960091598795,5.319571258435888,5.736934362010855,23.527854968903004,24.733343956813364,11.971552745950218,7.348873962860529,6.5323324114315815,6.585012511523772,6.75622283682339,6.664032661662057,6.6245225865929145,5.373370209403398,2.8582770940849542,3.8189623597363727,5.081381500595475,5.49561823348328,28.749999999999996
whisfusion,,ls-dev-clean,main,main,16,400,7557,45.14,40,9.2775,13.622932500000001,1.0,en,11.949186184994046,12.498073510413171,7.264787614132592,7.854514951191753,8.574831282254863,8.871653392873153,7.463279078999603,8.020701157876365,6.404657933042213,7.406073464896057,6.5634511049358215,7.400416157734588,6.431123461691147,7.348707710156575,5.518062723302898,6.742573062903272,5.465131666005028,6.721209474090725,5.412200608707159,6.615721056639651,5.30633849411142,5.730981981058474,23.977768955934895,25.289666871466622,11.971552745950218,7.283023837745292,6.466482286316344,6.637692611615962,6.677202686685105,6.6245225865929145,6.54550243645463,5.36020018438035,2.8318115654360194,3.795152835926849,5.068148736271007,5.4896658525309,29.25
whisfusion,,ls-dev-clean,main,main,20,400,7557,45.14,40,11.21,13.57091,1.0,en,11.949186184994046,12.498073510413171,7.357416964403864,8.0239478905832,8.521900224956994,8.96096813428894,7.344184200079397,8.060193021254506,6.338494111419876,7.278431697716062,6.5634511049358215,7.39147781648422,6.298795818446473,7.19532944520061,5.544528251951832,6.724194830068359,5.372502315733756,6.603822409304557,5.346036787084822,6.591228739357949,5.174010850866746,5.594776008668291,24.82466587270081,26.066418952101948,,,,,,,,,,,,,
whisfusion,,ls-dev-clean,main,main,24,400,7557,45.14,40,13.055,13.474355000000001,1.0,en,11.949186184994046,12.498073510413171,7.3971152573772665,7.962709222827495,8.601296810903797,8.969125756797705,7.344184200079397,8.01286477118846,6.219399232499669,7.1479020131906355,6.484054518989017,7.280570776226986,6.259097525473071,7.173761863402849,5.425433373031626,6.594327193314759,5.398967844382692,6.605444854491287,5.425433373031626,6.639697286841546,4.9755193859997355,5.447126163238243,25.486304088924175,26.807115287551415,,,,,,,,,,,,,
whisfusion,,ls-dev-clean,main,main,32,400,7557,45.14,40,16.6275,13.43875,1.0,en,11.949186184994046,12.498073510413171,7.066296149265582,7.708256577102583,8.08521900224957,8.465425179004576,7.158925499536854,7.871880968296783,6.1400026465528645,7.064278697667984,6.272330289797539,7.08850296766874,6.047373296281593,6.891622939256931,5.398967844382692,6.573492439528115,5.30633849411142,6.504101313312384,5.319571258435888,6.536033394445232,4.69763133518592,5.127123496863575,26.544925234881568,27.842779854303835,11.971552745950218,7.072303437376531,6.216251810878441,6.321612011062821,6.611352561569867,6.519162386408534,6.505992361385487,4.714868958251021,2.421595871377531,3.3387234623441975,4.538838163292311,4.965422949298561,28.000000000000004
whisfusion,,ls-dev-other,ablation,base16,1,200,3580,21.66,33,1.0,0.0,1.0,en,23.798882681564248,22.818881879866332,23.798882681564248,22.818881879866332,23.798882681564248,22.818881879866332,23.798882681564248,22.818881879866332,23.798882681564248,22.818881879866332,23.798882681564248,22.818881879866332,23.798882681564248,22.818881879866332,23.798882681564248,22.818881879866332,23.798882681564248,22.818881879866332,23.798882681564248,22.818881879866332,23.798882681564248,22.818881879866332,23.798882681564248,22.818881879866332,23.6318407960199,23.6318407960199,23.6318407960199,23.6318407960199,24.930901050304037,24.930901050304037,24.930901050304037,23.6318407960199,,,,,
whisfusion,,ls-dev-other,ablation,base16,2,200,3580,21.66,33,1.825,22.96879,1.0,en,23.798882681564248,22.818881879866332,20.41899441340782,19.301589700704557,22.6536312849162,20.98946002254111,20.810055865921786,19.69404374424556,23.379888268156424,22.221259299700517,20.363128491620113,19.017668760533617,21.22905027932961,20.07741881440132,24.189944134078214,22.948739248500072,18.491620111731844,17.554880672378285,18.491620111731844,17.554880672378285,18.93854748603352,17.397777745093066,28.01675977653631,27.276487951655547,,,,,,,,,13.240223463687151,12.475725970653276,16.731843575418996,15.315455512395246,50.0
whisfusion,,ls-dev-other,ablation,base16,3,200,3580,21.66,33,2.615,23.105484999999998,1.0,en,23.798882681564248,22.818881879866332,19.134078212290504,18.33239014405577,21.480446927374302,20.205822813444318,19.83240223463687,18.771103032259624,19.106145251396647,18.20131439886692,18.463687150837988,17.23413374484029,18.491620111731844,17.365191474949874,18.156424581005588,17.5911354684988,16.452513966480446,15.765594273033656,16.424581005586592,15.734344273033656,16.731843575418996,15.31019774147317,30.083798882681563,29.466445646578237,,,,,,,,,,,,,
whisfusion,,ls-dev-other,ablation,base16,4,200,3580,21.66,33,3.375,23.180419999999998,1.0,en,23.798882681564248,22.818881879866332,19.41340782122905,18.4719364554099,20.865921787709496,19.495039947238155,19.41340782122905,18.351110994638788,18.268156424581004,17.12891108819835,18.29608938547486,17.167675643940008,18.12849162011173,16.93392885219112,16.70391061452514,15.996362257666794,15.307262569832401,14.689227581685198,15.307262569832401,14.732588015289533,16.28491620111732,14.83732409217637,31.39664804469274,31.041791805463404,,,,,,,,,9.832402234636872,9.317166243922733,14.94413407821229,13.464892483063512,55.50000000000001
whisfusion,,ls-dev-other,ablation,base16,5,200,3580,21.66,33,4.085,22.679134999999995,1.0,en,23.798882681564248,22.818881879866332,18.65921787709497,17.606606956334268,20.139664804469273,18.582946288290945,18.77094972067039,17.60310375663542,18.044692737430168,16.897576402569573,17.681564245810055,16.54823663420116,17.51396648044693,16.3993128727774,15.558659217877095,14.995130412043794,14.720670391061452,14.277380447036087,14.748603351955307,14.3353169549726,15.558659217877095,14.017116666963226,32.45810055865922,32.21250178219118,,,,,,,,,,,,,
whisfusion,,ls-dev-other,ablation,base16,6,200,3580,21.66,33,4.81,22.595100000000002,1.0,en,23.798882681564248,22.818881879866332,18.60335195530726,17.47024059937968,19.83240223463687,18.20978655517257,18.631284916201118,17.41196046365389,17.206703910614525,16.000714112826294,17.48603351955307,16.239486405556566,17.122905027932962,15.960426362244426,15.223463687150838,14.564444714671264,14.441340782122905,13.974858944689966,14.497206703910615,14.097007257082181,15.223463687150838,13.643933435070386,33.435754189944134,33.20349941033943,,,,,,,,,,,,,
whisfusion,,ls-dev-other,ablation,base16,8,200,3580,21.66,33,6.2,22.464385000000004,1.0,en,23.798882681564248,22.818881879866332,18.156424581005588,16.650410475873084,19.636871508379887,17.55671757474291,18.491620111731844,16.628241451258408,17.094972067039105,15.87323038213878,17.150837988826815,15.732867487109,16.675977653631286,15.351244569616911,14.692737430167599,14.147227100914705,14.245810055865922,13.779884692784785,14.245810055865922,13.805281518181612,14.636871508379889,12.958851371680662,34.66480446927374,34.39043952365827,,,,,,,,,8.324022346368714,7.885779984102129,13.77094972067039,12.080342823777626,49.0
whisfusion,,ls-dev-other,ablation,base16,10,200,3580,21.66,33,7.515,22.26068,1.0,en,23.798882681564248,22.818881879866332,17.960893854748605,16.593668899483845,19.720670391061454,17.680318415831017,18.268156424581004,16.59971214462555,16.87150837988827,15.509749758681707,16.81564245810056,15.591468411356379,16.64804469273743,15.253912200844693,14.636871508379889,14.112142184724503,13.854748603351956,13.316035407806497,13.910614525139664,13.402543344314436,14.329608938547485,12.686875113448682,35.44692737430167,35.31729370842842,,,,,,,,,,,,,
whisfusion,,ls-dev-other,ablation,base16,12,200,3580,21.66,33,8.845,22.108305,1.0,en,23.798882681564248,22.818881879866332,17.737430167597765,16.44923907295683,19.608938547486034,17.6160200877169,18.18435754189944,16.712960561020424,16.312849162011172,15.165309888567949,16.536312849162012,15.29850901709314,16.033519553072626,14.798680604764725,14.30167597765363,13.799098639108976,13.743016759776536,13.294091636963973,13.687150837988828,13.274479304851642,13.966480446927374,12.413761875161422,36.312849162011176,36.30696737995564,,,,,,,,,,,,,
whisfusion,,ls-dev-other,ablation,base16,15,200,3580,21.66,33,10.82,22.220795,1.0,en,23.798882681564248,22.818881879866332,16.955307262569832,15.646638515838454,19.30167597765363,17.489286923170773,17.374301675977655,15.863856761027836,15.726256983240223,14.650671435483106,15.865921787709498,14.843457670023973,15.782122905027933,14.651711935886935,13.966480446927374,13.503477710284791,13.547486033519553,13.141820003182769,13.575418994413408,13.26384381270658,13.268156424581006,11.9047251689781,37.849162011173185,38.18363133829529,23.6318407960199,16.832504145936984,15.616362631288004,15.671641791044776,15.45052515201769,14.98065229408513,15.035931453841902,13.266998341625207,7.5139664804469275,7.212340943651559,12.653631284916202,11.267566443403542,47.5
whisfusion,,ls-dev-other,ablation,base16,16,200,3580,21.66,33,11.45,22.259565000000002,1.0,en,23.798882681564248,22.818881879866332,16.92737430167598,15.641169447869387,19.35754189944134,17.475090933974784,17.318435754189945,15.795887693058768,15.69832402234637,14.539221068111685,15.893854748603353,14.825949252515558,15.64245810055866,14.512290688856993,13.994413407821229,13.585912558227161,13.547486033519553,13.156327700998737,13.547486033519553,13.27672258389362,13.072625698324023,11.762702376955307,38.100558659217874,38.52441277907673,23.6318407960199,16.804864566058598,15.588723051409618,15.671641791044776,15.478164731896076,15.035931453841902,15.063571033720287,13.04588170259812,7.402234636871508,7.110137349989984,12.430167597765363,11.069988095825193,47.0
whisfusion,,ls-dev-other,ablation,fss_T1,1,200,3580,21.66,33,1.0,0.0,1.0,en,23.491620111731844,22.33158644844591,23.491620111731844,22.33158644844591,23.491620111731844,22.33158644844591,23.491620111731844,22.33158644844591,23.491620111731844,22.33158644844591,23.491620111731844,22.33158644844591,23.491620111731844,22.33158644844591,23.491620111731844,22.33158644844591,23.491620111731844,22.33158644844591,23.491620111731844,22.33158644844591,23.491620111731844,22.33158644844591,23.491620111731844,22.33158644844591,23.687119955776673,23.687119955776673,23.687119955776673,23.687119955776673,25.041459369817577,25.041459369817577,25.041459369817577,23.687119955776673,,,,,
whisfusion,,ls-dev-other,ablation,fss_T1,2,200,3580,21.66,33,1.855,23.985239999999997,1.0,en,23.491620111731844,22.33158644844591,20.837988826815643,19.76337200488906,21.536312849162012,20.462182755828294,21.033519553072626,19.958285643881645,23.24022346368715,22.196051645709097,21.00558659217877,20.035042001559056,21.592178770949722,20.62394022565465,24.58100558659218,23.376339944561174,19.30167597765363,18.716100733212635,19.30167597765363,18.716100733212635,19.46927374301676,17.909732617960202,28.407821229050278,27.450791078980387,,,,,,,,,12.681564245810057,12.375630464286992,16.620111731843576,15.44117176280248,54.0
whisfusion,,ls-dev-other,ablation,fss_T1,3,200,3580,21.66,33,2.67,24.22616,1.0,en,23.491620111731844,22.33158644844591,19.83240223463687,18.38741498597626,20.921787709497206,19.768890006337106,20.0,18.34778466016172,20.223463687150836,19.190352726111172,19.385474860335197,18.248140542987116,19.692737430167597,18.67448248067059,18.65921787709497,18.06854245032323,16.92737430167598,16.454801338732366,16.98324022346369,16.571684455615486,17.877094972067038,16.10049612552946,30.893854748603353,30.094080572259234,,,,,,,,,,,,,
whisfusion,,ls-dev-other,ablation,fss_T1,4,200,3580,21.66,33,3.44,24.323735000000003,1.0,en,23.491620111731844,22.33158644844591,18.8268156424581,17.602412816524478,21.22905027932961,19.823126003846426,19.46927374301676,17.813826905217127,18.854748603351954,17.850659223830103,18.547486033519554,17.32346211323167,18.24022346368715,16.95932410498375,16.564245810055866,16.334266533161703,15.726256983240223,15.195378077984376,15.69832402234637,15.267997125603424,16.675977653631286,14.858070275925195,32.486033519553075,32.1417792945922,,,,,,,,,9.581005586592179,9.137549906973984,14.636871508379889,13.124394785995817,51.5
whisfusion,,ls-dev-other,ablation,fss_T1,5,200,3580,21.66,33,4.19,24.457704999999997,1.0,en,23.491620111731844,22.33158644844591,17.849162011173185,16.79996600388396,20.446927374301676,19.308927637742208,18.12849162011173,16.560733890967633,17.3463687150838,16.280870522607138,17.40223463687151,16.24883785593825,17.206703910614525,16.107713726656225,15.391061452513966,15.091525273682043,14.692737430167599,14.432357550993057,14.720670391061452,14.50973850337401,15.754189944134078,14.077643430678158,34.10614525139665,33.74210413850234,,,,,,,,,,,,,
whisfusion,,ls-dev-other,ablation,fss_T1,6,200,3580,21.66,33,4.915,24.336869999999998,1.0,en,23.491620111731844,22.33158644844591,17.48603351955307,16.544435587466445,20.335195530726256,19.11773965265411,17.70949720670391,16.200721151317797,16.98324022346369,15.743998888171634,17.067039106145252,15.863337481514723,16.70391061452514,15.441239454954452,14.888268156424582,14.562879375364066,14.385474860335195,14.133256336560171,14.41340782122905,14.216589669893507,15.335195530726256,13.60697891197671,35.391061452513966,34.97347643049769,,,,,,,,,,,,,
whisfusion,,ls-dev-other,ablation,fss_T1,8,200,3580,21.66,33,6.375,24.470010000000002,1.0,en,23.491620111731844,22.33158644844591,17.40223463687151,16.351684555580604,20.027932960893853,18.79758832343422,17.56983240223464,16.186746435708272,16.536312849162012,15.473377275826419,16.620111731843576,15.606063750036526,16.39664804469274,15.267893058125424,14.608938547486034,14.447732740380632,14.189944134078212,14.04268625741083,14.162011173184357,14.042430241025784,14.748603351955307,13.028135374561744,37.262569832402235,37.511525369862426,,,,,,,,,7.960893854748603,7.814209129353418,13.575418994413408,11.77798700116614,48.5
whisfusion,,ls-dev-other,ablation,fss_T1,10,200,3580,21.66,33,7.865,24.608154999999996,1.0,en,23.491620111731844,22.33158644844591,17.51396648044693,16.097938726931055,20.195530726256983,18.682880857410964,17.625698324022345,16.3185266681464,16.64804469273743,15.600775018613177,16.480446927374302,15.255425295353952,16.70391061452514,15.478068872649065,14.441340782122905,14.279005545872609,14.050279329608939,13.972217162645356,13.938547486033519,13.713032574831734,14.525139664804469,12.806210771387141,38.8268156424581,39.24362880854962,,,,,,,,,,,,,
whisfusion,,ls-dev-other,ablation,fss_T1,12,200,3580,21.66,33,9.265,24.663975,1.0,en,23.491620111731844,22.33158644844591,16.98324022346369,15.619759859435966,20.027932960893853,18.323042285885425,17.262569832402235,16.01879106791037,16.033519553072626,15.162139561836666,16.00558659217877,15.11109593477423,16.00558659217877,15.060535580226963,14.106145251396647,14.016512870382847,14.050279329608939,13.894123402849024,14.022346368715084,13.796901180626802,14.078212290502794,12.438046830271013,39.77653631284916,40.356835187592466,,,,,,,,,,,,,
whisfusion,,ls-dev-other,ablation,fss_T1,15,200,3580,21.66,33,11.39,24.707575000000002,1.0,en,23.491620111731844,22.33158644844591,17.43016759776536,15.782148248841349,19.692737430167597,18.079593957408964,17.70949720670391,16.095388859025157,16.00558659217877,15.142755838126613,16.145251396648046,14.957798109809186,16.22905027932961,15.10873081143848,13.88268156424581,13.782542625228395,13.46368715083799,13.506537296324838,13.40782122905028,13.388481740769286,13.435754189944134,11.59033875558551,40.69832402234637,41.615711238012636,23.687119955776673,17.330016583747927,16.003316749585405,16.086235489220563,15.561083471531234,15.008291873963516,14.98065229408513,13.51575456053068,6.871508379888268,6.730898914046744,12.541899441340782,10.814066577566198,47.0
whisfusion,,ls-dev-other,ablation,fss_T1,16,200,3580,21.66,33,12.055,24.692854999999998,1.0,en,23.491620111731844,22.33158644844591,17.48603351955307,15.738571450464697,19.608938547486034,17.88088503722117,17.821229050279328,16.077600648279198,16.256983240223462,15.428753701798497,16.145251396648046,14.835583314800274,16.145251396648046,14.985714938422609,13.77094972067039,13.721932183039003,13.519553072625698,13.396766278340753,13.491620111731844,13.362044056118528,13.35195530726257,11.507384210130965,41.06145251396648,42.13453403028744,23.687119955776673,17.44057490326147,16.279712548369265,16.03095632946379,15.45052515201769,15.091210613598673,15.063571033720287,13.432835820895523,6.815642458100559,6.639510463787328,12.458100558659218,10.715416956147696,47.0
whisfusion,,ls-dev-other,ablation,steps8,1,200,3580,21.66,33,1.0,0.0,1.0,en,19.35754189944134,17.8890854137895,19.35754189944134,17.8890854137895,19.35754189944134,17.8890854137895,19.35754189944134,17.8890854137895,19.35754189944134,17.8890854137895,19.35754189944134,17.8890854137895,19.35754189944134,17.8890854137895,19.35754189944134,17.8890854137895,19.35754189944134,17.8890854137895,19.35754189944134,17.8890854137895,19.35754189944134,17.8890854137895,19.35754189944134,17.8890854137895,19.154228855721392,19.154228855721392,19.154228855721392,19.154228855721392,20.536207849640686,20.536207849640686,20.536207849640686,19.154228855721392,,,,,
whisfusion,,ls-dev-other,ablation,steps8,2,200,3580,21.66,33,1.79,17.955555,1.0,en,19.35754189944134,17.8890854137895,17.51396648044693,16.413260044726943,18.60335195530726,17.52129282068044,17.737430167597765,16.462034925759887,19.273743016759777,18.405305656778605,17.681564245810055,16.895627524691676,17.793296089385475,17.09015893876534,19.41340782122905,18.14497664651553,16.564245810055866,15.733757955105112,16.564245810055866,15.733757955105112,16.11731843575419,14.855058257283085,22.793296089385475,22.044982123733377,,,,,,,,,11.22905027932961,10.661192177490848,13.659217877094973,12.771481006436805,45.0
whisfusion,,ls-dev-other,ablation,steps8,3,200,3580,21.66,33,2.555,18.198045,1.0,en,19.35754189944134,17.8890854137895,16.424581005586592,15.207108806915585,17.54189944134078,16.37332980090637,16.843575418994412,15.543957596610673,16.731843575418996,15.6888131206326,16.1731843575419,15.039875313057111,16.201117318435752,15.088768379055443,15.64245810055866,15.013687185005386,14.664804469273744,14.211123262275342,14.804469273743017,14.445418134070213,14.636871508379889,13.383953251752095,24.860335195530727,24.666612540645154,,,,,,,,,,,,,
whisfusion,,ls-dev-other,ablation,steps8,4,200,3580,21.66,33,3.22,18.114729999999998,1.0,en,19.35754189944134,17.8890854137895,16.00558659217877,14.870602469995777,17.318435754189945,16.199708274579358,16.34078212290503,15.250240911783589,15.726256983240223,14.96616212532635,15.502793296089385,14.582344796931942,15.53072625698324,14.620808212601242,14.860335195530727,14.209363598001296,14.329608938547485,13.672037853513421,14.385474860335195,13.863380794198466,14.189944134078212,12.982714279700714,26.22905027932961,26.06460312075648,,,,,,,,,9.106145251396647,8.814025505927864,12.653631284916202,11.720931121237307,44.0
whisfusion,,ls-dev-other,ablation,steps8,5,200,3580,21.66,33,3.89,17.864165,1.0,en,19.35754189944134,17.8890854137895,15.810055865921788,14.629080999430192,16.64804469273743,15.587452267915456,15.977653631284916,14.749947251195811,15.53072625698324,14.475070855485084,15.167597765363128,14.074898795078045,15.474860335195531,14.369812038153054,14.46927374301676,13.713672256666143,14.245810055865922,13.613608235736105,14.329608938547485,13.78305268018055,13.71508379888268,12.364843520285838,27.067039106145252,26.93084839792677,,,,,,,,,,,,,
whisfusion,,ls-dev-other,ablation,steps8,6,200,3580,21.66,33,4.52,17.608530000000002,1.0,en,19.35754189944134,17.8890854137895,15.977653631284916,14.76356413212761,16.98324022346369,15.896349400214122,16.06145251396648,14.94428089374374,15.58659217877095,14.620992334464356,15.474860335195531,14.400998063045172,15.446927374301676,14.415702480917075,14.273743016759777,13.769882125889184,14.022346368715084,13.691447238953462,13.938547486033519,13.540131449479775,13.519553072625698,12.217595133751736,27.76536312849162,27.632164967064547,,,,,,,,,,,,,
whisfusion,,ls-dev-other,ablation,steps8,8,200,3580,21.66,33,5.77,17.58582,1.0,en,19.35754189944134,17.8890854137895,15.782122905027933,14.653320490750069,17.262569832402235,16.06264467555218,15.837988826815643,14.659053438450496,15.391061452513966,14.34419508496637,15.139664804469273,14.006014650201855,15.223463687150838,14.036594113744199,13.994413407821229,13.63863249828471,13.966480446927374,13.475841250518702,13.938547486033519,13.503937225750901,13.156424581005586,11.767726070066882,29.106145251396647,29.200036927646337,,,,,,,,,7.932960893854749,7.531451018027714,11.759776536312849,10.663882752231496,43.5
whisfusion,,ls-dev-other,ablation,steps8,10,200,3580,21.66,33,7.02,17.73238,1.0,en,19.35754189944134,17.8890854137895,15.921787709497206,14.776823839253417,16.81564245810056,15.44822376445608,15.921787709497206,14.761230692413463,15.05586592178771,13.989646651373821,15.05586592178771,14.047414222851426,15.0,13.910070871334735,14.050279329608939,13.55265499806729,13.687150837988828,13.003069203697116,13.77094972067039,13.282971917470798,12.849162011173185,11.447242876789572,29.972067039106147,30.359480846300784,,,,,,,,,,,,,
whisfusion,,ls-dev-other,ablation,steps8,12,200,3580,21.66,33,8.23,17.659005,1.0,en,19.35754189944134,17.8890854137895,15.726256983240223,14.523181482696804,17.039106145251395,15.730954866272373,15.58659217877095,14.409231403831187,15.111731843575418,14.03534237230727,15.111731843575418,14.006145328961567,14.888268156424582,13.775865175873317,13.659217877094973,13.148949648716279,13.519553072625698,12.904775515966667,13.435754189944134,12.782553293744447,12.541899441340782,11.134842390279177,30.558659217877096,31.033501729899154,,,,,,,,,,,,,
whisfusion,,ls-dev-other,ablation,steps8,15,200,3580,21.66,33,10.04,17.702655,1.0,en,19.35754189944134,17.8890854137895,15.614525139664805,14.375339617165912,16.731843575418996,15.738901422845691,15.502793296089385,14.252623110286805,14.888268156424582,13.813836194078402,14.832402234636872,13.815546795546751,14.636871508379889,13.615342781321749,13.547486033519553,13.14027072738698,13.46368715083799,12.971775264917982,13.491620111731844,13.063441931584649,12.094972067039107,10.775827888904594,31.424581005586592,32.16671885441846,19.154228855721392,15.367606412382532,14.897733554449973,14.566058595909341,15.008291873963516,14.953012714206745,15.008291873963516,12.189054726368159,7.011173184357542,6.715514837582664,10.977653631284916,9.823154548368523,41.0
whisfusion,,ls-dev-other,ablation,steps8,16,200,3580,21.66,33,10.595,17.660535,1.0,en,19.35754189944134,17.8890854137895,15.58659217877095,14.436999281031454,16.536312849162012,15.611347522497674,15.391061452513966,14.253913099966889,14.692737430167599,13.660437071271383,14.94413407821229,13.851084357400104,14.497206703910615,13.367410231845081,13.35195530726257,12.925801385894198,13.156424581005586,12.63400777977396,13.128491620111731,12.684007779773959,11.983240223463687,10.700571844136354,31.64804469273743,32.47911917339773,19.154228855721392,15.339966832504146,14.621337755666113,14.676616915422885,14.814814814814815,14.6489773355445,14.6489773355445,12.078496406854615,6.927374301675978,6.636601645511578,10.837988826815643,9.679716685418466,41.5
whisfusion,,ls-dev-other,main,main,1,400,7238,43.01,33,1.0,0.0,1.0,en,21.594363083724787,21.77343769906365,21.594363083724787,21.77343769906365,21.594363083724787,21.77343769906365,21.594363083724787,21.77343769906365,21.594363083724787,21.77343769906365,21.594363083724787,21.77343769906365,21.594363083724787,21.77343769906365,21.594363083724787,21.77343769906365,21.594363083724787,21.77343769906365,21.594363083724787,21.77343769906365,21.594363083724787,21.77343769906365,21.594363083724787,21.77343769906365,21.522273845312927,21.522273845312927,21.522273845312927,21.522273845312927,22.724788193495492,22.724788193495492,22.724788193495492,21.522273845312927,,,,,
whisfusion,,ls-dev-other,main,main,2,400,7238,43.01,33,1.8325,21.8579875,1.0,en,21.594363083724787,21.77343769906365,18.803536888643272,18.930092923778297,20.21276595744681,20.438687808296372,18.87261674495717,18.94096122139063,21.24896380215529,21.479572300478054,18.83116883116883,18.955190576074983,19.42525559546836,19.726065545062152,21.9950262503454,22.055475524715156,17.09035645205858,17.50811375857504,17.09035645205858,17.50811375857504,17.58773141751865,17.496919402532995,25.697706548770377,26.059742014945652,,,,,,,,,12.379110251450676,12.74866323376625,15.460071843050567,15.348264640297227,51.24999999999999
whisfusion,,ls-dev-other,main,main,3,400,7238,43.01,33,2.6175,21.616032500000003,1.0,en,21.594363083724787,21.77343769906365,17.905498756562586,18.051375500441893,19.756838905775076,19.578530481199373,18.098922354241502,18.188569309376035,18.11273832550428,18.30205047584903,17.504835589941973,17.56583074334241,17.65681127383255,17.789055023409748,16.97982868195634,17.589309920226242,15.529151699364466,16.12020368457092,15.639679469466703,16.311918220035455,16.026526664824537,15.781972457993563,27.894445979552362,28.326705801591807,,,,,,,,,,,,,
whisfusion,,ls-dev-other,main,main,4,400,7238,43.01,33,3.4075,22.132044999999998,1.0,en,21.594363083724787,21.77343769906365,17.283780049737498,17.52384059136571,19.273279911577784,18.976607202343462,17.297596021000277,17.543479296018738,17.477203647416413,17.67306291037216,17.11798839458414,17.19654676372994,17.187068250898037,17.29092755269368,15.985078751036198,16.70248243798936,14.686377452334899,15.476793668864614,14.686377452334899,15.496544751115692,15.114672561481072,14.88814803111963,29.579994473611496,30.572889861863324,,,,,,,,,9.533020171318043,10.002465187315165,13.525835866261398,13.309603998928953,51.74999999999999
whisfusion,,ls-dev-other,main,main,5,400,7238,43.01,33,4.145,21.9434425,1.0,en,21.594363083724787,21.77343769906365,17.187068250898037,17.3762522800918,18.90024868748273,18.70670762676948,17.269964078474718,17.411407437367977,17.352859906051396,17.619908708635684,16.689693285437965,16.943153338593916,16.855484940591325,17.031830435166327,15.225200331583311,16.23046709796034,14.451505940867643,15.109207051832236,14.451505940867643,15.162035704660893,14.589665653495441,14.365968565208611,30.57474440453164,31.69059608013594,,,,,,,,,,,,,
whisfusion,,ls-dev-other,main,main,6,400,7238,43.01,33,4.8525,21.852107500000002,1.0,en,21.594363083724787,21.77343769906365,16.938380768168003,17.11004766112258,18.541033434650455,18.20017014708842,16.883116883116884,16.91835097899023,16.55153357281017,16.57015505853584,16.302846090080134,16.37683267031166,16.42718983144515,16.404664786895513,14.714009394860458,15.626927599727427,13.760707377728654,14.604178679818641,13.677811550151976,14.417273917913882,13.98176291793313,13.547816055410086,31.431334622823986,32.51325717213421,,,,,,,,,,,,,
whisfusion,,ls-dev-other,main,main,8,400,7238,43.01,33,6.295,21.916800000000002,1.0,en,21.594363083724787,21.77343769906365,16.648245371649626,16.860592998733928,18.402873722022658,18.161286187229393,16.606797457861287,16.712986148129517,15.764023210831722,15.987063549367905,15.94363083724786,16.18476356966719,15.625863498203923,15.790574601805963,14.03702680298425,14.920033132647434,13.3185962973197,14.111482859431495,13.277148383531362,14.029394910615606,13.208068527217463,12.73168778734657,33.02017131804366,34.24367541302831,,,,,,,,,7.93036750483559,8.363037710932325,12.18568665377176,11.744346564820873,46.25
whisfusion,,ls-dev-other,main,main,10,400,7238,43.01,33,7.7275,22.0863425,1.0,en,21.594363083724787,21.77343769906365,16.565349544072948,16.987347972263397,18.168002210555404,18.050284074703175,16.399557888919592,16.602137776918212,15.487703785576127,15.776699748288639,15.598231555678364,15.888269934499535,15.418623929262226,15.627126344594835,13.719259463940315,14.694646574999307,13.208068527217463,14.005486184289085,13.249516441005802,14.045437533735317,12.835037303122409,12.33523918667403,34.277424702956615,35.70287319328831,,,,,,,,,,,,,
whisfusion,,ls-dev-other,main,main,12,400,7238,43.01,33,9.075,22.017482499999996,1.0,en,21.594363083724787,21.77343769906365,16.219950262503453,16.604440189953873,18.043658469190383,17.89833697812969,16.040342636087317,16.374167558565304,15.19756838905775,15.480092336439084,15.156120475269411,15.418048813187848,15.073224647692733,15.346323775642023,13.581099751312518,14.528599070047745,13.125172699640785,13.885347510878635,13.111356728378006,13.865269223153287,12.489638021552915,12.02727581069611,35.09256700746062,36.6515443248792,,,,,,,,,,,,,
whisfusion,,ls-dev-other,main,main,15,400,7238,43.01,33,11.04,21.944827500000002,1.0,en,21.594363083724787,21.77343769906365,16.150870406189554,16.465915489190394,17.905498756562586,17.889783639780827,16.054158607350097,16.430705815932768,15.087040618955513,15.46361298409952,15.017960762641614,15.3246424076419,15.045592705167174,15.322885556479166,13.373860182370821,14.31703094669374,12.931749101961868,13.738598531367415,12.89030118817353,13.694716030012088,12.11660679745786,11.69798052212223,36.36363636363637,38.157509756268404,21.522273845312927,15.892320306094561,15.140748838480459,14.93577480185843,14.949439737633233,14.498496857064772,14.443837113965564,12.025143481825635,6.797457861287649,7.244491549567074,11.301464492953855,10.819453295051034,46.5
whisfusion,,ls-dev-other,main,main,16,400,7238,43.01,33,11.68,21.940152500000003,1.0,en,21.594363083724787,21.77343769906365,16.067974578612876,16.271006889549824,17.850234871511468,17.864522852677933,16.040342636087317,16.325688233085383,14.935064935064934,15.270159144443573,14.893617021276595,15.038100760521775,15.073224647692733,15.323753318477044,13.40149212489638,14.36826027997325,12.89030118817353,13.714616355214002,12.821221331859629,13.614123329720975,12.061342912406742,11.648937459921273,36.72285161646864,38.565901245047826,21.522273845312927,15.796665755670949,14.894779994534026,14.812790379885215,14.93577480185843,14.457502049740366,14.402842306641158,11.970483738726427,6.72837800497375,7.166342165897094,11.287648521691075,10.810156378517275,47.0
whisfusion,,ls-dev-other,main,main,20,400,7238,43.01,33,14.315,22.030437499999998,1.0,en,21.594363083724787,21.77343769906365,15.791655153357281,15.72758939372739,17.73970710140923,17.7751209486157,15.639679469466703,15.785658367257104,14.810721193699917,15.13576284877029,14.893617021276595,15.011066945219614,14.948880906327714,15.138564830494438,13.41530809615916,14.34344530233698,12.77977341807129,13.655328236176354,12.724509533020171,13.524916980765097,11.826471400939486,11.369575733684545,37.81431334622824,39.88574644030082,,,,,,,,,,,,,
whisfusion,,ls-dev-other,main,main,24,400,7238,43.01,33,16.9075,22.0209275,1.0,en,21.594363083724787,21.77343769906365,15.501519756838906,15.382976523015918,17.80878695772313,17.851825885436906,15.432439900525006,15.454332313582716,14.64492953854656,15.008659858006226,14.64492953854656,14.761308382632105,14.520585797181543,14.777304589283474,13.166620613429124,14.121489070605394,12.79358938933407,13.728147066836344,12.738325504282951,13.641905979492314,11.59159988947223,11.161725003761447,38.38076816800221,40.66134198063127,,,,,,,,,,,,,
whisfusion,,ls-dev-other,main,main,32,400,7238,43.01,33,21.8175,21.9881875,1.0,en,21.594363083724787,21.77343769906365,15.30809615915999,15.36770564872846,17.339043934788616,17.287128361495625,15.349544072948328,15.45308080889749,14.340978170765405,14.750727499419058,14.299530256977066,14.584838463760939,14.133738601823708,14.574113798207488,13.000828958275767,13.886027083156927,12.586349820392373,13.333754330674626,12.627797734180714,13.482463002177415,11.246200607902736,10.864806224506673,39.73473335175463,42.08925432417392,21.522273845312927,15.07242415960645,14.238863077343536,14.129543591145122,14.56682153593878,14.170538398469526,14.19786827001913,11.027603170265099,5.940867642995302,6.485726343211364,10.638297872340425,10.182811304422863,46.75
whisfusion,,ls-tc-babble0,main,main,1,400,8047,49.2,40,1.0,0.0,0.9978950000000001,en,76.6248291288679,77.02923355623567,76.6248291288679,77.02923355623567,76.6248291288679,77.02923355623567,76.6248291288679,77.02923355623567,76.6248291288679,77.02923355623567,76.6248291288679,77.02923355623567,76.6248291288679,77.02923355623567,76.6248291288679,77.02923355623567,76.6248291288679,77.02923355623567,76.6248291288679,77.02923355623567,76.6248291288679,77.02923355623567,76.6248291288679,77.02923355623567,76.1177484911935,76.1177484911935,76.1177484911935,76.1177484911935,76.38871782239192,76.38871782239192,76.38871782239192,76.1177484911935,,,,,
whisfusion,,ls-tc-babble0,main,main,2,400,8047,49.2,40,1.9825,62.388670000000005,0.9978950000000001,en,76.6248291288679,77.02923355623567,74.45010562942711,74.18666206172384,75.5436808748602,75.31216957755643,74.49981359512861,74.23725872016837,73.92817198956132,73.32041123572976,73.56778923822543,73.1129552982246,73.55536224680004,73.0152760199964,78.21548403131602,78.72946612594247,68.88281347085871,69.15218922043314,68.88281347085871,69.15218922043314,71.79072946439668,70.95763765624294,81.86901951037653,83.01564544384354,,,,,,,,,53.2496582577358,53.37043591605908,58.046476947930906,57.805667501858096,80.75
whisfusion,,ls-tc-babble0,main,main,3,400,8047,49.2,40,2.9625,62.030075,0.9978950000000001,en,76.6248291288679,77.02923355623567,72.82216975270288,72.33414602257997,75.10873617497204,74.66866767232801,73.2695414440164,72.8462342175556,72.33751708711321,71.72827061917711,71.57947061016527,71.12137160580943,71.48005467876227,70.98232990136856,70.85870510749348,71.06804685650211,64.86889524046228,65.15063171501478,64.85646824903691,65.12285393723701,68.93252143656021,67.56873368678413,84.64023859823537,86.73548574515544,,,,,,,,,,,,,
whisfusion,,ls-tc-babble0,main,main,4,400,8047,49.2,40,3.9475,61.90510499999999,0.9978950000000001,en,76.6248291288679,77.02923355623567,71.75344849012055,71.14075423394556,74.78563439791226,74.25197420399871,72.36237106996396,71.47931087231969,70.57288430470983,69.95405413410018,70.70958121038896,70.04167731873643,70.32434447620231,69.70026264626974,68.03777805393314,68.12078569418804,62.333788989685594,62.93892423681024,62.32136199826022,62.89725757014356,67.1803156455822,65.66629807226369,86.8895240462284,88.94053736838298,,,,,,,,,47.943332919100285,48.33616048802014,55.42438175717659,54.90962494794791,81.0
whisfusion,,ls-tc-babble0,main,main,5,400,8047,49.2,40,4.9175,62.12126,0.9978950000000001,en,76.6248291288679,77.02923355623567,71.57947061016527,71.16778447608647,75.0838821921213,74.56475880785811,72.34994407853858,71.8369271830419,70.5356033304337,69.92477884485305,70.11308562197092,69.49102676884662,70.11308562197092,69.34055017419999,66.5092581086119,66.86637148547727,61.83670933267056,62.19739510459189,61.82428234124519,62.15067793287471,66.26071828010438,64.65363699278608,88.60444886293028,90.99094410836616,,,,,,,,,,,,,
whisfusion,,ls-tc-babble0,main,main,6,400,8047,49.2,40,5.895,61.995422500000004,0.9978950000000001,en,76.6248291288679,77.02923355623567,71.03268298744874,70.80245309569368,74.87262333788989,74.46826050738164,71.90257238722505,71.68619848710412,70.16279358767243,69.42191323265845,69.85211880203802,69.50518530746979,69.85211880203802,69.16045181859528,65.93761650304461,66.49389688712674,61.28992170995402,61.791675226765754,61.277494718528644,61.750008560099076,65.55237976885796,63.9486635055842,89.53647321983348,92.13467438385224,,,,,,,,,,,,,
whisfusion,,ls-tc-babble0,main,main,8,400,8047,49.2,40,7.8375,62.1795925,0.9978950000000001,en,76.6248291288679,77.02923355623567,70.37405244190381,70.58225062025167,74.41282465515098,74.32546148025284,71.21908785882938,71.28293989543721,69.18106126506773,68.95165563013148,69.34261215359761,69.32783198653206,68.37330682241829,67.88271940172632,64.38424257487263,65.14180405545765,60.0099415931403,60.944917890410686,60.0099415931403,60.93986738536018,64.14812973779048,62.36308628424126,91.1768360879831,94.5519555893206,,,,,,,,,43.79271778302473,44.547871251361926,53.125388343482044,52.95302734803609,82.0
whisfusion,,ls-tc-babble0,main,main,10,400,8047,49.2,40,9.79,62.178270000000005,0.9978950000000001,en,76.6248291288679,77.02923355623567,69.87697278488878,69.79676507848166,73.92817198956132,73.89426694870279,70.74686218466509,70.87034340631864,68.1620479681869,67.89403257138402,68.60941965950043,68.48486294261448,67.88865415682864,67.37818248494195,63.216105380887285,63.80830003311521,59.50043494469989,60.294891699904355,59.50043494469989,60.28984119485386,63.066981483782776,61.260342800721766,92.10886044488629,95.74586530749933,,,,,,,,,,,,,
whisfusion,,ls-tc-babble0,main,main,12,400,8047,49.2,40,11.735,62.21281499999999,0.9978950000000001,en,76.6248291288679,77.02923355623567,70.16279358767243,69.91507119405259,74.05244190381508,73.76080068189262,70.77171616751585,70.64399035851326,67.40400149123897,67.08817676651731,68.26146389958991,68.10258470816217,67.45370945694047,67.05164517722616,62.70659873244688,63.3595409473077,58.966074313408726,59.560121463935786,58.966074313408726,59.549118577932894,62.333788989685594,60.415854936029504,93.15272772461788,97.04444342335952,,,,,,,,,,,,,
whisfusion,,ls-tc-babble0,main,main,15,400,8047,49.2,40,14.625,62.1599625,0.9978950000000001,en,76.6248291288679,77.02923355623567,69.39232011929911,68.74160992550503,74.00273393811358,73.39326236830019,70.31191748477694,69.90032760853865,67.45370945694047,66.94678861930385,68.07505902820927,67.49068227015232,67.29215856841058,66.87079210062399,61.886417298372066,62.46503951600647,58.6678265191997,59.12948637070674,58.65539952777433,59.09318586565624,61.57574251273767,59.51752614234189,94.18416801292408,98.45268280452328,76.1177484911935,69.13412981894322,67.15112698608203,67.85318388964158,62.10124399556596,58.94814632343885,58.9358295356571,61.362236728661166,41.058779669442025,41.53712885336347,50.62756306698148,50.24574864732351,81.75
whisfusion,,ls-tc-babble0,main,main,16,400,8047,49.2,40,15.5875,62.297892499999996,0.9978950000000001,en,76.6248291288679,77.02923355623567,69.30533117932148,68.60683705896211,74.2512737666211,73.63571812091377,70.38647943332919,70.15199797764322,67.62768733689573,66.94698552399906,67.98807008823164,67.59180549859124,67.47856343979123,67.17149814385039,61.63787746986455,62.16369093021481,58.40685969926681,58.833864080084574,58.40685969926681,58.85469741341791,61.3520566670809,59.16457249876325,94.69367466136448,99.15458008722541,76.1177484911935,69.03559551668924,67.47136346840745,67.76696637516936,61.90417539105801,58.7510777189309,58.7510777189309,61.18980169971671,40.859947806636015,41.37387383873242,50.61513607555611,50.038511773772456,81.25
whisfusion,,ls-tc-babble0,main,main,20,400,8047,49.2,40,19.4,62.29252,0.9978950000000001,en,76.6248291288679,77.02923355623567,69.05679135081397,68.24877699936206,74.1518578352181,73.26309206687253,70.21250155337393,69.70886618849367,67.1306076798807,66.6322505311222,67.4909904312166,66.77943514329046,66.63352802286566,66.28751113814752,61.51360755561079,62.17545434971895,58.096184913632406,58.83209554595694,58.096184913632406,58.83209554595694,60.59401019013297,58.302215616600314,96.0233627438797,100.65580604618421,,,,,,,,,,,,,
whisfusion,,ls-tc-babble0,main,main,24,400,8047,49.2,40,23.2125,62.297675,0.9978950000000001,en,76.6248291288679,77.02923355623567,68.96980241083634,68.24189398893401,74.37554368087486,73.4591911606535,70.15036659624705,69.68924208275227,66.60867404001492,66.2047371043897,67.46613644836584,66.54435941243858,66.3601342115074,65.97098784518168,61.004100907170375,61.79403606479076,58.3074437678638,59.03665985633552,58.27016279358767,58.949159856335534,60.233627438797065,57.85390206751884,96.91810612650677,101.68880488534057,,,,,,,,,,,,,
whisfusion,,ls-tc-babble0,main,main,32,400,8047,49.2,40,30.855,62.27517250000001,0.9978950000000001,en,76.6248291288679,77.02923355623567,68.80825152230645,68.08960520081459,73.72934012675532,72.85413536888827,69.56629799925437,68.93973927240992,66.27314527152976,65.60762295909943,66.90692183422394,66.07709424889202,65.93761650304461,65.19576589633684,60.65614514725985,61.433864919427315,58.3074437678638,58.90242658422296,58.28258978501305,58.79825991755629,59.351311047595374,56.94755526420916,98.49633403752951,103.59759168653903,76.1177484911935,68.59219115654638,66.0302992979431,66.68308905037566,60.99273309520877,58.627909841113436,58.603276265549944,59.13289814016505,38.07630172735181,38.8614694998375,48.092456816204795,47.79146600528488,80.75
whisfusion,,ls-tc-babble10,main,main,1,400,8047,49.2,40,1.0,0.0,1.0,en,23.22604697402759,23.394126841540498,23.22604697402759,23.394126841540498,23.22604697402759,23.394126841540498,23.22604697402759,23.394126841540498,23.22604697402759,23.394126841540498,23.22604697402759,23.394126841540498,23.22604697402759,23.394126841540498,23.22604697402759,23.394126841540498,23.22604697402759,23.394126841540498,23.22604697402759,23.394126841540498,23.22604697402759,23.394126841540498,23.22604697402759,23.394126841540498,23.303362483064415,23.303362483064415,23.303362483064415,23.303362483064415,24.42419017120335,24.42419017120335,24.42419017120335,23.303362483064415,,,,,
whisfusion,,ls-tc-babble10,main,main,2,400,8047,49.2,40,1.8775,26.085792499999997,1.0,en,23.22604697402759,23.394126841540498,20.429973903318007,20.372173889205456,22.194606685721386,22.661910113236992,20.62880576612402,20.60336542662394,22.629551385609545,23.292153829260258,20.454827886168758,20.52363268015258,20.964334534609172,21.240541721396948,24.021374425251647,24.186115133399728,17.870013669690568,18.592456815398663,17.870013669690568,18.592456815398663,19.087858829377407,19.013826588862713,27.23996520442401,28.206058370886193,,,,,,,,,11.818068845532496,12.800412261051935,16.22965080154095,16.43220752887228,60.0
whisfusion,,ls-tc-babble10,main,main,3,400,8047,49.2,40,2.7425,25.805474999999998,1.0,en,23.22604697402759,23.394126841540498,19.448241580713308,19.445457543102258,21.970920840064622,21.758304627649053,19.709208400646204,19.691943284232416,19.23698272648192,19.32281015539491,18.901453957996768,18.83563184227066,19.13756679507891,19.063501633699126,17.12439418416801,17.958268546801307,15.521312290294519,16.60564570809772,15.571020255996023,16.68566464749166,17.49720392692929,17.206860287651853,29.563812600969307,30.816251780213435,,,,,,,,,,,,,
whisfusion,,ls-tc-babble10,main,main,4,400,8047,49.2,40,3.58,25.6974175,1.0,en,23.22604697402759,23.394126841540498,18.541071206660867,18.419243868833988,21.287436311668944,20.81789112312192,18.81446501801914,18.783195820129947,18.13098048962346,18.43047041214149,17.70846278116068,17.927795753213164,17.70846278116068,17.968076557499753,15.384615384615385,16.409051450081762,14.228905182055424,15.502804240196296,14.166770224928545,15.33063162114868,16.34149372436933,15.822105224216049,31.229029451969677,32.64251519973118,,,,,,,,,8.959860817696036,9.943631321240012,14.489872001988319,14.266361789271336,56.99999999999999
whisfusion,,ls-tc-babble10,main,main,5,400,8047,49.2,40,4.385,25.6883975,1.0,en,23.22604697402759,23.394126841540498,18.16826146389959,17.785121285316784,20.703367714676276,19.980552826338403,18.478936249533987,18.03863723471428,17.609046849757675,17.62467120754764,17.26109108984715,17.148992866746678,17.397787995526283,17.3115229247606,14.402883062010687,15.600155764854803,13.769106499316516,14.846905269045873,13.706971542189637,14.669196935712542,15.807133093078166,15.194908723924435,32.33503168882813,34.098769930472656,,,,,,,,,,,,,
whisfusion,,ls-tc-babble10,main,main,6,400,8047,49.2,40,5.185,25.7384125,1.0,en,23.22604697402759,23.394126841540498,18.081272523921957,17.724653407713113,20.616378774698646,19.987006373424684,18.416801292407108,17.963067918907797,17.16167515844414,17.103155641704426,16.987697278488877,16.9985951493033,17.09954020131726,17.035057639278286,13.781533490741891,14.888888695111223,13.284453833726854,14.456256955022697,13.222318876599974,14.32408783737564,15.33490741891388,14.831995760306299,33.25462905430595,35.58380848735842,,,,,,,,,,,,,
whisfusion,,ls-tc-babble10,main,main,8,400,8047,49.2,40,6.78,25.6487925,1.0,en,23.22604697402759,23.394126841540498,17.658754815459176,17.372825963935156,20.442400894743383,19.75333981970074,18.093699515347335,17.657679786701422,16.888281347085872,16.849135379544613,16.478190630048466,16.530657442754084,16.478190630048466,16.45326166232652,13.520566670808996,14.772685300539933,12.973779048092457,14.122808814891933,12.849509133838698,13.880034907083195,14.465018019137567,13.843858520832667,34.69616005964956,37.11029214185308,,,,,,,,,7.294643966695663,8.195726624345083,12.998633030943209,12.637127497029283,56.00000000000001
whisfusion,,ls-tc-babble10,main,main,10,400,8047,49.2,40,8.3275,25.513455,1.0,en,23.22604697402759,23.394126841540498,17.149248167018765,16.799030270699607,20.05716416055673,19.407629168908084,17.422641978377033,17.103934092417816,16.055672921585685,16.052638151868102,15.981110973033429,15.980545996024212,16.142661861563315,16.08175141503783,12.774947185286441,14.019496474741402,12.426991425375917,13.495105806925825,12.35242947682366,13.392724854544868,13.731825525040387,13.095109044165987,35.814589287933394,38.47486359677813,,,,,,,,,,,,,
whisfusion,,ls-tc-babble10,main,main,12,400,8047,49.2,40,9.8125,25.4808525,1.0,en,23.22604697402759,23.394126841540498,16.987697278488877,16.70880315638997,20.16900708338511,19.702814428248157,17.34808002982478,17.049531186267057,15.744998135951286,15.669603708533526,15.844414067354293,15.886804395548113,15.819560084503541,15.800802111943069,12.700385236734187,13.8074037967121,12.029327699763888,12.98727897921393,12.041754691189263,13.011718081778032,13.408723747980615,12.762076249145938,36.6347707220082,39.52119975991222,,,,,,,,,,,,,
whisfusion,,ls-tc-babble10,main,main,15,400,8047,49.2,40,12.085,25.451369999999997,1.0,en,23.22604697402759,23.394126841540498,16.70187647570523,16.537932823206837,19.771343357773084,19.35690501115655,17.049832235615757,16.755924634196468,15.384615384615385,15.643880496534447,15.73257114452591,15.788837593706969,15.595874238846775,15.685698867517559,12.364856468249037,13.53556198556832,11.793214862681745,12.946247525421335,11.693798931278737,12.661264233859097,12.93649807381633,12.24009311327859,37.57922207033677,40.743117445880216,23.303362483064415,16.812415322084,15.605370119472841,15.839389087326026,13.794802315556103,13.252863653159256,13.12969577534179,12.981894321960832,6.201068721262582,7.101421162286389,12.004473716913136,11.473605226820332,53.25
whisfusion,,ls-tc-babble10,main,main,16,400,8047,49.2,40,12.8125,25.42562,1.0,en,23.22604697402759,23.394126841540498,16.565179570026096,16.37360431224765,19.497949546414812,19.110006465333093,16.937989312787373,16.72540435574465,15.272772461787001,15.52320598108281,15.558593264570648,15.725559218089163,15.24791847893625,15.449019896942556,12.35242947682366,13.57784022323871,11.880203802659377,12.906642016360188,11.780787871256369,12.710090895912007,12.824655150987946,12.174748493975992,37.852615881695044,41.19215969680998,23.303362483064415,16.689247444266535,15.43293509052839,15.654637270599828,13.819435891119596,13.339081167631482,13.24054686537751,12.821776080798127,6.126506772710327,7.02234064850193,11.917484776935504,11.445045409109055,53.5
whisfusion,,ls-tc-babble10,main,main,20,400,8047,49.2,40,15.73,25.366687499999998,1.0,en,23.22604697402759,23.394126841540498,16.329066732943954,16.296494974269102,19.473095563564062,19.130693802176218,16.900708338511247,16.741284518424997,15.024232633279484,15.291576784101416,15.235491487510874,15.438526361049218,14.97452466757798,15.30646023155062,12.190878588293774,13.452251747216767,11.768360879830993,12.918017190715334,11.731079905554866,12.784079600527743,12.513980365353548,11.887713565798391,38.74735926432211,42.2657203124557,,,,,,,,,,,,,
whisfusion,,ls-tc-babble10,main,main,24,400,8047,49.2,40,18.68,25.5404375,1.0,en,23.22604697402759,23.394126841540498,16.142661861563315,16.13658108495759,19.59736547781782,19.227237666570893,16.503044612899217,16.562118503060557,14.763265813346589,15.127898037446208,14.924816701876475,15.371368229223483,14.713557847645085,15.071896846266808,12.14117062259227,13.407569073342021,11.681371939853362,12.817788070720171,11.606809991301105,12.595545163773316,12.103889648316143,11.50455013158825,39.77879955262831,43.598617179122996,,,,,,,,,,,,,
whisfusion,,ls-tc-babble10,main,main,32,400,8047,49.2,40,24.3675,25.5020375,1.0,en,23.22604697402759,23.394126841540498,15.9438299987573,15.870143773680102,19.17484776935504,18.568341409098707,16.117807878712565,16.095816745274913,14.440164036286815,14.890817805422712,14.775692804771964,15.151737543082586,14.539579967689821,14.970406544852935,11.917484776935504,13.186842185553466,11.470113085621971,12.643910136396864,11.395551137069715,12.509412361154201,11.668944948427985,11.021028598798834,41.25761153224804,45.312480015487395,23.303362483064415,16.085724842960957,14.706244611405346,14.927946791476783,13.400665106540215,12.944943958615593,12.871043231925114,11.688631604877449,5.318752330060892,6.105963765847857,10.910898471480055,10.400752979630735,53.25
whisfusion,,ls-tc-babble5,main,main,1,400,8047,49.2,40,1.0,0.0,0.9999224999999999,en,39.828507518329815,40.5282188228191,39.828507518329815,40.5282188228191,39.828507518329815,40.5282188228191,39.828507518329815,40.5282188228191,39.828507518329815,40.5282188228191,39.828507518329815,40.5282188228191,39.828507518329815,40.5282188228191,39.828507518329815,40.5282188228191,39.828507518329815,40.5282188228191,39.828507518329815,40.5282188228191,39.828507518329815,40.5282188228191,39.828507518329815,40.5282188228191,39.807858110604755,39.807858110604755,39.807858110604755,39.807858110604755,40.55918216529129,40.55918216529129,40.55918216529129,39.807858110604755,,,,,
whisfusion,,ls-tc-babble5,main,main,2,400,8047,49.2,40,1.965,39.532377499999996,0.9999224999999999,en,39.828507518329815,40.5282188228191,37.16913135329936,37.54161351203999,38.859202187150494,39.06461427550353,37.6165030446129,38.299925264664324,39.058034049956504,39.59064217102805,37.19398533615012,37.69546074973948,37.38039020753076,37.79715786103547,41.34460047222567,42.25844190313532,34.12451845408226,35.13716787951459,34.12451845408226,35.13716787951459,35.57847645085125,35.76467034523699,44.53833726854729,45.87684289512643,,,,,,,,,24.28234124518454,25.766834485658467,29.837206412327575,30.688686477085618,68.0
whisfusion,,ls-tc-babble5,main,main,3,400,8047,49.2,40,2.8975,39.917275,0.9999224999999999,en,39.828507518329815,40.5282188228191,36.908164533366474,37.02238253612732,38.809494221448986,39.13187458481518,37.26854728470237,37.424636300713786,36.57263576488132,36.77028011126747,36.16254504784391,36.258723905285876,36.11283708214241,36.28040251194321,33.92568659127625,34.937430089720685,31.017770597738288,32.1026974091991,31.017770597738288,32.1026974091991,33.62743879706723,33.26563208003401,47.68236609916739,49.605521504210095,,,,,,,,,,,,,
whisfusion,,ls-tc-babble5,main,main,4,400,8047,49.2,40,3.825,39.63219,0.9999224999999999,en,39.828507518329815,40.5282188228191,35.988567167888654,36.220765290159264,37.914750838821924,38.40360447476924,36.12526407356779,36.2668440002028,34.981980862433204,35.0682823484305,35.13110475953771,35.19402063313513,34.957126879582454,35.029835388663905,31.71368211755934,32.85501480278931,29.191002858208027,30.39553506094581,29.203429849633405,30.42525187191262,32.12377283459674,31.488293406745214,49.049335155958744,51.14704448202183,,,,,,,,,19.634646452093946,20.86343875029054,27.538212998633032,27.603758873486132,71.75
whisfusion,,ls-tc-babble5,main,main,5,400,8047,49.2,40,4.73,39.5825975,0.9999224999999999,en,39.828507518329815,40.5282188228191,35.14353175096309,35.18745298508641,38.20057164160557,38.49607539780749,35.44177954517211,35.49338824331656,34.01267553125388,34.021799129472335,34.24878836833602,34.321450521380264,33.5901578227911,33.90025399449219,29.650801540946937,30.966296790931626,27.898595749968933,29.22838045979098,27.91102274139431,29.209982191392715,31.12961352056667,30.6124813829687,50.45358518702622,52.73260554933147,,,,,,,,,,,,,
whisfusion,,ls-tc-babble5,main,main,6,400,8047,49.2,40,5.6425,39.61503,0.9999224999999999,en,39.828507518329815,40.5282188228191,34.64645209394806,34.7586469424407,37.71591897601591,38.378200697992746,34.870137939604824,35.15933765843771,33.26705604573133,33.49395848841637,33.35404498570896,33.61222952820731,32.931527277246175,33.22075634924164,28.743631166894495,30.20199087643367,27.314527152976265,28.720764676044396,27.277246178700135,28.56798689826662,30.234870137939605,29.685931785262877,51.41046352678017,53.986627783277704,,,,,,,,,,,,,
whisfusion,,ls-tc-babble5,main,main,8,400,8047,49.2,40,7.4375,39.504975,0.9999224999999999,en,39.828507518329815,40.5282188228191,33.950540574127004,33.97952804936793,36.9454455076426,37.46409884050786,34.46004722256742,34.679722995642436,31.962221946066858,32.0936973184779,32.54629054305953,32.573120789722346,32.23561575742513,32.43682354984122,27.413943084379273,29.013187449245663,26.29551385609544,27.656662753985874,26.245805890393935,27.535603951677068,29.414688703864794,28.820468890746774,52.64073567789238,55.35935472902591,,,,,,,,,16.975270287063502,18.474932071912622,25.997266061886418,26.021551389151494,72.5
whisfusion,,ls-tc-babble5,main,main,10,400,8047,49.2,40,9.2175,39.46575,0.9999224999999999,en,39.828507518329815,40.5282188228191,33.5901578227911,33.55675835145351,36.36137691064993,36.648542793540116,33.72685472847024,33.77453668897337,31.663974151857836,31.858746092244367,31.86280601466385,32.01163157277234,31.502423263327948,31.67050792602759,26.929290418789613,28.47873517061677,25.77358021622965,27.01029943219209,25.77358021622965,27.048791495684156,28.519945321237728,27.91030361957274,53.77159189760159,57.009931857876126,,,,,,,,,,,,,
whisfusion,,ls-tc-babble5,main,main,12,400,8047,49.2,40,10.9725,39.4740525,0.9999224999999999,en,39.828507518329815,40.5282188228191,33.46588790853734,33.29701501411638,36.75904063626196,36.80237653263135,33.39132595998509,33.28686650722106,31.27873741767118,31.427654895873307,31.502423263327948,31.477925318966044,31.042624580589038,31.149447506921845,26.44463775319995,28.035967012836142,25.587175344849012,27.034001676226932,25.587175344849012,27.05156120003645,28.047719647073443,27.36650027494665,55.063999005840685,58.44213905162299,,,,,,,,,,,,,
whisfusion,,ls-tc-babble5,main,main,15,400,8047,49.2,40,13.635,39.579559999999994,0.9999224999999999,en,39.828507518329815,40.5282188228191,32.819684354417795,32.62874609591758,36.97029949049335,36.94527681842298,32.856965328693924,32.73959583486001,30.943208649186033,31.09443517784214,31.2166024605443,31.08846061834746,30.76923076923077,30.9534527635549,26.23337889896856,27.96874225548705,25.400770473468373,26.896397637002757,25.375916490617623,26.863411525891646,27.413943084379273,26.582323885593752,56.39368708835591,60.161411964418086,39.807858110604755,32.76265549944574,30.9767212710925,31.247690602290923,27.244734573223305,26.518044094100258,26.493410518536766,27.269368148786796,15.011805641854107,16.524107784837188,24.568162047968187,24.264250267247025,70.75
whisfusion,,ls-tc-babble5,main,main,16,400,8047,49.2,40,14.525,39.587315,0.9999224999999999,en,39.828507518329815,40.5282188228191,32.63327948303716,32.48177013534751,36.858456567664966,36.84354710463832,32.832111345843174,32.668904343018184,30.881073692059154,31.132396792887395,31.154467503417422,31.133333621000116,30.632533863551632,30.833436013837417,26.1091089847148,27.713925916702063,25.31378153349074,26.738258277252168,25.301354542065365,26.730569785188678,27.314527152976265,26.4326846359545,56.64222691686343,60.55024938038965,39.807858110604755,32.577903682719544,30.90282054440202,31.161473087818695,27.158517058751077,26.419509791846288,26.40719300406454,27.158517058751077,14.862681744749596,16.398499977287894,24.46874611656518,24.101924656512484,71.0
whisfusion,,ls-tc-babble5,main,main,20,400,8047,49.2,40,18.0325,39.6444475,0.9999224999999999,en,39.828507518329815,40.5282188228191,32.32260469740276,32.43556665759921,36.73418665341121,36.607581626985834,32.5090095687834,32.43238076018305,30.172735180812726,30.311193219709565,30.595252889275507,30.50694129191832,30.21001615508885,30.149331498670563,25.64931030197589,27.20652151779477,24.916117807878713,26.29480707917462,24.903690816453338,26.23271840396095,26.69317758170747,25.89306662949729,58.058903939356284,62.16178906309241,,,,,,,,,,,,,
whisfusion,,ls-tc-babble5,main,main,24,400,8047,49.2,40,21.5175,39.653040000000004,0.9999224999999999,en,39.828507518329815,40.5282188228191,32.024356903193734,32.058360352605234,36.51050080775444,36.30964724202222,32.17348080029825,32.12129369626836,29.73779048092457,29.89715012840221,30.197589163663476,30.18244660610321,29.874487386603704,29.91345731134192,25.363489499192244,27.03879165037716,24.80427488505033,26.196420224877038,24.77942090219958,26.159375672207485,26.19609792469243,25.391964198627058,59.140052193363985,63.45608388458035,,,,,,,,,,,,,
whisfusion,,ls-tc-babble5,main,main,32,400,8047,49.2,40,28.3575,39.684845,0.9999224999999999,en,39.828507518329815,40.5282188228191,31.41543432335032,31.12618498214187,36.46079284205294,35.97214723588065,31.999502920342984,31.861051967839987,29.141294892506526,29.212774008460734,29.712936498073816,29.78965820752523,29.253137815334906,29.410949000492614,25.10252267925935,26.62885676095854,24.431465142289053,25.71895862919235,24.4066111594383,25.657513823997547,25.475332422020628,24.520662540339178,60.49459425872996,65.06326488099455,39.807858110604755,31.18610666338219,29.264687769429734,29.62187461510038,26.185490823993103,25.606601798251017,25.59428501046927,25.372582830397832,13.495712687958246,15.034117936109551,23.114204051199206,22.583220982724377,67.5
whisfusion,,ls-tc-white5,main,main,1,400,8047,49.2,40,1.0,0.0,1.0,en,30.34671306076799,31.001096121749665,30.34671306076799,31.001096121749665,30.34671306076799,31.001096121749665,30.34671306076799,31.001096121749665,30.34671306076799,31.001096121749665,30.34671306076799,31.001096121749665,30.34671306076799,31.001096121749665,30.34671306076799,31.001096121749665,30.34671306076799,31.001096121749665,30.34671306076799,31.001096121749665,30.34671306076799,31.001096121749665,30.34671306076799,31.001096121749665,30.286981155314695,30.286981155314695,30.286981155314695,30.286981155314695,31.407808843453626,31.407808843453626,31.407808843453626,30.286981155314695,,,,,
whisfusion,,ls-tc-white5,main,main,2,400,8047,49.2,40,1.9225,31.07696,1.0,en,30.34671306076799,31.001096121749665,28.14713557847645,28.344047157977947,29.526531626693178,29.908614247377795,28.39567540698397,28.645484793581954,30.30943208649186,31.11400931076467,28.20927053560333,28.50915405064306,28.743631166894495,29.085334894120564,31.27873741767118,32.08524944463721,25.661737293401266,26.497519272975943,25.661737293401266,26.497519272975943,26.531626693177582,26.35377157958565,34.981980862433204,36.70709845033992,,,,,,,,,19.448241580713308,20.827163116940383,23.822542562445634,24.15480133461119,55.75
whisfusion,,ls-tc-white5,main,main,3,400,8047,49.2,40,2.825,31.250832499999998,1.0,en,30.34671306076799,31.001096121749665,27.637628930036037,28.10611179057634,29.775071455200695,30.415390075478697,27.960730707095813,28.414428783073163,27.737044861439045,28.32399183639882,27.26481918727476,27.475883274869105,27.463651050080774,27.91304656344458,25.56232136199826,26.95268021032677,23.984093450975518,25.260295257978722,23.996520442400893,25.285295257978724,25.25164657636386,25.224221623410003,37.728345967441285,39.707175140001056,,,,,,,,,,,,,
whisfusion,,ls-tc-white5,main,main,4,400,8047,49.2,40,3.6875,30.632295,1.0,en,30.34671306076799,31.001096121749665,26.829874487386604,27.067338593199295,29.34012675531254,29.504788913178427,26.84230147881198,27.0729309710756,26.44463775319995,26.632896421148384,26.17124394184168,26.32667504821069,25.984839070461042,26.1592075714057,23.598856716788866,24.872215364552595,22.15732571144526,23.332698702404358,22.15732571144526,23.334246690020457,23.77283459674413,23.539998602743417,38.67279731576985,40.75010973181801,,,,,,,,,15.782279110227414,17.18245071003776,21.73480800298248,21.900000443504027,61.25000000000001
whisfusion,,ls-tc-white5,main,main,5,400,8047,49.2,40,4.5475,30.495862499999998,1.0,en,30.34671306076799,31.001096121749665,25.997266061886418,26.38803858519446,28.867901081148254,28.98487297485863,26.121535976140176,26.506362369440094,25.35106250776687,25.853437093132474,25.065241704983222,25.384791382731713,25.052814713557847,25.326583693770605,22.28159562569902,23.527136721830882,21.08860444886293,22.451716651382576,21.076177457437556,22.421657127573052,22.66683235988567,22.609995593475723,39.766372561202935,41.92469528592919,,,,,,,,,,,,,
whisfusion,,ls-tc-white5,main,main,6,400,8047,49.2,40,5.3875,30.440509999999996,1.0,en,30.34671306076799,31.001096121749665,25.549894370572883,25.828868457248284,28.60693426121536,28.512773260148762,25.798434199080404,26.14455155303361,24.816701876475705,25.23279566508558,24.7669939107742,25.08875663587469,24.74213992792345,25.04654775275899,21.772088977258605,23.15779927884258,20.740648688952405,22.177337321673726,20.79035665465391,22.30120452881299,22.14489872001988,21.9379394098625,40.66111594383,43.045155424818255,,,,,,,,,,,,,
whisfusion,,ls-tc-white5,main,main,8,400,8047,49.2,40,7.0575,30.3348575,1.0,en,30.34671306076799,31.001096121749665,25.214365602087735,25.529591949556597,28.519945321237728,28.336749095571946,25.587175344849012,26.027396492083376,23.984093450975518,24.17406252865284,24.443892133714428,24.67698087469052,24.058655399527776,24.301766320617958,20.87734559463154,22.239552297664254,20.069591151982106,21.462109481635117,20.10687212625823,21.543245012770647,21.17559338884056,20.960301757692733,41.941096060643716,44.404153463541775,,,,,,,,,13.222318876599974,14.606472040276206,19.821051323474588,19.782657748329584,61.75000000000001
whisfusion,,ls-tc-white5,main,main,10,400,8047,49.2,40,8.735,30.250799999999998,1.0,en,30.34671306076799,31.001096121749665,25.13980365353548,25.55390710914868,28.33354044985709,28.22024806533603,25.549894370572883,25.911990700236686,23.598856716788866,23.938470995566277,23.69827264819187,24.21694008767647,23.623710699639616,24.134356440283895,20.380265937616503,21.918112857554075,19.883186280601468,21.6073634345169,19.87075928917609,21.51946440007181,20.653659748974775,20.408041743483032,43.071952280352924,45.80142320002236,,,,,,,,,,,,,
whisfusion,,ls-tc-white5,main,main,12,400,8047,49.2,40,10.3875,30.375974999999997,1.0,en,30.34671306076799,31.001096121749665,25.10252267925935,25.46199327511661,28.221697527028706,28.495291181072012,25.31378153349074,25.676221193324324,23.25090095687834,23.82619001992667,23.387597862557474,23.730859031993603,23.12663104262458,23.64996648961278,20.218715049086615,21.838620483879254,19.62221946066857,21.303150635833823,19.609792469243196,21.287807992366183,20.193861066235865,19.845535714137377,43.805144774450106,46.70372830712898,,,,,,,,,,,,,
whisfusion,,ls-tc-white5,main,main,15,400,8047,49.2,40,12.735,30.3974575,1.0,en,30.34671306076799,31.001096121749665,24.754566919348825,25.04128767209206,27.550639990058407,27.988684545473454,25.152230644960856,25.4345399994836,23.002361128370822,23.552156083140623,22.989934136945447,23.338574183649705,22.815956256990184,23.199963257085013,20.094445134832856,21.67429567039597,19.435814589287933,21.129983035892774,19.410960606437182,21.06935269401243,19.920467254877593,19.557282160106176,45.047843916987695,48.26747513558981,30.286981155314695,24.64589235127479,23.1925113930287,22.97080921295726,21.44352752802069,20.790737775588127,20.74147062446114,19.940879418647615,11.731079905554866,13.063709922277974,18.75233006089226,18.52581327298449,60.25
whisfusion,,ls-tc-white5,main,main,16,400,8047,49.2,40,13.5425,30.4379475,1.0,en,30.34671306076799,31.001096121749665,24.481173107990557,24.65156527829486,27.513359015782278,27.915829174407847,24.92854479930409,25.16309997251244,22.865664222691688,23.280269002899065,22.840810239840934,23.148759517584807,22.741394308437926,23.167333521924128,19.970175220579097,21.582548133141728,19.398533615011807,21.06860182520611,19.348825649310303,20.96651594309305,19.74648937492233,19.379318441404024,45.34609171119672,48.6802769577898,30.286981155314695,24.362606232294617,22.995442788520755,22.810690971794557,21.34499322576672,20.692203473334153,20.64293632220717,19.780761177484912,11.606809991301105,12.900779636596921,18.603206163787746,18.396875832655397,61.0
whisfusion,,ls-tc-white5,main,main,20,400,8047,49.2,40,16.6925,30.545615,1.0,en,30.34671306076799,31.001096121749665,24.55573505654281,24.780452293501344,27.4512240586554,27.981069430885103,24.791847893624954,25.203386147438422,22.468000497079657,23.08596367894541,22.778675282714055,23.21288824970147,22.480427488505033,22.967718291348987,19.68435441779545,21.294211261599422,19.187274760780415,20.72303658217026,19.149993786504286,20.74575483613851,19.348825649310303,18.93717509391391,46.4396669566298,49.97046698581196,,,,,,,,,,,,,
whisfusion,,ls-tc-white5,main,main,24,400,8047,49.2,40,19.785,30.530900000000003,1.0,en,30.34671306076799,31.001096121749665,24.13321734808003,24.540236200900136,27.152976264446377,27.73735832085602,24.419038150863678,24.937119379759842,22.331303591400523,22.89708703531404,22.57984341990804,23.076800422039312,22.3437305828259,22.787241950447612,19.473095563564062,21.071444542663677,18.851745992295264,20.396572877351055,18.81446501801914,20.38748023388341,19.087858829377407,18.714447773307896,47.210140425003104,50.85397741889056,,,,,,,,,,,,,
whisfusion,,ls-tc-white5,main,main,32,400,8047,49.2,40,25.8925,30.4965625,1.0,en,30.34671306076799,31.001096121749665,23.685845656766496,24.145218193301524,27.761898844289796,27.97280245123879,23.810115571020255,24.4485124642274,21.970920840064622,22.5427145583812,22.294022617124394,22.765563030467852,21.859077917236238,22.402516004429145,19.497949546414812,21.098168490723126,18.938734932272897,20.45037897710982,18.963588915123648,20.613679097882766,18.578352180936996,18.23583044835119,48.53982850751833,52.242882065034294,30.286981155314695,23.57433181426284,22.05936691710802,22.354969823869936,20.913905653405592,20.298066264318265,20.298066264318265,18.54908239931026,10.500807754442649,11.67339240255528,17.509630918354667,17.384586327217466,61.25000000000001
whisfusion,,ls-test-clean,main,main,1,400,8047,49.2,40,1.0,0.0,1.0,en,12.464272399652044,11.913429822984678,12.464272399652044,11.913429822984678,12.464272399652044,11.913429822984678,12.464272399652044,11.913429822984678,12.464272399652044,11.913429822984678,12.464272399652044,11.913429822984678,12.464272399652044,11.913429822984678,12.464272399652044,11.913429822984678,12.464272399652044,11.913429822984678,12.464272399652044,11.913429822984678,12.464272399652044,11.913429822984678,12.464272399652044,11.913429822984678,12.575440325163198,12.575440325163198,12.575440325163198,12.575440325163198,13.856386254464836,13.856386254464836,13.856386254464836,12.575440325163198,,,,,
whisfusion,,ls-test-clean,main,main,2,400,8047,49.2,40,1.77,15.0603425,1.0,en,12.464272399652044,11.913429822984678,10.475953771591898,9.895478016300963,11.519821051323474,10.745903397883401,10.475953771591898,9.909990162169832,12.402137442525165,12.196344578431344,10.43867279731577,10.002873844322453,10.58779669442028,10.205284508311575,12.774947185286441,12.15090954918152,8.711320989188517,8.702312517246627,8.711320989188517,8.702312517246627,9.295389586181185,8.651649896152046,15.620728221697528,15.845929748917072,,,,,,,,,5.592146141419162,5.639584066289028,8.301230272151113,7.7147752833001935,41.0
whisfusion,,ls-test-clean,main,main,3,400,8047,49.2,40,2.4375,14.711232500000001,1.0,en,12.464272399652044,11.913429822984678,9.792469243196223,8.986573725513923,10.736920591524791,9.73805394698168,9.82975021747235,9.015775020784693,9.581210388964832,8.978414898949527,9.531502423263328,8.895719241966242,9.481794457561824,8.919088815797423,8.462781160680999,8.412294312894133,7.3940598980986705,7.229307483693165,7.431340872374798,7.297072003688805,8.152106375046602,7.207544330854616,17.596619858332296,17.736422565640414,,,,,,,,,,,,,
whisfusion,,ls-test-clean,main,main,4,400,8047,49.2,40,3.0625,14.35466,1.0,en,12.464272399652044,11.913429822984678,9.40723250900957,8.662871263745657,10.538088728718778,9.738310654036805,9.55635640611408,8.67284861379801,8.872871877718405,8.499529251914776,8.922579843419909,8.402306192454319,8.748601963464646,8.295547967824735,7.45619485522555,7.6121993400235555,6.611159438299987,6.610551471548558,6.611159438299987,6.617528869150954,7.568037778053933,6.762792520539105,18.69019510376538,18.778943810642176,,,,,,,,,3.827513359015782,3.9846241223616423,6.9591151982105135,6.18179138897885,38.25
whisfusion,,ls-test-clean,main,main,5,400,8047,49.2,40,3.6825,14.3991525,1.0,en,12.464272399652044,11.913429822984678,9.108984714800547,8.440322730769548,10.301975891636635,9.51961419093791,9.183546663352802,8.429023448736322,8.363365229277992,7.971008840492676,8.54977010065863,7.915257135584946,8.27637628930036,7.860382056693604,6.909407232509009,7.151135244859621,6.449608549770101,6.605619308615411,6.424754566919349,6.58680018199451,7.220082018143407,6.470142975719134,19.72163539207158,19.815893210797952,,,,,,,,,,,,,
whisfusion,,ls-test-clean,main,main,6,400,8047,49.2,40,4.295,14.445387499999999,1.0,en,12.464272399652044,11.913429822984678,8.972287809121411,8.299612880060323,10.065863054554493,9.37020191297578,9.09655772337517,8.3607087016434,8.288803280725736,7.958327056932508,8.251522306449608,7.66624659567749,8.301230272151113,7.711200304918382,6.747856343979123,7.033643659776463,6.188641729837206,6.443255997583032,6.188641729837206,6.475237535781675,7.008823163912017,6.22127463409344,20.318130980489624,20.625307930655126,,,,,,,,,,,,,
whisfusion,,ls-test-clean,main,main,8,400,8047,49.2,40,5.4675,14.445082499999998,1.0,en,12.464272399652044,11.913429822984678,8.88529886914378,8.247244326458333,9.89188517459923,9.225894867502165,8.76102895489002,8.083201814891662,8.015409469367466,7.788088866404125,8.089971417919722,7.654213901046236,8.027836460792843,7.790072406275236,6.337765626941717,6.7034492658715905,5.989809867031192,6.296220180555641,5.989809867031192,6.35418294899635,6.6732943954268675,5.90372678164052,21.54840313160184,22.06840291619664,,,,,,,,,3.0197589163663476,3.2018196957045735,6.188641729837206,5.448422039005796,37.5
whisfusion,,ls-test-clean,main,main,10,400,8047,49.2,40,6.5875,14.3987725,1.0,en,12.464272399652044,11.913429822984678,8.54977010065863,7.869078354260467,9.568783397539455,8.95213709861555,8.524916117807878,7.9390610659878975,7.742015658009196,7.416523519384645,7.66745370945694,7.195567082211289,7.6798807008823164,7.248513681257462,6.250776686964086,6.573909917345136,5.952528892755064,6.240676594404546,5.877966944202808,6.147961452792345,6.288057661240214,5.5711597372632475,22.468000497079657,23.21137471965305,,,,,,,,,,,,,
whisfusion,,ls-test-clean,main,main,12,400,8047,49.2,40,7.72,14.407835,1.0,en,12.464272399652044,11.913429822984678,8.201814340748104,7.696260368486025,9.4942214489872,8.87817040204823,8.27637628930036,7.821718260709222,7.468621846650926,7.407208409190408,7.356778923822542,7.061536881658732,7.443767863800174,7.117379660202277,6.089225798434199,6.494248146342238,5.7909780042251775,6.1749282260658,5.716416055672922,6.1049050779176515,5.977382875605816,5.320988172017259,23.27575493972909,24.227737187244678,,,,,,,,,,,,,
whisfusion,,ls-test-clean,main,main,15,400,8047,49.2,40,9.33,14.4637625,1.0,en,12.464272399652044,11.913429822984678,7.754442649434572,7.3950053088912355,9.419659500434944,8.773055831131686,8.12725239219585,7.739257092451657,7.2573629924195355,7.08495440114605,7.369205915247918,7.047422720614957,7.344351932397166,7.093884062453762,5.890393935628184,6.276153040352652,5.654281098546042,6.091185157531756,5.554865167143035,5.940362195771293,5.7909780042251775,5.1334687692683385,24.0959363738039,25.18047891326337,12.575440325163198,7.7595763025003075,7.414706244611406,7.427023032393151,7.599458061337603,7.377755881266165,7.2792215790121935,5.825840620766104,2.4605443022244313,2.628864157935056,5.380887287187772,4.745364855461097,34.75
whisfusion,,ls-test-clean,main,main,16,400,8047,49.2,40,9.865,14.53378,1.0,en,12.464272399652044,11.913429822984678,7.779296632285324,7.418817767049289,9.432086491860321,8.838154775830173,8.139679383621225,7.742792503191566,7.2449360009941595,7.079233270515401,7.307070958121039,6.998656859892412,7.294643966695663,7.016005867679366,5.890393935628184,6.279390035724425,5.654281098546042,6.030000782086283,5.604573132844538,5.921460507705492,5.728843047098297,5.061963239138667,24.593016030818937,25.847567177313397,12.575440325163198,7.784209878063801,7.390072669047912,7.36543909348442,7.587141273555857,7.390072669047912,7.3284887301391795,5.727306318512132,2.385982353672176,2.5628400813588335,5.318752330060892,4.655137329491736,34.5
whisfusion,,ls-test-clean,main,main,20,400,8047,49.2,40,11.925,14.5747275,1.0,en,12.464272399652044,11.913429822984678,7.6923076923076925,7.357172021175078,9.245681620479681,8.5873651146545,7.915993537964459,7.56398680761408,6.996396172486641,6.798006413200823,7.133093078165776,6.829737808037281,7.0958121038896484,6.812883343152901,5.90282092705356,6.256121449641654,5.62942711569529,5.874216152863844,5.517584192866907,5.717849712210061,5.4181682614639,4.7215712075491485,25.77358021622965,27.055861466006803,,,,,,,,,,,,,
whisfusion,,ls-test-clean,main,main,24,400,8047,49.2,40,13.9,14.5141125,1.0,en,12.464272399652044,11.913429822984678,7.642599726606188,7.225722346395283,9.245681620479681,8.437810240554763,7.791723623710699,7.348988018456828,6.983969181061265,6.674637042027205,6.946688206785137,6.568482030685861,6.9591151982105135,6.603640129420166,5.728843047098297,6.020851849236543,5.617000124269914,5.7026845891774425,5.530011184292283,5.630081143354765,5.219336398657885,4.49743289701105,26.556480676028333,28.056509527843364,,,,,,,,,,,,,
whisfusion,,ls-test-clean,main,main,32,400,8047,49.2,40,17.805,14.575095,1.0,en,12.464272399652044,11.913429822984678,7.592891760904685,7.125552101480964,8.67404001491239,7.9568805161154526,7.555610786628558,7.085707534396303,6.909407232509009,6.712689182557488,6.896980241083634,6.6252751555964,6.710575369702995,6.455188123330326,5.815831987075929,6.1752856333673805,5.554865167143035,5.8043769729111645,5.505157201441531,5.709022402567321,4.933515595874239,4.274203455129576,27.84888778426743,29.573328211914262,12.575440325163198,7.6610420002463355,7.0821529745042495,6.995935460032023,7.500923759083631,7.2792215790121935,7.217637640103461,5.012932627170834,2.0007456194855227,2.1406141621864774,4.672548775941345,3.9623881176280933,31.25
whisfusion,,ls-test-other,kscale,K64,1,200,3572,21.75,32,1.0,0.0,1.0,en,20.32474804031355,20.895483780019237,20.32474804031355,20.895483780019237,20.32474804031355,20.895483780019237,20.32474804031355,20.895483780019237,20.32474804031355,20.895483780019237,20.32474804031355,20.895483780019237,20.32474804031355,20.895483780019237,20.32474804031355,20.895483780019237,20.32474804031355,20.895483780019237,20.32474804031355,20.895483780019237,20.32474804031355,20.895483780019237,20.32474804031355,20.895483780019237,20.354963948973932,20.354963948973932,20.354963948973932,20.354963948973932,21.741541874653354,21.741541874653354,21.741541874653354,20.354963948973932,,,,,
whisfusion,,ls-test-other,kscale,K64,2,200,3572,21.75,32,1.86,22.092295,1.0,en,20.32474804031355,20.895483780019237,17.91713325867861,18.214264751532927,19.596864501679732,19.9884200279086,18.169092945128778,18.383806147636825,20.07278835386338,20.41640073216011,17.973124300111984,18.39042934780622,18.309070548712207,18.967064926280038,20.772676371780516,21.31925999565562,15.985442329227324,16.723869724303412,15.985442329227324,16.723869724303412,16.48936170212766,16.807067970061702,23.880179171332585,25.138157336008355,,,,,,,,,11.478163493840986,12.160426801769198,14.557670772676373,14.753068742614186,47.0
whisfusion,,ls-test-other,kscale,K64,3,200,3572,21.75,32,2.68,22.551039999999997,1.0,en,20.32474804031355,20.895483780019237,17.665173572228444,17.779008689291512,19.34490481522956,19.63883332129684,17.945128779395297,17.963610367028924,17.721164613661813,18.46230927510556,17.32922732362822,17.81983614533828,17.44120940649496,18.031146517360323,16.293393057110862,17.168333175526072,15.201567749160134,15.975678571472185,15.257558790593505,16.138476190519803,15.369540873460247,15.536248447683999,26.42777155655095,28.140769482086707,,,,,,,,,,,,,
whisfusion,,ls-test-other,kscale,K64,4,200,3572,21.75,32,3.425,22.410610000000002,1.0,en,20.32474804031355,20.895483780019237,16.741321388577827,16.55786465267861,19.036954087346025,19.315348372679598,16.741321388577827,16.43571570087127,16.573348264277715,17.319040493141454,15.957446808510639,16.075670850186896,16.097424412094064,16.266089203763144,15.28555431131019,16.566548317238002,13.96976483762598,14.993224558923588,14.081746920492721,15.30614749125441,14.44568868980963,14.429778812401505,27.63157894736842,29.524877030251425,,,,,,,,,8.482642777155656,9.016562875283556,13.101903695408735,12.94625202846919,51.0
whisfusion,,ls-test-other,kscale,K64,5,200,3572,21.75,32,4.215,22.754614999999998,1.0,en,20.32474804031355,20.895483780019237,16.18141097424412,16.265380738242076,19.232922732362823,19.645831410431814,16.265397536394175,16.132113452061255,15.957446808510639,16.229945369859905,15.481522956326987,15.563600464032639,15.537513997760358,15.631854300587623,14.277715565509519,15.034427075333037,13.297872340425531,14.025343428099667,13.269876819708847,14.068994221750462,13.857782754759238,13.869235489435585,29.61926091825308,31.920026828460724,,,,,,,,,,,,,
whisfusion,,ls-test-other,kscale,K64,6,200,3572,21.75,32,4.895,22.357045000000003,1.0,en,20.32474804031355,20.895483780019237,16.013437849944008,16.178205235857213,18.561030235162374,18.76769206819962,16.097424412094064,16.03440421685202,15.34154535274356,15.639332297637901,15.145576707726764,15.430696965733443,15.005599104143338,15.125147358868047,13.66181410974244,14.489651219712057,12.793952967525197,13.609890728574268,12.793952967525197,13.76743041111395,13.241881298992162,13.27941541367801,30.375139977603585,32.955894494098686,,,,,,,,,,,,,
whisfusion,,ls-test-other,kscale,K64,8,200,3572,21.75,32,6.32,22.312635,1.0,en,20.32474804031355,20.895483780019237,16.097424412094064,16.45051351750392,18.58902575587906,18.72371833256656,15.901455767077268,16.357803967957594,14.669652855543113,14.89871916909952,14.893617021276595,14.97822754665136,14.669652855543113,14.80785152823188,12.737961926091826,13.517186970383479,12.374020156774916,13.057715737159786,12.374020156774916,13.055877501865668,12.625979843225084,12.699705216630797,32.19484882418813,34.91766336527131,,,,,,,,,7.362821948488242,7.9786188053705365,11.87010078387458,11.69510633075288,49.0
whisfusion,,ls-test-other,kscale,K64,10,200,3572,21.75,32,7.685,22.316085,1.0,en,20.32474804031355,20.895483780019237,15.817469204927212,16.305493512843885,18.64501679731243,18.794918509745187,15.425531914893616,16.006783082083828,14.249720044792832,14.520443811994085,14.33370660694289,14.632228936516753,14.305711086226204,14.576313572683814,12.374020156774916,13.14025696445488,12.178051511758119,12.867068316560626,12.066069428891378,12.741373872116183,12.178051511758119,12.00209960873107,33.650615901455765,36.543375450197814,,,,,,,,,,,,,
whisfusion,,ls-test-other,kscale,K64,12,200,3572,21.75,32,8.995,22.283075,1.0,en,20.32474804031355,20.895483780019237,15.873460246360583,16.371027202472966,18.561030235162374,19.134593713289277,15.453527435610303,15.965183943609693,14.137737961926092,14.600005995083782,14.249720044792832,14.528831168030418,14.137737961926092,14.49979918255335,12.23404255319149,13.094074530284363,11.954087346024636,12.86903626648469,12.038073908174692,13.088480710929137,11.898096304591265,11.742047540184718,34.46248600223964,37.624374306663306,,,,,,,,,,,,,
whisfusion,,ls-test-other,kscale,K64,15,200,3572,21.75,32,10.99,22.22457,1.0,en,20.32474804031355,20.895483780019237,15.481522956326987,15.946718782135136,18.28107502799552,18.733618941263746,15.117581187010078,15.644640118430548,13.717805151175812,14.07766028676217,13.745800671892496,14.117899294107971,13.521836506159014,13.867580873337968,11.954087346024636,12.878326712047707,11.758118701007838,12.67594891748072,11.758118701007838,12.729246223245127,11.33818589025756,11.126294301586084,35.414333706606946,38.92076953956986,20.354963948973932,15.36328341652801,14.004437049362174,13.948973932334997,14.004437049362174,13.671658347199113,13.643926788685524,11.342207432057682,6.326987681970885,7.038872043905396,10.722284434490481,10.479542034782536,45.0
whisfusion,,ls-test-other,kscale,K64,16,200,3572,21.75,32,11.63,22.177760000000003,1.0,en,20.32474804031355,20.895483780019237,15.28555431131019,15.979492356254049,18.169092945128778,18.676451999974173,15.173572228443449,15.797972688638119,13.521836506159014,13.951722931092842,13.633818589025756,14.021551878538302,13.465845464725644,13.832049272927332,11.98208286674132,12.869332413000983,11.898096304591265,12.739030073059379,11.954087346024636,12.804127475656784,11.254199328107504,11.05391526932802,35.72228443449048,39.170492642194745,20.354963948973932,15.335551858014421,13.754853022739878,13.921242373821409,13.948973932334997,13.72712146422629,13.754853022739878,11.314475873544094,6.270996640537514,6.97511684485608,10.694288913773796,10.466457874319342,45.0
whisfusion,,ls-test-other,kscale,K64,20,200,3572,21.75,32,14.155,22.175140000000003,1.0,en,20.32474804031355,20.895483780019237,15.453527435610303,16.055847301818552,18.085106382978722,18.457124448440737,15.257558790593505,15.708668534722959,13.297872340425531,13.665071738676392,13.689809630459127,14.009387708138037,13.297872340425531,13.761237599496859,11.926091825307951,12.838611860463073,11.730123180291153,12.636052804452003,11.786114221724524,12.627840636185486,11.03023516237402,10.726768672052746,37.29003359462486,40.82007154858964,,,,,,,,,,,,,
whisfusion,,ls-test-other,kscale,K64,24,200,3572,21.75,32,16.6,22.091124999999998,1.0,en,20.32474804031355,20.895483780019237,15.257558790593505,15.8469697124522,17.637178051511757,18.107890597287646,15.313549832026876,15.722635354002012,13.12989921612542,13.642685973350217,13.325867861142218,13.619032402042453,13.045912653975364,13.462750492903897,11.786114221724524,12.805486534045238,11.50615901455767,12.565873644856094,11.422172452407615,12.436806184538632,10.806270996640537,10.522163827582325,37.82194848824188,41.514608017023164,,,,,,,,,,,,,
whisfusion,,ls-test-other,kscale,K64,32,200,3572,21.75,32,21.455,22.114494999999998,1.0,en,20.32474804031355,20.895483780019237,14.977603583426651,15.58918487309637,16.825307950727883,17.10899543444445,14.921612541993282,15.40977947927854,13.01791713325868,13.676116181341735,13.157894736842104,13.540914513196158,12.793952967525197,13.342474650669908,12.122060470324747,13.146884215289498,11.758118701007838,12.754906540946436,11.674132138857782,12.648901638985652,10.61030235162374,10.272124340042838,38.91377379619261,42.83862135043759,20.354963948973932,14.864115363283416,13.338879645036052,13.422074320576817,14.059900166389351,13.643926788685524,13.56073211314476,10.427066001109262,5.4591265397536395,6.095647780293191,10.078387458006718,9.748375873575158,44.0
whisfusion,,ls-test-other,kscale,K64,48,200,3572,21.75,32,30.865,22.085,1.0,en,20.32474804031355,20.895483780019237,14.33370660694289,14.848238027793215,15.873460246360583,16.117082250405083,14.529675251959686,14.890643121962341,12.933930571108622,13.60653046594181,12.961926091825308,13.300517462434222,12.70996640537514,13.180280617124703,12.150055991041434,13.087892313488538,11.786114221724524,12.762723843268791,11.842105263157896,12.863979042318107,9.854423292273236,9.580406015286034,41.23740201567749,45.461390177018686,,,,,,,,,,,,,
whisfusion,,ls-test-other,kscale,K64,64,200,3572,21.75,32,40.05,22.087709999999998,1.0,en,20.32474804031355,20.895483780019237,14.193729003359463,14.66699286870822,15.649496080627099,15.833885225908364,14.501679731243001,14.793947868595986,12.793952967525197,13.536847543052453,12.905935050391937,13.349173157766584,12.681970884658455,13.172371257142007,11.898096304591265,12.920949127481215,11.786114221724524,12.746468656515217,11.81410974244121,12.866197881538561,9.602463605823068,9.410411323220252,42.38521836506159,47.040600773353894,20.354963948973932,14.170826400443705,13.089295618413756,13.061564059900167,13.865779256794232,13.72712146422629,13.754853022739878,9.511924570160843,5.179171332586786,5.882087791237306,9.210526315789474,9.073916711880436,39.5
whisfusion,,ls-test-other,main,main,1,400,7062,43.29,33,1.0,0.0,1.0,en,21.311243273860097,22.048717593949974,21.311243273860097,22.048717593949974,21.311243273860097,22.048717593949974,21.311243273860097,22.048717593949974,21.311243273860097,22.048717593949974,21.311243273860097,22.048717593949974,21.311243273860097,22.048717593949974,21.311243273860097,22.048717593949974,21.311243273860097,22.048717593949974,21.311243273860097,22.048717593949974,21.311243273860097,22.048717593949974,21.311243273860097,22.048717593949974,21.27748984451604,21.27748984451604,21.27748984451604,21.27748984451604,22.63622356072279,22.63622356072279,22.63622356072279,21.27748984451604,,,,,
whisfusion,,ls-test-other,main,main,2,400,7062,43.29,33,1.8075,22.262055,1.0,en,21.311243273860097,22.048717593949974,19.173038799207024,20.211344104069926,20.546587369017274,21.745782348594318,19.34296233361654,20.278116217505175,21.14131973945058,21.865520346868013,19.34296233361654,20.244498133910227,19.824412347776835,20.737163323259374,22.03341829510054,23.167372341318263,17.19059756442934,18.87913887249902,17.19059756442934,18.87913887249902,17.827810818465025,18.700595289066314,25.700934579439252,26.932398824262567,,,,,,,,,12.064570943075616,13.493558620271514,15.61880487114132,16.249446996203208,48.25
whisfusion,,ls-test-other,main,main,3,400,7062,43.29,33,2.5825,22.247555000000002,1.0,en,21.311243273860097,22.048717593949974,17.530444633248372,18.52923633644822,19.65448881336732,20.734077312602523,17.629566694987254,18.514800571898686,17.643726989521383,18.940523267577632,17.360521098838856,18.44086821631309,17.176437269895214,18.34263292227049,16.284338714245255,17.87756508485331,15.009912206173889,16.41918473574151,15.024072500708014,16.464453600863315,15.873690172755593,16.72170827592365,27.414330218068535,28.913477083598206,,,,,,,,,,,,,
whisfusion,,ls-test-other,main,main,4,400,7062,43.29,33,3.3575,22.4979125,1.0,en,21.311243273860097,22.048717593949974,17.218918153497594,18.278443785773614,19.22967997734353,20.361191225311202,17.332200509770605,18.294087107514464,16.7374681393373,17.874945724266937,16.581704899461908,17.59485946630673,16.638346077598413,17.775799687161346,15.179835740583405,16.977141243343027,13.947890116114415,15.676881530942243,13.905409232512037,15.636817428378144,14.995751911639761,15.743000880405928,29.141886151231947,31.24223780477246,,,,,,,,,9.062588501840839,10.444367987313658,13.537241574624753,14.076924778017395,48.75
whisfusion,,ls-test-other,main,main,5,400,7062,43.29,33,4.1125,22.276300000000003,1.0,en,21.311243273860097,22.048717593949974,17.105635797224583,18.077913651322078,18.80487114131974,19.918668662742874,16.92155196828094,17.81118727812136,15.902010761823846,17.05424056190983,16.1993769470405,17.232622952802927,15.817048994619087,16.912553157957273,13.919569527046162,15.743547289318627,13.523081280090626,15.215110853708365,13.494760691022373,15.21028629230486,14.372698952138204,15.017460491650303,30.033984706881903,32.16503366073468,,,,,,,,,,,,,
whisfusion,,ls-test-other,main,main,6,400,7062,43.29,33,4.835,22.025134999999995,1.0,en,21.311243273860097,22.048717593949974,16.77994902293968,17.753117435625413,18.29510053809119,19.215784351346194,16.65250637213254,17.438605890934838,15.505522514868309,16.732070490103325,15.760407816482584,16.68225526772612,15.562163693004814,16.603368307485447,13.608043047295384,15.45633715334719,13.2398753894081,14.853721640405059,13.169073916737467,14.750594358703948,13.763806287170773,14.144770742374996,30.69951854998584,32.897451733532804,,,,,,,,,,,,,
whisfusion,,ls-test-other,main,main,8,400,7062,43.29,33,6.2475,22.08733,1.0,en,21.311243273860097,22.048717593949974,16.34097989238176,17.359647659212825,18.011894647408667,18.764260783856564,16.38346077598414,17.27362989308486,15.434721042197678,16.513032911013326,15.42056074766355,16.37668358267366,15.293118096856414,16.39253973137413,13.523081280090626,15.315052371213952,12.829226847918436,14.489551510641407,12.730104786179552,14.400315173307247,13.154913622203342,13.482344242950395,32.51203625035401,34.78328960645162,,,,,,,,,7.547436986689323,8.805254008360617,12.20617388841688,12.464225032769212,46.25
whisfusion,,ls-test-other,main,main,10,400,7062,43.29,33,7.6325,22.106312500000005,1.0,en,21.311243273860097,22.048717593949974,16.42594165958652,17.24173150854523,17.785329934862645,18.67563417036517,16.53922401585953,17.442024067136927,15.094873973378647,16.257235234054818,15.066553384310394,16.030554295866256,14.96743132257151,16.098975938962358,13.098272444066836,14.758068069741634,12.616822429906541,14.231092028751913,12.560181251770036,14.182942163425272,12.871707731520816,13.299388057360673,33.77230246389125,36.426648249880934,,,,,,,,,,,,,
whisfusion,,ls-test-other,main,main,12,400,7062,43.29,33,9.0275,22.2719325,1.0,en,21.311243273860097,22.048717593949974,16.185216652506373,16.951146437660952,17.558765222316623,18.21112617733929,16.213537241574624,16.96138034187226,14.769187199093741,15.888724285516032,14.868309260832625,15.819862549132543,14.670065137354857,15.657908116268754,12.999150382327953,14.596427957279404,12.404418011894647,13.94787133354253,12.376097422826394,13.924493593291723,12.461059190031152,12.765985432885369,34.70688190314358,37.38032830158821,,,,,,,,,,,,,
whisfusion,,ls-test-other,main,main,15,400,7062,43.29,33,11.0125,22.259575000000005,1.0,en,21.311243273860097,22.048717593949974,15.873690172755593,16.72112662069869,17.2755593316341,17.848982400059413,15.986972529028604,16.664852842094454,14.23109600679694,15.297459388891799,14.726706315491363,15.691395460884694,14.27357689039932,15.320240940442762,12.645143018974794,14.23608779349845,12.192013593882752,13.750710605352182,12.192013593882752,13.773692623569769,12.022090059473237,12.232683248974258,35.79722458227131,38.588696642038244,21.27748984451604,15.926600364196666,14.25970023812859,14.763972545174394,14.245692674043983,13.783443059251995,13.783443059251995,11.934444600084046,6.740300198244124,7.850070866125202,11.28575474369867,11.404765051256824,46.25
whisfusion,,ls-test-other,main,main,16,400,7062,43.29,33,11.68,22.285155,1.0,en,21.311243273860097,22.048717593949974,15.986972529028604,16.80209259563897,17.445482866043612,17.887018854013903,16.029453412630982,16.666367791882315,14.27357689039932,15.333746646400897,14.599263664684225,15.579444802091007,14.358538657604079,15.520632599931902,12.715944491645427,14.305364171044868,12.404418011894647,13.942178938341637,12.361937128292269,13.870123242059934,11.965448881336732,12.198368357796214,36.10875106202209,38.90259480892982,21.27748984451604,16.05266844095812,14.301722930382407,14.60988934024373,14.315730494467012,13.979548956436476,13.937526264182658,11.850399215576411,6.669498725573492,7.789830481509819,11.328235627301048,11.368219120827916,46.5
whisfusion,,ls-test-other,main,main,20,400,7062,43.29,33,14.2,22.2457275,1.0,en,21.311243273860097,22.048717593949974,15.604644576607193,16.466213082921506,17.318040215236476,17.726006546777526,15.73208722741433,16.47334838806061,13.962050410648542,15.217759693358888,14.16029453412631,15.27980213320776,14.117813650523932,15.410001023214168,12.54602095723591,14.194870514219229,12.31945624468989,13.968873038138014,12.27697536108751,13.87413097464595,11.6256018125177,11.90800708234342,37.35485698102521,40.332095943850106,,,,,,,,,,,,,
whisfusion,,ls-test-other,main,main,24,400,7062,43.29,33,16.7275,22.308184999999998,1.0,en,21.311243273860097,22.048717593949974,15.392240158595298,16.262529993635003,17.34636080430473,17.696462508382837,15.448881336731803,16.235443109325622,13.848768054375531,15.203490159492745,14.146134239592184,15.265589501486069,13.990370999716793,15.244641174729317,12.517700368167658,14.241090382119548,12.220334182951005,13.77537382050834,12.27697536108751,13.896930400129436,11.342395921835173,11.625259876890624,38.3177570093458,41.509009679029695,,,,,,,,,,,,,
whisfusion,,ls-test-other,main,main,32,400,7062,43.29,33,21.6325,22.21227,1.0,en,21.311243273860097,22.048717593949974,15.392240158595298,16.169208768490908,17.30387992070235,17.715563324863307,15.378079864061172,16.031042449307698,13.46644010195412,14.769157734234906,13.777966581704899,14.82811374999006,13.608043047295384,14.825173914074297,12.333616539224016,13.957437411134082,11.979609175870857,13.559797416143029,11.922967997734354,13.46725406767863,10.917587085811386,11.086959917966354,39.46474086661003,42.97766050948999,21.27748984451604,15.282252416304805,13.5453144698137,13.811458187421207,13.993556520521082,13.601344726152123,13.531306905729094,10.869869729654013,6.131407533276692,7.193030334919999,10.506938544321722,10.568975423203783,44.0
whisfusion,,slr83,main,main,1,400,5461,45.14,24,1.0,0.0,1.0,en,27.85204175059513,29.350466588299827,27.85204175059513,29.350466588299827,27.85204175059513,29.350466588299827,27.85204175059513,29.350466588299827,27.85204175059513,29.350466588299827,27.85204175059513,29.350466588299827,27.85204175059513,29.350466588299827,27.85204175059513,29.350466588299827,27.85204175059513,29.350466588299827,27.85204175059513,29.350466588299827,27.85204175059513,29.350466588299827,27.85204175059513,29.350466588299827,27.093954843408593,27.093954843408593,27.093954843408593,27.093954843408593,27.949745083758195,27.949745083758195,27.949745083758195,27.093954843408593,,,,,
whisfusion,,slr83,main,main,2,400,5461,45.14,24,1.9025,27.649752499999998,1.0,en,27.85204175059513,29.350466588299827,24.372825489837027,25.94316459623407,26.863211865958615,28.385312328915607,24.537630470609777,26.127507759735515,26.698406885185864,28.0222673191737,24.66581212232192,26.111589836714266,24.775682109503755,26.186100662146146,28.41970335103461,30.01975361262168,22.578282365867057,24.311440863955,22.578282365867057,24.311440863955,22.669840688518587,23.924383976698806,32.063724592565464,33.835983531391975,,,,,,,,,15.601538179820546,17.12923543054628,19.392052737593847,20.434819212647017,52.25
whisfusion,,slr83,main,main,3,400,5461,45.14,24,2.7675,27.195394999999998,1.0,en,27.85204175059513,29.350466588299827,23.145943966306536,24.55141814888197,25.563083684306903,27.05424173761694,23.40230726973082,24.79884593609304,23.915033876579383,25.407262658904116,22.852957333821646,24.31149849208538,23.27412561801868,24.725415463486872,22.468412378685223,23.971226643334433,20.655557590184948,22.363806388795368,20.710492583775864,22.426597764086743,20.728804248306172,21.888377258099208,34.627357626808276,36.66652999583138,,,,,,,,,,,,,
whisfusion,,slr83,main,main,4,400,5461,45.14,24,3.5875,27.309385000000002,1.0,en,27.85204175059513,29.350466588299827,22.77971067570042,24.04229971673344,25.2334737227614,26.705582228481422,22.981138985533786,24.386742758641653,22.596594030397362,24.009607631986402,22.13880241713972,23.430113818481363,22.230360739791248,23.576885380252925,21.095037538912287,22.894078916293296,19.520234389305987,21.185582496649513,19.520234389305987,21.19194072175774,19.648416041018127,20.727988459637906,36.80644570591467,38.985456949510656,,,,,,,,,12.232191906244278,13.706873231285952,17.359457974729903,18.220106116678274,55.75
whisfusion,,slr83,main,main,5,400,5461,45.14,24,4.385,27.224217499999998,1.0,en,27.85204175059513,29.350466588299827,22.0838674235488,23.376449989620166,24.812305438564366,26.110361297236885,22.559970701336752,23.983196130261433,22.065555759018494,23.369806623955903,21.60776414576085,22.907236341211473,21.809192455594214,23.14946371888196,19.739974363669656,21.387622710119683,18.67789782091192,20.516449484639267,18.69620948544223,20.62745915844499,18.76945614356345,19.89328025182405,38.417872184581576,40.66474765106916,,,,,,,,,,,,,
whisfusion,,slr83,main,main,6,400,5461,45.14,24,5.185,27.20892,1.0,en,27.85204175059513,29.350466588299827,21.91906244277605,23.346986222178458,24.501007141549167,25.85349190709544,22.724775682109502,24.18041785124434,21.69932246841238,23.15286002587734,21.351400842336567,22.829080757759836,21.314777513275956,22.74476924668749,19.37374107306354,21.23193736884417,18.36659952389672,20.245798375056268,18.38491118842703,20.226169046051936,18.091924555942136,19.257878542823267,39.57150704999084,41.9368753571227,,,,,,,,,,,,,
whisfusion,,slr83,main,main,8,400,5461,45.14,24,6.735,27.278285,1.0,en,27.85204175059513,29.350466588299827,21.64438747482146,23.141907488030284,24.757370444973446,26.168073844765612,22.102179088079108,23.75861257398283,20.655557590184948,22.222325350499396,20.637245925654643,22.178043868092914,20.34425929316975,21.902610288729385,18.64127449185131,20.54682781565799,17.94543123969969,19.8417174805167,17.9820545687603,19.938307129902398,17.212964658487458,18.278867763011405,41.494231825672955,43.78243521973171,,,,,,,,,10.236220472440944,11.610604958038348,15.400109869987181,16.29816974723417,54.75
whisfusion,,slr83,main,main,10,400,5461,45.14,24,8.24,27.210855000000002,1.0,en,27.85204175059513,29.350466588299827,21.07672587438198,22.433541293681117,24.537630470609777,25.68962266466776,21.351400842336567,22.75189483351896,20.12451931880608,21.75951283707543,19.923091008972715,21.259374130752512,19.703351034609046,21.242090756232294,18.14685954953305,20.028058142778413,17.469327961911738,19.23360577031714,17.396081303790513,19.199713748596167,16.645303058047975,17.549381350516093,43.01409998168833,45.71904925141153,,,,,,,,,,,,,
whisfusion,,slr83,main,main,12,400,5461,45.14,24,9.705,27.096702500000003,1.0,en,27.85204175059513,29.350466588299827,20.783739241897088,22.25928801935465,24.024903863761217,25.160535666354754,20.966855887200147,22.420172632032994,19.739974363669656,21.472297601791478,19.611792711957516,21.050565456228064,19.538546053836292,21.128627324485365,18.128547885002746,20.1088700718624,17.615821278154183,19.57797111214765,17.524262955502657,19.44997638757398,16.27906976744186,17.25810507578015,44.05786485991577,46.66655199677419,,,,,,,,,,,,,
whisfusion,,slr83,main,main,15,400,5461,45.14,24,11.8525,27.010460000000002,1.0,en,27.85204175059513,29.350466588299827,20.69218091924556,22.21389288859961,23.62204724409449,24.761775794961284,20.930232558139537,22.399860930117104,19.392052737593847,20.899732985250466,19.318806079472623,20.873222700729343,19.227247756821097,20.699039858717555,17.872184581578466,19.6330811602666,17.451016297381432,19.260121658969247,17.487639626442043,19.354825785252324,15.93114814136605,16.859394901150857,44.863578099249224,47.5221826994908,27.093954843408593,19.901675163874728,18.64530225782957,18.572469045884922,17.88055353241078,17.498179169701384,17.4435542607429,14.857975236707938,9.503753891228712,10.801216763029016,14.484526643471892,15.213381938953802,51.74999999999999
whisfusion,,slr83,main,main,16,400,5461,45.14,24,12.5725,27.03071,1.0,en,27.85204175059513,29.350466588299827,20.527375938472808,22.078614497400167,23.49386559238235,24.676099461490832,20.966855887200147,22.431781787037963,19.135689434169567,20.559574018185543,19.410364402124152,20.971359852320447,19.190624427760483,20.658858829306652,17.780626258926937,19.50406845191372,17.304522981138984,19.119581066735545,17.341146310199598,19.09603122476465,15.766343160593298,16.70402762266051,45.193188060794725,47.98821577460283,27.093954843408593,19.756008739985432,18.353969410050983,18.608885651857246,17.80772032046613,17.316096139839768,17.279679533867444,14.65768390386016,9.393883904046877,10.722605436919622,14.301409998168834,15.059499999328912,50.74999999999999
whisfusion,,slr83,main,main,20,400,5461,45.14,24,15.355,26.965805,1.0,en,27.85204175059513,29.350466588299827,20.08789598974547,21.540950546769803,22.688152353048892,23.8884072578658,20.545687603003113,21.98513789859067,18.915949459805898,20.440016233778685,18.952572788866508,20.31204891944527,18.934261124336203,20.362531017541535,17.524262955502657,19.305918596379964,17.048159677714704,18.825352967693206,17.048159677714704,18.81345423046552,15.418421534517488,16.37597639542198,46.25526460355246,49.048718968519324,,,,,,,,,,,,,
whisfusion,,slr83,main,main,24,400,5461,45.14,24,18.1425,26.952799999999996,1.0,en,27.85204175059513,29.350466588299827,19.978026002563634,21.397302740327877,22.468412378685223,23.642212530895144,20.16114264786669,21.56209367028715,19.007507782457424,20.557014780038067,18.622962827321004,20.045317399116616,18.806079472624063,20.254708464277805,17.579197949093572,19.37327191579017,17.084783006775314,18.921319848249873,16.99322468412379,18.823137672238744,14.905694927668925,15.84263286781955,47.33565281084051,50.38987316068938,,,,,,,,,,,,,
whisfusion,,slr83,main,main,32,400,5461,45.14,24,23.5325,27.059005,1.0,en,27.85204175059513,29.350466588299827,19.923091008972715,21.25690987931767,22.248672404321553,23.48244159663504,20.12451931880608,21.552520925836227,18.659586156381614,20.24530925803456,18.476469511078555,19.917428470521415,18.714521149972533,20.193248705498,17.451016297381432,19.29377581834903,17.103094671305623,18.991044544849565,17.048159677714704,18.86138409908618,14.484526643471892,15.411852780460517,48.80058597326497,52.208895439150524,27.093954843408593,19.06409322651129,17.771303714493808,17.625637290604516,17.388929351784412,17.006554989075017,16.951930080116533,13.510560815731974,8.588170664713422,9.803878212275212,13.349203442592932,14.077701554022248,48.25
whisfusion,,spgispeech,main,main,1,400,9618,60.84,302,1.0,0.0,1.0,en,27.063838635891038,26.970444087813604,27.063838635891038,26.970444087813604,27.063838635891038,26.970444087813604,27.063838635891038,26.970444087813604,27.063838635891038,26.970444087813604,27.063838635891038,26.970444087813604,27.063838635891038,26.970444087813604,27.063838635891038,26.970444087813604,27.063838635891038,26.970444087813604,27.063838635891038,26.970444087813604,27.063838635891038,26.970444087813604,27.063838635891038,26.970444087813604,25.613714749442078,25.613714749442078,25.613714749442078,25.613714749442078,27.388922702373705,27.388922702373705,27.388922702373705,25.613714749442078,,,,,
whisfusion,,spgispeech,main,main,2,400,9618,60.84,302,1.99,28.992219999999996,1.0,en,27.063838635891038,26.970444087813604,24.537325847369516,24.42292342713677,26.471199833645247,26.26088189686974,24.828446662507798,24.706008330103117,26.252859222291537,25.95933898008346,24.277396548138906,24.108460056597284,25.005198585984612,24.74986064817413,28.342690788105635,28.295695092861685,22.3123310459555,22.363480482280096,22.3123310459555,22.363480482280096,22.821792472447495,22.579298589773224,31.58660844250364,31.605584473122093,,,,,,,,,13.911416094822208,13.856145797126999,19.089207735495947,18.94508637462043,85.25
whisfusion,,spgispeech,main,main,3,400,9618,60.84,302,2.96,28.1187675,1.0,en,27.063838635891038,26.970444087813604,23.28966521106259,23.131623100449417,25.691411935953422,25.469808186600183,23.466417134539405,23.33734476333642,22.967352880016634,22.738100395359204,22.676232064878352,22.480276569124065,22.66583489290913,22.450268404237825,20.690372218756497,20.624058157335394,18.964441671865252,19.029087529536447,18.964441671865252,19.029087529536447,20.659180702848825,20.43667341698762,33.45809939696402,33.68566937005388,,,,,,,,,,,,,
whisfusion,,spgispeech,main,main,4,400,9618,60.84,302,3.9275,27.79154,1.0,en,27.063838635891038,26.970444087813604,22.343522561863175,22.16091955653085,25.296319401122894,25.01338957194073,22.634643377001456,22.393613477058373,21.730089415678936,21.52406120516936,21.48055728841755,21.283725165036344,21.44936577250988,21.282349561500606,19.09960490746517,19.190328155231946,17.73757537949678,17.808326267591596,17.72717820752755,17.79696263122796,19.53628613017259,19.23984896823507,34.60178831357871,34.95164964957034,,,,,,,,,10.054065294239967,10.066906476678339,16.926595965897278,16.630472703334256,86.5
whisfusion,,spgispeech,main,main,5,400,9618,60.84,302,4.88,27.74099,1.0,en,27.063838635891038,26.970444087813604,22.197962154294032,21.931566996349776,24.922021210230817,24.598141148296243,22.229153670201704,21.970572454215695,20.96069868995633,20.722014366876728,21.05427323767935,20.844281285971647,20.90871283011021,20.672912900125752,18.049490538573508,18.034983053393198,17.040964857558745,17.06212774903167,17.05136202952797,17.084755340738212,18.943647327926804,18.616514810238527,35.901434809731754,36.247148851527726,,,,,,,,,,,,,
whisfusion,,spgispeech,main,main,6,400,9618,60.84,302,5.8425,27.568372499999995,1.0,en,27.063838635891038,26.970444087813604,21.8860469952173,21.648258515552,24.537325847369516,24.242705892403674,21.750883759617384,21.49178922063543,20.2640881680183,20.039299461062143,20.524017467248907,20.274451539063186,20.347265543772092,20.12477644205557,17.404865876481598,17.411883482962395,16.60428363485132,16.61724112281962,16.583489290912873,16.592719591719145,18.24703680598877,17.936376040417436,36.68122270742358,37.04711816929264,,,,,,,,,,,,,
whisfusion,,spgispeech,main,main,8,400,9618,60.84,302,7.75,27.6663675,1.0,en,27.063838635891038,26.970444087813604,21.366188396756083,21.11683727088372,23.986275733000625,23.83824618987044,21.459762944479102,21.179180066615523,19.48430027032647,19.334122091944536,19.827406945310877,19.659990321408344,19.494697442295696,19.32543090437101,16.656269494697444,16.68626637369399,16.229985443959244,16.304775159278556,16.19879392805157,16.25361094359228,17.26970264088168,16.961166081007804,37.99126637554585,38.42592458954506,,,,,,,,,8.047411104179663,8.039167183383034,15.502183406113538,15.149726828637844,85.25
whisfusion,,spgispeech,main,main,10,400,9618,60.84,302,9.6375,27.6082675,1.0,en,27.063838635891038,26.970444087813604,21.106259097525474,20.883498119316044,23.90309835724683,23.75030018996305,21.00228737783323,20.6739096382603,19.016427531711376,18.88510001957458,19.234768143065086,19.058194927963527,18.76689540444999,18.63736420168445,16.25077978789769,16.26658617325692,15.824495737159493,15.854749689304448,15.782907049282596,15.801277467082226,16.552297775005197,16.23791692735253,39.23892701185277,39.756839473922966,,,,,,,,,,,,,
whisfusion,,spgispeech,main,main,12,400,9618,60.84,302,11.5225,27.610457500000003,1.0,en,27.063838635891038,26.970444087813604,20.92950717404866,20.671957319001372,23.663963401954668,23.534580538196167,20.399251403618216,20.123139573554603,18.79808692035766,18.616926286811875,18.912455812019132,18.728532592260677,18.6421293408193,18.516911739931427,15.928467456851736,15.905983819633581,15.606155125805781,15.60451637469796,15.564566437928884,15.537793120118168,16.17799958411312,15.830010424346867,40.091495113329174,40.60105276528989,,,,,,,,,,,,,
whisfusion,,spgispeech,main,main,15,400,9618,60.84,302,14.3225,27.593532500000002,1.0,en,27.063838635891038,26.970444087813604,20.461634435433563,20.237197798384365,23.123310459555,22.909672793902086,20.28488251195675,20.00539977545158,18.299022665834894,18.151063757784858,18.50696610521938,18.3547300263411,18.26783114992722,18.1092538020124,15.720524017467248,15.780627480773532,15.2734456227906,15.347672407659777,15.169473903098357,15.184150421604894,15.762112705344146,15.394291625702488,41.00644624662092,41.50977211011357,25.613714749442078,18.979509028200447,16.81882734834652,17.021708257252993,16.372489348752282,15.916007303712721,15.784134712923514,14.313248123351592,6.924516531503431,6.91800214512228,14.379288833437306,13.983304420449553,83.0
whisfusion,,spgispeech,main,main,16,400,9618,60.84,302,15.23,27.58815,1.0,en,27.063838635891038,26.970444087813604,20.347265543772092,20.169612646608037,23.175296319401124,22.95419795716277,20.253690996049073,20.009904724525498,18.091079226450404,17.950970298940764,18.43418590143481,18.279906558571792,18.070284882511956,17.895958815994927,15.720524017467248,15.769708978492448,15.159076731129133,15.230607691283446,15.12788521522146,15.18866690180976,15.647743813682679,15.282189352975214,41.34955292160532,41.85329000676695,25.613714749442078,18.82734834652059,16.636234530330697,16.940555893690405,16.301481030635017,15.794278758368838,15.753702576587543,14.171231487117062,6.893325015595758,6.8801378701890386,14.306508629652734,13.912211630459511,82.75
whisfusion,,spgispeech,main,main,20,400,9618,60.84,302,18.935,27.6821825,1.0,en,27.063838635891038,26.970444087813604,20.035350384695363,19.927182536462215,22.86338116032439,22.672900606839125,19.972967352880016,19.76030200787096,17.654398003742983,17.488740149804435,18.111873570388855,17.92828995259184,17.72717820752755,17.584439899721303,15.502183406113538,15.543177412237972,15.05510501143689,15.148892477998322,15.023913495529216,15.102054027705925,15.242254106882928,14.853300112307991,42.33728425868164,42.92256144808306,,,,,,,,,,,,,
whisfusion,,spgispeech,main,main,24,400,9618,60.84,302,22.5625,27.653035,1.0,en,27.063838635891038,26.970444087813604,19.640257849864838,19.46220328044652,22.447494281555418,22.298409937198404,19.733832397587857,19.454768348162816,17.550426284050737,17.38578472009476,17.903930131004365,17.696868155771135,17.467248908296945,17.290055428291055,15.470991890205864,15.51707303867736,14.992721979621543,15.073884866862434,14.992721979621543,15.053675690074309,14.77438136826783,14.38884210036551,43.07548346849657,43.75708234270574,,,,,,,,,,,,,
whisfusion,,spgispeech,main,main,32,400,9618,60.84,302,29.7475,27.62587,1.0,en,27.063838635891038,26.970444087813604,19.328342690788105,19.12722869419114,22.499480141401538,22.286802954687694,19.421917238511124,19.12860455863238,17.19692243709711,17.06711779501054,17.623206487835308,17.395212565483806,17.280099812850903,17.09333816516026,15.325431482636724,15.37329398983486,14.909544603867747,14.995623894266656,14.878353087960075,14.93966296922678,14.348097317529632,13.945189825832966,44.37512996464962,45.12347507527298,25.613714749442078,17.843375938324204,15.63197403124366,16.088456076283222,15.844998985595456,15.449381213227836,15.429093122337187,12.720632988435788,6.144728633811603,6.113203880856292,13.277188604699521,12.867004793298124,79.75
whisfusion,,voxpopuli,main,main,1,400,7306,45.87,231,1.0,0.0,1.0,en,28.49712565015056,29.30006034198773,28.49712565015056,29.30006034198773,28.49712565015056,29.30006034198773,28.49712565015056,29.30006034198773,28.49712565015056,29.30006034198773,28.49712565015056,29.30006034198773,28.49712565015056,29.30006034198773,28.49712565015056,29.30006034198773,28.49712565015056,29.30006034198773,28.49712565015056,29.30006034198773,28.49712565015056,29.30006034198773,28.49712565015056,29.30006034198773,28.039430449069002,28.039430449069002,28.039430449069002,28.039430449069002,28.778751369112815,28.778751369112815,28.778751369112815,28.039430449069002,,,,,
whisfusion,,voxpopuli,main,main,2,400,7306,45.87,231,1.8625,24.850597500000003,1.0,en,28.49712565015056,29.30006034198773,25.526964139063782,25.314851634706713,27.361073090610457,27.22321207233807,25.704900082124283,25.441925343339538,27.922255680262797,28.139414843073414,25.554338899534628,25.437986142983227,26.11552148918697,26.18648186129098,28.894059676977825,29.663197249980506,23.802354229400493,24.342539135512517,23.802354229400493,24.342539135512517,24.15822611552149,23.981996071548643,32.32959211606899,33.32176672084,,,,,,,,,16.548042704626333,16.676002635209603,20.57213249384068,20.07267305710789,62.5
whisfusion,,voxpopuli,main,main,3,400,7306,45.87,231,2.7,24.304412499999998,1.0,en,28.49712565015056,29.30006034198773,24.281412537640296,24.188698419077348,26.840952641664387,26.61072682647737,24.336162058581987,24.208724168210168,24.500410621407063,24.97489529934115,23.911853271283878,24.176853165062028,24.130851355050645,24.64018459636064,23.254859019983574,24.421194709290457,21.448124828907748,22.448807233184127,21.50287434984944,22.4951544045313,22.20093074185601,21.93708082244409,34.245825349028195,35.46670527775858,,,,,,,,,,,,,
whisfusion,,voxpopuli,main,main,4,400,7306,45.87,231,3.4975,23.9849175,1.0,en,28.49712565015056,29.30006034198773,23.747604708458802,23.63886919235151,26.58089241719135,26.145634612953316,23.829728989871338,23.696409096063825,23.55598138516288,23.750722816006345,23.145359978100192,23.28269578185425,23.227484259512728,23.43099818866355,21.5986860114974,22.685734727583153,20.54475773336983,21.403925919132483,20.53107035313441,21.41057898828555,21.160689843963866,20.863758394546156,35.49137695045168,36.85417501369477,,,,,,,,,13.112510265535176,13.434708447750602,18.72433616205858,18.060880812267555,64.25
whisfusion,,voxpopuli,main,main,5,400,7306,45.87,231,4.2925,24.1012675,1.0,en,28.49712565015056,29.30006034198773,23.432794963044074,23.242686204610536,26.34820695318916,26.062194460153464,23.446482343279495,23.17264276863887,22.679989050095813,22.86710214010501,22.543115247741582,22.56141633645565,22.460990966329046,22.500775188600148,20.859567478784562,21.96726737471082,19.87407610183411,20.719529016553405,19.88776348206953,20.714658886683274,20.407883931015604,20.080763406530977,36.764303312346016,38.37415468117859,,,,,,,,,,,,,
whisfusion,,voxpopuli,main,main,6,400,7306,45.87,231,5.0775,24.006017500000002,1.0,en,28.49712565015056,29.30006034198773,23.213796879277307,23.069879446164954,26.0744593484807,25.646800830024024,23.32329592116069,23.1735842551073,22.365179304681085,22.804348050514037,22.06405693950178,22.278938405186015,22.06405693950178,22.46448581702564,20.284697508896798,21.217982579563103,19.32658089241719,20.072945439582224,19.38133041335888,20.11675406151585,19.901450862304955,19.577098232436864,37.81823159047358,39.718844873371296,,,,,,,,,,,,,
whisfusion,,voxpopuli,main,main,8,400,7306,45.87,231,6.6025,24.012745000000006,1.0,en,28.49712565015056,29.30006034198773,22.789488091979194,22.81892286286555,26.03339720777443,25.474667000142247,23.268546400218998,23.125887298166724,21.762934574322475,22.287639232116824,21.79030933479332,22.085594637400618,21.63974815220367,21.98318656978309,19.73720229947988,20.712914746583444,19.203394470298385,20.1165388097912,19.23076923076923,19.99006597706837,19.28551875171092,18.950867912877335,39.41965507801807,41.51198739874104,,,,,,,,,11.319463454694771,11.756697314609552,17.437722419928825,16.714445118098226,63.5
whisfusion,,voxpopuli,main,main,10,400,7306,45.87,231,8.1125,24.1301375,1.0,en,28.49712565015056,29.30006034198773,22.460990966329046,22.460863844759576,25.82808650424309,25.047566802726884,22.885299753627155,22.80827231274015,21.393375307966057,21.78239874531364,21.434437448672323,21.727276915992828,21.201751984670135,21.444656292407547,19.32658089241719,20.31449516439738,18.915959485354502,19.92159070370996,18.943334245825348,19.738233089102344,18.751710922529426,18.4771156163425,41.021078565562554,43.07188439722695,,,,,,,,,,,,,
whisfusion,,voxpopuli,main,main,12,400,7306,45.87,231,9.615,24.193999999999996,1.0,en,28.49712565015056,29.30006034198773,22.077744319737203,22.034677553099925,25.622775800711743,24.90937749040536,22.926361894333425,22.839765243116496,21.09225294278675,21.63647882759996,21.22912674514098,21.26959562240089,21.105940323022175,21.504645860721418,19.395017793594306,20.330371422840827,18.874897344648236,19.652954095633067,18.874897344648236,19.57723536991434,18.423213796879278,18.198868722264145,41.76019709827539,44.046028281214795,,,,,,,,,,,,,
whisfusion,,voxpopuli,main,main,15,400,7306,45.87,231,11.7825,24.176357500000005,1.0,en,28.49712565015056,29.30006034198773,21.817684095264166,21.75393899735338,25.212154393649055,24.54462866669291,22.693676430331234,22.60220678711185,20.791130577607447,21.268182542694934,20.928004379961674,20.968271936018304,20.777443197372023,21.174914613348953,19.17601970982754,20.08662513808193,18.696961401587735,19.57179329272816,18.62852450041062,19.405273932458798,18.081029290993705,17.858795238090213,42.88256227758007,45.20239738246332,28.039430449069002,21.234939759036145,20.31763417305586,20.386089813800655,19.359255202628695,18.907447973713033,18.838992332968235,17.42880613362541,10.47084588009855,10.90084542186844,16.602792225568027,15.996828733290611,61.5
whisfusion,,voxpopuli,main,main,16,400,7306,45.87,231,12.4975,24.18317,1.0,en,28.49712565015056,29.30006034198773,21.79030933479332,21.6727438820654,25.04790583082398,24.406615690233707,22.474678346564467,22.36075241274765,20.62688201478237,21.141290801850772,20.928004379961674,21.314750859022475,20.791130577607447,21.17801858156031,19.025458527237888,19.97730107384104,18.423213796879278,19.278243526101377,18.382151656173008,19.2119556473135,17.998905009581165,17.801535937632913,43.238434163701065,45.69402918313044,28.039430449069002,21.180175246440307,20.180722891566266,20.386089813800655,19.249726177437022,18.619934282584886,18.578860898138007,17.319277108433734,10.402408978921434,10.852503127961631,16.493293183684642,15.898046789780409,61.5
whisfusion,,voxpopuli,main,main,20,400,7306,45.87,231,15.3075,24.131674999999994,1.0,en,28.49712565015056,29.30006034198773,21.434437448672323,21.32942783322561,24.637284423761294,24.114766536641326,21.981932658089242,21.71103662080735,20.47632083219272,21.003390534688382,20.43525869148645,20.46878265376514,20.29838488913222,20.70282992035405,18.86120996441281,19.89517763976567,18.313714754995893,19.21443863282537,18.231590473583356,19.09498958412314,17.45140980016425,17.236163531893197,44.42923624418286,47.30799117760478,,,,,,,,,,,,,
whisfusion,,voxpopuli,main,main,24,400,7306,45.87,231,18.0525,24.064284999999998,1.0,en,28.49712565015056,29.30006034198773,21.270188885847247,21.26401510754827,24.322474678346566,23.88606082953678,21.858746235970436,21.550665693389963,20.407883931015604,21.036016378552098,20.421571311251025,20.465301446232438,20.188885847248837,20.621894336881095,18.72433616205858,19.70306806281544,18.20421571311251,19.05828556599711,18.12209143169997,18.951220306909793,17.136600054749522,16.932971164905005,45.223104297837395,48.22838787669467,,,,,,,,,,,,,
whisfusion,,voxpopuli,main,main,32,400,7306,45.87,231,23.52,24.097495,1.0,en,28.49712565015056,29.30006034198773,21.105940323022175,20.99336983644406,24.281412537640296,23.588614449665837,21.379687927730632,21.113990974752724,20.106761565836297,20.637079835448173,19.98357514371749,20.10384019960133,19.79195182042157,19.95442749075434,18.683274021352315,19.58247414828193,18.10840405146455,18.712175493264148,18.05365453052286,18.61945554164714,16.61647960580345,16.367307109781844,46.290719956200384,49.23169732355187,28.039430449069002,20.386089813800655,19.52354874041621,19.263417305585982,18.838992332968235,18.277656078860897,18.22289156626506,16.004928806133627,9.499041883383521,10.076138364557625,15.398302764850808,14.797244467398492,58.75
whisper-small,,ami,main,beam,1,352,3195,18.19,16,1.0,0.0,1.0,en,50.39123630672926,287.3024666872588,50.39123630672926,287.3024666872588,50.39123630672926,287.3024666872588,50.39123630672926,287.3024666872588,50.39123630672926,287.3024666872588,50.39123630672926,287.3024666872588,50.39123630672926,287.3024666872588,50.39123630672926,287.3024666872588,50.39123630672926,287.3024666872588,50.39123630672926,287.3024666872588,50.39123630672926,287.3024666872588,50.39123630672926,287.3024666872588,46.94632942628007,46.94632942628007,46.94632942628007,46.94632942628007,52.652683528686,52.652683528686,52.652683528686,46.94632942628007,,,,,
whisper-small,,ami,main,beam,2,352,3195,18.19,16,1.4744318181818181,15.825235795454544,1.0,en,50.39123630672926,287.3024666872588,50.140845070422536,289.6732303932498,50.2660406885759,287.6964621501859,50.610328638497656,288.7196692763364,47.136150234741784,257.4999011971933,47.136150234741784,258.32618964990223,47.01095461658842,258.24610306981566,47.136150234741784,262.3048980104404,47.63693270735524,262.1251888266456,47.63693270735524,262.1251888266456,44.31924882629108,253.50957937765847,56.713615023474176,326.8603528866847,,,,,,,,,14.898278560250391,15.412998152862542,15.242566510172145,16.1349498123142,13.636363636363635
whisper-small,,ami,main,beam,3,352,3195,18.19,16,1.9545454545454546,17.98552556818182,1.0,en,50.39123630672926,287.3024666872588,50.29733959311424,291.8600218090708,50.54773082942097,288.40125636782597,50.67292644757433,288.7557269686441,46.69796557120501,257.5001081071025,46.9170579029734,259.4235010438227,46.72926447574335,258.25771370616036,46.948356807511736,261.4097699832166,47.35524256651017,261.6078460337016,47.69953051643193,262.0543548638014,42.660406885758995,250.5286686378756,63.22378716744914,365.0618423964737,,,,,,,,,,,,,
whisper-small,,ami,main,beam,4,352,3195,18.19,16,2.3863636363636362,18.910363636363638,1.0,en,50.39123630672926,287.3024666872588,50.641627543035995,293.05442115972016,50.57902973395931,287.8662184890381,50.70422535211268,288.8267496959168,46.85446009389671,259.1821539319106,46.82316118935837,259.6251012318977,46.82316118935837,259.46073434878076,46.791862284820034,262.16632600610785,47.01095461658842,261.6178839303407,47.136150234741784,261.81116726722615,41.7527386541471,248.08446038400825,65.32081377151799,371.04407753445093,,,,,,,,,12.832550860719875,12.84824007355048,13.27073552425665,13.676539299576984,12.215909090909092
whisper-small,,ami,main,beam,5,352,3195,18.19,16,2.8011363636363638,19.83831534090909,1.0,en,50.39123630672926,287.3024666872588,50.54773082942097,292.7703302506293,50.67292644757433,288.0184100474797,50.73552425665102,288.840277834445,46.666666666666664,257.68268890457307,46.9170579029734,259.0035588072862,46.85446009389671,258.8595438149256,47.0735524256651,261.3009022884114,47.23004694835681,261.63846715634674,47.51173708920188,262.4739711534461,40.93896713615023,245.36992665384952,67.19874804381847,375.2606599577095,,,,,,,,,,,,,
whisper-small,,ami,main,beam,6,352,3195,18.19,16,3.1704545454545454,20.55683806818182,1.0,en,50.39123630672926,287.3024666872588,50.57902973395931,293.05442115972016,50.82942097026604,288.09732418889377,50.798122065727696,288.8639520768692,46.666666666666664,257.612388075679,46.5414710485133,258.5058467119078,46.72926447574335,258.6463370936666,47.104851330203445,262.49532971663336,47.417840375586856,262.35747263259293,47.54303599374022,262.7600474882928,40.250391236306726,243.49896094690894,68.32550860719874,377.53225737527737,,,,,,,,,,,,,
whisper-small,,ami,main,beam,8,352,3195,18.19,16,3.8806818181818183,21.59483806818182,1.0,en,50.39123630672926,287.3024666872588,50.51643192488263,292.9833984324475,50.641627543035995,286.93491888586345,50.76682316118936,288.8504239383411,46.791862284820034,257.47986851083556,46.635367762128325,258.1778692823261,46.69796557120501,258.0258831686923,46.604068857589986,260.1091513139504,46.72926447574335,259.75363192471394,47.35524256651017,261.34358114213893,39.624413145539904,240.6259750898867,70.07824726134585,381.0975994901661,46.94632942628007,46.91548426896977,43.33744602097471,42.99814929056138,49.19802590993214,49.228871067242444,49.845774213448486,37.014188772362736,11.173708920187794,10.957040373199618,11.924882629107982,11.89440205433637,13.352272727272727
whisper-small,,ami,main,greedy,1,352,3195,18.19,16,1.0,0.0,1.0,en,19.93740219092332,25.65268246855626,19.93740219092332,25.65268246855626,19.93740219092332,25.65268246855626,19.93740219092332,25.65268246855626,19.93740219092332,25.65268246855626,19.93740219092332,25.65268246855626,19.93740219092332,25.65268246855626,19.93740219092332,25.65268246855626,19.93740219092332,25.65268246855626,19.93740219092332,25.65268246855626,19.93740219092332,25.65268246855626,19.93740219092332,25.65268246855626,14.929056138186304,14.929056138186304,14.929056138186304,14.929056138186304,22.362739049969154,22.362739049969154,22.362739049969154,14.929056138186304,,,,,
whisper-small,,ami,main,sample,1,352,3195,18.19,16,1.0,0.0,1.0,en,20.719874804381845,29.961195426889798,20.719874804381845,29.961195426889798,20.719874804381845,29.961195426889798,20.719874804381845,29.961195426889798,20.719874804381845,29.961195426889798,20.719874804381845,29.961195426889798,20.719874804381845,29.961195426889798,20.719874804381845,29.961195426889798,20.719874804381845,29.961195426889798,20.719874804381845,29.961195426889798,20.719874804381845,29.961195426889798,20.719874804381845,29.961195426889798,16.31708821714991,16.31708821714991,16.31708821714991,16.31708821714991,23.50400987045034,23.50400987045034,23.50400987045034,16.31708821714991,,,,,
whisper-small,,ami,main,sample,2,352,3195,18.19,16,1.4573863636363635,16.413985795454547,1.0,en,20.719874804381845,29.961195426889798,20.438184663536777,28.631825592457933,21.03286384976526,29.18147925875598,20.344287949921753,28.06736401237135,22.629107981220656,27.620821455245665,20.907668231611893,25.584164229221624,21.34585289514867,26.020491790549187,21.001564945226917,28.91997733240389,21.03286384976526,25.840842600475455,21.03286384976526,25.840842600475455,17.464788732394368,22.008683978402235,25.007824726134587,34.685047869614124,,,,,,,,,15.96244131455399,18.451441965530762,16.369327073552427,19.391309389773195,11.931818181818182
whisper-small,,ami,main,sample,3,352,3195,18.19,16,1.8181818181818181,17.10655681818182,1.0,en,20.719874804381845,29.961195426889798,19.968701095461658,30.549393545475485,20.657276995305164,26.337129789846088,20.219092331768387,30.405903039769072,20.344287949921753,23.583677736908434,19.561815336463223,24.177765053880346,19.968701095461658,23.842401483323997,20.187793427230048,25.31103975217444,20.25039123630673,24.710052770474768,20.5320813771518,25.444450795491974,15.68075117370892,18.842359326954973,28.10641627543036,41.881769556759565,,,,,,,,,,,,,
whisper-small,,ami,main,sample,4,352,3195,18.19,16,2.127840909090909,17.25515056818182,1.0,en,20.719874804381845,29.961195426889798,20.093896713615024,30.317790789014776,20.093896713615024,25.75866383642192,19.906103286384976,29.23228775038674,20.125195618153363,24.899113664912946,19.93740219092332,26.2946831153698,19.93740219092332,24.60886103003297,19.655712050078247,26.13914640995036,20.031298904538342,26.314423215159177,20.187793427230048,26.321442291382347,14.835680751173708,17.5036009386042,30.23474178403756,44.10471439446217,,,,,,,,,13.52112676056338,14.91875796309886,14.084507042253522,15.766785724478899,11.079545454545455
whisper-small,,ami,main,sample,5,352,3195,18.19,16,2.4176136363636362,17.346227272727273,1.0,en,20.719874804381845,29.961195426889798,19.843505477308295,30.16796851384958,19.968701095461658,25.275548930680003,19.812206572769952,29.13955012037437,19.874804381846637,23.809488182905582,19.843505477308295,24.17550293700998,19.906103286384976,24.07033716182522,19.49921752738654,24.546534977817213,19.718309859154928,24.399160244131178,19.874804381846637,25.019464397952245,14.585289514866979,17.23112877692749,31.486697965571206,46.102188284186006,,,,,,,,,,,,,
whisper-small,,ami,main,sample,6,352,3195,18.19,16,2.659090909090909,17.094514204545455,1.0,en,20.719874804381845,29.961195426889798,20.093896713615024,30.73367752555044,20.25039123630673,25.78669032183687,20.06259780907668,29.356924937860352,20.81377151799687,24.35522762171055,19.843505477308295,23.387582486385725,20.156494522691705,23.687045756696595,20.31298904538341,24.73446534347801,20.657276995305164,24.24208982530544,20.81377151799687,25.425395567652686,13.959311424100157,16.402695348314634,32.61345852895149,48.42199703902766,,,,,,,,,,,,,
whisper-small,,ami,main,sample,8,352,3195,18.19,16,3.116477272727273,17.162443181818183,1.0,en,20.719874804381845,29.961195426889798,19.593114241001565,28.839093549252944,20.156494522691705,25.167925858950802,20.25039123630673,30.74686538600205,19.780907668231613,24.03069998485223,19.780907668231613,23.94653886402745,19.843505477308295,23.58714111832783,19.4679186228482,23.876847656956837,20.0,24.19949564478224,20.0,24.51272528671087,13.395931142410015,15.864162443335337,34.178403755868544,51.4650715007689,,,,,,,,,12.206572769953052,13.299425757319113,12.895148669796557,13.991899356209824,9.943181818181818
whisper-small,,ami,main,sample,10,352,3195,18.19,16,3.559659090909091,17.104636363636363,1.0,en,20.719874804381845,29.961195426889798,19.624413145539908,28.930632136653685,20.125195618153363,26.081582772768613,19.968701095461658,28.936094635013916,19.624413145539908,23.189154298846315,19.812206572769952,24.08858431857291,19.655712050078247,23.251255276019062,19.248826291079812,22.895234560623344,19.74960876369327,23.713329191286235,19.843505477308295,24.1599733442636,12.582159624413146,14.658339703553617,35.80594679186228,55.441359437963456,,,,,,,,,,,,,
whisper-small,,ami,main,sample,12,352,3195,18.19,16,3.934659090909091,17.215454545454545,1.0,en,20.719874804381845,29.961195426889798,19.655712050078247,29.481261195095243,20.031298904538342,26.036726313438475,20.093896713615024,28.997380662582838,19.4679186228482,22.903291437624603,19.530516431924884,23.440436368204562,19.561815336463223,22.907569356675246,19.092331768388107,22.538581573624963,19.68701095461659,23.17738587656003,19.74960876369327,23.56617420869729,12.394366197183098,13.831056454395371,36.870109546165885,57.86654769019698,,,,,,,,,,,,,
whisper-small,,ami,main,sample,15,352,3195,18.19,16,4.4375,17.223008522727273,1.0,en,20.719874804381845,29.961195426889798,25.19561815336463,53.39110108914083,19.906103286384976,25.530435729022887,25.35211267605634,51.67777976715473,19.718309859154928,22.587988785124892,19.655712050078247,24.11106531882396,19.718309859154928,23.754328600612435,19.342723004694836,22.94305991681086,19.812206572769952,23.098283871216303,20.093896713615024,24.092419266973035,12.112676056338028,13.522776645436213,43.098591549295776,83.63763971951269,16.31708821714991,20.481184454040715,15.021591610117211,14.805675508945095,21.807526218383714,22.146822948797038,22.393584207279456,8.420727945712523,10.923317683881065,11.249899299574771,11.737089201877934,12.668956920504055,9.659090909090908
whisper-small,,ami,main,sample,16,352,3195,18.19,16,4.607954545454546,17.085559659090908,1.0,en,20.719874804381845,29.961195426889798,25.226917057902973,53.9356086648984,19.906103286384976,25.530435729022887,25.477308294209703,52.814143403518365,19.624413145539908,22.54103999527837,19.593114241001565,24.22643779357143,19.74960876369327,23.839127482286315,19.154929577464788,22.893380429631367,19.49921752738654,22.460263037882974,19.812206572769952,23.379547858078897,12.018779342723004,13.431461710371279,43.1924882629108,83.67817289214815,16.31708821714991,20.512029611351018,14.959901295496607,14.743985194324491,21.653300431832204,21.93090684762492,22.208513263417643,8.38988278840222,10.7981220657277,10.965808390483858,11.64319248826291,12.577641985439117,9.943181818181818
whisper-small,,common_voice,main,beam,1,147,1347,13.99,147,1.0,0.0,1.0,en,14.922048997772828,14.162975157873115,14.922048997772828,14.162975157873115,14.922048997772828,14.162975157873115,14.922048997772828,14.162975157873115,14.922048997772828,14.162975157873115,14.922048997772828,14.162975157873115,14.922048997772828,14.162975157873115,14.922048997772828,14.162975157873115,14.922048997772828,14.162975157873115,14.922048997772828,14.162975157873115,14.922048997772828,14.162975157873115,14.922048997772828,14.162975157873115,13.945086705202312,13.945086705202312,13.945086705202312,13.945086705202312,16.76300578034682,16.76300578034682,16.76300578034682,13.945086705202312,,,,,
whisper-small,,common_voice,main,beam,2,147,1347,13.99,147,1.4761904761904763,7.925,1.0,en,14.922048997772828,14.162975157873115,14.773570898292501,14.178753030793844,15.515961395694134,14.960675190267029,14.922048997772828,14.162975157873115,14.179658500371195,13.489181831018568,14.773570898292501,14.178753030793844,14.550853749072012,13.872630581814255,15.515961395694134,14.903968858050487,14.847809948032666,14.4681188048535,14.847809948032666,14.4681188048535,12.843355605048256,12.122600566478118,18.411284335560506,18.43610376773642,,,,,,,,,10.319227913882703,9.797544669993647,10.46770601336303,9.958164473470593,12.925170068027212
whisper-small,,common_voice,main,beam,3,147,1347,13.99,147,1.9727891156462585,8.915789115646259,1.0,en,14.922048997772828,14.162975157873115,14.476614699331849,13.797044791942751,15.590200445434299,15.022518109252802,14.922048997772828,14.162975157873115,14.996288047512992,14.227056956648793,14.625092798812176,13.753811381362402,14.847809948032666,13.966825880091186,14.847809948032666,13.987653502959624,15.070527097253155,14.307273414416272,15.219005196733482,14.763308309226678,11.58129175946548,10.771749980933654,20.415738678544916,20.785605173360274,,,,,,,,,,,,,
whisper-small,,common_voice,main,beam,4,147,1347,13.99,147,2.435374149659864,10.168795918367348,1.0,en,14.922048997772828,14.162975157873115,14.476614699331849,13.713318993931239,15.664439495174461,15.0711089741702,14.922048997772828,14.162975157873115,14.773570898292501,14.024570478652109,14.773570898292501,13.94223595754208,14.847809948032666,14.082609567303445,15.070527097253155,14.25845413090311,14.773570898292501,13.958818014940464,15.144766146993318,14.661250503087237,10.987379361544173,10.148842087617599,22.642910170749815,23.567079179324075,,,,,,,,,8.834446919079436,8.223311080453936,9.131403118040089,8.479762867517966,10.204081632653061
whisper-small,,common_voice,main,beam,5,147,1347,13.99,147,2.8435374149659864,10.630925170068027,1.0,en,14.922048997772828,14.162975157873115,14.25389755011136,13.56754639917905,15.738678544914626,15.132951893155974,14.922048997772828,14.162975157873115,15.219005196733482,14.429003536146395,14.699331848552339,13.920640017578792,14.996288047512992,14.208135968340052,14.996288047512992,14.1434387607857,15.070527097253155,14.38429956287099,15.515961395694134,15.100703340499258,10.838901262063846,10.032224011815849,24.276169265033406,25.19817672878897,,,,,,,,,,,,,
whisper-small,,common_voice,main,beam,6,147,1347,13.99,147,3.2312925170068025,11.419469387755102,1.0,en,14.922048997772828,14.162975157873115,14.328136599851522,13.70360082094776,15.812917594654788,15.269006314924683,14.922048997772828,14.162975157873115,14.625092798812176,13.65073984971944,14.402375649591685,13.560257769441442,14.625092798812176,13.71982231676109,15.070527097253155,14.277358129398948,14.773570898292501,13.951823875293263,14.996288047512992,14.372944704577357,10.616184112843355,9.878975899384065,25.612472160356347,27.389649277404377,,,,,,,,,,,,,
whisper-small,,common_voice,main,beam,8,147,1347,13.99,147,3.9863945578231292,12.342190476190476,1.0,en,14.922048997772828,14.162975157873115,14.699331848552339,14.087925490986716,16.035634743875278,15.425992186196266,15.144766146993318,14.319961029144704,15.070527097253155,14.202540656622286,14.699331848552339,13.821863133087623,15.144766146993318,14.3107657648474,15.219005196733482,14.339512528288036,15.293244246473645,14.667729285076222,15.367483296213809,14.906229447045774,10.319227913882703,9.543200563608726,27.097253155159613,28.740787745889783,13.945086705202312,13.728323699421965,14.017341040462428,13.728323699421965,17.052023121387283,16.979768786127167,16.90751445086705,9.971098265895954,8.166295471417966,7.5944123903307545,8.611729769858945,7.994477178150644,10.204081632653061
whisper-small,,common_voice,main,greedy,1,147,1347,13.99,147,1.0,0.0,1.0,en,16.184112843355607,15.471966619925803,16.184112843355607,15.471966619925803,16.184112843355607,15.471966619925803,16.184112843355607,15.471966619925803,16.184112843355607,15.471966619925803,16.184112843355607,15.471966619925803,16.184112843355607,15.471966619925803,16.184112843355607,15.471966619925803,16.184112843355607,15.471966619925803,16.184112843355607,15.471966619925803,16.184112843355607,15.471966619925803,16.184112843355607,15.471966619925803,15.31791907514451,15.31791907514451,15.31791907514451,15.31791907514451,17.91907514450867,17.91907514450867,17.91907514450867,15.31791907514451,,,,,
whisper-small,,common_voice,main,sample,1,147,1347,13.99,147,1.0,0.0,1.0,en,17.446176688938383,16.61005094678564,17.446176688938383,16.61005094678564,17.446176688938383,16.61005094678564,17.446176688938383,16.61005094678564,17.446176688938383,16.61005094678564,17.446176688938383,16.61005094678564,17.446176688938383,16.61005094678564,17.446176688938383,16.61005094678564,17.446176688938383,16.61005094678564,17.446176688938383,16.61005094678564,17.446176688938383,16.61005094678564,17.446176688938383,16.61005094678564,16.329479768786126,16.329479768786126,16.329479768786126,16.329479768786126,18.786127167630056,18.786127167630056,18.786127167630056,16.329479768786126,,,,,
whisper-small,,common_voice,main,sample,2,147,1347,13.99,147,1.5238095238095237,12.494612244897958,1.0,en,17.446176688938383,16.61005094678564,16.481069042316257,15.803132997010547,17.520415738678544,16.69403914301873,16.852264291017075,16.10682590274427,17.59465478841871,16.880736421552747,16.70378619153675,15.9651025467352,16.629547141796586,15.859282440915093,18.114328136599852,17.369442726585582,15.664439495174461,15.127830408442655,15.664439495174461,15.127830408442655,15.144766146993318,14.436306324061423,21.306607275426874,20.620947457682153,,,,,,,,,11.804008908685969,11.547748358972846,12.991833704528583,12.529966254456044,21.768707482993197
whisper-small,,common_voice,main,sample,3,147,1347,13.99,147,1.9251700680272108,11.893367346938778,1.0,en,17.446176688938383,16.61005094678564,16.258351893095767,15.670438782683679,16.92650334075724,16.12921470064327,16.184112843355607,15.590388447531305,17.074981440237565,16.578410251879642,16.109873793615442,15.600941009104272,16.406829992576096,15.87871878688205,16.77802524127691,16.17389130144232,16.406829992576096,16.021750358485047,16.406829992576096,16.15780478025376,14.179658500371195,13.622924694353266,23.236822568671123,22.885950028807173,,,,,,,,,,,,,
whisper-small,,common_voice,main,sample,4,147,1347,13.99,147,2.2789115646258504,11.806619047619046,1.0,en,17.446176688938383,16.61005094678564,15.887156644394953,15.447031237847565,16.852264291017075,16.29181004181004,16.035634743875278,15.616414009271152,16.406829992576096,16.028871921729067,15.887156644394953,15.42933917933918,16.035634743875278,15.553025017310732,16.70378619153675,16.277257323175693,15.590200445434299,15.21332125923963,15.441722345953972,15.04429149837313,13.214550853749072,12.774265605898258,24.424647364513735,24.19472062329205,,,,,,,,,10.541945063103192,10.366892178116666,11.58129175946548,11.270689816608181,15.646258503401361
whisper-small,,common_voice,main,sample,5,147,1347,13.99,147,2.5850340136054424,11.639238095238094,1.0,en,17.446176688938383,16.61005094678564,15.293244246473645,14.797189771679568,17.297698589458054,16.574633794021548,16.035634743875278,15.533465967139435,16.406829992576096,15.976173297601868,15.590200445434299,15.139364603650316,15.961395694135115,15.554571090285375,15.887156644394953,15.335330769004235,15.515961395694134,15.094788997850223,15.441722345953972,15.038099655446594,12.620638455827766,12.185727160216956,25.463994060876022,25.197884126455556,,,,,,,,,,,,,
whisper-small,,common_voice,main,sample,6,147,1347,13.99,147,2.891156462585034,11.863999999999999,1.0,en,17.446176688938383,16.61005094678564,15.367483296213809,14.928115157706992,16.77802524127691,16.03851458443295,15.738678544914626,15.188200876976389,15.664439495174461,15.273740809455095,15.441722345953972,14.958253198049116,15.219005196733482,14.831107101515261,15.441722345953972,14.881055263708326,15.441722345953972,14.946382982097267,15.590200445434299,15.19894504588382,11.878247958426131,11.430990589153854,26.651818856718634,26.238943407310757,,,,,,,,,,,,,
whisper-small,,common_voice,main,sample,8,147,1347,13.99,147,3.36734693877551,11.617714285714285,1.0,en,17.446176688938383,16.61005094678564,14.996288047512992,14.383087622883542,16.33259094283593,15.775314066130392,15.367483296213809,14.602950903971312,15.590200445434299,15.024889132031987,15.144766146993318,14.580864147190676,15.219005196733482,14.551439678990699,15.293244246473645,14.666936427140506,14.996288047512992,14.397424193342562,14.847809948032666,14.284602396847292,11.061618411284336,10.574171671110445,27.46844840386043,27.167380050033106,,,,,,,,,9.279881217520416,8.904552552511733,10.170749814402376,9.71816260081566,13.60544217687075
whisper-small,,common_voice,main,sample,10,147,1347,13.99,147,3.877551020408163,11.551884353741496,1.0,en,17.446176688938383,16.61005094678564,14.773570898292501,14.16388883225618,16.33259094283593,15.771576307290594,15.144766146993318,14.461227547962242,15.441722345953972,14.877766791032096,14.847809948032666,14.181290176188135,14.847809948032666,14.253415707497341,15.367483296213809,14.82348245103347,14.625092798812176,14.07545308055512,14.847809948032666,14.233380942564617,10.541945063103192,10.175456629538262,27.765404602821082,27.511253863294684,,,,,,,,,,,,,
whisper-small,,common_voice,main,sample,12,147,1347,13.99,147,4.299319727891157,11.591714285714286,1.0,en,17.446176688938383,16.61005094678564,14.996288047512992,14.251867746765704,16.406829992576096,15.776435393782332,15.219005196733482,14.432588386670018,15.219005196733482,14.637445887445889,14.550853749072012,13.968815575958432,14.773570898292501,14.317369138797709,15.293244246473645,14.703109626579014,14.625092798812176,14.006726455706048,15.070527097253155,14.511065276371399,10.096510764662213,9.706554783085394,29.101707498144023,28.76408833041486,,,,,,,,,,,,,
whisper-small,,common_voice,main,sample,15,147,1347,13.99,147,5.0,11.76826530612245,1.0,en,17.446176688938383,16.61005094678564,14.699331848552339,14.005175663338928,16.55530809205642,15.883131418845704,14.996288047512992,14.147023611309326,15.961395694135115,15.398457362743075,14.328136599851522,13.790919020510856,15.293244246473645,14.673972097441485,15.515961395694134,14.8488822213312,14.847809948032666,14.2566796393327,15.070527097253155,14.471922635187942,9.428359317000742,8.98398370337146,30.438010393466964,30.09711282670466,16.329479768786126,13.800578034682081,15.028901734104046,13.294797687861271,17.196531791907514,16.76300578034682,17.1242774566474,9.104046242774567,7.572383073496659,7.300074264359975,8.834446919079436,8.447054646034236,13.60544217687075
whisper-small,,common_voice,main,sample,16,147,1347,13.99,147,5.204081632653061,11.765619047619046,1.0,en,17.446176688938383,16.61005094678564,14.996288047512992,14.218850877014141,16.70378619153675,15.904062868348582,15.219005196733482,14.30400948258091,15.812917594654788,15.179798470614795,14.699331848552339,14.152651014895913,15.367483296213809,14.779252304762508,15.515961395694134,14.840472263941654,14.773570898292501,14.187842580699723,14.922048997772828,14.313690844303087,9.428359317000742,8.98398370337146,30.80920564216778,30.52678897066652,16.329479768786126,14.017341040462428,14.884393063583815,13.65606936416185,17.196531791907514,16.690751445086704,16.979768786127167,9.104046242774567,7.572383073496659,7.300074264359975,8.834446919079436,8.447054646034236,13.60544217687075
whisper-small,,earnings22,main,beam,1,200,3261,20.89,6,1.0,0.0,1.0,en,17.26464274762343,21.201194084930563,17.26464274762343,21.201194084930563,17.26464274762343,21.201194084930563,17.26464274762343,21.201194084930563,17.26464274762343,21.201194084930563,17.26464274762343,21.201194084930563,17.26464274762343,21.201194084930563,17.26464274762343,21.201194084930563,17.26464274762343,21.201194084930563,17.26464274762343,21.201194084930563,17.26464274762343,21.201194084930563,17.26464274762343,21.201194084930563,12.877138413685847,12.877138413685847,12.877138413685847,12.877138413685847,17.325038880248833,17.325038880248833,17.325038880248833,12.877138413685847,,,,,
whisper-small,,earnings22,main,beam,2,200,3261,20.89,6,1.575,8.48972,1.0,en,17.26464274762343,21.201194084930563,17.693958908310336,21.79673014730873,17.969947868751916,22.338785775647253,17.571297148114077,21.49358225231873,18.061944188899112,21.9404141065984,18.000613308800983,22.21502761781208,17.969947868751916,21.787840754025048,17.908616988653787,22.365144384311897,17.939282428702853,23.00544261726546,17.939282428702853,23.00544261726546,15.639374425022998,19.336096731493726,20.055197792088318,26.467117370037585,,,,,,,,,12.726157620361851,12.189320533890987,13.0328120208525,12.477282834580148,27.0
whisper-small,,earnings22,main,beam,3,200,3261,20.89,6,2.075,8.998505,1.0,en,17.26464274762343,21.201194084930563,17.509966268015948,21.56880436780787,17.939282428702853,22.31759908190621,17.54063170806501,21.429377706864184,17.632628028212206,21.09825570499047,17.785955228457528,21.462139046737594,17.785955228457528,21.14402290075767,17.509966268015948,21.335689567424335,17.785955228457528,22.060412042804707,17.755289788408465,21.686113244043664,14.136767862618829,16.497366439360796,21.527138914443423,28.42946871664223,,,,,,,,,,,,,
whisper-small,,earnings22,main,beam,4,200,3261,20.89,6,2.53,9.502175,1.0,en,17.26464274762343,21.201194084930563,17.66329346826127,21.66339216305356,18.000613308800983,22.33232004721541,17.509966268015948,21.366877706864184,17.755289788408465,21.537747160015044,17.7246243483594,21.824209632191465,17.60196258816314,21.417172153190037,17.632628028212206,22.16933508435112,17.448635387917818,22.157149187513685,17.693958908310336,22.332175642540143,13.768782582030052,15.889303683679238,22.63109475620975,31.063065788284433,,,,,,,,,11.131554737810488,10.287795061638194,11.622201778595523,10.829477226341336,26.0
whisper-small,,earnings22,main,beam,5,200,3261,20.89,6,3.03,10.3758,1.0,en,17.26464274762343,21.201194084930563,17.60196258816314,21.437066405477808,18.092609628948175,22.405309177650196,17.54063170806501,21.398127706864184,17.755289788408465,22.14216822095911,17.54063170806501,21.853190698765474,17.60196258816314,21.486823565614458,17.66329346826127,22.31240916422637,17.38730450781969,21.946304047048272,17.41796994786875,21.083510442710548,13.0328120208525,15.158640437172673,23.551057957681692,32.47276765043195,,,,,,,,,,,,,
whisper-small,,earnings22,main,beam,6,200,3261,20.89,6,3.45,10.825715,1.0,en,17.26464274762343,21.201194084930563,17.7246243483594,21.621361277272676,18.153940509046304,22.506270716111736,17.571297148114077,21.453634699871177,17.54063170806501,21.295868170882734,17.632628028212206,21.283319720834285,17.785955228457528,21.372053097067663,17.32597362772156,21.725419857707564,17.32597362772156,21.012989932707978,17.41796994786875,21.22739385598591,12.634161300214657,14.27524711562146,24.225697638761115,33.903656206320505,,,,,,,,,,,,,
whisper-small,,earnings22,main,beam,8,200,3261,20.89,6,4.32,11.587914999999999,1.0,en,17.26464274762343,21.201194084930563,17.509966268015948,21.250218818199183,18.092609628948175,22.45206617065719,17.632628028212206,21.478199311504753,17.26464274762343,20.80174410567708,17.2033118675253,20.261979129367983,17.233977307574364,20.7602386476275,17.32597362772156,21.485886546085837,16.89665746703465,20.38202431567995,16.927322907083717,20.20813591262646,12.082183379331493,13.376168851922046,25.605642440969028,36.378537376492346,12.877138413685847,12.690513219284604,12.846034214618973,12.566096423017107,17.480559875583204,17.23172628304821,17.23172628304821,8.273716951788492,9.72094449555351,8.922300520559055,10.579576816927323,9.803459363554662,22.5
whisper-small,,earnings22,main,greedy,1,200,3261,20.89,6,1.0,0.0,1.0,en,18.491260349586017,21.212883251068092,18.491260349586017,21.212883251068092,18.491260349586017,21.212883251068092,18.491260349586017,21.212883251068092,18.491260349586017,21.212883251068092,18.491260349586017,21.212883251068092,18.491260349586017,21.212883251068092,18.491260349586017,21.212883251068092,18.491260349586017,21.212883251068092,18.491260349586017,21.212883251068092,18.491260349586017,21.212883251068092,18.491260349586017,21.212883251068092,14.183514774494556,14.183514774494556,14.183514774494556,14.183514774494556,18.506998444790046,18.506998444790046,18.506998444790046,14.183514774494556,,,,,
whisper-small,,earnings22,main,sample,1,200,3261,20.89,6,1.0,0.0,1.0,en,23.704385157927018,33.34107214836432,23.704385157927018,33.34107214836432,23.704385157927018,33.34107214836432,23.704385157927018,33.34107214836432,23.704385157927018,33.34107214836432,23.704385157927018,33.34107214836432,23.704385157927018,33.34107214836432,23.704385157927018,33.34107214836432,23.704385157927018,33.34107214836432,23.704385157927018,33.34107214836432,23.704385157927018,33.34107214836432,23.704385157927018,33.34107214836432,19.68895800933126,19.68895800933126,19.68895800933126,19.68895800933126,23.203732503888023,23.203732503888023,23.203732503888023,19.68895800933126,,,,,
whisper-small,,earnings22,main,sample,2,200,3261,20.89,6,1.67,16.506765,1.0,en,23.704385157927018,33.34107214836432,20.116528672186448,23.13532244562365,20.699172033118675,23.82672371947058,20.14719411223551,23.07172354452475,22.75375651640601,24.707130201876218,21.649800674639682,23.55003551033672,21.8951241950322,23.768133233296865,22.87641827660227,25.94297230156199,21.404477154247164,23.965678064557633,21.404477154247164,23.965678064557633,18.613922109782276,21.1914313106964,26.92425636307881,38.23945397272726,,,,,,,,,15.486047224777675,16.896697108885665,16.467341306347745,17.9548440508813,31.0
whisper-small,,earnings22,main,sample,3,200,3261,20.89,6,2.26,16.77624,1.0,en,23.704385157927018,33.34107214836432,18.52192578963508,21.249063499872342,19.411223551057958,21.891106360393465,18.70591842992947,20.801612339921185,21.649800674639682,24.120388368493234,20.72983747316774,22.71121662452547,21.25114995400184,23.357285304720836,21.281815394050906,23.78321091637013,20.545844832873353,22.572645049488475,20.607175712971483,23.01945870095329,15.884697945415517,17.23455447579721,28.88684452621895,40.99213440910265,,,,,,,,,,,,,
whisper-small,,earnings22,main,sample,4,200,3261,20.89,6,2.74,16.418094999999997,1.0,en,23.704385157927018,33.34107214836432,18.276602269242563,21.502120047727654,19.717877951548605,23.593062860953076,18.491260349586017,21.788722772488274,20.392517632628028,21.918602508901817,20.3311867525299,22.343424920185775,20.453848512726157,22.00946770093444,19.932536031892056,21.65523670052393,19.871205151793927,21.37546353503916,19.932536031892056,21.298695858271483,14.964734743943575,16.0682419782944,29.92946948788715,42.7937281100893,,,,,,,,,12.020852499233364,12.681139747709427,13.431462741490341,14.08465543846002,27.500000000000004
whisper-small,,earnings22,main,sample,5,200,3261,20.89,6,3.27,16.989535,1.0,en,23.704385157927018,33.34107214836432,17.2033118675253,20.535255666735786,19.22723091076357,23.249118428192855,17.295308187672493,20.748277965102677,21.281815394050906,22.268940828681394,20.72983747316774,22.93963076685602,21.159153633854647,22.421162678039465,20.699172033118675,21.395788542371214,20.760502913216804,22.36687454495086,20.760502913216804,21.879493380363808,14.106102422569764,15.197981387706797,32.474701011959525,45.15741574019944,,,,,,,,,,,,,
whisper-small,,earnings22,main,sample,6,200,3261,20.89,6,3.735,16.554005,1.0,en,23.704385157927018,33.34107214836432,17.141980987427168,20.452685459165576,19.840539711744864,23.69581791239234,17.47930082796688,20.95775681958153,21.680466114688745,23.995478176663706,20.300521312480836,22.311600798887973,21.527138914443423,23.469482675895065,21.159153633854647,22.826428459754084,20.883164673413063,22.31284582206154,20.944495553511192,22.216061439552007,13.646120821833794,14.54587431853076,33.2720024532352,46.48707489683228,,,,,,,,,,,,,
whisper-small,,earnings22,main,sample,8,200,3261,20.89,6,4.5,16.179265,1.0,en,23.704385157927018,33.34107214836432,16.927322907083717,20.2752558760781,19.16590003066544,23.18391394245061,17.26464274762343,20.66752688043855,21.864458754983133,23.757259787873632,20.72983747316774,22.566456077847448,21.588469794541552,23.307121889279852,21.159153633854647,22.598888797433677,21.159153633854647,23.06809072622135,21.00582643360932,22.475086038298862,13.09414290095063,13.714133978043543,35.111928856179084,49.06825061558297,,,,,,,,,10.303587856485741,10.292887606734382,11.990187059184299,11.99104358865097,26.0
whisper-small,,earnings22,main,sample,10,200,3261,20.89,6,5.215,16.178250000000002,1.0,en,23.704385157927018,33.34107214836432,17.049984667279976,20.341816975797094,19.2885617908617,23.2564097336964,17.47930082796688,20.971504153165824,21.680466114688745,23.52356021946818,20.91383011346213,22.23284075798213,21.036491873658388,22.533501184300448,21.097822753756517,22.910368570998365,21.00582643360932,23.015583477774165,20.97516099356026,22.82421170355356,12.695492180312787,13.169152878629525,36.18521925789635,50.38807649320297,,,,,,,,,,,,,
whisper-small,,earnings22,main,sample,12,200,3261,20.89,6,5.93,16.326215,1.0,en,23.704385157927018,33.34107214836432,17.111315547378105,20.568221414270496,19.62588163140141,23.708640835927504,17.47930082796688,21.127595330021613,22.324440355719105,24.144527770435733,19.993866911990185,22.072535569455525,21.619135234590615,22.999370731419994,21.619135234590615,23.111023434392997,21.77246243483594,23.507029161719853,21.435142594296227,22.742465094899053,12.082183379331493,12.481519790996437,37.59582950015333,52.19995291339835,,,,,,,,,,,,,
whisper-small,,earnings22,main,sample,15,200,3261,20.89,6,6.81,16.022380000000002,1.0,en,23.704385157927018,33.34107214836432,17.049984667279976,20.48011267127045,19.411223551057958,23.52474049713586,17.448635387917818,21.094762561047542,21.925789635081262,23.501218233968302,20.484513952775224,22.382392625197042,21.159153633854647,23.01440827037058,21.220484513952776,22.549781674091804,21.343146274149035,22.94980044258324,21.343146274149035,22.55180956893447,11.898190739037105,12.240158328870358,38.88377798221404,53.95567091859004,19.68895800933126,12.721617418351478,18.195956454121305,16.329704510108865,21.39968895800933,21.586314152410576,21.555209953343702,8.242612752721618,8.954308494326893,8.891472741009075,10.88623121741797,10.84367766084557,26.0
whisper-small,,earnings22,main,sample,16,200,3261,20.89,6,7.13,15.898674999999999,1.0,en,23.704385157927018,33.34107214836432,17.172646427476234,20.593928135085914,19.472554431156087,23.55504352743889,17.448635387917818,21.110363739148724,21.98712051517939,23.556399602307565,20.545844832873353,22.409291165253475,20.607175712971483,22.037465768428078,21.18981907390371,22.544560766789857,21.220484513952776,22.772691741845506,21.159153633854647,22.34309407343205,11.80619441888991,12.17292348038551,39.74241030358785,54.55398741690654,19.68895800933126,12.721617418351478,18.16485225505443,16.45412130637636,21.275272161741835,21.39968895800933,21.368584758942458,8.211508553654744,8.954308494326893,8.891472741009075,10.88623121741797,10.850622105290014,25.5
whisper-small,,fleurs-en,main,beam,1,200,4330,32.52,168,1.0,0.0,1.0,en,6.882217090069284,7.201515063979145,6.882217090069284,7.201515063979145,6.882217090069284,7.201515063979145,6.882217090069284,7.201515063979145,6.882217090069284,7.201515063979145,6.882217090069284,7.201515063979145,6.882217090069284,7.201515063979145,6.882217090069284,7.201515063979145,6.882217090069284,7.201515063979145,6.882217090069284,7.201515063979145,6.882217090069284,7.201515063979145,6.882217090069284,7.201515063979145,8.026131591227252,8.026131591227252,8.026131591227252,8.026131591227252,9.799346710219318,9.799346710219318,9.799346710219318,8.026131591227252,,,,,
whisper-small,,fleurs-en,main,beam,2,200,4330,32.52,168,1.375,2.6962400000000004,1.0,en,6.882217090069284,7.201515063979145,6.905311778290993,7.252185204770253,6.951501154734411,7.1688534853616845,6.928406466512702,7.248051860515941,6.720554272517321,6.97927255552974,6.628175519630485,6.922430763808916,6.697459584295612,7.008694500072651,6.997690531177829,7.3105092770334235,6.951501154734411,7.1810412354964175,6.951501154734411,7.1810412354964175,6.166281755196305,6.283220026146166,7.967667436489608,8.39116770121956,,,,,,,,,5.011547344110855,5.140559662870237,5.080831408775982,5.216822289132863,17.5
whisper-small,,fleurs-en,main,beam,3,200,4330,32.52,168,1.79,3.370665,1.0,en,6.882217090069284,7.201515063979145,6.97459584295612,7.294980903694985,6.97459584295612,7.196631263139462,6.928406466512702,7.248051860515941,6.97459584295612,7.144386330652594,6.859122401847575,7.046184532450796,6.97459584295612,7.144386330652594,6.951501154734411,7.125155561421826,6.997690531177829,7.187662257624174,6.928406466512702,7.099364712257662,5.750577367205543,5.781982644542306,9.099307159353348,9.697756065669196,,,,,,,,,,,,,
whisper-small,,fleurs-en,main,beam,4,200,4330,32.52,168,2.145,3.7099649999999995,1.0,en,6.882217090069284,7.201515063979145,6.951501154734411,7.27712376083784,6.951501154734411,7.177400493908692,6.928406466512702,7.248051860515941,6.812933025404157,7.060269133889402,6.812933025404157,7.095904738706041,6.789838337182448,7.038761881563184,7.043879907621247,7.355661782480048,6.97459584295612,7.201226364377199,6.997690531177829,7.250177413328247,5.612009237875289,5.645258272699132,9.861431870669746,10.583255944567615,,,,,,,,,4.4110854503464205,4.455037626568803,4.66512702078522,4.707126759716672,18.0
whisper-small,,fleurs-en,main,beam,5,200,4330,32.52,168,2.505,4.1513,1.0,en,6.882217090069284,7.201515063979145,6.97459584295612,7.330860048445096,7.020785219399538,7.220349280015373,6.951501154734411,7.268959865294914,6.997690531177829,7.193852504541737,6.766743648960739,6.997326868661917,7.020785219399538,7.211093883852082,6.928406466512702,7.137533823223058,6.97459584295612,7.24336200651284,7.043879907621247,7.311388484345353,5.311778290993072,5.319524746965606,10.48498845265589,11.294546752205935,,,,,,,,,,,,,
whisper-small,,fleurs-en,main,beam,6,200,4330,32.52,168,2.89,4.5759050000000006,1.0,en,6.882217090069284,7.201515063979145,6.997690531177829,7.362110048445096,7.066974595842956,7.287015946682039,6.97459584295612,7.285088897552979,6.812933025404157,7.001667402062519,6.789838337182448,7.049383861847942,6.928406466512702,7.1668164292805105,6.97459584295612,7.253213078608193,6.905311778290993,7.085352350626499,6.951501154734411,7.11642038120451,5.173210161662817,5.108183800330543,11.247113163972287,12.116674105193189,,,,,,,,,,,,,
whisper-small,,fleurs-en,main,beam,8,200,4330,32.52,168,3.535,4.96631,1.0,en,6.882217090069284,7.201515063979145,6.951501154734411,7.306554492889542,7.066974595842956,7.287015946682039,6.97459584295612,7.285088897552979,6.951501154734411,7.194075432628442,6.859122401847575,7.1540458665099464,6.97459584295612,7.2564295938936745,6.997690531177829,7.308955275479423,7.043879907621247,7.319685614940244,7.020785219399538,7.364360652546317,4.89607390300231,4.82838278027217,11.939953810623557,12.836639252033041,8.026131591227252,7.932804479701353,8.096126924871676,8.096126924871676,9.869342043863742,9.916005599626692,9.892673821745216,6.346243583761082,3.856812933025404,3.8342146926944003,4.272517321016166,4.238109400441961,15.5
whisper-small,,fleurs-en,main,greedy,1,200,4330,32.52,168,1.0,0.0,1.0,en,7.713625866050808,7.878921123345281,7.713625866050808,7.878921123345281,7.713625866050808,7.878921123345281,7.713625866050808,7.878921123345281,7.713625866050808,7.878921123345281,7.713625866050808,7.878921123345281,7.713625866050808,7.878921123345281,7.713625866050808,7.878921123345281,7.713625866050808,7.878921123345281,7.713625866050808,7.878921123345281,7.713625866050808,7.878921123345281,7.713625866050808,7.878921123345281,8.912739150723285,8.912739150723285,8.912739150723285,8.912739150723285,10.662622491833877,10.662622491833877,10.662622491833877,8.912739150723285,,,,,
whisper-small,,fleurs-en,main,sample,1,200,4330,32.52,168,1.0,0.0,1.0,en,8.244803695150116,8.307006724432304,8.244803695150116,8.307006724432304,8.244803695150116,8.307006724432304,8.244803695150116,8.307006724432304,8.244803695150116,8.307006724432304,8.244803695150116,8.307006724432304,8.244803695150116,8.307006724432304,8.244803695150116,8.307006724432304,8.244803695150116,8.307006724432304,8.244803695150116,8.307006724432304,8.244803695150116,8.307006724432304,8.244803695150116,8.307006724432304,9.49603359776015,9.49603359776015,9.49603359776015,9.49603359776015,11.222585160989267,11.222585160989267,11.222585160989267,9.49603359776015,,,,,
whisper-small,,fleurs-en,main,sample,2,200,4330,32.52,168,1.495,4.80404,1.0,en,8.244803695150116,8.307006724432304,7.713625866050808,7.954904081304688,7.736720554272518,7.9551491595538,7.644341801385681,7.8424251250757315,8.175519630484988,8.175937061097706,7.967667436489608,8.15055935195996,7.852193995381063,8.00084795224856,8.406466512702078,8.498836764560494,7.644341801385681,7.727849087716552,7.644341801385681,7.727849087716552,6.720554272517321,6.792943512969347,9.376443418013857,9.554328586720906,,,,,,,,,5.381062355658199,5.512106972111792,5.842956120092379,5.898483995688381,19.5
whisper-small,,fleurs-en,main,sample,3,200,4330,32.52,168,1.875,4.9667900000000005,1.0,en,8.244803695150116,8.307006724432304,7.575057736720554,7.891081623191433,8.198614318706698,8.293476555896433,7.459584295612009,7.772156742197586,8.429561200923787,8.43082096583085,8.337182448036952,8.336909883792835,8.267898383371824,8.28744683038775,8.290993071593533,8.322505499317387,8.152424942263279,8.178808061748981,8.129330254041571,8.161714044654964,6.374133949191686,6.416647558806277,10.785219399538105,10.916783279655139,,,,,,,,,,,,,
whisper-small,,fleurs-en,main,sample,4,200,4330,32.52,168,2.245,5.16515,1.0,en,8.244803695150116,8.307006724432304,7.575057736720554,7.812174200906546,8.221709006928407,8.260502386866229,7.528868360277136,7.813920315583697,7.7829099307159355,7.886402409394873,7.598152424942263,7.815225216896872,7.621247113163972,7.827480118857657,7.852193995381063,8.013507742661815,7.7829099307159355,7.967930770871052,7.759815242494226,7.938598991539275,5.935334872979214,5.947689876132658,11.801385681293302,12.013053140002611,,,,,,,,,4.711316397228638,4.782035662526396,5.196304849884527,5.218220969606922,18.0
whisper-small,,fleurs-en,main,sample,5,200,4330,32.52,168,2.55,5.1353849999999985,1.0,en,8.244803695150116,8.307006724432304,7.390300230946882,7.650018839876964,8.152424942263279,8.216906844869154,7.297921478060046,7.595307523096681,8.244803695150116,8.18281150595847,7.6674364896073905,7.73618199925403,8.129330254041571,8.156992164010095,8.106235565819862,8.098924454167538,8.083140877598153,8.116831577615459,8.221709006928407,8.185654201235844,5.704387990762124,5.674933503136516,12.355658198614318,12.528772072354608,,,,,,,,,,,,,
whisper-small,,fleurs-en,main,sample,6,200,4330,32.52,168,2.825,5.1786,1.0,en,8.244803695150116,8.307006724432304,7.390300230946882,7.653617739577741,8.013856812933025,8.052304714972905,7.182448036951501,7.470477287972329,8.244803695150116,8.174212653698564,8.106235565819862,8.108971959019183,8.175519630484988,8.183675671747743,8.175519630484988,8.189959758616176,8.036951501154734,8.05656331379116,8.152424942263279,8.242233445746123,5.404157043879907,5.381323239878588,12.655889145496536,12.848602286942883,,,,,,,,,,,,,
whisper-small,,fleurs-en,main,sample,8,200,4330,32.52,168,3.4,5.1885200000000005,1.0,en,8.244803695150116,8.307006724432304,7.321016166281755,7.638523730608959,8.083140877598153,8.120476209919248,7.321016166281755,7.631801748886977,7.759815242494226,7.939305261927418,7.528868360277136,7.74538773691569,7.575057736720554,7.7896345670835725,7.7829099307159355,8.038248310533206,7.575057736720554,7.766159019105679,7.621247113163972,7.799999890877585,5.173210161662817,5.184620545643,13.23325635103926,13.434789800098745,,,,,,,,,3.879907621247113,3.9474499752281984,4.572748267898383,4.594100653066277,18.5
whisper-small,,fleurs-en,main,sample,10,200,4330,32.52,168,3.89,5.1951350000000005,1.0,en,8.244803695150116,8.307006724432304,7.344110854503464,7.6632184803037084,8.036951501154734,8.073337063459219,7.2517321016166285,7.523163165248394,8.221709006928407,8.224243460547484,8.106235565819862,8.117816764834735,8.060046189376443,8.08044903996701,8.106235565819862,8.170633898066955,8.036951501154734,8.081963558283531,8.060046189376443,8.142571353266327,5.080831408775982,5.101704993058329,13.625866050808314,13.879718678597602,,,,,,,,,,,,,
whisper-small,,fleurs-en,main,sample,12,200,4330,32.52,168,4.375,5.25541,1.0,en,8.244803695150116,8.307006724432304,7.321016166281755,7.611472448557677,8.083140877598153,8.129761815178089,7.2517321016166285,7.527142029521375,8.175519630484988,8.216017020546197,7.967667436489608,7.997113322167347,8.083140877598153,8.125945776430836,8.106235565819862,8.162015168508292,7.8983833718244805,7.918045784761964,7.990762124711316,8.073384558260567,4.9422632794457275,4.9224120637654,14.133949191685913,14.400434155302587,,,,,,,,,,,,,
whisper-small,,fleurs-en,main,sample,15,200,4330,32.52,168,5.025,5.35787,1.0,en,8.244803695150116,8.307006724432304,7.528868360277136,7.798747793038904,8.406466512702078,8.371907372460562,7.390300230946882,7.624987442503706,8.290993071593533,8.28931713480003,8.036951501154734,8.039936877921935,8.013856812933025,8.0161361416212,8.198614318706698,8.205800651283544,7.806004618937644,7.771338384129247,7.944572748267898,7.973595991717737,4.849884526558891,4.822966290240679,15.265588914549653,15.748541151742328,9.49603359776015,8.656089594027065,9.519365375641623,9.19272048530098,11.175921605226318,10.779281381241251,10.919272048530098,6.346243583761082,3.533487297921478,3.569770875105381,4.272517321016166,4.25517367039123,20.5
whisper-small,,fleurs-en,main,sample,16,200,4330,32.52,168,5.22,5.335250000000001,1.0,en,8.244803695150116,8.307006724432304,7.528868360277136,7.805432285017513,8.383371824480369,8.349180099733289,7.3672055427251735,7.602260169776433,8.244803695150116,8.22265046813336,8.013856812933025,8.034716607995785,8.036951501154734,8.057384725421967,8.175519630484988,8.195499840982734,7.829099307159353,7.798620130160992,8.060046189376443,8.112726351612714,4.803695150115473,4.744683461957851,15.450346420323326,15.917576050064156,9.49603359776015,8.656089594027065,9.542697153523099,9.169388707419506,11.129258049463369,10.802613159122725,11.03593093793747,6.299580027998133,3.510392609699769,3.547043602378109,4.226327944572748,4.176890842108402,20.0
whisper-small,,ls-dev-other,main,beam,1,400,7238,43.01,33,1.0,0.0,1.0,en,7.515888366952197,8.664850666099712,7.515888366952197,8.664850666099712,7.515888366952197,8.664850666099712,7.515888366952197,8.664850666099712,7.515888366952197,8.664850666099712,7.515888366952197,8.664850666099712,7.515888366952197,8.664850666099712,7.515888366952197,8.664850666099712,7.515888366952197,8.664850666099712,7.515888366952197,8.664850666099712,7.515888366952197,8.664850666099712,7.515888366952197,8.664850666099712,6.832467887400929,6.832467887400929,6.832467887400929,6.832467887400929,9.032522547144028,9.032522547144028,9.032522547144028,6.832467887400929,,,,,
whisper-small,,ls-dev-other,main,beam,2,400,7238,43.01,33,1.375,3.9721074999999995,1.0,en,7.515888366952197,8.664850666099712,7.654048079579995,8.785068174731506,7.97181541862393,9.268356992217363,7.695495993368334,8.842259768566022,7.7783918209450125,8.843992593274853,7.654048079579995,8.743203095366427,7.640232108317215,8.74209106930875,7.7783918209450125,8.983101239529313,7.750759878419453,8.840884205700272,7.750759878419453,8.840884205700272,6.769825918762089,7.713635071736913,8.994197292069632,10.455214520807274,,,,,,,,,6.06521138436032,6.906369422344081,6.134291240674219,6.992967309106443,10.75
whisper-small,,ls-dev-other,main,beam,3,400,7238,43.01,33,1.7625,4.8018374999999995,1.0,en,7.515888366952197,8.664850666099712,7.640232108317215,8.801333269286074,8.013263332412269,9.396849783539102,7.695495993368334,8.852676435232688,7.667864050842774,8.822774520626828,7.584968223266095,8.654476718282973,7.640232108317215,8.791449120880376,7.626416137054435,8.771201094053401,7.640232108317215,8.833484983568411,7.626416137054435,8.803388566952986,6.313898867090357,7.149807652925431,10.058027079303676,12.129935066221943,,,,,,,,,,,,,
whisper-small,,ls-dev-other,main,beam,4,400,7238,43.01,33,2.0775,5.349847499999999,1.0,en,7.515888366952197,8.664850666099712,7.695495993368334,8.841596874728252,8.040895274937828,9.342385266574585,7.695495993368334,8.852676435232688,7.97181541862393,9.22765562503113,7.654048079579995,8.782598514990296,7.681680022105554,8.906145203808723,7.598784194528875,8.840649637080572,7.695495993368334,8.747228196219744,7.709311964631113,8.780359297630561,6.079027355623101,6.8473701441244925,11.01132909643548,13.406217576794202,,,,,,,,,5.332964907432992,5.985862473426299,5.49875656258635,6.1821980711491955,11.5
whisper-small,,ls-dev-other,main,beam,5,400,7238,43.01,33,2.4175,5.610715,1.0,en,7.515888366952197,8.664850666099712,7.695495993368334,8.841596874728252,8.027079303675048,9.329273378462696,7.681680022105554,8.846724054280308,7.667864050842774,8.934716351605182,7.488256424426638,8.6148198174333,7.584968223266095,8.754179782910718,7.571152252003316,8.7743605159204,7.557336280740536,8.712354296898809,7.6126001657916555,8.753689532012846,5.913235700469743,6.731425762998223,11.729759602100028,14.336458336843904,,,,,,,,,,,,,
whisper-small,,ls-dev-other,main,beam,6,400,7238,43.01,33,2.755,6.0455700000000006,1.0,en,7.515888366952197,8.664850666099712,7.654048079579995,8.760428043559418,7.985631389886709,9.222130521319839,7.709311964631113,8.888390720946976,7.93036750483559,9.212695175374446,7.667864050842774,8.84200235711584,7.723127935893893,8.851602050794481,7.681680022105554,8.862055625924828,7.764575849682233,8.832397614540088,7.7369439071566735,8.786318398944404,5.733628074053606,6.438545184614279,12.420558165239017,15.158905382228088,,,,,,,,,,,,,
whisper-small,,ls-dev-other,main,beam,8,400,7238,43.01,33,3.3175,6.5958925,1.0,en,7.515888366952197,8.664850666099712,7.681680022105554,8.813647740529117,8.013263332412269,9.274497581474431,7.709311964631113,8.888390720946976,7.7369439071566735,8.976871449879669,7.584968223266095,8.751678189324565,7.626416137054435,8.794162660262984,7.6126001657916555,8.742300542969932,7.681680022105554,8.801450746092355,7.8198397347333515,8.943004950501695,5.45730864879801,6.075423800133146,13.208068527217463,16.357769759524935,6.832467887400929,6.98278218092375,6.900792566274938,6.859797758950533,9.128177097567642,9.182836840666848,9.319486198414868,4.905711943153867,4.7250621718706824,5.27135903277132,5.001381597126278,5.57475260519925,11.0
whisper-small,,ls-dev-other,main,greedy,1,400,7238,43.01,33,1.0,0.0,1.0,en,8.123791102514506,9.563073470776585,8.123791102514506,9.563073470776585,8.123791102514506,9.563073470776585,8.123791102514506,9.563073470776585,8.123791102514506,9.563073470776585,8.123791102514506,9.563073470776585,8.123791102514506,9.563073470776585,8.123791102514506,9.563073470776585,8.123791102514506,9.563073470776585,8.123791102514506,9.563073470776585,8.123791102514506,9.563073470776585,8.123791102514506,9.563073470776585,7.420060125717409,7.420060125717409,7.420060125717409,7.420060125717409,9.592784913910904,9.592784913910904,9.592784913910904,7.420060125717409,,,,,
whisper-small,,ls-dev-other,main,sample,1,400,7238,43.01,33,1.0,0.0,1.0,en,9.436308372478585,10.951877171624158,9.436308372478585,10.951877171624158,9.436308372478585,10.951877171624158,9.436308372478585,10.951877171624158,9.436308372478585,10.951877171624158,9.436308372478585,10.951877171624158,9.436308372478585,10.951877171624158,9.436308372478585,10.951877171624158,9.436308372478585,10.951877171624158,9.436308372478585,10.951877171624158,9.436308372478585,10.951877171624158,9.436308372478585,10.951877171624158,8.718229024323586,8.718229024323586,8.718229024323586,8.718229024323586,10.795299262093469,10.795299262093469,10.795299262093469,8.718229024323586,,,,,
whisper-small,,ls-dev-other,main,sample,2,400,7238,43.01,33,1.4825,6.903520000000001,1.0,en,9.436308372478585,10.951877171624158,8.690245924288478,10.036836690956573,8.717877866814037,10.062442476407512,8.704061895551257,10.079896132644063,9.79552362531086,11.04254560606396,8.745509809339596,10.032231818704641,8.814589665653495,10.134075952415472,9.463940315004145,11.06501885431501,8.593534125449018,10.009288599615621,8.593534125449018,10.009288599615621,7.6126001657916555,8.929804323797695,11.149488809063277,12.861126931531382,,,,,,,,,6.396794694667035,7.493021876801927,6.8527217463387675,7.867308448678761,16.75
whisper-small,,ls-dev-other,main,sample,3,400,7238,43.01,33,1.87,7.0048475,1.0,en,9.436308372478585,10.951877171624158,8.690245924288478,9.931711892879818,8.842221608179054,10.146483482945525,8.690245924288478,9.921792849504893,8.62116606797458,10.120001134564493,8.690245924288478,9.98318347520561,8.52445426913512,9.927438745901098,8.565902182923459,10.044791018217193,8.275766786405084,9.739866880995397,8.275766786405084,9.763266051269566,7.046145344017685,8.215763541904934,12.13042276872064,13.933278656068545,,,,,,,,,,,,,
whisper-small,,ls-dev-other,main,sample,4,400,7238,43.01,33,2.205,7.016749999999999,1.0,en,9.436308372478585,10.951877171624158,8.593534125449018,9.826411568204493,8.704061895551257,9.991389762011288,8.565902182923459,9.831182076279681,8.607350096711798,10.118996108888414,8.261950815142304,9.622056183897211,8.400110527770103,9.813577287992889,8.49682232660956,10.024683636368433,8.179054987565626,9.426595090168194,8.248134843879525,9.567792187286344,6.70074606244819,7.805414529278636,12.917933130699089,14.997456887507777,,,,,,,,,5.4849405913235705,6.465239636770146,6.161923183199779,7.065513658086353,17.25
whisper-small,,ls-dev-other,main,sample,5,400,7238,43.01,33,2.5325,7.106437499999999,1.0,en,9.436308372478585,10.951877171624158,8.483006355346781,9.780174083579585,8.648798010500139,9.951298560954061,8.455374412821222,9.73829381595988,8.55208621166068,10.046759969809795,8.179054987565626,9.578414663894197,8.248134843879525,9.579898125523982,8.317214700193423,9.763523305715953,7.944183476098369,9.233085638389353,8.096159159988947,9.3752638811809,6.3691627521414755,7.501414892839492,13.677811550151976,15.823190759618258,,,,,,,,,,,,,
whisper-small,,ls-dev-other,main,sample,6,400,7238,43.01,33,2.815,7.1684325,1.0,en,9.436308372478585,10.951877171624158,8.52445426913512,9.711848198068548,8.800773694390715,10.032566211696047,8.579718154186239,9.760929889945288,8.275766786405084,9.679577472174127,8.054711246200608,9.39980667614212,8.054711246200608,9.338894332849684,8.261950815142304,9.620612566961285,7.93036750483559,9.238250007112073,7.999447361149489,9.33102005848313,6.037579441834761,7.079203256003557,14.133738601823708,16.340140534454747,,,,,,,,,,,,,
whisper-small,,ls-dev-other,main,sample,8,400,7238,43.01,33,3.34,7.0446425,1.0,en,9.436308372478585,10.951877171624158,8.51063829787234,9.664302900932736,8.662613981762918,9.936276762881096,8.455374412821222,9.65654355049886,8.220502901353965,9.561076005723958,7.93036750483559,9.125028601948518,8.068527217463387,9.357135807132094,8.165239016302847,9.559251514529826,7.91655153357281,9.168721760093584,7.875103619784471,9.112900599340882,5.705996131528046,6.604649676387863,14.700193423597678,16.9032978714581,,,,,,,,,4.614534401768444,5.463375668991141,5.374412821221332,6.1965573195298695,15.5
whisper-small,,ls-dev-other,main,sample,10,400,7238,43.01,33,3.805,7.023035,1.0,en,9.436308372478585,10.951877171624158,8.704061895551257,9.893263746087356,8.731693838076817,10.00672359415913,8.593534125449018,9.798761971411057,8.096159159988947,9.422045355018696,7.90273556231003,9.14454314662423,7.93036750483559,9.178816746656825,8.040895274937828,9.415185592189507,7.792207792207792,9.031832574127597,7.7783918209450125,9.014502809967421,5.51257253384913,6.437001586489849,15.25283227410887,17.508387623056468,,,,,,,,,,,,,
whisper-small,,ls-dev-other,main,sample,12,400,7238,43.01,33,4.2625,6.990545,1.0,en,9.436308372478585,10.951877171624158,8.62116606797458,9.656126435200818,8.676429953025698,9.968263566109592,8.55208621166068,9.721580756012283,8.137607073777287,9.30412641108065,7.8198397347333515,9.045045239967097,7.7783918209450125,9.00204768666497,8.027079303675048,9.302566731002532,7.7783918209450125,8.96153416476551,7.681680022105554,8.801196913246716,5.332964907432992,6.197371082190227,15.81928709588284,18.27782256793258,,,,,,,,,,,,,
whisper-small,,ls-dev-other,main,sample,15,400,7238,43.01,33,4.96,6.9693575,1.0,en,9.436308372478585,10.951877171624158,8.469190384084001,9.449739258691691,8.662613981762918,9.947324466223122,8.483006355346781,9.652980837412365,7.957999447361149,9.159392181483337,7.695495993368334,8.862362501249875,7.97181541862393,9.153962525515803,7.806023763470572,9.045062919501296,7.681680022105554,8.839393684964616,7.640232108317215,8.845031574178272,5.0842774247029565,5.875501209072289,16.48245371649627,19.143919804745764,8.718229024323586,7.693358841213446,7.256080896419787,6.98278218092375,9.292156326865264,9.182836840666848,9.141842033342444,4.523093741459415,4.048079579994473,4.820972240790417,4.8494059132357,5.557209752638261,14.000000000000002
whisper-small,,ls-dev-other,main,sample,16,400,7238,43.01,33,5.155,6.957472499999999,1.0,en,9.436308372478585,10.951877171624158,8.400110527770103,9.36875175204629,8.662613981762918,9.947324466223122,8.441558441558442,9.576340372614006,7.999447361149489,9.240919275079397,7.709311964631113,8.87392549965498,7.833655705996131,9.001130212107118,7.93036750483559,9.173495948357917,7.681680022105554,8.788305981717007,7.764575849682233,8.947275608637403,5.056645482177397,5.825501209072289,16.579165515335728,19.27349773777764,8.718229024323586,7.679693905438644,7.256080896419787,7.023776988248155,9.387810877288876,9.155506969117246,9.251161519540858,4.495763869909811,3.9928156949433546,4.75335860442678,4.835589941972921,5.547834752638262,14.249999999999998
whisper-small,,ls-tc-babble5,main,beam,1,200,3869,23.7,40,1.0,0.0,1.0,en,28.17265443266994,51.466084377642,28.17265443266994,51.466084377642,28.17265443266994,51.466084377642,28.17265443266994,51.466084377642,28.17265443266994,51.466084377642,28.17265443266994,51.466084377642,28.17265443266994,51.466084377642,28.17265443266994,51.466084377642,28.17265443266994,51.466084377642,28.17265443266994,51.466084377642,28.17265443266994,51.466084377642,28.17265443266994,51.466084377642,28.169734151329244,28.169734151329244,28.169734151329244,28.169734151329244,29.60122699386503,29.60122699386503,29.60122699386503,28.169734151329244,,,,,
whisper-small,,ls-tc-babble5,main,beam,2,200,3869,23.7,40,1.565,7.361155000000001,1.0,en,28.17265443266994,51.466084377642,28.922202119410702,54.71949039245092,27.940036185060737,50.99681396691855,28.120961488756784,51.36410025065787,28.017575600930474,51.169295272913615,28.146807960713364,51.16198123494177,28.095115016800207,51.181326473037004,28.612044455931766,53.269373449681055,28.224347376583097,52.5882339404253,28.224347376583097,52.5882339404253,26.983716722667356,49.5334713909948,30.266218661152752,56.69074214225224,,,,,,,,,11.113982941328509,13.068498894174649,11.269061773067977,13.238370017674802,25.5
whisper-small,,ls-tc-babble5,main,beam,3,200,3869,23.7,40,2.15,8.160689999999999,1.0,en,28.17265443266994,51.466084377642,28.715430343758076,54.422460715415525,27.991729128973894,51.020112766962185,28.146807960713364,51.405766917324534,27.940036185060737,50.80052811580035,28.04342207288705,51.13907429184653,27.940036185060737,50.93247256024479,27.965882657017318,50.85914634200077,27.836650297234428,50.61421176829276,27.733264409408115,50.45905264150694,25.82062548462135,47.716664234146236,31.27423106745929,57.970035633016096,,,,,,,,,,,,,
whisper-small,,ls-tc-babble5,main,beam,4,200,3869,23.7,40,2.63,8.38992,1.0,en,28.17265443266994,51.466084377642,28.767123287671232,54.4580887347392,28.017575600930474,51.11138260823203,28.146807960713364,51.405766917324534,27.629878521581805,50.272688637834094,27.65572499353838,50.22965709141312,27.733264409408115,50.27830989051964,27.707417937451538,50.45322600956048,27.604032049625225,50.18305957526255,27.707417937451538,50.317053887630166,25.30369604548979,46.7770547938789,32.10131817006979,58.9281045601613,,,,,,,,,9.925045231325925,11.637213923006858,10.416128198500905,12.250268521785387,26.0
whisper-small,,ls-tc-babble5,main,beam,5,200,3869,23.7,40,3.1,8.73544,1.0,en,28.17265443266994,51.466084377642,28.844662703540966,54.59573754426299,27.991729128973894,51.061941002366275,28.146807960713364,51.405766917324534,27.836650297234428,50.37561524872163,27.836650297234428,50.549758143192456,27.862496769191004,50.50309540745178,27.759110881364695,50.38536589539178,27.68157146549496,50.14301220064694,27.65572499353838,50.088194644740454,24.57999483070561,45.53291966773913,32.82501938485397,59.94194388638893,,,,,,,,,,,,,
whisper-small,,ls-tc-babble5,main,beam,6,200,3869,23.7,40,3.565,9.10647,1.0,en,28.17265443266994,51.466084377642,28.896355647454122,54.65470560323106,27.965882657017318,51.01959327186064,28.17265443266994,51.41928043083806,27.888343241147584,50.31001910754003,27.888343241147584,50.59456572605785,27.862496769191004,50.442169223684054,27.81080382527785,50.448827412609084,27.423106745929182,49.8153886596691,27.526492633755492,49.969056399974775,24.424915998966142,45.34888630847891,33.39364176789868,60.81878738501633,,,,,,,,,,,,,
whisper-small,,ls-tc-babble5,main,beam,8,200,3869,23.7,40,4.51,9.691655,1.0,en,28.17265443266994,51.466084377642,28.844662703540966,54.608251816324774,28.017575600930474,51.064001166597485,28.17265443266994,51.41928043083806,27.604032049625225,49.994683202617985,27.888343241147584,50.62580101530204,27.836650297234428,50.52226035057716,27.68157146549496,50.087136258814404,27.604032049625225,49.9916896225889,27.57818557766865,49.98438035904364,23.83044714396485,44.36121544171507,34.78935125355389,62.86040764361186,28.169734151329244,28.834355828220858,27.530674846625768,27.862985685071575,29.141104294478527,29.08997955010225,29.038854805725972,23.824130879345603,9.330576376324633,11.033266586649695,9.769966399586457,11.246549547609288,21.5
whisper-small,,ls-tc-babble5,main,greedy,1,200,3869,23.7,40,1.0,0.0,1.0,en,15.740501421555958,18.09012823420658,15.740501421555958,18.09012823420658,15.740501421555958,18.09012823420658,15.740501421555958,18.09012823420658,15.740501421555958,18.09012823420658,15.740501421555958,18.09012823420658,15.740501421555958,18.09012823420658,15.740501421555958,18.09012823420658,15.740501421555958,18.09012823420658,15.740501421555958,18.09012823420658,15.740501421555958,18.09012823420658,15.740501421555958,18.09012823420658,15.337423312883436,15.337423312883436,15.337423312883436,15.337423312883436,17.10122699386503,17.10122699386503,17.10122699386503,15.337423312883436,,,,,
whisper-small,,ls-tc-babble5,main,sample,1,200,3869,23.7,40,1.0,0.0,0.99969,en,16.748513827862496,20.900697701088617,16.748513827862496,20.900697701088617,16.748513827862496,20.900697701088617,16.748513827862496,20.900697701088617,16.748513827862496,20.900697701088617,16.748513827862496,20.900697701088617,16.748513827862496,20.900697701088617,16.748513827862496,20.900697701088617,16.748513827862496,20.900697701088617,16.748513827862496,20.900697701088617,16.748513827862496,20.900697701088617,16.748513827862496,20.900697701088617,16.385480572597135,16.385480572597135,16.385480572597135,16.385480572597135,18.14928425357873,18.14928425357873,18.14928425357873,16.385480572597135,,,,,
whisper-small,,ls-tc-babble5,main,sample,2,200,3869,23.7,40,1.75,16.62254,0.99969,en,16.748513827862496,20.900697701088617,15.792194365469113,18.834250285400135,16.59343499612303,20.58467038176238,16.102352028948047,19.938602345172022,16.774360299819076,20.308257028987562,15.895580253295424,19.007674124632796,16.102352028948047,19.245525698010688,17.11036443525459,20.31270625902498,15.352804342207289,18.482108075480774,15.352804342207289,18.482108075480774,14.034634272421814,16.65760610706117,20.470405789609718,24.958218836751314,,,,,,,,,11.682605324373222,14.01194346806971,12.58723184285345,14.908771287855457,30.5
whisper-small,,ls-tc-babble5,main,sample,3,200,3869,23.7,40,2.405,16.91633,0.99969,en,16.748513827862496,20.900697701088617,15.637115533729645,18.331847209954628,15.97311966916516,19.16530812637741,15.921426725252003,19.576411369896576,15.998966141121738,19.121073544200435,15.895580253295424,18.7386992869154,16.231584388730937,19.416444076354306,15.869733781338848,18.95740484405991,15.146032566554664,17.969418870472886,15.146032566554664,18.003793870472883,12.638924786766607,14.75176708474342,22.098733522874127,27.126235235835527,,,,,,,,,,,,,
whisper-small,,ls-tc-babble5,main,sample,4,200,3869,23.7,40,3.07,16.66317,0.99969,en,16.748513827862496,20.900697701088617,18.842078056345308,23.686468449549775,15.740501421555958,18.914206531273805,18.91961747221504,24.6690669336755,15.533729645903334,18.430672245679695,14.913414318945463,17.409049016077113,15.275264926337554,18.040237932576094,15.559576117859912,18.58572330183106,14.654949599379684,17.838615604270558,14.629103127423107,17.83348739914235,11.83768415611269,13.746954495125923,26.647712587231844,33.9792563727339,,,,,,,,,9.382269320237787,11.408816135856759,11.010597053502197,12.811565230572667,31.5
whisper-small,,ls-tc-babble5,main,sample,5,200,3869,23.7,40,3.61,16.4404,0.99969,en,16.748513827862496,20.900697701088617,18.94546394417162,23.975952099983303,15.4561902300336,18.525881546160562,18.971310416128198,23.97093900375446,15.662962005686223,18.380433519437503,15.378650814163867,18.085537537681073,15.275264926337554,18.09788853495799,15.4561902300336,18.348616113778455,14.57741018350995,17.43825513733391,14.680796071336262,17.7679192671054,11.449987076764021,13.367633498299206,27.500646161798915,34.86305686700619,,,,,,,,,,,,,
whisper-small,,ls-tc-babble5,main,sample,6,200,3869,23.7,40,4.165,16.455105,0.99969,en,16.748513827862496,20.900697701088617,18.842078056345308,23.802457826813082,15.740501421555958,18.794632998064188,19.30731455156371,24.121784415442214,15.068493150684931,18.038939600963637,15.301111398294132,18.05693103017881,15.171879038511243,18.03096798378574,15.09433962264151,18.243657684669184,14.680796071336262,17.611580404685917,14.680796071336262,17.665388861880594,11.294908245024555,13.09225014701819,28.534505040062033,36.06072830693225,,,,,,,,,,,,,
whisper-small,,ls-tc-babble5,main,sample,8,200,3869,23.7,40,5.26,16.622049999999998,0.99969,en,16.748513827862496,20.900697701088617,18.376841561126906,23.190088398184947,15.533729645903334,18.4241471871523,18.45438097699664,23.17681902278062,15.71465494959938,18.449446315586556,14.603256655466529,17.339967635730027,15.58542258981649,18.1133313709545,15.688808477642802,18.53493265282325,15.378650814163867,17.865833048507426,15.4561902300336,18.208048916168345,10.777978805892996,12.425074734669629,30.731455156371155,38.26176932507232,,,,,,,,,8.245024554148358,10.042376046514201,10.286895838718015,11.880390051082864,29.5
whisper-small,,ls-tc-babble5,main,sample,10,200,3869,23.7,40,6.21,16.762895,0.99969,en,16.748513827862496,20.900697701088617,18.712845696562418,23.9705614948936,15.662962005686223,18.242298375586508,18.402688033083486,23.170171615406527,15.895580253295424,18.571860810419782,14.70664254329284,17.756709761035395,15.58542258981649,18.378970387112904,15.533729645903334,18.373582617342475,15.352804342207289,17.99960869753515,15.430343758077022,18.319324453055863,10.441974670457483,12.025963087952412,33.80718531920393,42.202678123983546,,,,,,,,,,,,,
whisper-small,,ls-tc-babble5,main,sample,12,200,3869,23.7,40,7.13,16.848865,0.99969,en,16.748513827862496,20.900697701088617,18.893771000258464,24.02725791993634,15.998966141121738,18.412442134352286,18.506073920909795,23.22189915391376,15.869733781338848,18.492524687284742,15.2235719824244,17.814383579736564,15.482036701990179,18.243043707915245,15.378650814163867,18.158763691326428,15.09433962264151,17.86607344401459,15.068493150684931,18.057753495988756,10.261049366761437,11.844694155548726,34.8927371413802,43.83227898622761,,,,,,,,,,,,,
whisper-small,,ls-tc-babble5,main,sample,15,200,3869,23.7,40,8.52,16.897660000000002,0.99969,en,16.748513827862496,20.900697701088617,18.68699922460584,23.760416498632676,15.559576117859912,17.95217242689636,18.22176272938744,22.947104133097945,15.275264926337554,17.8931604776299,14.939260790902042,17.548184616026155,14.654949599379684,17.200073042933216,15.068493150684931,17.734164481291998,14.990953734815198,17.644907752992328,15.068493150684931,17.75816039660488,9.950891703282501,11.482022300573,35.513052468338074,44.88386352206359,16.385480572597135,18.711656441717793,14.95398773006135,14.161554192229039,16.436605316973417,16.30879345603272,16.385480572597135,9.458077709611452,7.262858619798397,8.846491531917032,9.45980873610752,10.965665868655513,29.5
whisper-small,,ls-tc-babble5,main,sample,16,200,3869,23.7,40,8.99,16.87746,0.99969,en,16.748513827862496,20.900697701088617,18.635306280692685,23.704355892572067,15.662962005686223,18.026097158079153,18.118376841561126,22.8552622912561,15.4561902300336,18.08397843160575,15.120186094598088,17.671597392720514,14.810028431119152,17.31862647226251,15.352804342207289,18.19555633476559,15.120186094598088,17.668850504140963,15.120186094598088,17.786856985062524,9.873352287412768,11.420323582624281,35.97828896355647,45.34335502503887,16.385480572597135,18.660531697341515,14.979550102249489,14.366053169734151,16.641104294478527,16.436605316973417,16.436605316973417,9.406952965235174,7.185319203928664,8.804400961197427,9.382269320237787,10.902501949241595,28.999999999999996
whisper-small,,ls-test-clean,main,beam,1,400,8047,49.2,40,1.0,0.0,1.0,en,3.9517832732695415,4.754764627918088,3.9517832732695415,4.754764627918088,3.9517832732695415,4.754764627918088,3.9517832732695415,4.754764627918088,3.9517832732695415,4.754764627918088,3.9517832732695415,4.754764627918088,3.9517832732695415,4.754764627918088,3.9517832732695415,4.754764627918088,3.9517832732695415,4.754764627918088,3.9517832732695415,4.754764627918088,3.9517832732695415,4.754764627918088,3.9517832732695415,4.754764627918088,3.1777312476906023,3.1777312476906023,3.1777312476906023,3.1777312476906023,5.2592683828057645,5.2592683828057645,5.2592683828057645,3.1777312476906023,,,,,
whisper-small,,ls-test-clean,main,beam,2,400,8047,49.2,40,1.27,2.5621575,1.0,en,3.9517832732695415,4.754764627918088,4.063626196097925,4.849835470514038,4.150615136075556,4.984297304259927,3.9393562818441654,4.737136422789883,4.163042127500932,4.8456181482634415,4.088480178948677,4.768883089561657,4.051199204672549,4.7218008614449465,3.9890642475456692,4.802531102929145,4.163042127500932,4.931141207905302,4.163042127500932,4.931141207905302,3.6162545047843917,4.157130123477776,5.008077544426494,6.160042803380435,,,,,,,,,3.392568659127625,3.962313176287184,3.4049956505530012,3.9815439455179535,4.25
whisper-small,,ls-test-clean,main,beam,3,400,8047,49.2,40,1.545,3.255995,1.0,en,3.9517832732695415,4.754764627918088,4.088480178948677,4.894170445883496,4.113334161799428,4.889409283569945,3.9393562818441654,4.737136422789883,4.0263452218217965,4.723241682291774,3.9642102646949176,4.652449940005023,4.013918230396421,4.714620992636602,3.9642102646949176,4.666518197443289,3.9890642475456692,4.704285985211077,4.113334161799428,4.939485833024543,3.2185907791723625,3.737944674360892,5.865539952777433,7.4185323550290265,,,,,,,,,,,,,
whisper-small,,ls-test-clean,main,beam,4,400,8047,49.2,40,1.795,3.6298025000000003,1.0,en,3.9517832732695415,4.754764627918088,4.100907170374052,4.921948223661275,4.100907170374052,4.904506982743454,3.9517832732695415,4.76491420056766,4.13818814465018,4.8563872767957275,4.063626196097925,4.73439600660855,4.100907170374052,4.794011391223934,4.001491238971045,4.7919522947969755,4.113334161799428,4.832029267325526,4.088480178948677,4.835317832145482,2.9079159935379644,3.4328712780997117,6.561451472598484,8.397479314354745,,,,,,,,,2.696657139306574,3.227222024827567,2.7836460792842055,3.307820703674135,4.0
whisper-small,,ls-test-clean,main,beam,5,400,8047,49.2,40,2.0125,3.8278575,1.0,en,3.9517832732695415,4.754764627918088,4.113334161799428,4.963614890327941,4.076053187523301,4.893095621116576,3.9642102646949176,4.806580867234327,4.150615136075556,4.945432634525249,4.150615136075556,4.908673416731548,4.175469118926308,4.930697226255358,4.125761153224804,4.918349301191915,4.125761153224804,4.915057773103561,4.076053187523301,4.7735603474742705,2.6345221821796945,3.0436212734948,6.983969181061265,8.975028531750173,,,,,,,,,,,,,
whisper-small,,ls-test-clean,main,beam,6,400,8047,49.2,40,2.2175,4.0505375,1.0,en,3.9517832732695415,4.754764627918088,4.100907170374052,4.911531556994608,4.076053187523301,4.893095621116576,3.9517832732695415,4.76491420056766,4.051199204672549,4.779382069151929,4.076053187523301,4.7554840484686505,4.038772213247173,4.764294845514742,4.038772213247173,4.860874757320313,4.100907170374052,4.751843653416918,4.100907170374052,4.824259872995861,2.5723872250528146,2.9607291656026917,7.505902820927053,9.747894013971369,,,,,,,,,,,,,
whisper-small,,ls-test-clean,main,beam,8,400,8047,49.2,40,2.595,4.4056275000000005,1.0,en,3.9517832732695415,4.754764627918088,4.088480178948677,4.908784304247355,4.088480178948677,4.928809906830861,3.9642102646949176,4.800628486281946,4.038772213247173,4.932737610976295,4.113334161799428,4.9522126072661745,4.063626196097925,4.949897030685893,3.9890642475456692,4.857159758901498,4.088480178948677,4.829237360015431,4.063626196097925,4.742085743515988,2.497825276500559,2.893569044094744,8.239095315024233,11.120520272726974,3.1777312476906023,3.239315186599335,3.1654144599088556,3.1900480354723486,5.296218746151004,5.370119472841483,5.34548589727799,1.9460524695159502,2.348701379396048,2.7594641260897608,2.4356903193736796,2.8250525605782593,3.0
whisper-small,,ls-test-clean,main,greedy,1,400,8047,49.2,40,1.0,0.0,1.0,en,3.9642102646949176,4.753250705835281,3.9642102646949176,4.753250705835281,3.9642102646949176,4.753250705835281,3.9642102646949176,4.753250705835281,3.9642102646949176,4.753250705835281,3.9642102646949176,4.753250705835281,3.9642102646949176,4.753250705835281,3.9642102646949176,4.753250705835281,3.9642102646949176,4.753250705835281,3.9642102646949176,4.753250705835281,3.9642102646949176,4.753250705835281,3.9642102646949176,4.753250705835281,3.313215913289814,3.313215913289814,3.313215913289814,3.313215913289814,5.34548589727799,5.34548589727799,5.34548589727799,3.313215913289814,,,,,
whisper-small,,ls-test-clean,main,sample,1,400,8047,49.2,40,1.0,0.0,1.0,en,4.548278861687585,5.526363204288888,4.548278861687585,5.526363204288888,4.548278861687585,5.526363204288888,4.548278861687585,5.526363204288888,4.548278861687585,5.526363204288888,4.548278861687585,5.526363204288888,4.548278861687585,5.526363204288888,4.548278861687585,5.526363204288888,4.548278861687585,5.526363204288888,4.548278861687585,5.526363204288888,4.548278861687585,5.526363204288888,4.548278861687585,5.526363204288888,3.8797881512501537,3.8797881512501537,3.8797881512501537,3.8797881512501537,5.91205813523833,5.91205813523833,5.91205813523833,3.8797881512501537,,,,,
whisper-small,,ls-test-clean,main,sample,2,400,8047,49.2,40,1.2925,3.1252250000000004,1.0,en,4.548278861687585,5.526363204288888,4.312166024605443,5.1467701134798025,4.361873990306947,5.176243043633356,4.299739033180067,5.148030114297239,4.697402758792096,5.6108250774501425,4.324593016030819,5.06938916109885,4.287312041754691,5.025610359255532,4.635267801665217,5.632407088537617,4.250031067478563,5.032434622994518,4.250031067478563,5.032434622994518,3.8399403504411582,4.512111130709933,5.405741270038524,6.417164335340772,,,,,,,,,3.541692556232136,4.216327032710204,3.690816453336647,4.388871599911,5.5
whisper-small,,ls-test-clean,main,sample,3,400,8047,49.2,40,1.5475,3.428195,1.0,en,4.548278861687585,5.526363204288888,4.250031067478563,4.980288579790777,4.324593016030819,5.148440943829927,4.312166024605443,5.141721233158913,4.299739033180067,5.171147268021022,4.349446998881571,5.152640357589439,4.299739033180067,5.132496550188767,4.337020007456195,5.180487776744755,4.225177084627812,5.023460248914117,4.187896110351684,5.009264374272546,3.4671306076798807,4.037149054016677,6.275630669814838,7.4941092713901,,,,,,,,,,,,,
whisper-small,,ls-test-clean,main,sample,4,400,8047,49.2,40,1.7325,3.240505,1.0,en,4.548278861687585,5.526363204288888,4.212750093202436,4.99463269166009,4.337020007456195,5.177782659781316,4.262458058903939,5.120450883884532,4.41158195600845,5.037548369451887,4.150615136075556,4.791487290356984,4.225177084627812,4.8708125132148155,4.312166024605443,5.0725540571199215,4.150615136075556,4.848045991713887,4.113334161799428,4.781345613783561,3.243444762023114,3.8250598531717555,6.57387846402386,7.73905609536857,,,,,,,,,2.9700509506648443,3.6158636337568573,3.106747856343979,3.7226536557061563,5.0
whisper-small,,ls-test-clean,main,sample,5,400,8047,49.2,40,1.89,3.3334325000000002,1.0,en,4.548278861687585,5.526363204288888,4.063626196097925,4.915009882334816,4.41158195600845,5.372489602065848,4.225177084627812,5.241202837860249,4.163042127500932,4.8216252007074765,4.013918230396421,4.664969928628646,4.0263452218217965,4.641366683681836,4.125761153224804,4.7853156768979535,4.038772213247173,4.719697506312761,4.063626196097925,4.813903209685922,3.081893873493227,3.706501087033302,6.9591151982105135,8.311588248719689,,,,,,,,,,,,,
whisper-small,,ls-test-clean,main,sample,6,400,8047,49.2,40,2.05,3.3230975000000003,1.0,en,4.548278861687585,5.526363204288888,4.051199204672549,4.898007461197057,4.337020007456195,5.297854449253545,4.250031067478563,5.260097852619926,4.287312041754691,4.946592980781916,4.225177084627812,4.896559697034331,4.250031067478563,4.8692583133499685,4.262458058903939,5.025905773175787,4.113334161799428,4.800888669173301,4.063626196097925,4.727068024948246,2.98247794209022,3.6123202337806246,7.195228035292656,8.567908497732526,,,,,,,,,,,,,
whisper-small,,ls-test-clean,main,sample,8,400,8047,49.2,40,2.3375,3.4868124999999996,1.0,en,4.548278861687585,5.526363204288888,4.100907170374052,4.901049863890964,4.436435938859202,5.402131931523048,4.274885050329315,5.2503197424933195,4.237604076053188,5.059031743068362,4.150615136075556,4.928486477008692,4.088480178948677,4.850812854089263,4.175469118926308,4.981471769216551,4.076053187523301,4.876028001408353,4.076053187523301,4.814164951091356,2.858208027836461,3.4421265967724715,7.94084752081521,9.591578645674156,,,,,,,,,2.547533242202063,3.1121150202113252,2.796073070709581,3.380199131122178,5.75
whisper-small,,ls-test-clean,main,sample,10,400,8047,49.2,40,2.5825,3.5466699999999998,1.0,en,4.548278861687585,5.526363204288888,5.306325338635516,8.358467446308547,4.386727973157699,5.347965264856382,5.430595252889275,8.641391171064747,4.125761153224804,4.91236192513502,4.113334161799428,4.88487074589296,4.100907170374052,4.82455175179558,4.20032310177706,5.044988005860961,4.0263452218217965,4.783029359183705,4.100907170374052,4.899938940877769,2.7463651050080777,3.3244601013529467,9.630918354666335,13.512868698365073,,,,,,,,,,,,,
whisper-small,,ls-test-clean,main,sample,12,400,8047,49.2,40,2.8325,3.5752574999999998,1.0,en,4.548278861687585,5.526363204288888,5.306325338635516,8.361183336739952,4.399154964583074,5.390158488299605,5.430595252889275,8.656194973584068,4.237604076053188,4.988394107075494,4.038772213247173,4.837034092021823,4.175469118926308,4.927436367180196,4.20032310177706,5.069987658415812,4.088480178948677,4.850356203302047,4.187896110351684,5.003057662943147,2.659376165030446,3.171649320720689,10.016155088852988,14.040404827985157,,,,,,,,,,,,,
whisper-small,,ls-test-clean,main,sample,15,400,8047,49.2,40,3.195,3.5842774999999993,1.0,en,4.548278861687585,5.526363204288888,5.35603330433702,8.429111749790318,4.386727973157699,5.383232081373198,5.467876227165403,8.695857394496489,4.225177084627812,4.987617360450674,4.113334161799428,4.973770780130462,4.187896110351684,5.0510434511531335,4.212750093202436,5.031457450132497,4.051199204672549,4.766377414588113,4.100907170374052,4.8304661513444955,2.4356903193736796,2.8909930317680983,10.475953771591898,14.532530083573192,3.8797881512501537,4.618795418154945,3.5595516689247444,3.411750215543786,5.579504865131174,5.407069836186722,5.431703411750216,1.9091021061707107,2.212004473716913,2.681446217314137,2.385982353672176,2.8328050065580137,4.25
whisper-small,,ls-test-clean,main,sample,16,400,8047,49.2,40,3.2825,3.5750225,1.0,en,4.548278861687585,5.526363204288888,5.35603330433702,8.429111749790318,4.386727973157699,5.342847465988584,5.4181682614639,8.60739585603495,4.287312041754691,5.108053510322307,4.076053187523301,4.914155395515078,4.163042127500932,4.949672295223559,4.20032310177706,5.0635694241799545,4.063626196097925,4.8534767735624715,4.113334161799428,4.880081535959881,2.410836336522928,2.824326365101432,10.562942711569528,14.65745676364693,3.8797881512501537,4.618795418154945,3.596502032269984,3.387116639980293,5.530237714004188,5.407069836186722,5.431703411750216,1.872151742825471,2.1622965080154093,2.5951641660320863,2.3735553622468,2.780844222244289,4.75
whisper-small,,ls-test-other,main,beam,1,400,7062,43.29,33,1.0,0.0,1.0,en,8.184650240725007,9.882541436938112,8.184650240725007,9.882541436938112,8.184650240725007,9.882541436938112,8.184650240725007,9.882541436938112,8.184650240725007,9.882541436938112,8.184650240725007,9.882541436938112,8.184650240725007,9.882541436938112,8.184650240725007,9.882541436938112,8.184650240725007,9.882541436938112,8.184650240725007,9.882541436938112,8.184650240725007,9.882541436938112,8.184650240725007,9.882541436938112,7.185880375402718,7.185880375402718,7.185880375402718,7.185880375402718,9.357052808516599,9.357052808516599,9.357052808516599,7.185880375402718,,,,,
whisper-small,,ls-test-other,main,beam,2,400,7062,43.29,33,1.3575,3.9233225,1.0,en,8.184650240725007,9.882541436938112,8.227131124327386,9.984262319004387,8.227131124327386,9.944607263268642,8.227131124327386,9.93908905598573,8.312092891532144,10.034790400976071,8.085528178986124,9.801961368321084,8.198810535259133,9.922958630862464,8.184650240725007,9.912723509767243,8.241291418861513,9.77448987495091,8.241291418861513,9.77448987495091,7.377513452279808,8.726534731129025,9.459076748796376,11.64726259789343,,,,,,,,,6.527895780232229,7.569091620641714,6.612857547436986,7.645042890304284,11.25
whisper-small,,ls-test-other,main,beam,3,400,7062,43.29,33,1.7525,4.97682,1.0,en,8.184650240725007,9.882541436938112,8.21297082979326,9.995158252759364,8.382894364202775,10.142584185702088,8.255451713395638,9.949727353858071,8.043047295383744,9.661879461458025,8.043047295383744,9.585175147253711,8.000566411781366,9.586101073179636,8.028887000849618,9.64104612812469,8.09968847352025,9.613972003214212,8.156329651656755,9.762570176483438,6.711979609175871,7.91043152714706,10.620220900594733,13.189413757216444,,,,,,,,,,,,,
whisper-small,,ls-test-other,main,beam,4,400,7062,43.29,33,2.03,5.4744575,1.0,en,8.184650240725007,9.882541436938112,8.17048994619088,9.927175796619013,8.453695836873408,10.194795487913389,8.241291418861513,9.918477353858071,8.071367884451996,9.763853837163802,8.028887000849618,9.749290060727176,8.028887000849618,9.672815877184027,8.071367884451996,9.795201204370283,8.085528178986124,9.554410611629145,8.113848768054375,9.559406202983094,6.400453129425092,7.4881522559985925,11.314075332766922,14.34878598321726,,,,,,,,,5.579156046445766,6.37357698152822,5.876522231662419,6.713467385456936,10.75
whisper-small,,ls-test-other,main,beam,5,400,7062,43.29,33,2.355,5.931485,1.0,en,8.184650240725007,9.882541436938112,8.241291418861513,10.094308199819528,8.566978193146417,10.299290808769005,8.312092891532144,9.981980027654863,8.09968847352025,9.737001293684404,8.09968847352025,9.832817408136101,8.128009062588502,9.856048912732025,8.071367884451996,9.71588060402923,8.09968847352025,9.73044299765646,8.142169357122627,9.782641169854632,6.202209005947323,7.288556049577149,12.135372415746248,15.412908675437698,,,,,,,,,,,,,
whisper-small,,ls-test-other,main,beam,6,400,7062,43.29,33,2.6625,6.22398,1.0,en,8.184650240725007,9.882541436938112,8.283772302463891,10.153335977597305,8.609459076748797,10.380982197445686,8.397054658736902,10.109189623614458,8.014726706315491,9.798689309401057,8.057207589917871,9.7891160912249,8.028887000849618,9.805630252444942,8.014726706315491,9.666443744508435,8.113848768054375,9.832142048125828,8.113848768054375,9.800253506992899,6.074766355140187,7.1637207375453595,12.758425375247805,16.283630493381853,,,,,,,,,,,,,
whisper-small,,ls-test-other,main,beam,8,400,7062,43.29,33,3.25,6.6810875,1.0,en,8.184650240725007,9.882541436938112,8.255451713395638,10.013752644263972,8.63777966581705,10.357172673636162,8.397054658736902,10.077939623614458,8.21297082979326,9.873546789122656,8.156329651656755,9.690598932312572,8.128009062588502,9.680225535213168,8.156329651656755,9.755577510236193,8.241291418861513,9.82555814949073,8.241291418861513,9.842825122069236,5.734919286321156,6.836298506360585,13.820447465307279,17.44451107605059,7.185880375402718,7.227903067656534,7.199887939487323,7.157865247233506,9.385067936685811,9.399075500770415,9.441098193024233,4.972685250035019,4.800339847068819,5.670052537920923,5.267629566694987,6.112079160632279,11.5
whisper-small,,ls-test-other,main,greedy,1,400,7062,43.29,33,1.0,0.0,1.0,en,8.821863494760692,10.307914606694549,8.821863494760692,10.307914606694549,8.821863494760692,10.307914606694549,8.821863494760692,10.307914606694549,8.821863494760692,10.307914606694549,8.821863494760692,10.307914606694549,8.821863494760692,10.307914606694549,8.821863494760692,10.307914606694549,8.821863494760692,10.307914606694549,8.821863494760692,10.307914606694549,8.821863494760692,10.307914606694549,8.821863494760692,10.307914606694549,7.984311528225241,7.984311528225241,7.984311528225241,7.984311528225241,10.127468833169912,10.127468833169912,10.127468833169912,7.984311528225241,,,,,
whisper-small,,ls-test-other,main,sample,1,400,7062,43.29,33,1.0,0.0,0.999845,en,9.713962050410649,11.922259331249965,9.713962050410649,11.922259331249965,9.713962050410649,11.922259331249965,9.713962050410649,11.922259331249965,9.713962050410649,11.922259331249965,9.713962050410649,11.922259331249965,9.713962050410649,11.922259331249965,9.713962050410649,11.922259331249965,9.713962050410649,11.922259331249965,9.713962050410649,11.922259331249965,9.713962050410649,11.922259331249965,9.713962050410649,11.922259331249965,8.754727552878554,8.754727552878554,8.754727552878554,8.754727552878554,10.967922678246254,10.967922678246254,10.967922678246254,8.754727552878554,,,,,
whisper-small,,ls-test-other,main,sample,2,400,7062,43.29,33,1.49,7.658862500000001,0.999845,en,9.713962050410649,11.922259331249965,9.005947323704333,10.622748680484268,9.090909090909092,10.656320037670984,8.892664967431323,10.404599071333315,9.983007646559049,11.86914699929366,9.090909090909092,10.729891537627124,9.175870858113848,10.863686458593097,9.62900028320589,11.579880075448404,8.9351458510337,10.570710770880417,8.9351458510337,10.570710770880417,7.929764939110734,9.422006228247824,11.767204757858963,14.335419782674597,,,,,,,,,6.542056074766355,7.892091341533676,7.235910506938544,8.525341453202161,17.5
whisper-small,,ls-test-other,main,sample,3,400,7062,43.29,33,1.8625,7.4811425,0.999845,en,9.713962050410649,11.922259331249965,8.666100254885302,10.33982292379056,8.59529878221467,10.244140608771524,8.609459076748797,10.196762078215214,8.722741433021806,10.580377462593853,8.538657604078164,10.461082933909267,8.566978193146417,10.453593795790638,8.63777966581705,10.487541464142382,8.411214953271028,10.121107550945911,8.411214953271028,10.001338314119785,7.2500708014726705,8.563333225116533,12.574341546304163,15.374480642581645,,,,,,,,,,,,,
whisper-small,,ls-test-other,main,sample,4,400,7062,43.29,33,2.225,7.6201525,0.999845,en,9.713962050410649,11.922259331249965,8.70858113848768,10.323655551842524,9.13338997451147,10.57604422341024,8.609459076748797,10.202906965269106,8.90682526196545,10.74107448503698,8.566978193146417,10.27141659715792,8.623619371282922,10.410341320168587,8.793542905692439,10.514389970135774,8.43953554233928,10.141671471521608,8.467856131407533,10.099471310571445,6.881903143585387,8.135305602943903,13.565562163693004,16.32836695389673,,,,,,,,,5.593316340979892,6.746989637348226,6.343811951288587,7.504012150663571,14.499999999999998
whisper-small,,ls-test-other,main,sample,5,400,7062,43.29,33,2.535,7.47664,0.999845,en,9.713962050410649,11.922259331249965,8.623619371282922,10.170295081850298,9.303313508920986,10.794481359246486,8.751062022090059,10.301526887842034,8.623619371282922,10.432233591712578,8.269612007929766,9.829521391668928,8.453695836873408,10.265042660352174,8.524497309544039,10.217812726463826,8.453695836873408,10.182378379430613,8.453695836873408,10.136012310623094,6.542056074766355,7.761977443847778,13.990370999716793,16.943987975626076,,,,,,,,,,,,,
whisper-small,,ls-test-other,main,sample,6,400,7062,43.29,33,2.8275,7.660082500000001,0.999845,en,9.713962050410649,11.922259331249965,8.793542905692439,10.348463991799225,9.459076748796376,10.88130831224991,8.836023789294817,10.407914026030642,8.566978193146417,10.473112323516448,8.354573775134522,10.07533631391048,8.184650240725007,9.985119972655898,8.43953554233928,10.2288915378935,8.297932596998018,9.97484602785713,8.297932596998018,9.945125619890316,6.315491362220334,7.442015481790229,15.038232795242141,17.87625931175172,,,,,,,,,,,,,
whisper-small,,ls-test-other,main,sample,8,400,7062,43.29,33,3.35,7.4743975,0.999845,en,9.713962050410649,11.922259331249965,8.949306145567828,10.561617980281174,9.473237043330501,10.910208925525522,8.836023789294817,10.521371304062324,8.538657604078164,10.296269737414475,8.32625318606627,10.013709733177741,8.425375247805155,10.098666110803682,8.425375247805155,10.156885508082226,8.283772302463891,9.991454963131776,8.312092891532144,10.081857695677535,6.003964882469555,7.103869726990146,16.142735768903993,18.695953602842703,,,,,,,,,4.871141319739451,5.945583924372787,5.67827810818465,6.661723852264833,13.25
whisper-small,,ls-test-other,main,sample,10,400,7062,43.29,33,3.85,7.5649825,0.999845,en,9.713962050410649,11.922259331249965,8.850184083828944,10.49853044304599,9.699801755876523,11.056393017383957,8.86434437836307,10.5639241092044,8.920985556499575,10.584943852198956,8.680260549419428,10.165940002333915,8.694420843953555,10.134428253092741,8.666100254885302,10.272795537268355,8.609459076748797,10.179726878791012,8.722741433021806,10.31818724406352,5.777400169923534,6.895491853624934,16.76578872840555,19.440824187199254,,,,,,,,,,,,,
whisper-small,,ls-test-other,main,sample,12,400,7062,43.29,33,4.345,7.57759,0.999845,en,9.713962050410649,11.922259331249965,8.736901727555933,10.43985561845108,9.544038516001132,11.010615586996646,8.821863494760692,10.551116946367992,8.425375247805155,10.192479761403893,8.297932596998018,9.980837866361142,8.269612007929766,10.017485085101946,8.269612007929766,9.958495718745745,8.283772302463891,10.015524978230552,8.36873406966865,10.046422777326882,5.56499575191164,6.703294866238803,17.41716227697536,20.063204905106556,,,,,,,,,,,,,
whisper-small,,ls-test-other,main,sample,15,400,7062,43.29,33,4.9975,7.445395000000001,0.999845,en,9.713962050410649,11.922259331249965,8.850184083828944,10.533883487035585,9.501557632398754,10.923271617338436,8.807703200226564,10.500532151046356,8.765222316624186,10.430249491103583,8.736901727555933,10.34153127444742,8.623619371282922,10.192256091751087,8.680260549419428,10.170310233473463,8.538657604078164,10.053386248065802,8.793542905692439,10.355694769813663,5.380911922967997,6.504381386511823,17.91277258566978,20.562090044166055,8.754727552878554,7.788205631040762,7.998319092309847,7.830228323294579,9.959378064154643,9.721249474716346,9.959378064154643,4.608488583835271,4.092325120362504,5.192711234548781,5.126026621353724,6.124636166570634,16.75
whisper-small,,ls-test-other,main,sample,16,400,7062,43.29,33,5.2325,7.4280375,0.999845,en,9.713962050410649,11.922259331249965,8.878504672897197,10.608040233067332,9.473237043330501,10.927975918413704,8.736901727555933,10.435792007677179,8.651939960351175,10.339065914671842,8.694420843953555,10.241147502517595,8.581138487680544,10.180838048253104,8.581138487680544,10.004745872119061,8.524497309544039,9.992236121977681,8.765222316624186,10.24450762936964,5.310110450297366,6.39214767723864,18.210138770886434,20.990664579795546,8.754727552878554,7.8162207592099735,7.844235887379185,7.788205631040762,9.87533267964701,9.735257038800953,9.987393192323855,4.552458327496848,4.0073633531577455,5.073898577907176,5.041064854148966,6.000497695392689,16.75
whisper-turbo,,ami,main,beam,1,400,3707,20.99,16,1.0,0.0,1.0,en,27.947127056919342,118.3752934076195,27.947127056919342,118.3752934076195,27.947127056919342,118.3752934076195,27.947127056919342,118.3752934076195,27.947127056919342,118.3752934076195,27.947127056919342,118.3752934076195,27.947127056919342,118.3752934076195,27.947127056919342,118.3752934076195,27.947127056919342,118.3752934076195,27.947127056919342,118.3752934076195,27.947127056919342,118.3752934076195,27.947127056919342,118.3752934076195,23.27060694407633,23.27060694407633,23.27060694407633,23.27060694407633,31.248343493241453,31.248343493241453,31.248343493241453,23.27060694407633,,,,,
whisper-turbo,,ami,main,beam,2,400,3707,20.99,16,1.4775,17.612419999999997,1.0,en,27.947127056919342,118.3752934076195,27.974103048287024,119.82936537731648,25.57323981656326,93.16131615680015,27.92015106555166,118.07410293142901,25.546263825195577,93.01332550645463,25.735095764769355,93.13250890346697,25.57323981656326,93.01303835208853,26.139735635284598,99.02657178318397,25.654167790666307,95.35000434149664,25.654167790666307,95.35000434149664,22.74076072295657,89.24925454136233,34.718100890207715,147.06519796148498,,,,,,,,,13.703803614782844,12.748316093844942,13.811707580253575,12.826788316067162,8.25
whisper-turbo,,ami,main,beam,3,400,3707,20.99,16,1.9375,18.5466775,1.0,en,27.947127056919342,118.3752934076195,28.05503102239007,121.74418367305584,25.519287833827892,93.0716807268706,27.92015106555166,118.30052837002553,24.979768006474238,92.8171163110233,24.952792015106557,92.48050916816615,24.92581602373887,92.54628297768997,25.249527920151067,96.12614408880108,25.627191799298625,96.49155083483282,25.86997572160777,97.09053741069246,21.47288912867548,87.35753130496232,38.22497976800648,163.34900730806697,,,,,,,,,,,,,
whisper-turbo,,ami,main,beam,4,400,3707,20.99,16,2.325,19.0874475,1.0,en,27.947127056919342,118.3752934076195,28.13595899649312,121.87145640032855,25.49231184246021,93.15127474396463,27.92015106555166,118.30052837002553,25.411383868357163,92.82463462217551,25.087671971944967,92.2638658441699,25.060695980577286,92.07237860334055,25.438359859724844,96.78197009028497,26.220663609387646,98.92973660352749,26.382519557593742,99.08835673339763,20.933369301321825,86.4455796019096,40.30213110331805,168.88086647594588,,,,,,,,,11.788508227677367,10.458183412787415,12.274076072295657,10.918443046944109,9.5
whisper-turbo,,ami,main,beam,5,400,3707,20.99,16,2.7075,19.663415,1.0,en,27.947127056919342,118.3752934076195,28.02805503102239,121.55984925747141,25.46533585109253,93.10490882917766,27.893175074183976,118.28267122716838,25.114647963312652,92.66170049876538,25.27650391151875,93.04442575553475,25.16859994604802,92.71467668924157,25.735095764769355,98.27350605432093,26.031831669813865,98.51514876081465,26.27461559212301,99.19114082430673,20.393849473968167,85.64796679804681,41.89371459401133,172.4746643901907,,,,,,,,,,,,,
whisper-turbo,,ami,main,beam,6,400,3707,20.99,16,3.095,20.333602499999998,1.0,en,27.947127056919342,118.3752934076195,28.05503102239007,121.60634048554158,25.357431885621796,92.22990882917766,27.92015106555166,118.29582912190524,25.357431885621796,93.54164277870765,25.060695980577286,93.03641083186193,25.30347990288643,93.67934119140608,25.68114378203399,98.9518395886356,25.950903695710817,98.75767778181907,26.19368761801996,99.69819906609035,19.854329646614513,84.59399387785105,43.3504181278662,175.24356850841548,,,,,,,,,,,,,
whisper-turbo,,ami,main,beam,8,400,3707,20.99,16,3.8075,21.171772499999996,1.0,en,27.947127056919342,118.3752934076195,28.00107903965471,121.65450065870176,25.330455894254115,92.213242162511,27.947127056919342,118.37916245523856,25.27650391151875,94.24538558925968,24.952792015106557,93.31627028205227,25.16859994604802,93.44806416068826,25.519287833827892,99.63392692503214,25.89695171297545,99.2500203016287,26.46344753169679,101.48589412777713,19.23388184515781,84.12324218802041,45.48152144591314,179.6697766266609,23.27060694407633,22.952557646435196,20.620196130400213,20.14312218393851,28.915981977206467,29.26053538298436,29.790617545719588,15.663927908825867,10.331804693822498,8.764991853044082,10.898300512543836,9.391178615627904,7.75
whisper-turbo,,ami,main,greedy,1,400,3707,20.99,16,1.0,0.0,1.0,en,17.561370380361478,18.257812015387735,17.561370380361478,18.257812015387735,17.561370380361478,18.257812015387735,17.561370380361478,18.257812015387735,17.561370380361478,18.257812015387735,17.561370380361478,18.257812015387735,17.561370380361478,18.257812015387735,17.561370380361478,18.257812015387735,17.561370380361478,18.257812015387735,17.561370380361478,18.257812015387735,17.561370380361478,18.257812015387735,17.561370380361478,18.257812015387735,13.172541743970315,13.172541743970315,13.172541743970315,13.172541743970315,20.858733103631064,20.858733103631064,20.858733103631064,13.172541743970315,,,,,
whisper-turbo,,ami,main,sample,1,400,3707,20.99,16,1.0,0.0,1.0,en,18.694362017804153,20.854763358734115,18.694362017804153,20.854763358734115,18.694362017804153,20.854763358734115,18.694362017804153,20.854763358734115,18.694362017804153,20.854763358734115,18.694362017804153,20.854763358734115,18.694362017804153,20.854763358734115,18.694362017804153,20.854763358734115,18.694362017804153,20.854763358734115,18.694362017804153,20.854763358734115,18.694362017804153,20.854763358734115,18.694362017804153,20.854763358734115,14.206201961304002,14.206201961304002,14.206201961304002,14.206201961304002,21.70686456400742,21.70686456400742,21.70686456400742,14.206201961304002,,,,,
whisper-turbo,,ami,main,sample,2,400,3707,20.99,16,1.415,12.169312499999998,1.0,en,18.694362017804153,20.854763358734115,17.642298354464526,18.84294644870505,17.696250337199892,19.252609446525938,17.75020231993526,18.77360121060981,19.422713784731588,21.33635748098613,18.532506069598057,19.823612055028548,18.910169948745615,19.81544840495313,18.9371459401133,21.467400361696278,18.66738602643647,19.590830643702326,18.66738602643647,19.590830643702326,15.646074993256002,16.515166503052072,21.850553007823038,26.03813367961588,,,,,,,,,14.486107364445644,15.167721390903022,14.701915295387105,15.21130724948888,9.5
whisper-turbo,,ami,main,sample,3,400,3707,20.99,16,1.69,12.229145,1.0,en,18.694362017804153,20.854763358734115,17.50741839762611,18.445136368133742,17.642298354464526,18.469870796604795,17.426490423523063,18.15473391927541,18.505530078230375,20.10603605592408,18.181818181818183,19.21134799147772,18.424602104127327,19.578001718185796,18.07391421634745,19.794194568163476,18.424602104127327,19.94340198376988,18.478554086862694,20.08567694199879,14.378203398974913,14.524676463336025,23.523064472619367,28.13616531500424,,,,,,,,,,,,,
whisper-turbo,,ami,main,sample,4,400,3707,20.99,16,1.9175,12.0128175,1.0,en,18.694362017804153,20.854763358734115,17.426490423523063,18.849765029469566,17.345562449420015,18.552913456335098,17.18370650121392,18.412102691807227,17.858106285405988,18.794761219649246,17.80415430267062,18.46410686304094,17.696250337199892,18.206890099541283,17.561370380361478,18.61400315826618,17.992986242244402,18.76682131641522,18.019962233612084,18.92765134287025,13.622875640679794,13.807069571435655,24.87186404100351,30.676595187372712,,,,,,,,,12.705691934178581,12.751131761682064,12.89452387375236,12.838042789250984,7.75
whisper-turbo,,ami,main,sample,5,400,3707,20.99,16,2.1125,11.88383,1.0,en,18.694362017804153,20.854763358734115,17.588346371729163,19.76087163120117,17.561370380361478,18.831927278769975,17.264634475316967,19.308341869296406,17.75020231993526,18.371174389812413,17.561370380361478,18.801487612442152,17.96601025087672,18.690140840028864,17.48044240625843,17.987587414352376,17.723226328567574,18.296567034878045,17.80415430267062,18.482732258543265,13.272187752899919,13.43870334336548,26.058807661181547,32.63871854625498,,,,,,,,,,,,,
whisper-turbo,,ami,main,sample,6,400,3707,20.99,16,2.3125,12.2513825,1.0,en,18.694362017804153,20.854763358734115,17.642298354464526,19.886764488344024,17.66927434583221,18.84844475532581,17.345562449420015,19.405068059772596,17.80415430267062,18.54465166546074,17.66927434583221,18.88301150823235,17.831130294038307,18.50156309553394,17.615322363096844,18.497355205041217,17.939034259509036,18.550753474871374,17.939034259509036,18.554335192646203,13.137307796061505,12.829054220558461,26.787159428108982,34.4002405615036,,,,,,,,,,,,,
whisper-turbo,,ami,main,sample,8,400,3707,20.99,16,2.65,12.428032499999999,1.0,en,18.694362017804153,20.854763358734115,17.561370380361478,20.478311157833808,17.80415430267062,18.993017584457466,17.18370650121392,19.14118914993974,17.453466414890748,18.223142367225435,17.77717831130294,18.629025691417585,17.75020231993526,18.622324435157505,17.426490423523063,18.20178617855114,17.696250337199892,18.55427402839193,17.831130294038307,18.97370271701945,12.543835985972484,12.097040135715428,27.515511195036417,37.130906090561076,,,,,,,,,11.383868357162125,10.619329065324406,11.869436201780415,11.06521019808054,9.5
whisper-turbo,,ami,main,sample,10,400,3707,20.99,16,2.9125,12.3405925,1.0,en,18.694362017804153,20.854763358734115,17.39951443215538,19.910264621037268,17.696250337199892,18.712362822552706,16.99487456164014,18.717852315205846,17.831130294038307,18.753262582049597,17.642298354464526,18.433039145283978,17.66927434583221,18.300805676138744,17.345562449420015,17.99893799724901,17.723226328567574,18.3955606474746,17.831130294038307,18.720525368211376,12.355004046398705,11.94093443585973,28.351766927434582,38.26648791370869,,,,,,,,,,,,,
whisper-turbo,,ami,main,sample,12,400,3707,20.99,16,3.1375,12.2134325,1.0,en,18.694362017804153,20.854763358734115,17.39951443215538,19.890019376310264,17.75020231993526,18.735973933663814,17.156730509846238,18.888291360389136,17.75020231993526,18.392229390095352,17.75020231993526,18.377554042151818,17.75020231993526,18.198437456123465,17.318586458052334,17.760880337316348,17.66927434583221,18.18637642891538,17.723226328567574,18.320582828866666,12.139196115457244,11.552929385354677,29.376854599406528,39.91471144440504,,,,,,,,,,,,,
whisper-turbo,,ami,main,sample,15,400,3707,20.99,16,3.47,11.939589999999999,1.0,en,18.694362017804153,20.854763358734115,17.345562449420015,19.157727709643595,17.723226328567574,18.725973933663816,17.18370650121392,18.90599969372247,17.885082276773673,18.16742322403919,17.75020231993526,18.53057220454498,17.696250337199892,18.248561262056096,17.50741839762611,17.61787431556033,17.723226328567574,18.104851056140006,17.912058268141354,18.490435365621373,11.81548421904505,11.056144890768412,29.97032640949555,41.53357196841263,14.206201961304002,12.721971905645376,13.305062284654122,13.093029419560033,20.673204346673735,20.99125364431487,21.044261860588392,8.348794063079778,10.709468572970056,9.789889147457716,11.168060426220663,10.23112641509204,8.75
whisper-turbo,,ami,main,sample,16,400,3707,20.99,16,3.58,11.953262500000001,1.0,en,18.694362017804153,20.854763358734115,17.237658483949286,19.118881555797444,17.642298354464526,18.76930726699715,17.18370650121392,18.9793330270558,17.831130294038307,18.200639382880347,17.66927434583221,18.419619823592598,17.66927434583221,18.173368011679024,17.39951443215538,17.459037735473746,17.939034259509036,18.23233524957815,17.939034259509036,18.36676218192102,11.707580253574319,10.942573462196982,30.240086323172378,41.65464911780785,14.206201961304002,12.562947256824808,13.278558176517361,12.987012987012987,20.59369202226345,21.07076596872515,21.07076596872515,8.269281738669493,10.601564607499325,9.6893047318733,11.060156460749933,10.079946761412387,8.75
whisper-turbo,,common_voice,main,beam,1,147,1347,13.99,147,1.0,0.0,1.0,en,11.655530809205642,11.254963857004672,11.655530809205642,11.254963857004672,11.655530809205642,11.254963857004672,11.655530809205642,11.254963857004672,11.655530809205642,11.254963857004672,11.655530809205642,11.254963857004672,11.655530809205642,11.254963857004672,11.655530809205642,11.254963857004672,11.655530809205642,11.254963857004672,11.655530809205642,11.254963857004672,11.655530809205642,11.254963857004672,11.655530809205642,11.254963857004672,10.621387283236995,10.621387283236995,10.621387283236995,10.621387283236995,13.583815028901734,13.583815028901734,13.583815028901734,10.621387283236995,,,,,
whisper-turbo,,common_voice,main,beam,2,147,1347,13.99,147,1.4081632653061225,6.575557823129253,1.0,en,11.655530809205642,11.254963857004672,11.729769858945806,11.411779830147175,11.729769858945806,11.30783237926095,11.655530809205642,11.254963857004672,11.432813659985152,11.078770058361895,11.729769858945806,11.411779830147175,11.58129175946548,11.32062004510984,11.952487008166296,11.671630523671338,11.804008908685969,11.656149972476504,11.804008908685969,11.656149972476504,10.096510764662213,9.787248843371293,37.342242019302155,53.710558149333664,,,,,,,,,8.240534521158128,8.044137457402764,8.240534521158128,8.044137457402764,10.884353741496598
whisper-turbo,,common_voice,main,beam,3,147,1347,13.99,147,1.7551020408163265,6.950482993197279,1.0,en,11.655530809205642,11.254963857004672,11.878247958426131,11.530312091536581,11.729769858945806,11.30783237926095,11.655530809205642,11.254963857004672,11.804008908685969,11.43281888179847,11.655530809205642,11.283308528206486,11.804008908685969,11.43281888179847,11.952487008166296,11.682251988374436,11.878247958426131,11.614224777490083,11.729769858945806,11.541649960017306,9.57683741648107,9.198489530122183,39.198218262806236,55.65818346430592,,,,,,,,,,,,,
whisper-turbo,,common_voice,main,beam,4,147,1347,13.99,147,2.074829931972789,7.603870748299318,1.0,en,11.655530809205642,11.254963857004672,11.804008908685969,11.473622749132952,11.729769858945806,11.30783237926095,11.655530809205642,11.254963857004672,11.210096510764663,10.798022838839165,11.804008908685969,11.360244064325697,11.655530809205642,11.141585172197416,11.878247958426131,11.557348547144464,11.58129175946548,11.355737988391047,11.729769858945806,11.602741551721143,9.205642167780253,8.826769413504106,41.648106904231625,58.52872090116988,,,,,,,,,7.498144023756496,7.1435867609337,7.720861172976986,7.449709209913292,10.204081632653061
whisper-turbo,,common_voice,main,beam,5,147,1347,13.99,147,2.36734693877551,8.08378231292517,1.0,en,11.655530809205642,11.254963857004672,11.804008908685969,11.473622749132952,11.729769858945806,11.30783237926095,11.655530809205642,11.254963857004672,11.729769858945806,11.264682029988151,11.729769858945806,11.264682029988151,11.729769858945806,11.264682029988151,11.952487008166296,11.56270600148151,11.58129175946548,11.244477366926347,11.729769858945806,11.422830759565453,8.834446919079436,8.43750259566586,42.910170749814405,60.04058960691615,,,,,,,,,,,,,
whisper-turbo,,common_voice,main,beam,6,147,1347,13.99,147,2.727891156462585,8.83821768707483,1.0,en,11.655530809205642,11.254963857004672,11.804008908685969,11.473622749132952,11.729769858945806,11.30783237926095,11.655530809205642,11.254963857004672,11.58129175946548,11.244975734771653,11.804008908685969,11.40073645175686,11.507052709725315,11.049802427353447,12.100965107646623,11.77299646687402,11.878247958426131,11.624254430376878,11.952487008166296,11.788113624848318,8.68596881959911,8.2485381209871,44.02375649591685,62.33118261179486,,,,,,,,,,,,,
whisper-turbo,,common_voice,main,beam,8,147,1347,13.99,147,3.3401360544217686,9.722870748299322,1.0,en,11.655530809205642,11.254963857004672,11.729769858945806,11.425031884215556,11.729769858945806,11.30783237926095,11.655530809205642,11.254963857004672,11.58129175946548,11.282041843266333,11.804008908685969,11.416933406729324,11.655530809205642,11.190176037114814,11.952487008166296,11.777855553365756,11.952487008166296,11.69714072775297,12.397921306607275,12.446723722233926,8.240534521158128,7.816030341540545,45.9539717891611,64.97245951327584,10.621387283236995,10.693641618497109,10.54913294797688,10.621387283236995,13.800578034682081,13.65606936416185,13.945086705202312,7.658959537572255,6.755753526354862,6.4052510225979615,6.904231625835189,6.620670523731747,8.843537414965986
whisper-turbo,,common_voice,main,greedy,1,147,1347,13.99,147,1.0,0.0,1.0,en,11.804008908685969,11.518392793902997,11.804008908685969,11.518392793902997,11.804008908685969,11.518392793902997,11.804008908685969,11.518392793902997,11.804008908685969,11.518392793902997,11.804008908685969,11.518392793902997,11.804008908685969,11.518392793902997,11.804008908685969,11.518392793902997,11.804008908685969,11.518392793902997,11.804008908685969,11.518392793902997,11.804008908685969,11.518392793902997,11.804008908685969,11.518392793902997,10.621387283236995,10.621387283236995,10.621387283236995,10.621387283236995,13.511560693641618,13.511560693641618,13.511560693641618,10.621387283236995,,,,,
whisper-turbo,,common_voice,main,sample,1,147,1347,13.99,147,1.0,0.0,1.0,en,13.3630289532294,13.05848063501125,13.3630289532294,13.05848063501125,13.3630289532294,13.05848063501125,13.3630289532294,13.05848063501125,13.3630289532294,13.05848063501125,13.3630289532294,13.05848063501125,13.3630289532294,13.05848063501125,13.3630289532294,13.05848063501125,13.3630289532294,13.05848063501125,13.3630289532294,13.05848063501125,13.3630289532294,13.05848063501125,13.3630289532294,13.05848063501125,12.5,12.5,12.5,12.5,14.884393063583815,14.884393063583815,14.884393063583815,12.5,,,,,
whisper-turbo,,common_voice,main,sample,2,147,1347,13.99,147,1.3401360544217686,6.345006802721088,1.0,en,13.3630289532294,13.05848063501125,12.546399406087602,12.384929884929885,12.026726057906458,11.96920804063661,12.397921306607275,12.214861857719,12.397921306607275,12.270557296067501,11.952487008166296,11.874725803297233,11.952487008166296,11.874725803297233,13.808463251670378,13.487184584123357,11.729769858945806,11.720003352656413,11.729769858945806,11.720003352656413,11.507052709725315,11.503177472565227,15.367483296213809,15.104458089151965,,,,,,,,,9.428359317000742,9.30985680985681,9.799554565701559,9.7992747992748,12.244897959183673
whisper-turbo,,common_voice,main,sample,3,147,1347,13.99,147,1.5918367346938775,6.9060680272108845,1.0,en,13.3630289532294,13.05848063501125,12.769116555308091,12.479412122269267,12.397921306607275,12.203669346526489,12.843355605048256,12.547439333153617,12.843355605048256,12.570385019364611,12.620638455827766,12.357934959975776,12.323682256867112,12.086635964186986,13.066072754268745,12.834935283914877,12.323682256867112,12.252883171250518,12.249443207126948,12.225888246296408,10.838901262063846,10.939066602331907,17.22345953971789,17.053637028126822,,,,,,,,,,,,,
whisper-turbo,,common_voice,main,sample,4,147,1347,13.99,147,1.816326530612245,6.916482993197278,1.0,en,13.3630289532294,13.05848063501125,12.546399406087602,12.285294071008357,12.026726057906458,11.721809936095651,11.952487008166296,11.697099197099197,12.694877505567929,12.634985951312483,12.397921306607275,12.21756135021441,12.175204157386785,12.028596875535651,12.769116555308091,12.634608399914521,12.026726057906458,11.961421043053697,11.952487008166296,11.90331588290772,9.948032665181886,9.90500146112391,17.743132887899034,17.56652361244198,,,,,,,,,7.943578322197476,7.8906156202074555,8.68596881959911,8.703162861326126,11.564625850340136
whisper-turbo,,common_voice,main,sample,5,147,1347,13.99,147,2.0272108843537415,6.962816326530612,1.0,en,13.3630289532294,13.05848063501125,12.323682256867112,12.017798905554008,11.952487008166296,11.671454018392794,11.952487008166296,11.706547420833132,12.100965107646623,11.955710578159556,12.175204157386785,12.012399920563183,12.100965107646623,11.955710578159556,12.026726057906458,11.930286267020959,11.58129175946548,11.52295739030433,11.35857461024499,11.278898727878321,9.725315515961396,9.65664815154611,18.70824053452116,18.547298317706478,,,,,,,,,,,,,
whisper-turbo,,common_voice,main,sample,6,147,1347,13.99,147,2.2108843537414966,6.942197278911564,1.0,en,13.3630289532294,13.05848063501125,12.249443207126948,11.966778497390743,11.878247958426131,11.586420004787353,11.804008908685969,11.542148327862616,12.47216035634744,12.31706218951117,11.729769858945806,11.587499801785516,11.878247958426131,11.688460821113882,12.546399406087602,12.387494402800526,11.58129175946548,11.526491271389231,11.58129175946548,11.55859069124375,9.502598366740905,9.41855291345087,19.673348181143282,19.709429836980856,,,,,,,,,,,,,
whisper-turbo,,common_voice,main,sample,8,147,1347,13.99,147,2.5170068027210886,6.944074829931973,1.0,en,13.3630289532294,13.05848063501125,12.991833704528583,12.456736385307813,13.3630289532294,12.74450228531861,13.066072754268745,12.44593841532617,12.249443207126948,12.087688388708797,11.507052709725315,11.39043684962052,11.878247958426131,11.753248641003742,12.026726057906458,11.875400676421084,11.135857461024498,11.052747328257533,11.210096510764663,11.096479106683187,8.760207869339272,8.817272108088435,20.78693392724573,20.74438128009556,,,,,,,,,6.904231625835189,6.910596017738873,7.646622123236822,7.7490583868134895,10.204081632653061
whisper-turbo,,common_voice,main,sample,10,147,1347,13.99,147,2.7823129251700682,6.734680272108844,1.0,en,13.3630289532294,13.05848063501125,12.769116555308091,12.083911930850707,13.3630289532294,12.74450228531861,13.066072754268745,12.44593841532617,12.397921306607275,12.231218328157103,11.35857461024499,11.253008140763242,11.804008908685969,11.696559298600112,12.175204157386785,12.013369283777447,11.655530809205642,11.4940973614443,11.284335560504825,11.180097302546283,8.611729769858945,8.545163264551018,21.00965107646622,20.983286365939428,,,,,,,,,,,,,
whisper-turbo,,common_voice,main,sample,12,147,1347,13.99,147,3.0952380952380953,6.806265306122449,1.0,en,13.3630289532294,13.05848063501125,12.769116555308091,12.080174172010908,13.437268002969562,12.829536298924053,13.214550853749072,12.62171690743119,12.249443207126948,12.093789619299823,11.284335560504825,11.17908357704276,11.952487008166296,11.865319110217069,12.175204157386785,12.080022207573228,11.507052709725315,11.405014109095744,11.507052709725315,11.433358780297555,8.46325167037862,8.401550263795162,21.455085374907203,21.473472672452264,,,,,,,,,,,,,
whisper-turbo,,common_voice,main,sample,15,147,1347,13.99,147,3.4081632653061225,6.776809523809523,1.0,en,13.3630289532294,13.05848063501125,12.620638455827766,11.966795487203651,13.511507052709725,12.878127163841452,12.991833704528583,12.423304209018493,12.100965107646623,11.909549256488031,11.507052709725315,11.292462261850018,12.175204157386785,11.881204585286216,11.878247958426131,11.711136558075331,11.284335560504825,11.070546988914336,11.35857461024499,11.192024151207825,8.314773570898293,8.269275131520029,21.752041573867853,21.753351523759687,12.5,11.416184971098266,11.054913294797688,10.404624277456648,13.800578034682081,13.222543352601155,13.15028901734104,7.442196531791907,6.310319227913883,6.27567538281824,7.201187824795842,7.280426489610164,11.564625850340136
whisper-turbo,,common_voice,main,sample,16,147,1347,13.99,147,3.510204081632653,6.793734693877552,1.0,en,13.3630289532294,13.05848063501125,12.620638455827766,11.966795487203651,13.511507052709725,12.878127163841452,12.991833704528583,12.423304209018493,12.026726057906458,11.832073821869738,11.655530809205642,11.39774246917104,11.878247958426131,11.659306302163444,11.804008908685969,11.633661123457042,11.284335560504825,11.127236331317967,11.284335560504825,11.123187092574845,8.240534521158128,8.212585789116401,22.048997772828507,22.025460367297104,12.5,11.416184971098266,10.982658959537572,10.621387283236995,13.728323699421965,13.222543352601155,13.15028901734104,7.442196531791907,6.310319227913883,6.27567538281824,7.201187824795842,7.2010614102450825,11.564625850340136
whisper-turbo,,earnings22,main,beam,1,307,4867,31.38,6,1.0,0.0,1.0,en,16.704335319498664,18.99734558584122,16.704335319498664,18.99734558584122,16.704335319498664,18.99734558584122,16.704335319498664,18.99734558584122,16.704335319498664,18.99734558584122,16.704335319498664,18.99734558584122,16.704335319498664,18.99734558584122,16.704335319498664,18.99734558584122,16.704335319498664,18.99734558584122,16.704335319498664,18.99734558584122,16.704335319498664,18.99734558584122,16.704335319498664,18.99734558584122,11.93312434691745,11.93312434691745,11.93312434691745,11.93312434691745,16.802507836990596,16.802507836990596,16.802507836990596,11.93312434691745,,,,,
whisper-turbo,,earnings22,main,beam,2,307,4867,31.38,6,1.517915309446254,6.329589576547231,1.0,en,16.704335319498664,18.99734558584122,16.6837887815903,19.133105834216305,16.622149167865214,18.76899986275149,16.642695705773576,18.9783718822949,16.622149167865214,18.799306961015255,16.56050955414013,18.74478112322442,16.642695705773576,18.847849968964276,17.320731456749538,21.442636399289675,16.724881857407027,19.181564278354205,16.724881857407027,19.181564278354205,15.430449969180193,17.635105778238614,18.88226833778508,23.414625146167197,,,,,,,,,12.595027737826177,12.103550079378088,12.697760427367989,12.208909793858323,26.710097719869708
whisper-turbo,,earnings22,main,beam,3,307,4867,31.38,6,1.996742671009772,7.85470358306189,1.0,en,16.704335319498664,18.99734558584122,16.642695705773576,18.9815955212766,16.539963016231766,18.74173794623876,16.622149167865214,18.97940433418661,16.704335319498664,19.37493967640714,16.49886994041504,19.039623978713596,16.642695705773576,19.152355528741563,16.909800698582288,20.731370433489367,16.889254160673925,19.909545503891778,16.765974933223752,19.53166342754145,14.382576535853708,16.344280306356186,20.608177522087527,26.878984574574776,,,,,,,,,,,,,
whisper-turbo,,earnings22,main,beam,4,307,4867,31.38,6,2.423452768729642,8.533293159609121,1.0,en,16.704335319498664,18.99734558584122,16.47832340250668,18.70026501947762,16.60160262995685,18.75580349896114,16.49886994041504,18.734410908309016,16.581056092048488,19.571921406865698,16.437230326689953,18.79628292027134,16.539963016231766,19.024592070404594,17.135812615574277,21.366469536487593,16.56050955414013,19.904709190600368,16.539963016231766,19.911779891290536,13.827820012327923,15.546488058025174,21.738237107047464,29.076566580549194,,,,,,,,,11.403328539141155,11.05862244237968,11.69098006985823,11.340556191480767,23.778501628664493
whisper-turbo,,earnings22,main,beam,5,307,4867,31.38,6,2.814332247557003,8.870087947882737,1.0,en,16.704335319498664,18.99734558584122,16.437230326689953,18.60670109827133,16.622149167865214,18.767035667892966,16.539963016231766,18.75794234821696,16.704335319498664,20.25265260995963,16.293404561331414,18.72954699576371,16.47832340250668,19.917470702452462,16.765974933223752,21.073816926046344,16.519416478323404,20.276130986580103,16.437230326689953,19.899349202440586,13.108691185535237,14.854257495662651,22.272447092664887,29.8170322314383,,,,,,,,,,,,,
whisper-turbo,,earnings22,main,beam,6,307,4867,31.38,6,3.211726384364821,9.314511400651467,1.0,en,16.704335319498664,18.99734558584122,16.49886994041504,18.674019230736043,16.642695705773576,18.954332084831076,16.519416478323404,18.736226821615436,16.49886994041504,19.537270875585293,16.519416478323404,18.92521017695956,16.581056092048488,19.410811744364352,16.99198685021574,21.493238222316798,16.519416478323404,20.118433268489145,16.49886994041504,20.09471532594152,12.923772344359975,14.66735699117257,23.23813437435792,31.567382015864887,,,,,,,,,,,,,
whisper-turbo,,earnings22,main,beam,8,307,4867,31.38,6,3.993485342019544,10.008697068403908,1.0,en,16.704335319498664,18.99734558584122,16.396137250873227,18.435691326284363,16.622149167865214,18.791465635319675,16.49886994041504,18.573360372104037,16.66324224368194,20.02862581617013,16.539963016231766,19.187982149829253,16.539963016231766,19.549130362858197,16.93034723649065,21.338686950545497,16.49886994041504,20.204102685967133,16.47832340250668,19.89532319822616,12.45120197246764,13.925288894486732,24.512019724676392,32.94526051304482,11.93312434691745,11.577847439916406,12.121212121212121,11.891327063740857,17.115987460815045,16.677115987460816,16.614420062695924,8.672936259143155,10.19108280254777,9.785946102058642,10.643106636531744,10.244733454353428,23.12703583061889
whisper-turbo,,earnings22,main,greedy,1,307,4867,31.38,6,1.0,0.0,1.0,en,16.765974933223752,19.182823282377647,16.765974933223752,19.182823282377647,16.765974933223752,19.182823282377647,16.765974933223752,19.182823282377647,16.765974933223752,19.182823282377647,16.765974933223752,19.182823282377647,16.765974933223752,19.182823282377647,16.765974933223752,19.182823282377647,16.765974933223752,19.182823282377647,16.765974933223752,19.182823282377647,16.765974933223752,19.182823282377647,16.765974933223752,19.182823282377647,12.204806687565307,12.204806687565307,12.204806687565307,12.204806687565307,16.7816091954023,16.7816091954023,16.7816091954023,12.204806687565307,,,,,
whisper-turbo,,earnings22,main,sample,1,307,4867,31.38,6,1.0,0.0,1.0,en,17.44401068419971,19.96783259529619,17.44401068419971,19.96783259529619,17.44401068419971,19.96783259529619,17.44401068419971,19.96783259529619,17.44401068419971,19.96783259529619,17.44401068419971,19.96783259529619,17.44401068419971,19.96783259529619,17.44401068419971,19.96783259529619,17.44401068419971,19.96783259529619,17.44401068419971,19.96783259529619,17.44401068419971,19.96783259529619,17.44401068419971,19.96783259529619,12.83176593521421,12.83176593521421,12.83176593521421,12.83176593521421,17.15778474399164,17.15778474399164,17.15778474399164,12.83176593521421,,,,,
whisper-turbo,,earnings22,main,sample,2,307,4867,31.38,6,1.4657980456026058,7.562328990228013,1.0,en,17.44401068419971,19.96783259529619,16.82761454694884,19.511731464343026,17.115266077665915,19.78557016153973,16.889254160673925,19.51914115416314,17.567289911649887,19.54616142591138,17.094719539757552,19.23530769012274,17.279638380932813,19.4495965913198,17.731662214916785,20.566744695826774,17.053626463940827,19.46108011976681,17.053626463940827,19.46108011976681,15.450996507088556,17.267822902310556,19.35483870967742,22.429984522138376,,,,,,,,,12.738853503184714,12.841139897628176,13.1292377234436,13.217668288470385,27.035830618892508
whisper-turbo,,earnings22,main,sample,3,307,4867,31.38,6,1.785016286644951,7.26585016286645,1.0,en,17.44401068419971,19.96783259529619,16.6837887815903,19.13881473871551,16.807068009040478,19.524238696162488,16.66324224368194,19.17452701623908,17.25909184302445,19.74340013086657,17.0125333881241,19.568575547465432,17.156359153482637,19.66562068305258,17.238545305116087,19.858102235569433,17.07417300184919,19.44610312763422,16.848161084857203,19.159882999780283,14.855146907746045,16.393627087434634,20.484898294637354,23.841607776470905,,,,,,,,,,,,,
whisper-turbo,,earnings22,main,sample,4,307,4867,31.38,6,2.0586319218241043,6.884814332247557,1.0,en,17.44401068419971,19.96783259529619,16.848161084857203,19.1910354104569,16.950893774399013,19.45974039941177,16.848161084857203,19.190580404345386,17.546743373741524,19.85849634006653,17.135812615574277,19.300055090086502,17.300184918841175,19.529115132278722,17.485103760016436,20.027927798341903,17.0125333881241,19.688539871519474,16.93034723649065,19.44252041745211,14.48530922539552,16.011596469905793,21.245120197246763,24.9740313096045,,,,,,,,,11.95808506266694,11.863530911129292,12.45120197246764,12.455234936970818,24.104234527687296
whisper-turbo,,earnings22,main,sample,5,307,4867,31.38,6,2.3420195439739415,7.245768729641694,1.0,en,17.44401068419971,19.96783259529619,16.786521471132115,18.940783979423717,16.848161084857203,19.205233946399858,16.724881857407027,18.908662228719,17.300184918841175,19.641562989554213,17.115266077665915,19.45501702202822,17.217998767207725,19.408655779027164,17.320731456749538,19.89817572173698,16.99198685021574,19.63236736009679,16.786521471132115,19.35169804079607,13.951099239778097,15.164139633370702,21.861516334497637,26.314768756090928,,,,,,,,,,,,,
whisper-turbo,,earnings22,main,sample,6,307,4867,31.38,6,2.563517915309446,7.157781758957656,1.0,en,17.44401068419971,19.96783259529619,16.56050955414013,18.584957597981273,16.786521471132115,19.086286494879946,16.56050955414013,18.571610729650793,17.176905691391,19.47396110502503,17.033079926032464,19.06512623569925,17.176905691391,19.417658534914214,17.176905691391,19.632785181937905,16.889254160673925,19.27973804968103,16.74542839531539,19.226439160300863,13.80727347441956,15.060846730031772,22.23135401684816,26.7699573041208,,,,,,,,,,,,,
whisper-turbo,,earnings22,main,sample,8,307,4867,31.38,6,2.9381107491856677,7.077680781758957,1.0,en,17.44401068419971,19.96783259529619,16.375590712964865,18.31298366717715,16.74542839531539,18.968521523694783,16.457776864598316,18.430454570298515,17.033079926032464,19.2855442556512,16.889254160673925,19.16116573727621,16.950893774399013,19.28776094353564,17.156359153482637,19.500668541713345,16.765974933223752,18.81309599653656,16.74542839531539,19.19913827873005,13.581261557427574,14.817019548673704,22.950482843640845,28.093241054497863,,,,,,,,,11.177316622149167,11.036381432563823,11.670433531949866,11.632890632360212,22.475570032573287
whisper-turbo,,earnings22,main,sample,10,307,4867,31.38,6,3.267100977198697,6.990781758957655,1.0,en,17.44401068419971,19.96783259529619,16.47832340250668,18.551675642875214,16.74542839531539,18.986282264582556,16.56050955414013,18.63458638149359,17.033079926032464,19.065019867072134,16.60160262995685,18.61142813968714,16.889254160673925,18.89469106483548,16.99198685021574,19.32533357564034,16.6837887815903,18.740561324631923,16.82761454694884,19.148678082447006,13.2936100267105,14.565844417294613,23.64906513252517,29.698970541912757,,,,,,,,,,,,,
whisper-turbo,,earnings22,main,sample,12,307,4867,31.38,6,3.570032573289902,7.0325635179153085,1.0,en,17.44401068419971,19.96783259529619,16.47832340250668,18.538521629912807,16.74542839531539,18.98976574554554,16.581056092048488,18.653747140259632,16.99198685021574,19.11910366258401,16.642695705773576,18.556008306172842,16.642695705773576,18.809412382244094,16.909800698582288,19.08880348846324,16.786521471132115,18.78964503088175,16.868707622765562,18.97009754600285,13.04705157181015,14.333563639568842,24.142182042325867,30.388551756077618,,,,,,,,,,,,,
whisper-turbo,,earnings22,main,sample,15,307,4867,31.38,6,4.003257328990228,7.081553745928338,1.0,en,17.44401068419971,19.96783259529619,16.47832340250668,18.649032273811077,16.807068009040478,19.206066816895472,16.622149167865214,18.898580347226392,16.74542839531539,18.924782655718666,16.581056092048488,18.539232872052132,16.60160262995685,18.60112405829664,16.765974933223752,18.952406624710715,16.519416478323404,18.3959546440594,16.539963016231766,18.670569646776627,12.862132730634888,14.117381058312686,24.799671255393466,31.248746633906997,12.83176593521421,11.80773249738767,12.079414838035527,11.974921630094045,16.739811912225704,16.426332288401255,16.44723092998955,8.798328108672937,10.540373946989932,10.418390128618046,11.136223546332443,11.101073825395591,23.452768729641694
whisper-turbo,,earnings22,main,sample,16,307,4867,31.38,6,4.1172638436482085,7.088879478827362,1.0,en,17.44401068419971,19.96783259529619,16.457776864598316,18.632745628859933,16.765974933223752,19.17675085598342,16.60160262995685,18.882293702275252,16.724881857407027,18.713881805847805,16.539963016231766,18.526287077347376,16.56050955414013,18.565289196345667,16.704335319498664,18.975255409456516,16.49886994041504,18.54020127067152,16.519416478323404,18.675382646895244,12.779946579001438,14.030060669689368,24.881857407026917,31.377419987336054,12.83176593521421,11.786833855799372,12.016718913270637,11.93312434691745,16.65621734587252,16.405433646812956,16.405433646812956,8.735632183908047,10.499280871173207,10.362867475375523,11.11567700842408,11.059652163452759,22.80130293159609
whisper-turbo,,fleurs-en,main,beam,1,200,4330,32.52,168,1.0,0.0,1.0,en,5.381062355658199,5.674593281641596,5.381062355658199,5.674593281641596,5.381062355658199,5.674593281641596,5.381062355658199,5.674593281641596,5.381062355658199,5.674593281641596,5.381062355658199,5.674593281641596,5.381062355658199,5.674593281641596,5.381062355658199,5.674593281641596,5.381062355658199,5.674593281641596,5.381062355658199,5.674593281641596,5.381062355658199,5.674593281641596,5.381062355658199,5.674593281641596,6.579561362575828,6.579561362575828,6.579561362575828,6.579561362575828,8.306112925804946,8.306112925804946,8.306112925804946,6.579561362575828,,,,,
whisper-turbo,,fleurs-en,main,beam,2,200,4330,32.52,168,1.315,2.31342,1.0,en,5.381062355658199,5.674593281641596,5.33487297921478,5.5745932816415955,5.496535796766744,5.823196965539397,5.381062355658199,5.674593281641596,5.404157043879907,5.630374408012489,5.35796766743649,5.550888185568079,5.265588914549654,5.487042835515831,5.612009237875289,5.993626110579144,5.450346420323326,5.789791136919485,5.450346420323326,5.789791136919485,4.89607390300231,5.04302067374329,6.397228637413395,6.944601306065086,,,,,,,,,3.9491916859122402,4.06387672713504,4.018475750577367,4.16389868585265,13.0
whisper-turbo,,fleurs-en,main,beam,3,200,4330,32.52,168,1.73,3.21529,1.0,en,5.381062355658199,5.674593281641596,5.265588914549654,5.45380203585035,5.565819861431871,5.88878836338886,5.381062355658199,5.674593281641596,5.173210161662817,5.388980894833557,5.173210161662817,5.383405210453525,5.173210161662817,5.374166080018742,5.196304849884527,5.39268459853726,5.173210161662817,5.395124589848219,5.288683602771362,5.590828885552515,4.295612009237876,4.405870019304715,7.482678983833718,8.155887184920413,,,,,,,,,,,,,
whisper-turbo,,fleurs-en,main,beam,4,200,4330,32.52,168,2.055,3.578855,1.0,en,5.381062355658199,5.674593281641596,5.265588914549654,5.45380203585035,5.5889145496535795,5.911515636116133,5.381062355658199,5.674593281641596,5.242494226327945,5.367612382927485,5.219399538106235,5.350627432675747,5.080831408775982,5.160856156697574,5.404157043879907,5.70346770660495,5.219399538106235,5.501766710079268,5.219399538106235,5.5411932333767595,3.9491916859122402,3.988853588626358,8.221709006928407,9.004392399050097,,,,,,,,,3.302540415704388,3.3079695064070056,3.464203233256351,3.493615563248715,10.5
whisper-turbo,,fleurs-en,main,beam,5,200,4330,32.52,168,2.415,3.92103,1.0,en,5.381062355658199,5.674593281641596,5.242494226327945,5.420468702517017,5.5889145496535795,5.911515636116133,5.381062355658199,5.674593281641596,5.311778290993072,5.5402663387432245,5.311778290993072,5.562632861109747,5.265588914549654,5.504552053028939,5.311778290993072,5.545136468613355,5.35796766743649,5.64457982692768,5.33487297921478,5.64868499533485,3.856812933025404,3.875650125422894,8.891454965357967,9.715209150964537,,,,,,,,,,,,,
whisper-turbo,,fleurs-en,main,beam,6,200,4330,32.52,168,2.72,4.103445,1.0,en,5.381062355658199,5.674593281641596,5.242494226327945,5.420468702517017,5.5889145496535795,5.911515636116133,5.381062355658199,5.674593281641596,5.404157043879907,5.600084298561184,5.242494226327945,5.413895487372374,5.33487297921478,5.490194188671074,5.4734411085450345,5.837594011070896,5.242494226327945,5.5622142534330745,5.311778290993072,5.618401122119943,3.672055427251732,3.6310108757836446,9.376443418013857,10.207570234220482,,,,,,,,,,,,,
whisper-turbo,,fleurs-en,main,beam,8,200,4330,32.52,168,3.285,4.4662049999999995,1.0,en,5.381062355658199,5.674593281641596,5.288683602771362,5.4704687025170164,5.5889145496535795,5.911515636116133,5.450346420323326,5.74072231389966,5.35796766743649,5.658638072331211,5.381062355658199,5.6619028265087445,5.35796766743649,5.645892974291995,5.427251732101617,5.696621524158477,5.35796766743649,5.685350596758517,5.404157043879907,5.769925027703916,3.441108545034642,3.384784685567685,10.2540415704388,11.122508846637341,6.579561362575828,6.416238917405506,6.696220251983201,6.649556696220252,8.446103593093794,8.282781147923473,8.352776481567895,4.899673355109659,2.7944572748267897,2.7083739078216365,3.048498845265589,3.0038323744757554,10.0
whisper-turbo,,fleurs-en,main,greedy,1,200,4330,32.52,168,1.0,0.0,1.0,en,5.496535796766744,5.825476675077171,5.496535796766744,5.825476675077171,5.496535796766744,5.825476675077171,5.496535796766744,5.825476675077171,5.496535796766744,5.825476675077171,5.496535796766744,5.825476675077171,5.496535796766744,5.825476675077171,5.496535796766744,5.825476675077171,5.496535796766744,5.825476675077171,5.496535796766744,5.825476675077171,5.496535796766744,5.825476675077171,5.496535796766744,5.825476675077171,6.48623425104993,6.48623425104993,6.48623425104993,6.48623425104993,8.189454036397574,8.189454036397574,8.189454036397574,6.48623425104993,,,,,
whisper-turbo,,fleurs-en,main,sample,1,200,4330,32.52,168,1.0,0.0,0.99969,en,5.912240184757506,6.040269347761031,5.912240184757506,6.040269347761031,5.912240184757506,6.040269347761031,5.912240184757506,6.040269347761031,5.912240184757506,6.040269347761031,5.912240184757506,6.040269347761031,5.912240184757506,6.040269347761031,5.912240184757506,6.040269347761031,5.912240184757506,6.040269347761031,5.912240184757506,6.040269347761031,5.912240184757506,6.040269347761031,5.912240184757506,6.040269347761031,7.139524031731218,7.139524031731218,7.139524031731218,7.139524031731218,8.749416705552964,8.749416705552964,8.749416705552964,7.139524031731218,,,,,
whisper-turbo,,fleurs-en,main,sample,2,200,4330,32.52,168,1.375,3.26011,0.99969,en,5.912240184757506,6.040269347761031,5.519630484988452,5.626609928288985,5.542725173210162,5.658897427057214,5.565819861431871,5.663646965326022,5.866050808314088,5.9822149954526465,5.519630484988452,5.626609928288985,5.5889145496535795,5.701609928288985,5.981524249422633,6.099726838053436,5.450346420323326,5.615992209254314,5.450346420323326,5.615992209254314,4.988452655889145,5.070839421965941,6.928406466512702,7.253248527137203,,,,,,,,,3.9491916859122402,3.984532779214242,4.157043879907621,4.174511056574807,16.5
whisper-turbo,,fleurs-en,main,sample,3,200,4330,32.52,168,1.62,3.4411100000000006,0.99969,en,5.912240184757506,6.040269347761031,5.219399538106235,5.3403349028510405,5.635103926096997,5.798865009015897,5.311778290993072,5.433424012069182,5.796766743648961,5.8482214295446155,5.658198614318707,5.672602537885638,5.704387990762124,5.763832812986881,5.773672055427252,5.814626067320221,5.5889145496535795,5.655649951621416,5.750577367205543,5.89048781128396,4.734411085450346,4.825311737954685,8.568129330254042,8.748562557140511,,,,,,,,,,,,,
whisper-turbo,,fleurs-en,main,sample,4,200,4330,32.52,168,1.835,3.3725800000000006,0.99969,en,5.912240184757506,6.040269347761031,5.288683602771362,5.522691848154414,5.519630484988452,5.766393611365928,5.33487297921478,5.56444167165827,5.265588914549654,5.320461357314096,5.288683602771362,5.448913768142283,5.35796766743649,5.470908929843327,5.496535796766744,5.609343160470747,5.311778290993072,5.472913237650651,5.404157043879907,5.5563222121886575,4.457274826789838,4.532381794967138,9.006928406466512,9.204990199677368,,,,,,,,,3.510392609699769,3.594980436714381,3.741339491916859,3.793944030260723,14.000000000000002
whisper-turbo,,fleurs-en,main,sample,5,200,4330,32.52,168,2.04,3.473415,0.99969,en,5.912240184757506,6.040269347761031,5.33487297921478,5.633802959265525,6.1200923787528865,6.228803423775741,5.381062355658199,5.675552782769381,5.33487297921478,5.51893608976307,5.288683602771362,5.534497870030732,5.33487297921478,5.577377648204628,5.33487297921478,5.524556813125729,5.288683602771362,5.493640833809282,5.33487297921478,5.546621368454901,4.180138568129331,4.267626319707631,9.815242494226329,9.903124889102525,,,,,,,,,,,,,
whisper-turbo,,fleurs-en,main,sample,6,200,4330,32.52,168,2.185,3.37223,0.99969,en,5.912240184757506,6.040269347761031,5.288683602771362,5.616143011610999,6.073903002309469,6.218085646928931,5.288683602771362,5.611718451382867,5.681293302540416,5.878115110018941,5.635103926096997,5.968347309122107,5.727482678983834,6.045307386082184,5.658198614318707,5.87840623168103,5.565819861431871,5.809862248431164,5.5889145496535795,5.814632760043143,4.041570438799076,4.1266881156115325,9.861431870669746,9.938484690591357,,,,,,,,,,,,,
whisper-turbo,,fleurs-en,main,sample,8,200,4330,32.52,168,2.5,3.3118600000000002,0.99969,en,5.912240184757506,6.040269347761031,5.33487297921478,5.66364287918873,6.143187066974596,6.269211643812139,5.311778290993072,5.61640176051904,5.681293302540416,5.959007240200379,5.635103926096997,5.957177361947352,5.681293302540416,5.979494369558477,5.658198614318707,5.945114717379285,5.612009237875289,5.854999029527083,5.542725173210162,5.795476915887299,3.9491916859122402,4.061059639526993,10.369515011547344,10.516166184248103,,,,,,,,,3.233256351039261,3.3325276144706,3.48729792147806,3.560816721213423,11.0
whisper-turbo,,fleurs-en,main,sample,10,200,4330,32.52,168,2.78,3.2643699999999995,0.99969,en,5.912240184757506,6.040269347761031,5.288683602771362,5.574179277656164,6.143187066974596,6.269211643812139,5.288683602771362,5.599160381208695,5.635103926096997,5.859899644897132,5.612009237875289,5.859384591665826,5.681293302540416,5.95596952483798,5.681293302540416,5.939641024207477,5.681293302540416,5.927510888676873,5.658198614318707,5.900448345485298,3.8337182448036953,3.9223659802450994,10.508083140877599,10.65744165995563,,,,,,,,,,,,,
whisper-turbo,,fleurs-en,main,sample,12,200,4330,32.52,168,3.025,3.2813,0.99969,en,5.912240184757506,6.040269347761031,5.311778290993072,5.629734833211719,6.1200923787528865,6.246484371084868,5.288683602771362,5.599160381208695,5.612009237875289,5.83097807626968,5.565819861431871,5.809384591665825,5.5889145496535795,5.855253084415657,5.635103926096997,5.877386122246692,5.542725173210162,5.785888147229448,5.5889145496535795,5.818640788853058,3.787528868360277,3.870514128393248,10.969976905311778,11.18213543613016,,,,,,,,,,,,,
whisper-turbo,,fleurs-en,main,sample,15,200,4330,32.52,168,3.38,3.251605,0.99969,en,5.912240184757506,6.040269347761031,5.288683602771362,5.542830071306957,6.1200923787528865,6.246484371084868,5.288683602771362,5.583684190732505,5.612009237875289,5.843232978230465,5.519630484988452,5.768793523563513,5.496535796766744,5.7218009156693705,5.5889145496535795,5.822399644897132,5.5889145496535795,5.907944970723859,5.519630484988452,5.743698822606744,3.7182448036951503,3.8142455997616365,11.247113163972287,11.506400720966095,7.139524031731218,6.462902473168455,6.929538030797946,6.672888474101726,8.492767148856743,8.469435370975269,8.446103593093794,4.783014465702286,3.02540415704388,3.095328959320626,3.279445727482679,3.347336014781398,11.0
whisper-turbo,,fleurs-en,main,sample,16,200,4330,32.52,168,3.5,3.23761,0.99969,en,5.912240184757506,6.040269347761031,5.288683602771362,5.542830071306957,6.1200923787528865,6.246484371084868,5.311778290993072,5.599813222990569,5.5889145496535795,5.820505705503193,5.4734411085450345,5.690510695280684,5.4734411085450345,5.700967582336037,5.5889145496535795,5.824672372169859,5.565819861431871,5.904963840967881,5.565819861431871,5.789153368061289,3.695150115473441,3.7915183270343626,11.339491916859123,11.602349282208774,7.139524031731218,6.462902473168455,6.906206252916472,6.649556696220252,8.492767148856743,8.42277181521232,8.42277181521232,4.759682687820812,3.02540415704388,3.095328959320626,3.25635103926097,3.324608742054126,10.5
whisper-turbo,,ls-dev-other,main,beam,1,400,7238,43.01,33,1.0,0.0,1.0,en,5.47112462006079,6.354287045932436,5.47112462006079,6.354287045932436,5.47112462006079,6.354287045932436,5.47112462006079,6.354287045932436,5.47112462006079,6.354287045932436,5.47112462006079,6.354287045932436,5.47112462006079,6.354287045932436,5.47112462006079,6.354287045932436,5.47112462006079,6.354287045932436,5.47112462006079,6.354287045932436,5.47112462006079,6.354287045932436,5.47112462006079,6.354287045932436,4.523093741459415,4.523093741459415,4.523093741459415,4.523093741459415,7.037441924022957,7.037441924022957,7.037441924022957,4.523093741459415,,,,,
whisper-turbo,,ls-dev-other,main,beam,2,400,7238,43.01,33,1.4175,3.0962600000000005,1.0,en,5.47112462006079,6.354287045932436,5.374412821221332,6.313973327000297,5.49875656258635,6.368587694346591,5.51257253384913,6.526906093551483,5.913235700469743,6.754433464946481,5.429676706272451,6.388118626145596,5.4849405913235705,6.46766408069105,5.4849405913235705,6.384804989318027,5.429676706272451,6.341911158020286,5.429676706272451,6.341911158020286,4.586902459242885,5.266850202401724,6.963249516441006,7.890221927288514,,,,,,,,,4.130975407571152,4.740011411770441,4.186239292622271,4.77783974197682,7.249999999999999
whisper-turbo,,ls-dev-other,main,beam,3,400,7238,43.01,33,1.8075,3.7328125,1.0,en,5.47112462006079,6.354287045932436,5.443492677535231,6.4065214039233735,5.595468361425808,6.488509658347502,5.51257253384913,6.52264472991512,5.4849405913235705,6.303245975246501,5.374412821221332,6.186251956022347,5.402044763746892,6.209614463080507,5.4849405913235705,6.302376410029111,5.443492677535231,6.241935386496715,5.49875656258635,6.385580944370214,4.130975407571152,4.836219741256082,7.8198397347333515,8.905370441027541,,,,,,,,,,,,,
whisper-turbo,,ls-dev-other,main,beam,4,400,7238,43.01,33,2.175,4.00067,1.0,en,5.47112462006079,6.354287045932436,5.429676706272451,6.404890969140766,5.5678364189002485,6.443055112892955,5.51257253384913,6.52264472991512,5.650732246476927,6.479152112126103,5.429676706272451,6.2335454033157935,5.415860735009671,6.227593022363413,5.402044763746892,6.2835905995217045,5.388228792484112,6.212366223028864,5.443492677535231,6.264865011005593,3.965183752417795,4.6898906540656515,8.49682232660956,9.666047919656517,,,,,,,,,3.4401768444321634,4.014595559176711,3.6750483558994196,4.290750628899662,8.0
whisper-turbo,,ls-dev-other,main,beam,5,400,7238,43.01,33,2.5475,4.413975,1.0,en,5.47112462006079,6.354287045932436,5.443492677535231,6.4127192519690475,5.623100303951368,6.4525012125679275,5.5263885051119095,6.536533618804009,5.291516993644653,6.099594772943773,5.305332964907433,6.10664040903275,5.222437137330754,6.027334186543755,5.277701022381874,6.091782272943773,5.222437137330754,6.021468441823053,5.250069079856314,6.11439740828143,3.66123238463664,4.315638490316397,9.049461177120751,10.440300964177142,,,,,,,,,,,,,
whisper-turbo,,ls-dev-other,main,beam,6,400,7238,43.01,33,2.915,4.694310000000001,1.0,en,5.47112462006079,6.354287045932436,5.45730864879801,6.421978511228307,5.623100303951368,6.4525012125679275,5.540204476374689,6.545792878063268,5.429676706272451,6.305545162815554,5.374412821221332,6.17244122971162,5.305332964907433,6.089405515425906,5.319148936170213,6.16336519001058,5.305332964907433,6.1059167101910425,5.346780878695772,6.161553965093003,3.4954407294832825,4.134151819307667,9.450124343741365,10.9524131239823,,,,,,,,,,,,,
whisper-turbo,,ls-dev-other,main,beam,8,400,7238,43.01,33,3.715,5.237595,1.0,en,5.47112462006079,6.354287045932436,5.5263885051119095,6.505296582046377,5.623100303951368,6.449376212567929,5.595468361425808,6.601333171103561,5.388228792484112,6.230770639231629,5.402044763746892,6.238778036553542,5.360596849958552,6.191158988934495,5.332964907432992,6.171045642006632,5.305332964907433,6.115114838132716,5.305332964907433,6.106441322106258,3.0809615915998894,3.7452492156350567,10.38961038961039,12.203549527852566,4.523093741459415,4.605083356108226,4.386444383711397,4.386444383711397,6.928122437824542,6.91445750204974,6.900792566274938,2.5690079256627496,2.5421387123514783,3.1474234871676527,2.928985907709312,3.5067613682837786,7.75
whisper-turbo,,ls-dev-other,main,greedy,1,400,7238,43.01,33,1.0,0.0,1.0,en,5.609284332688588,6.442727404269079,5.609284332688588,6.442727404269079,5.609284332688588,6.442727404269079,5.609284332688588,6.442727404269079,5.609284332688588,6.442727404269079,5.609284332688588,6.442727404269079,5.609284332688588,6.442727404269079,5.609284332688588,6.442727404269079,5.609284332688588,6.442727404269079,5.609284332688588,6.442727404269079,5.609284332688588,6.442727404269079,5.609284332688588,6.442727404269079,4.63241322765783,4.63241322765783,4.63241322765783,4.63241322765783,7.13309647444657,7.13309647444657,7.13309647444657,4.63241322765783,,,,,
whisper-turbo,,ls-dev-other,main,sample,1,400,7238,43.01,33,1.0,0.0,1.0,en,5.747444045316386,6.7397350740491175,5.747444045316386,6.7397350740491175,5.747444045316386,6.7397350740491175,5.747444045316386,6.7397350740491175,5.747444045316386,6.7397350740491175,5.747444045316386,6.7397350740491175,5.747444045316386,6.7397350740491175,5.747444045316386,6.7397350740491175,5.747444045316386,6.7397350740491175,5.747444045316386,6.7397350740491175,5.747444045316386,6.7397350740491175,5.747444045316386,6.7397350740491175,4.905711943153867,4.905711943153867,4.905711943153867,4.905711943153867,7.297075703744192,7.297075703744192,7.297075703744192,4.905711943153867,,,,,
whisper-turbo,,ls-dev-other,main,sample,2,400,7238,43.01,33,1.2875,3.4610775,1.0,en,5.747444045316386,6.7397350740491175,5.595468361425808,6.360008418053075,5.540204476374689,6.361510421218347,5.540204476374689,6.336925616351852,5.871787786681404,6.661603575917619,5.650732246476927,6.436931494976152,5.664548217739707,6.476862050531708,5.650732246476927,6.62793321241173,5.402044763746892,6.294625159293179,5.402044763746892,6.294625159293179,4.946117712075159,5.645297963071073,6.548770378557613,7.660891739060141,,,,,,,,,4.434926775352308,5.073127440206014,4.614534401768444,5.223836174629373,8.25
whisper-turbo,,ls-dev-other,main,sample,3,400,7238,43.01,33,1.4875,3.32178,1.0,en,5.747444045316386,6.7397350740491175,5.554020447637469,6.268863977053757,5.5678364189002485,6.386709713455178,5.5263885051119095,6.2820318398926736,5.692180160265266,6.598411881042441,5.636916275214148,6.554592750878638,5.636916275214148,6.540378028929641,5.664548217739707,6.538041470507556,5.581652390163028,6.5267559140478975,5.554020447637469,6.531592825502458,4.669798286819564,5.333368313128652,7.239568941696601,8.440129129861273,,,,,,,,,,,,,
whisper-turbo,,ls-dev-other,main,sample,4,400,7238,43.01,33,1.66,3.3021175,1.0,en,5.747444045316386,6.7397350740491175,5.554020447637469,6.30481148005815,5.623100303951368,6.41701804071754,5.581652390163028,6.32407843746447,5.719812102790827,6.579189032629544,5.554020447637469,6.44452845135807,5.609284332688588,6.495633935518752,5.540204476374689,6.414544860153493,5.388228792484112,6.312365294971565,5.4849405913235705,6.48506023255621,4.338214976512849,5.013262171921505,7.6126001657916555,8.86921689515476,,,,,,,,,3.7993920972644375,4.411270679293249,4.020447637468914,4.616640127069548,8.25
whisper-turbo,,ls-dev-other,main,sample,5,400,7238,43.01,33,1.83,3.3090075000000003,1.0,en,5.747444045316386,6.7397350740491175,5.595468361425808,6.377662587284255,5.595468361425808,6.391873740573241,5.5678364189002485,6.338343686104718,5.595468361425808,6.529375460642677,5.415860735009671,6.22672091167553,5.595468361425808,6.498021437293504,5.554020447637469,6.445280846662498,5.45730864879801,6.400134798859492,5.4849405913235705,6.428780560777311,4.061895551257253,4.717939613533654,7.806023763470572,9.15086674862857,,,,,,,,,,,,,
whisper-turbo,,ls-dev-other,main,sample,6,400,7238,43.01,33,1.975,3.2672000000000003,1.0,en,5.747444045316386,6.7397350740491175,5.595468361425808,6.3750867031294245,5.623100303951368,6.395808925758425,5.5678364189002485,6.315195537956569,5.692180160265266,6.608191275586541,5.45730864879801,6.27542657118029,5.581652390163028,6.508202096004917,5.47112462006079,6.370040055803402,5.4849405913235705,6.4029123378696156,5.51257253384913,6.51156094688587,4.020447637468914,4.669735590545148,8.082343188726167,9.454539408108225,,,,,,,,,,,,,
whisper-turbo,,ls-dev-other,main,sample,8,400,7238,43.01,33,2.225,3.2072249999999998,1.0,en,5.747444045316386,6.7397350740491175,5.540204476374689,6.292484363948139,5.609284332688588,6.398940516390016,5.554020447637469,6.337561741475479,5.5678364189002485,6.495945268169895,5.4849405913235705,6.287303653953318,5.402044763746892,6.2205130663732575,5.4849405913235705,6.385237738326984,5.47112462006079,6.401800579493426,5.51257253384913,6.540598976219954,3.8822879248411164,4.488570355925967,8.386294556507323,9.81277109928875,,,,,,,,,3.288201160541586,3.8751024317991747,3.6197844708483005,4.146275234150934,9.0
whisper-turbo,,ls-dev-other,main,sample,10,400,7238,43.01,33,2.4725,3.2265274999999995,1.0,en,5.747444045316386,6.7397350740491175,5.5678364189002485,6.385283134378489,5.692180160265266,6.495619647444145,5.636916275214148,6.493377574051876,5.5678364189002485,6.506175043049665,5.4849405913235705,6.294464725452626,5.45730864879801,6.273121389422758,5.540204476374689,6.463076944560201,5.443492677535231,6.342253555664508,5.429676706272451,6.3980949161014555,3.7026802984249794,4.33102619523432,8.62116606797458,10.098463683431962,,,,,,,,,,,,,
whisper-turbo,,ls-dev-other,main,sample,12,400,7238,43.01,33,2.7,3.2441924999999996,1.0,en,5.747444045316386,6.7397350740491175,5.5263885051119095,6.36474117633653,5.581652390163028,6.467883527621296,5.5678364189002485,6.4417750099493105,5.47112462006079,6.318493719116133,5.429676706272451,6.230415715467083,5.4849405913235705,6.30489748369885,5.429676706272451,6.2840379450778165,5.332964907432992,6.159930341829798,5.291516993644653,6.194281026548131,3.5092567007460627,4.158904259108624,8.856037579441836,10.367530843124124,,,,,,,,,,,,,
whisper-turbo,,ls-dev-other,main,sample,15,400,7238,43.01,33,3.0025,3.2162850000000005,1.0,en,5.747444045316386,6.7397350740491175,5.4849405913235705,6.3002725746369395,5.5678364189002485,6.451216860954628,5.540204476374689,6.39863655607142,5.429676706272451,6.287547926146347,5.47112462006079,6.329133664185031,5.415860735009671,6.233073821250189,5.388228792484112,6.249048135228097,5.277701022381874,6.136595675639143,5.332964907432992,6.235325706269281,3.3849129593810443,4.033025335704594,9.422492401215806,11.090545739591033,4.905711943153867,4.564088548783821,4.618748291883028,4.468433998360208,6.941787373599344,6.873462694725335,6.928122437824542,2.896966384257994,2.7770102238187344,3.398138848582456,3.177673390439348,3.7352065709059183,8.75
whisper-turbo,,ls-dev-other,main,sample,16,400,7238,43.01,33,3.085,3.2053700000000003,1.0,en,5.747444045316386,6.7397350740491175,5.47112462006079,6.284647574636939,5.5678364189002485,6.451216860954628,5.5263885051119095,6.383011556071421,5.429676706272451,6.287407430676904,5.47112462006079,6.274842410543885,5.4849405913235705,6.307741269814696,5.402044763746892,6.262370800640276,5.291516993644653,6.117875437543905,5.319148936170213,6.2331233253169,3.357281016855485,4.010406288085546,9.519204200055263,11.1879015088218,4.905711943153867,4.550423613009019,4.591418420333424,4.468433998360208,6.969117245148948,6.887127630500137,6.91445750204974,2.8559715769335883,2.7217463387676153,3.2863725141417026,3.1362254766510085,3.701223886923234,9.25
whisper-turbo,,ls-tc-babble5,main,beam,1,200,3869,23.7,40,1.0,0.0,1.0,en,7.6764021711036445,9.150687419327284,7.6764021711036445,9.150687419327284,7.6764021711036445,9.150687419327284,7.6764021711036445,9.150687419327284,7.6764021711036445,9.150687419327284,7.6764021711036445,9.150687419327284,7.6764021711036445,9.150687419327284,7.6764021711036445,9.150687419327284,7.6764021711036445,9.150687419327284,7.6764021711036445,9.150687419327284,7.6764021711036445,9.150687419327284,7.6764021711036445,9.150687419327284,6.952965235173824,6.952965235173824,6.952965235173824,6.952965235173824,9.176891615541923,9.176891615541923,9.176891615541923,6.952965235173824,,,,,
whisper-turbo,,ls-tc-babble5,main,beam,2,200,3869,23.7,40,1.45,4.89547,1.0,en,7.6764021711036445,9.150687419327284,7.417937451537865,8.888866345664105,7.650555699147066,9.183992147752981,7.5988627552339105,9.100687419327285,7.779788058929956,9.266206220313354,7.5213233393641765,9.104872561670323,7.5988627552339105,9.177789228336987,7.650555699147066,9.140775825544724,7.547169811320755,9.064033515062526,7.547169811320755,9.064033515062526,6.513310933057638,7.641880047639421,8.865339881106229,10.832281789019852,,,,,,,,,5.789609718273455,6.655883227003975,5.944688550012923,7.031297683237398,11.0
whisper-turbo,,ls-tc-babble5,main,beam,3,200,3869,23.7,40,1.875,5.4886349999999995,1.0,en,7.6764021711036445,9.150687419327284,7.495476867407599,8.987321944119703,7.702248643060222,9.263795103418005,7.5988627552339105,9.100687419327285,7.495476867407599,8.759553499630496,7.392090979581287,8.692758627835625,7.469630395451021,8.721091961168957,7.469630395451021,8.709553499630497,7.340398035668131,8.569141446060549,7.417937451537865,8.745263240932344,6.048074437839235,7.062397072052269,9.795812871543035,12.1541671322672,,,,,,,,,,,,,
whisper-turbo,,ls-tc-babble5,main,beam,4,200,3869,23.7,40,2.2,5.614114999999999,1.0,en,7.6764021711036445,9.150687419327284,7.573016283277332,9.088214801262561,7.547169811320755,9.074509389132292,7.624709227190489,9.125687419327285,7.469630395451021,8.870857495813526,7.417937451537865,8.852179816112706,7.5988627552339105,9.085247997930889,7.366244507624709,8.754551647344062,7.288705091754975,8.827714956062174,7.392090979581287,8.932110560457776,5.815456190230034,6.819405797247975,10.545360558283795,13.3931537450696,,,,,,,,,5.143447919359008,5.878633805400227,5.401912638924787,6.3493185478960195,10.0
whisper-turbo,,ls-tc-babble5,main,beam,5,200,3869,23.7,40,2.6,6.14971,1.0,en,7.6764021711036445,9.150687419327284,7.547169811320755,9.078410879693934,7.573016283277332,9.116176055798958,7.624709227190489,9.125687419327285,7.185319203928664,8.610470441193891,7.185319203928664,8.597030028477993,7.211165675885241,8.557491358872703,7.159472731972086,8.491341653315104,7.211165675885241,8.69882172954518,7.314551563711554,8.841487421552976,5.47945205479452,6.5175449561388366,11.269061773067977,15.075212295512907,,,,,,,,,,,,,
whisper-turbo,,ls-tc-babble5,main,beam,6,200,3869,23.7,40,2.96,6.461965,1.0,en,7.6764021711036445,9.150687419327284,7.495476867407599,8.987501788784844,7.547169811320755,8.991176055798958,7.573016283277332,9.034778328418193,7.366244507624709,8.887380390709733,7.314551563711554,8.755797265443228,7.314551563711554,8.861418852248196,7.417937451537865,8.797537594616937,7.392090979581287,9.026202681926133,7.443783923494443,9.0928693485928,5.143447919359008,5.900978652072533,12.018609459808737,15.870149697196833,,,,,,,,,,,,,
whisper-turbo,,ls-tc-babble5,main,beam,8,200,3869,23.7,40,3.625,7.227474999999999,1.0,en,7.6764021711036445,9.150687419327284,7.547169811320755,9.130358931641986,7.650555699147066,9.16444794519988,7.624709227190489,9.177635471275337,7.443783923494443,9.019998630313268,7.443783923494443,9.027800425681683,7.417937451537865,8.932977076987367,7.417937451537865,8.908005739691346,7.314551563711554,8.938912966434579,7.392090979581287,8.9976250876467,4.807443783923494,5.3072270157687145,12.84569656241923,17.25497144511071,6.952965235173824,6.825153374233129,6.697341513292433,6.697341513292433,8.97239263803681,8.870143149284253,8.895705521472392,4.550102249488752,4.187128456965624,4.631560565912181,4.497286120444559,4.937852778894477,10.5
whisper-turbo,,ls-tc-babble5,main,greedy,1,200,3869,23.7,40,1.0,0.0,1.0,en,7.624709227190489,9.163808875863191,7.624709227190489,9.163808875863191,7.624709227190489,9.163808875863191,7.624709227190489,9.163808875863191,7.624709227190489,9.163808875863191,7.624709227190489,9.163808875863191,7.624709227190489,9.163808875863191,7.624709227190489,9.163808875863191,7.624709227190489,9.163808875863191,7.624709227190489,9.163808875863191,7.624709227190489,9.163808875863191,7.624709227190489,9.163808875863191,7.131901840490798,7.131901840490798,7.131901840490798,7.131901840490798,9.2280163599182,9.2280163599182,9.2280163599182,7.131901840490798,,,,,
whisper-turbo,,ls-tc-babble5,main,sample,1,200,3869,23.7,40,1.0,0.0,0.9990700000000001,en,9.253036960454898,11.327009083276671,9.253036960454898,11.327009083276671,9.253036960454898,11.327009083276671,9.253036960454898,11.327009083276671,9.253036960454898,11.327009083276671,9.253036960454898,11.327009083276671,9.253036960454898,11.327009083276671,9.253036960454898,11.327009083276671,9.253036960454898,11.327009083276671,9.253036960454898,11.327009083276671,9.253036960454898,11.327009083276671,9.253036960454898,11.327009083276671,8.512269938650308,8.512269938650308,8.512269938650308,8.512269938650308,10.710633946830265,10.710633946830265,10.710633946830265,8.512269938650308,,,,,
whisper-turbo,,ls-tc-babble5,main,sample,2,200,3869,23.7,40,1.48,7.24025,0.9990700000000001,en,9.253036960454898,11.327009083276671,8.503489273714138,10.32451786359671,8.503489273714138,10.204171655750503,8.555182217627294,10.370183309262156,8.994572240889118,10.75516571011714,8.451796329800983,10.099517863596711,8.891186353062807,10.659662791132943,9.09795812871543,10.917789202367908,8.451796329800983,10.124429236864266,8.451796329800983,10.124429236864266,7.650555699147066,8.979080139206346,10.416128198500905,12.827554060099168,,,,,,,,,6.513310933057638,7.617703669964109,6.952700956319463,8.229810108041589,16.0
whisper-turbo,,ls-tc-babble5,main,sample,3,200,3869,23.7,40,1.845,7.078845,0.9990700000000001,en,9.253036960454898,11.327009083276671,8.167485138278625,9.907312432333377,8.555182217627294,10.237673655570456,8.270871026104937,10.027821679589447,8.296717498061515,9.94259374075407,8.115792194365469,9.71814838287521,8.089945722408892,9.705711039516814,8.296717498061515,9.869740400106874,8.167485138278625,9.882111722634804,8.167485138278625,9.840698530563717,7.030240372189196,8.135819413535465,11.320754716981131,13.971551155218865,,,,,,,,,,,,,
whisper-turbo,,ls-tc-babble5,main,sample,4,200,3869,23.7,40,2.21,7.326690000000001,0.9990700000000001,en,9.253036960454898,11.327009083276671,7.7539415869733785,9.2309679755522,8.322563970018093,9.99152321500606,7.85732747479969,9.330914452245501,8.891186353062807,10.332308087201458,8.710261049366762,10.06556515389938,8.684414577410184,10.085145354400632,8.581028689583873,9.845700945045937,8.296717498061515,9.649771804100064,8.270871026104937,9.495089980076136,6.461617989144481,7.451730275073114,12.354613595244249,14.992012908419557,,,,,,,,,5.4277591108813645,6.2186030626368165,5.944688550012923,6.932672765126975,16.0
whisper-turbo,,ls-tc-babble5,main,sample,5,200,3869,23.7,40,2.495,7.338100000000001,0.9990700000000001,en,9.253036960454898,11.327009083276671,7.495476867407599,9.037787073451844,8.089945722408892,9.634803378360036,7.779788058929956,9.305590693002287,8.529335745670716,9.74856513005567,8.47764280175756,9.65889419653265,8.529335745670716,9.803537053675509,8.529335745670716,9.722140643183483,8.374256913931248,9.562554196461907,8.322563970018093,9.555524766518484,6.0997673817523905,6.9885934639647,12.638924786766607,15.694209030263345,,,,,,,,,,,,,
whisper-turbo,,ls-tc-babble5,main,sample,6,200,3869,23.7,40,2.755,7.2214599999999995,0.9990700000000001,en,9.253036960454898,11.327009083276671,7.392090979581287,8.908879027474832,7.805634530886534,9.21718433074099,7.7539415869733785,9.087971645383238,8.684414577410184,9.995183194890615,8.503489273714138,9.6854927054043,8.451796329800983,9.713194170605764,8.503489273714138,9.7891400085331,8.451796329800983,9.74884415867292,8.400103385887826,9.548154371141027,5.944688550012923,6.849701418510152,13.233393641767899,16.31902222372445,,,,,,,,,,,,,
whisper-turbo,,ls-tc-babble5,main,sample,8,200,3869,23.7,40,3.26,6.924995000000001,0.9990700000000001,en,9.253036960454898,11.327009083276671,7.469630395451021,8.975895190849887,7.624709227190489,9.027988901832567,7.469630395451021,8.867642215932921,8.089945722408892,9.495291006989527,7.7539415869733785,9.204294354798055,7.779788058929956,9.257482776736476,7.909020418712846,9.317291637605782,7.831481002843112,9.327434229685128,7.831481002843112,9.297608300517094,5.556991470664254,6.476396478165442,13.646937193073146,16.916158554921346,,,,,,,,,4.600672008270871,5.476484878209464,5.169294391315585,6.108493955707964,16.0
whisper-turbo,,ls-tc-babble5,main,sample,10,200,3869,23.7,40,3.715,7.08136,0.9990700000000001,en,9.253036960454898,11.327009083276671,7.469630395451021,8.941589241422971,7.5988627552339105,9.001443202907836,7.547169811320755,8.927086266506002,7.831481002843112,9.247079613120238,7.7539415869733785,9.162027793123597,7.650555699147066,9.163383182636881,7.779788058929956,9.17187933809528,7.7539415869733785,9.243628111349771,7.702248643060222,9.11740637834308,5.324373223055053,6.225484696448706,14.654949599379684,18.24660284297433,,,,,,,,,,,,,
whisper-turbo,,ls-tc-babble5,main,sample,12,200,3869,23.7,40,4.17,6.950575,0.9990700000000001,en,9.253036960454898,11.327009083276671,7.5988627552339105,9.182113349098241,7.702248643060222,9.07058239704703,7.547169811320755,8.996548103119004,7.5988627552339105,8.830850087866114,7.573016283277332,8.993670994044276,7.6764021711036445,9.039802630669735,7.6764021711036445,8.85704056405659,7.495476867407599,8.868251147603257,7.443783923494443,8.777812478556775,5.091754975445852,5.9414023634044515,15.120186094598088,18.83443541153779,,,,,,,,,,,,,
whisper-turbo,,ls-tc-babble5,main,sample,15,200,3869,23.7,40,4.67,6.92353,0.9990700000000001,en,9.253036960454898,11.327009083276671,7.469630395451021,8.851756206241099,8.47764280175756,9.48777320536687,7.469630395451021,8.794457510784508,7.650555699147066,9.13272246079672,7.624709227190489,9.038273192989212,7.5988627552339105,8.922422837675784,7.650555699147066,9.003628294633588,7.547169811320755,8.930183932628779,7.392090979581287,8.721270740557694,4.962522615662962,5.836064273310265,16.309123804600674,19.93111830846046,8.512269938650308,6.876278118609407,7.183026584867076,7.029652351738242,9.25357873210634,9.151329243353784,8.997955010224949,4.652351738241308,4.187128456965624,5.080466885419485,4.704057896097183,5.574534299872396,13.0
whisper-turbo,,ls-tc-babble5,main,sample,16,200,3869,23.7,40,4.875,6.94428,0.9990700000000001,en,9.253036960454898,11.327009083276671,7.443783923494443,8.843943706241099,8.47764280175756,9.48777320536687,7.469630395451021,8.794457510784508,7.573016283277332,9.057336078772407,7.5988627552339105,9.068311952679135,7.547169811320755,8.952735198822689,7.6764021711036445,9.046923077253432,7.443783923494443,8.917075515906909,7.392090979581287,8.921247608116758,4.884983199793228,5.794672331918323,16.46420263634014,20.140296630138778,8.512269938650308,6.825153374233129,7.106339468302658,6.952965235173824,9.304703476482617,9.100204498977504,9.049079754601227,4.601226993865031,4.109589041095891,5.003360658313258,4.574825536314293,5.473618548956645,13.0
whisper-turbo,,ls-test-clean,main,beam,1,400,8047,49.2,40,1.0,0.0,1.0,en,3.280725736299242,3.759724412312597,3.280725736299242,3.759724412312597,3.280725736299242,3.759724412312597,3.280725736299242,3.759724412312597,3.280725736299242,3.759724412312597,3.280725736299242,3.759724412312597,3.280725736299242,3.759724412312597,3.280725736299242,3.759724412312597,3.280725736299242,3.759724412312597,3.280725736299242,3.759724412312597,3.280725736299242,3.759724412312597,3.280725736299242,3.759724412312597,2.130804286242148,2.130804286242148,2.130804286242148,2.130804286242148,4.74196329597241,4.74196329597241,4.74196329597241,2.130804286242148,,,,,
whisper-turbo,,ls-test-clean,main,beam,2,400,8047,49.2,40,1.3275,2.7861849999999997,1.0,en,3.280725736299242,3.759724412312597,3.1937367963216103,3.6667127248790026,3.1564558220454826,3.651275409010652,3.268298744873866,3.7619302946655377,3.889648316142662,4.402033534988952,3.280725736299242,3.8131207708560133,3.380141667702249,3.9485688603482205,3.243444762023114,3.7455586568332997,3.3552876848514974,3.8917143371525307,3.3552876848514974,3.8917143371525307,2.522679259351311,2.993963252475928,4.709829750217472,5.623759927988216,,,,,,,,,2.410836336522928,2.8114336646245146,2.398409345097552,2.803369148495482,2.25
whisper-turbo,,ls-test-clean,main,beam,3,400,8047,49.2,40,1.63,3.2246724999999996,1.0,en,3.280725736299242,3.759724412312597,3.231017770597738,3.721088529254806,3.144028830620107,3.638775409010652,3.268298744873866,3.7329727657080083,3.2185907791723625,3.6365430268042425,3.1813098048962347,3.6002972074062494,3.2061637877469864,3.6240430268042427,3.2185907791723625,3.6552930268042427,3.231017770597738,3.7044844603706757,3.1813098048962347,3.638243662125234,2.212004473716913,2.666417754181832,5.554865167143035,6.531752587808455,,,,,,,,,,,,,
whisper-turbo,,ls-test-clean,main,beam,4,400,8047,49.2,40,1.915,3.4723875,1.0,en,3.280725736299242,3.759724412312597,3.268298744873866,3.802257360423637,3.106747856343979,3.563775409010652,3.293152727724618,3.7784273111625537,3.52926556480676,3.9228630871125927,3.1937367963216103,3.6251552546456125,3.1813098048962347,3.620988587978946,3.131601839194731,3.6101522912248654,3.243444762023114,3.7155085805647885,3.280725736299242,3.7636384538591363,2.0007456194855227,2.243362171462735,6.250776686964086,7.338170668683247,,,,,,,,,1.9013296880825152,2.173421027113666,1.9510376537840188,2.19744619644776,2.0
whisper-turbo,,ls-test-clean,main,beam,5,400,8047,49.2,40,2.18,3.6381975,1.0,en,3.280725736299242,3.759724412312597,3.2061637877469864,3.708507360423638,3.131601839194731,3.5994896947249373,3.3055797191499936,3.7846773111625542,3.243444762023114,3.68615744285163,3.2061637877469864,3.637726234150556,3.2185907791723625,3.661799735341749,3.2558717534484902,3.721668806487994,3.094320864918603,3.5494673532003294,3.0570398906424754,3.4708374117931697,1.8019137566795078,2.0134663481102786,6.6732943954268675,8.042532772908622,,,,,,,,,,,,,
whisper-turbo,,ls-test-clean,main,beam,6,400,8047,49.2,40,2.47,3.9312549999999997,1.0,en,3.280725736299242,3.759724412312597,3.231017770597738,3.7567216461379243,3.131601839194731,3.5994896947249373,3.3304337020007457,3.8328915968768396,3.429849633403753,3.838583346686788,3.231017770597738,3.673315682153866,3.243444762023114,3.6873922587304424,3.1564558220454826,3.63084596926895,3.2185907791723625,3.671753774698814,3.1564558220454826,3.6035088425476323,1.76463278240338,1.9767338919699273,7.2573629924195355,9.084968218023032,,,,,,,,,,,,,
whisper-turbo,,ls-test-clean,main,beam,8,400,8047,49.2,40,3.04,4.3240099999999995,1.0,en,3.280725736299242,3.759724412312597,3.243444762023114,3.711463025448268,3.1688828134708587,3.6744896947249375,3.3677146762768735,3.859061547615756,3.3428606934261214,3.7465141961937247,3.1937367963216103,3.6107729883611723,3.2061637877469864,3.63379753378077,3.1688828134708587,3.619300270090714,3.268298744873866,3.7793517142304625,3.231017770597738,3.728784446198661,1.6030818938734932,1.7746045498949332,8.12725239219585,10.277666459834972,2.130804286242148,2.26628895184136,2.106170710678655,2.130804286242148,4.7789136593176496,4.791230447099396,4.705012932627171,1.2439955659563986,1.5409469367466135,1.7206240587509265,1.5658009195973654,1.7373092645351313,1.25
whisper-turbo,,ls-test-clean,main,greedy,1,400,8047,49.2,40,1.0,0.0,1.0,en,3.144028830620107,3.6306384328976695,3.144028830620107,3.6306384328976695,3.144028830620107,3.6306384328976695,3.144028830620107,3.6306384328976695,3.144028830620107,3.6306384328976695,3.144028830620107,3.6306384328976695,3.144028830620107,3.6306384328976695,3.144028830620107,3.6306384328976695,3.144028830620107,3.6306384328976695,3.144028830620107,3.6306384328976695,3.144028830620107,3.6306384328976695,3.144028830620107,3.6306384328976695,2.155437861805641,2.155437861805641,2.155437861805641,2.155437861805641,4.643428993718438,4.643428993718438,4.643428993718438,2.155437861805641,,,,,
whisper-turbo,,ls-test-clean,main,sample,1,400,8047,49.2,40,1.0,0.0,1.0,en,3.2185907791723625,3.8634427167757486,3.2185907791723625,3.8634427167757486,3.2185907791723625,3.8634427167757486,3.2185907791723625,3.8634427167757486,3.2185907791723625,3.8634427167757486,3.2185907791723625,3.8634427167757486,3.2185907791723625,3.8634427167757486,3.2185907791723625,3.8634427167757486,3.2185907791723625,3.8634427167757486,3.2185907791723625,3.8634427167757486,3.2185907791723625,3.8634427167757486,3.2185907791723625,3.8634427167757486,2.340189678531839,2.340189678531839,2.340189678531839,2.340189678531839,4.729646508190664,4.729646508190664,4.729646508190664,2.340189678531839,,,,,
whisper-turbo,,ls-test-clean,main,sample,2,400,8047,49.2,40,1.215,2.39781,1.0,en,3.2185907791723625,3.8634427167757486,3.131601839194731,3.549182627530793,3.131601839194731,3.589800558435974,3.1564558220454826,3.49303275844989,3.5168385733813845,4.229590254049427,3.293152727724618,3.8060073401744714,3.3677146762768735,3.9372573401744724,3.1688828134708587,3.8210672832260246,3.1937367963216103,3.7598620471672515,3.1937367963216103,3.7598620471672515,2.559960233627439,2.937268912753527,3.9517832732695415,4.765300936626839,,,,,,,,,2.410836336522928,2.737094394354987,2.4605443022244313,2.771849893662725,3.0
whisper-turbo,,ls-test-clean,main,sample,3,400,8047,49.2,40,1.3575,2.2320699999999998,1.0,en,3.2185907791723625,3.8634427167757486,2.98247794209022,3.3615713698611103,3.0446128992170993,3.48108147972966,3.0446128992170993,3.412054507413214,3.094320864918603,3.6737870621438184,2.9700509506648443,3.506484304333542,3.0570398906424754,3.5850546140363706,3.0570398906424754,3.6179231625299195,2.994904933515596,3.50219654422678,2.945196967814092,3.4726532257031977,2.2865664222691686,2.6377749928994656,4.312166024605443,5.188837869841114,,,,,,,,,,,,,
whisper-turbo,,ls-test-clean,main,sample,4,400,8047,49.2,40,1.4325,2.11789,1.0,en,3.2185907791723625,3.8634427167757486,3.007331924940972,3.408281141570882,3.081893873493227,3.532049493197673,3.081893873493227,3.4630225208812275,3.081893873493227,3.7539654433587986,2.957623959239468,3.5081270184762565,2.9700509506648443,3.538335351809589,2.9700509506648443,3.537324734548661,3.0197589163663476,3.5480512719518575,2.957623959239468,3.5191618701691194,2.212004473716913,2.5566134742379467,4.47371691313533,5.404340101349443,,,,,,,,,2.075307568037778,2.3581724940145925,2.1374425251646576,2.4156305453727085,2.5
whisper-turbo,,ls-test-clean,main,sample,5,400,8047,49.2,40,1.5225,2.103105,1.0,en,3.2185907791723625,3.8634427167757486,3.0694668820678515,3.5318426495073907,3.1688828134708587,3.6539578087627054,3.1688828134708587,3.582698693589117,2.9700509506648443,3.5843807516520902,2.994904933515596,3.61048321877296,2.994904933515596,3.6085683980221135,2.9700509506648443,3.570987894509233,2.9700509506648443,3.634712739484078,2.98247794209022,3.5680734267394403,2.1374425251646576,2.4995037735937635,4.734683733068224,5.786849893512577,,,,,,,,,,,,,
whisper-turbo,,ls-test-clean,main,sample,6,400,8047,49.2,40,1.5975,2.1467225,1.0,en,3.2185907791723625,3.8634427167757486,3.094320864918603,3.5494548702446114,3.1813098048962347,3.669582808762705,3.2185907791723625,3.6641082281236512,3.1688828134708587,3.8607014449706636,3.0197589163663476,3.5761945500160075,3.0694668820678515,3.701194550016008,2.9203429849633404,3.486531743412411,3.007331924940972,3.5905864324999954,2.994904933515596,3.5899991862301834,2.112588542313906,2.4682537735937635,5.02050453585187,6.2711074985870825,,,,,,,,,,,,,
whisper-turbo,,ls-test-clean,main,sample,8,400,8047,49.2,40,1.7375,2.154015,1.0,en,3.2185907791723625,3.8634427167757486,3.131601839194731,3.6075239000953574,3.3055797191499936,3.8622415389214355,3.231017770597738,3.720598612739036,3.131601839194731,3.8690756502198687,3.0446128992170993,3.6154084892299467,3.0570398906424754,3.685841903413361,3.0570398906424754,3.709504565977732,3.081893873493227,3.7635963089638187,3.094320864918603,3.725365506720088,2.075307568037778,2.433369514334504,5.542438175717659,6.84051271412155,,,,,,,,,1.913756679507891,2.2178836867191776,2.0007456194855227,2.292386585469266,3.0
whisper-turbo,,ls-test-clean,main,sample,10,400,8047,49.2,40,1.87,2.22476,1.0,en,3.2185907791723625,3.8634427167757486,3.1564558220454826,3.642789428781939,3.3304337020007457,3.8990836441845937,3.2558717534484902,3.755864141425617,3.0321859077917237,3.5770336081778273,2.9700509506648443,3.433421450663961,2.957623959239468,3.39904645066396,2.98247794209022,3.5374219869872583,2.945196967814092,3.352479053767617,3.0446128992170993,3.500133679623236,2.0131726109108983,2.3917362191399962,6.3750466012178455,7.4861260986539095,,,,,,,,,,,,,
whisper-turbo,,ls-test-clean,main,sample,12,400,8047,49.2,40,1.9825,2.2626875,1.0,en,3.2185907791723625,3.8634427167757486,3.144028830620107,3.580289428781939,3.3304337020007457,3.8990836441845937,3.268298744873866,3.7647927128541885,3.1688828134708587,3.789664747974636,3.0321859077917237,3.5042362718077293,3.0197589163663476,3.4517691665445716,3.0570398906424754,3.6633862775037875,3.0446128992170993,3.494033651356696,3.081893873493227,3.581303209720005,1.9758916366347707,2.3201367659615957,6.698148378277619,8.109070308661966,,,,,,,,,,,,,
whisper-turbo,,ls-test-clean,main,sample,15,400,8047,49.2,40,2.11,2.2007825000000003,1.0,en,3.2185907791723625,3.8634427167757486,3.131601839194731,3.549039428781939,3.3304337020007457,3.8990836441845937,3.2558717534484902,3.7335427128541885,3.0446128992170993,3.479721175417633,3.0446128992170993,3.513508249829707,3.0321859077917237,3.4777939641154214,3.007331924940972,3.4181140325604904,3.0321859077917237,3.451288768315761,3.0570398906424754,3.4711300214218173,1.938610662358643,2.111803432628262,6.896980241083634,8.325328307285034,2.340189678531839,2.192388225150881,2.22933858849612,2.106170710678655,4.544894691464466,4.569528267027959,4.606478630373199,1.3302130804286243,1.76463278240338,1.9604766439145371,1.8764757052317633,2.054153837096357,3.25
whisper-turbo,,ls-test-clean,main,sample,16,400,8047,49.2,40,2.16,2.21918,1.0,en,3.2185907791723625,3.8634427167757486,3.8150863675904065,4.493087047829558,3.3304337020007457,3.8990836441845937,3.9393562818441654,4.650209379520855,3.0570398906424754,3.6054541178483364,3.0446128992170993,3.514790301111758,3.0197589163663476,3.4680537043751616,3.0321859077917237,3.5850068849011034,3.007331924940972,3.423707525325035,3.0321859077917237,3.474374340104822,1.913756679507891,2.076167467715982,7.605318752330061,9.285876311911984,2.340189678531839,2.857494765365193,2.180071437369134,2.106170710678655,4.569528267027959,4.544894691464466,4.594161842591452,1.3302130804286243,1.7522057909780042,1.9292266439145371,1.8516217223810116,2.0185178721840766,3.0
whisper-turbo,,ls-test-other,main,beam,1,400,7062,43.29,33,1.0,0.0,1.0,en,4.899461908807703,6.06277344877366,4.899461908807703,6.06277344877366,4.899461908807703,6.06277344877366,4.899461908807703,6.06277344877366,4.899461908807703,6.06277344877366,4.899461908807703,6.06277344877366,4.899461908807703,6.06277344877366,4.899461908807703,6.06277344877366,4.899461908807703,6.06277344877366,4.899461908807703,6.06277344877366,4.899461908807703,6.06277344877366,4.899461908807703,6.06277344877366,3.7400196105897185,3.7400196105897185,3.7400196105897185,3.7400196105897185,6.583555119764673,6.583555119764673,6.583555119764673,3.7400196105897185,,,,,
whisper-turbo,,ls-test-other,main,beam,2,400,7062,43.29,33,1.4475,3.9144349999999997,1.0,en,4.899461908807703,6.06277344877366,4.856981025205324,6.042150553150764,4.984423676012461,6.18558046631752,4.9419427924100825,6.1384313435105025,5.281789861229114,6.4227332356656595,4.927782497875956,6.223400553150764,4.91362220334183,6.1546505531507645,5.097706032285472,6.3588092574229,4.984423676012461,6.116303311809966,4.984423676012461,6.116303311809966,3.964882469555367,4.953287975298698,6.853582554517134,8.325839507866398,,,,,,,,,3.5400736335315774,4.31735278481679,3.610875106202209,4.415809531371364,5.5
whisper-turbo,,ls-test-other,main,beam,3,400,7062,43.29,33,1.895,4.754874999999999,1.0,en,4.899461908807703,6.06277344877366,4.91362220334183,6.079617658413922,5.02690455961484,6.223913799650854,4.998583970546587,6.176556343510502,4.9419427924100825,6.170841421894538,4.9419427924100825,6.160602008530124,4.9419427924100825,6.176263430441546,4.927782497875956,6.165841421894537,4.9419427924100825,6.132349912185923,4.970263381478334,6.203339852220948,3.469272160860946,4.393911040107625,8.17048994619088,9.76145714329478,,,,,,,,,,,,,
whisper-turbo,,ls-test-other,main,beam,4,400,7062,43.29,33,2.31,5.130957499999999,1.0,en,4.899461908807703,6.06277344877366,4.9419427924100825,6.027122237168501,5.02690455961484,6.223913799650854,5.069385443217219,6.231997430201589,5.281789861229114,6.3900707410715105,4.970263381478334,6.125009544966524,4.998583970546587,6.213759544966523,5.02690455961484,6.324090109704425,4.984423676012461,6.221075902823497,4.970263381478334,6.136108515979175,3.157745681110167,3.915664490184027,9.190031152647975,10.900318295327084,,,,,,,,,2.732936845086378,3.2658746820975004,2.931180968564146,3.5253816520693184,5.75
whisper-turbo,,ls-test-other,main,beam,5,400,7062,43.29,33,2.7,5.4219525,1.0,en,4.899461908807703,6.06277344877366,4.956103086944209,6.028135471246252,5.041064854148966,6.230163799650853,5.097706032285472,6.249677330946006,5.069385443217219,6.179562701423482,4.91362220334183,6.027050004742552,4.984423676012461,6.062471725878559,5.02690455961484,6.154089216574997,4.927782497875956,6.1609062403100845,4.970263381478334,6.180002639553543,3.0303030303030303,3.825318348911113,9.983007646559049,11.92474362660638,,,,,,,,,,,,,
whisper-turbo,,ls-test-other,main,beam,6,400,7062,43.29,33,3.0825,5.707235,1.0,en,4.899461908807703,6.06277344877366,4.998583970546587,6.087021976956714,5.041064854148966,6.230163799650853,5.154347210421977,6.322452725545357,5.041064854148966,6.103993686868899,4.899461908807703,6.023620656077634,4.9419427924100825,6.071639363560627,5.041064854148966,6.223649597478756,4.998583970546587,6.183593038934941,4.91362220334183,6.0770720255376816,2.9028603794958934,3.5783805182232813,10.450297366185216,12.598866762156065,,,,,,,,,,,,,
whisper-turbo,,ls-test-other,main,beam,8,400,7062,43.29,33,3.8975,6.3024125,1.0,en,4.899461908807703,6.06277344877366,5.097706032285472,6.191207182740918,5.083545737751345,6.2743394268909976,5.253469272160861,6.4188466034162825,4.956103086944209,5.9848829585966605,4.9419427924100825,6.086697283556436,4.885301614273577,6.0257950508684885,4.984423676012461,6.14522952721086,4.970263381478334,6.0767651856843905,4.984423676012461,6.087910034987134,2.5913338997451145,3.2533221615472776,11.51231945624469,14.01643548033196,3.7400196105897185,3.978148200028015,3.6979969183359014,3.7680347387589297,6.653592940187702,6.639585376103096,6.555539991595461,2.0731194845216416,2.1806853582554515,2.7316579893988875,2.393089776267346,2.9559880413812873,5.75
whisper-turbo,,ls-test-other,main,greedy,1,400,7062,43.29,33,1.0,0.0,1.0,en,5.069385443217219,6.26825590491401,5.069385443217219,6.26825590491401,5.069385443217219,6.26825590491401,5.069385443217219,6.26825590491401,5.069385443217219,6.26825590491401,5.069385443217219,6.26825590491401,5.069385443217219,6.26825590491401,5.069385443217219,6.26825590491401,5.069385443217219,6.26825590491401,5.069385443217219,6.26825590491401,5.069385443217219,6.26825590491401,5.069385443217219,6.26825590491401,3.9221179436895923,3.9221179436895923,3.9221179436895923,3.9221179436895923,6.667600504272307,6.667600504272307,6.667600504272307,3.9221179436895923,,,,,
whisper-turbo,,ls-test-other,main,sample,1,400,7062,43.29,33,1.0,0.0,0.999845,en,5.56499575191164,6.836453777050703,5.56499575191164,6.836453777050703,5.56499575191164,6.836453777050703,5.56499575191164,6.836453777050703,5.56499575191164,6.836453777050703,5.56499575191164,6.836453777050703,5.56499575191164,6.836453777050703,5.56499575191164,6.836453777050703,5.56499575191164,6.836453777050703,5.56499575191164,6.836453777050703,5.56499575191164,6.836453777050703,5.56499575191164,6.836453777050703,4.314329738058552,4.314329738058552,4.314329738058552,4.314329738058552,7.185880375402718,7.185880375402718,7.185880375402718,4.314329738058552,,,,,
whisper-turbo,,ls-test-other,main,sample,2,400,7062,43.29,33,1.285,3.481965,0.999845,en,5.56499575191164,6.836453777050703,5.324270744831493,6.493450044073787,5.366751628433871,6.450583955110477,5.281789861229114,6.350180813304557,5.579156046445766,6.76240356778571,5.29595015576324,6.393450044073785,5.366751628433871,6.477477821851564,5.522514868309261,6.832378055623006,5.2393089776267345,6.447276824035717,5.2393089776267345,6.447276824035717,4.559614839988671,5.590978923754394,6.414613423959218,7.7567037298527906,,,,,,,,,3.9932030586236196,4.857767067921339,4.1914471821013874,5.039456017345097,8.0
whisper-turbo,,ls-test-other,main,sample,3,400,7062,43.29,33,1.485,3.4222825,0.999845,en,5.56499575191164,6.836453777050703,5.310110450297366,6.364700736322661,5.338431039365619,6.420750040102144,5.366751628433871,6.436191964392836,5.3525913338997455,6.703126384346703,5.3525913338997455,6.67289922733698,5.3525913338997455,6.669587392088033,5.29595015576324,6.657067287947932,5.210988388558482,6.537578567447305,5.126026621353724,6.319602626173666,4.318889832908525,5.259489176877812,7.009345794392523,8.378300357852506,,,,,,,,,,,,,
whisper-turbo,,ls-test-other,main,sample,4,400,7062,43.29,33,1.635,3.3691250000000004,0.999845,en,5.56499575191164,6.836453777050703,5.182667799490229,6.369543059262979,5.366751628433871,6.449874399089203,5.2393089776267345,6.3348418808118,5.395072217502124,6.583059055841874,5.168507504956103,6.241985169575096,5.324270744831493,6.508777068152709,5.40923251203625,6.580831826589114,5.210988388558482,6.31282221973278,5.111866326819598,6.188771918791033,3.9224015859529877,4.791104599623404,7.264231096006797,8.689827618394162,,,,,,,,,3.3135089209855564,3.9533070219123942,3.5967148116680825,4.295689647759559,8.5
whisper-turbo,,ls-test-other,main,sample,5,400,7062,43.29,33,1.7575,3.3288425,0.999845,en,5.56499575191164,6.836453777050703,5.069385443217219,6.28570820087557,5.196828094024355,6.289324491991861,5.126026621353724,6.238756310173679,5.324270744831493,6.5941289790264594,5.281789861229114,6.514162185680685,5.281789861229114,6.51226822750853,5.267629566694987,6.489669230700251,5.111866326819598,6.3205812659526694,5.126026621353724,6.280818329166987,3.780798640611725,4.545130023352217,7.4766355140186915,8.927809692971632,,,,,,,,,,,,,
whisper-turbo,,ls-test-other,main,sample,6,400,7062,43.29,33,1.885,3.3453925000000004,0.999845,en,5.56499575191164,6.836453777050703,4.984423676012461,6.168873087730388,5.154347210421977,6.288244823492777,5.097706032285472,6.202476752584053,5.253469272160861,6.36163465973571,5.111866326819598,6.2242694284252265,5.154347210421977,6.316277975433773,5.154347210421977,6.338083295173449,5.140186915887851,6.245747796498944,5.083545737751345,6.174103234137746,3.6675162843387143,4.399866612720141,7.802322288303596,9.271424174250587,,,,,,,,,,,,,
whisper-turbo,,ls-test-other,main,sample,8,400,7062,43.29,33,2.15,3.3402824999999994,0.999845,en,5.56499575191164,6.836453777050703,4.91362220334183,6.140283579926033,5.140186915887851,6.295082961713893,5.02690455961484,6.1738872447796975,5.02690455961484,6.1014587126955435,5.083545737751345,6.178904706984935,5.02690455961484,6.078189133399179,5.069385443217219,6.169917188043396,5.02690455961484,6.130113223956477,4.984423676012461,6.03018604777958,3.469272160860946,4.168055808101396,8.241291418861513,9.78354331367431,,,,,,,,,2.9028603794958934,3.4412993120496465,3.18606627017842,3.7970076242213415,7.75
whisper-turbo,,ls-test-other,main,sample,10,400,7062,43.29,33,2.3575,3.3572024999999996,0.999845,en,5.56499575191164,6.836453777050703,4.9419427924100825,6.195991425929932,5.097706032285472,6.2701987024546355,4.998583970546587,6.199002985520439,5.055225148683093,6.136429187736832,4.956103086944209,6.083428660286062,5.02690455961484,6.083405942865761,5.069385443217219,6.171094913135315,5.041064854148966,6.198267147376286,4.9419427924100825,6.053022473069111,3.3559898045879355,4.022105705572347,8.538657604078164,10.384885409444324,,,,,,,,,,,,,
whisper-turbo,,ls-test-other,main,sample,12,400,7062,43.29,33,2.57,3.3993149999999996,0.999845,en,5.56499575191164,6.836453777050703,4.927782497875956,6.188065471565683,5.154347210421977,6.401439683695616,4.984423676012461,6.1929443889446,5.0127442650807135,6.046219372009775,4.9419427924100825,6.077917985867543,4.998583970546587,6.049285234690149,5.055225148683093,6.1025399934787,5.041064854148966,6.150476255688829,4.9419427924100825,6.0028557469177155,3.285188331917304,3.9501523005544255,8.97762673463608,10.864270290591548,,,,,,,,,,,,,
whisper-turbo,,ls-test-other,main,sample,15,400,7062,43.29,33,2.88,3.4305550000000005,0.999845,en,5.56499575191164,6.836453777050703,4.998583970546587,6.307473366302525,5.154347210421977,6.401439683695616,5.055225148683093,6.3116943889446,4.970263381478334,6.002607263609031,4.9419427924100825,6.136203813171276,5.02690455961484,6.087449735951504,4.984423676012461,6.063023930275698,4.984423676012461,6.043748285194411,4.856981025205324,6.0001640306566415,3.0303030303030303,3.722725698885803,9.40243557065987,11.417213389802496,4.314329738058552,3.880095251435775,3.8660876873511696,3.7820423028435357,6.667600504272307,6.653592940187702,6.555539991595461,2.381285894382967,2.548853016142736,3.0632589748164265,2.8178986122911356,3.401864573809828,6.75
whisper-turbo,,ls-test-other,main,sample,16,400,7062,43.29,33,2.9675,3.44453,0.999845,en,5.56499575191164,6.836453777050703,4.998583970546587,6.309998618827778,5.154347210421977,6.401439683695616,5.055225148683093,6.3116943889446,5.041064854148966,6.063022833669038,4.970263381478334,6.154072632947991,5.041064854148966,6.172577327658043,5.055225148683093,6.163179209778804,5.0127442650807135,6.11448193750701,4.842820730671198,5.898254308434419,3.0303030303030303,3.722725698885803,9.487397337864628,11.5910915949307,4.314329738058552,3.880095251435775,3.880095251435775,3.810057431012747,6.653592940187702,6.681608068356913,6.499509735257039,2.3532707662137553,2.520532427074483,3.0357227429323688,2.8178986122911356,3.401864573809828,7.249999999999999
