model,precision,set,kind,arm,k,k_is_main,norm,a,b,delta,ci_low,ci_high,se,p_boot,n,n_better,n_worse,n_tied,n_clusters,cl_ci_low,cl_ci_high,p_wilcoxon
drax,,ami,main,main,16,True,legacy,conf,rover_cg,3.0033370411568407,2.3094098812273804,3.6649045949495553,0.340059296696533,0.0,600,154,40,406,16,1.7975117927330624,4.124696886503476,5.1641549365136365e-17
drax,,ami,main,main,16,True,whisper,conf,rover_cg,-5.036363636363636,-6.115658252864675,-3.92572807707036,0.5696361016559753,1.0,600,105,198,297,16,-6.594771573126371,-3.94508278511313,1.953716043679744e-16
drax,,ami,main,main,16,True,legacy,mbr,rover_cg,0.29662588060808304,-0.07599982626369917,0.6562753606805475,0.18791637180828796,0.067,600,41,32,527,16,-0.18164202414120764,0.7717458975579367,0.11810208752601686
drax,,ami,main,main,16,True,whisper,mbr,rover_cg,-7.236363636363636,-8.228649825783972,-6.214211959103639,0.5129391199316488,1.0,600,26,193,381,16,-8.251183795979802,-6.319393602257165,3.050522167145249e-32
drax,,ami,main,main,16,True,legacy,cm05,rover_cg,0.5561735261401557,0.10089828341889116,1.0049404614587067,0.2329241367723492,0.0095,600,52,39,509,16,-0.09587807945282319,1.098013687998,0.023210147936815848
drax,,ami,main,main,16,True,whisper,cm05,rover_cg,-7.127272727272727,-8.157561893295622,-6.0945272088073965,0.5312300861105954,1.0,600,32,202,366,16,-8.40863140980858,-6.1545889608879705,2.9127326185856345e-30
drax,,ami,main,main,16,True,legacy,conf,rover_c,3.040415276232851,2.3608386407665964,3.7026540048533287,0.3395621103476927,0.0,600,150,35,415,16,1.8657797837596988,4.130819406771331,1.1277594031197459e-17
drax,,ami,main,main,16,True,whisper,conf,rover_c,-4.9818181818181815,-6.087313031986919,-3.83570269621396,0.5717010181205412,1.0,600,103,195,302,16,-6.530260727035324,-3.899831683889593,5.126951744698177e-16
drax,,ami,main,main,16,True,legacy,conf,rover_freq,3.2814238042269186,2.599298048528924,3.970516111626068,0.34614390293183334,0.0,600,153,28,419,16,2.1107152286910766,4.301407332587387,2.681065780649054e-19
drax,,ami,main,main,16,True,whisper,conf,rover_freq,-4.8545454545454545,-5.960267994139716,-3.698313656711685,0.5775937680240265,1.0,600,107,188,305,16,-6.587552544458601,-3.636568395552676,4.086403380632719e-15
drax,,ami,main,main,16,True,legacy,first,rover_cg,6.729699666295884,5.709286691022272,7.77861056328636,0.5304232583997082,0.0,600,234,39,327,16,4.821430676475743,8.276147179531959,2.265485526260011e-32
drax,,ami,main,main,16,True,whisper,first,rover_cg,-1.018181818181818,-2.3391320439925103,0.3687020096256287,0.7027990228211757,0.9285,600,168,172,260,16,-3.2266364189675203,0.6070048630122906,0.09713521486047813
drax,,ami,main,main,16,True,legacy,conf,mbr,2.7067111605487577,2.0660987082905957,3.340749622391864,0.32004007190911427,0.0,600,142,33,425,16,1.7904086966509174,3.5457044173049406,3.0477985992402907e-16
drax,,ami,main,main,16,True,whisper,conf,mbr,2.2,1.580806162006766,2.8192885428484185,0.3202614717171743,0.0,600,129,32,439,16,1.3547363507317571,2.911143780068539,1.1374408764232702e-12
drax,,ami,main,main,16,True,legacy,first,conf,3.7263626251390436,2.7220386722024053,4.777635143448788,0.5201734132363102,0.0,600,179,86,335,16,2.545395315067446,4.775161198005618,4.584128549361033e-12
drax,,ami,main,main,16,True,whisper,first,conf,4.0181818181818185,2.9834421379553917,5.075771729491527,0.5318410182294513,0.0,600,181,81,338,16,3.144665476089836,4.869273535301488,5.029118871677678e-13
drax,,ami,main,main,16,True,legacy,rover_freq,rover_cg,-0.27808676307007785,-0.6178359719423626,0.055713936756199706,0.16946522732753222,0.9595,600,27,41,532,16,-0.6612995523559001,0.09771889613815815,0.10083413436919546
drax,,ami,main,main,16,True,whisper,rover_freq,rover_cg,-0.18181818181818182,-0.5474452554744526,0.1633152220822039,0.18376265105186812,0.867,600,27,36,537,16,-0.5664468015196361,0.1834526303200713,0.24317512249410045
drax,,ami,main,ref,4,True,legacy,conf,rover_cg,-0.01853911753800519,-0.3735001952137263,0.3324449023657359,0.18290940507880107,0.5455,600,37,34,529,16,-0.34895105888787076,0.32119961309770134,0.9821491782224545
drax,,ami,main,ref,4,True,whisper,conf,rover_cg,-7.818181818181818,-8.865537766824191,-6.802855987563469,0.5387204156165504,1.0,600,23,198,379,16,-9.184392082525129,-6.517641073482547,1.089601268596816e-34
drax,,ami,main,ref,4,True,legacy,mbr,rover_cg,-0.2410085279940675,-0.5273860400342334,0.05634493885373001,0.1515295472452572,0.948,600,23,34,543,16,-0.5130350897282242,-0.018363413581382184,0.10090572909868513
drax,,ami,main,ref,4,True,whisper,mbr,rover_cg,-7.927272727272728,-8.921863420914953,-6.93104634087136,0.515700578650071,1.0,600,17,197,386,16,-9.132134757628467,-6.787492704681448,3.931836305342047e-35
drax,,ami,main,ref,4,True,legacy,cm05,rover_cg,-0.2410085279940675,-0.5265252459116824,0.05474250467803391,0.14785635740568126,0.9555,600,21,31,548,16,-0.48945163565655025,-0.01864381888843421,0.09428634060571053
drax,,ami,main,ref,4,True,whisper,cm05,rover_cg,-8.018181818181818,-9.014959930470749,-7.047029221690443,0.5087352541781032,1.0,600,11,197,392,16,-9.271972289971215,-6.8181537505800645,1.1337028963927916e-35
drax,,ami,main,ref,4,True,legacy,conf,rover_c,0.11123470522803114,-0.24278082019324584,0.4613796698411885,0.18054069795049263,0.288,600,34,27,539,16,-0.2634066954610746,0.47860032969913147,0.4684111749023119
drax,,ami,main,ref,4,True,whisper,conf,rover_c,-7.654545454545454,-8.699870317040032,-6.621173299058557,0.5368854165791929,1.0,600,22,191,387,16,-9.022782144862436,-6.379502903007541,3.6734311755656534e-33
drax,,ami,main,ref,4,True,legacy,conf,rover_freq,0.2410085279940675,-0.11714403032593236,0.6034341595102828,0.18286588838204687,0.1055,600,40,27,533,16,-0.09544846975474493,0.5990205357374868,0.14278285370312724
drax,,ami,main,ref,4,True,whisper,conf,rover_freq,-7.5636363636363635,-8.587270066125605,-6.552566843586122,0.5315412384403043,1.0,600,23,191,386,16,-8.995313901934173,-6.280718283201678,4.723724286364503e-33
drax,,ami,main,ref,4,True,legacy,first,rover_cg,0.2410085279940675,-0.1844943340318469,0.6786373897161081,0.21644033949960848,0.132,600,49,43,508,16,-0.1841473873970848,0.6525229737837317,0.3469063375016923
drax,,ami,main,ref,4,True,whisper,first,rover_cg,-7.454545454545454,-8.524153376842534,-6.414380198422819,0.5308607689666259,1.0,600,33,199,368,16,-8.820476242015715,-6.192051541044013,1.5945274523665458e-32
drax,,ami,main,ref,4,True,legacy,conf,mbr,0.22246941045606228,-0.1513611500124813,0.5822762369646608,0.18823640413033674,0.1385,600,39,29,532,16,-0.18669704565495118,0.6661418382451889,0.22832774349850316
drax,,ami,main,ref,4,True,whisper,conf,mbr,0.10909090909090909,-0.2939966698711833,0.5083078339340816,0.2087969319212182,0.3225,600,39,31,530,16,-0.41902375475329795,0.6103439795068734,0.4488772786504437
drax,,ami,main,ref,4,True,legacy,first,conf,0.25954764553207266,-0.19043909195178427,0.7657826260615576,0.24283475646833538,0.1505,600,43,40,517,16,-0.3336931580914975,0.9031165380363678,0.33793758549065467
drax,,ami,main,ref,4,True,whisper,first,conf,0.36363636363636365,-0.10402716032607713,0.8726404051456464,0.2473555728295907,0.075,600,45,36,519,16,-0.22902564136311673,0.9905251802369455,0.14793501261148242
drax,,ami,main,ref,4,True,legacy,rover_freq,rover_cg,-0.25954764553207266,-0.4862742195949015,-0.035859169442860446,0.11509700730817723,0.9905,600,12,26,562,16,-0.4212607861936721,-0.09856769192269563,0.023140931308743732
drax,,ami,main,ref,4,True,whisper,rover_freq,rover_cg,-0.2545454545454545,-0.5,-0.036444671061118955,0.11813489062255637,0.9895,600,10,21,569,16,-0.4704206677609805,-0.021285200775953063,0.032328941589590036
drax,,common_voice,main,main,16,True,legacy,conf,rover_cg,1.809169764560099,1.1732908680713665,2.461329420510316,0.33427876228170794,0.0,455,84,31,340,455,,,2.527023647826597e-07
drax,,common_voice,main,main,16,True,whisper,conf,rover_cg,-0.3875968992248062,-1.262063292653745,0.41559409971255973,0.4232193707010913,0.836,455,76,75,304,455,,,0.31287596424373876
drax,,common_voice,main,main,16,True,legacy,mbr,rover_cg,0.27261462205700127,-0.14910907688199163,0.6784004865958753,0.21510385674206384,0.1105,455,30,24,401,455,,,0.18980361296468584
drax,,common_voice,main,main,16,True,whisper,mbr,rover_cg,-1.380813953488372,-2.1164216548263814,-0.6614646336567257,0.37135953955906115,1.0,455,39,65,351,455,,,9.867069130249047e-05
drax,,common_voice,main,main,16,True,legacy,cm05,rover_cg,0.5204460966542751,0.073847548581686,0.9525069286974042,0.22617184836253781,0.0115,455,42,26,387,455,,,0.024923297846627824
drax,,common_voice,main,main,16,True,whisper,cm05,rover_cg,-1.2839147286821706,-2.0347306039765547,-0.611905739945125,0.36791745103860063,0.999,455,45,70,340,455,,,0.0004468443488472149
drax,,common_voice,main,main,16,True,legacy,conf,rover_c,1.858736059479554,1.2138036796488114,2.5068722144482307,0.3351280793758637,0.0,455,83,28,344,455,,,1.6022954165180445e-07
drax,,common_voice,main,main,16,True,whisper,conf,rover_c,-0.3391472868217054,-1.20202362517278,0.4755991578895728,0.4245355863360783,0.803,455,75,72,308,455,,,0.35484077870206
drax,,common_voice,main,main,16,True,legacy,conf,rover_freq,1.9083023543990087,1.2292486826859197,2.641330183919316,0.35474727034069825,0.0,455,82,32,341,455,,,2.5364871731449783e-07
drax,,common_voice,main,main,16,True,whisper,conf,rover_freq,-0.6298449612403101,-1.501162557792884,0.21781879465405135,0.4382679022104297,0.9355,455,70,81,304,455,,,0.11447104414194527
drax,,common_voice,main,main,16,True,legacy,first,rover_cg,7.856257744733581,6.441501726245083,9.581507273022343,0.7893020742567668,0.0,455,173,22,260,455,,,4.6586627618514834e-27
drax,,common_voice,main,main,16,True,whisper,first,rover_cg,5.547480620155039,4.063112183276318,7.217869964460318,0.7968828050211331,0.0,455,162,57,236,455,,,9.63522270518877e-12
drax,,common_voice,main,main,16,True,legacy,conf,mbr,1.5365551425030979,0.8751829947778207,2.187603529561671,0.33500872911594687,0.0,455,72,29,354,455,,,6.0443815586348236e-06
drax,,common_voice,main,main,16,True,whisper,conf,mbr,0.9932170542635659,0.3177733557323979,1.6199253011739303,0.3290512822734275,0.004,455,73,41,341,455,,,0.0024175471572351697
drax,,common_voice,main,main,16,True,legacy,first,conf,6.047087980173482,4.63666067505026,7.711604116571169,0.7838450861407108,0.0,455,156,36,263,455,,,9.11616148067464e-17
drax,,common_voice,main,main,16,True,whisper,first,conf,5.935077519379845,4.608584090958385,7.538774470064502,0.7642227929871116,0.0,455,160,42,253,455,,,2.6473430654055885e-16
drax,,common_voice,main,main,16,True,legacy,rover_freq,rover_cg,-0.09913258983890955,-0.5167833439668855,0.2934093091532583,0.20216314942672609,0.7195,455,21,25,409,455,,,0.6251113083603599
drax,,common_voice,main,main,16,True,whisper,rover_freq,rover_cg,0.24224806201550386,-0.14200360742906615,0.641678259229961,0.19916499367873056,0.1115,455,28,18,409,455,,,0.221878591234143
drax,,common_voice,main,ref,4,True,legacy,conf,rover_cg,0.1734820322180917,-0.2912656723737133,0.6426737677993395,0.24141688377983456,0.263,455,25,23,407,455,,,0.46359099524106206
drax,,common_voice,main,ref,4,True,whisper,conf,rover_cg,-1.9622093023255813,-2.7568248613311632,-1.2046645486053813,0.39676211689281177,1.0,455,26,69,360,455,,,4.862917984412904e-07
drax,,common_voice,main,ref,4,True,legacy,mbr,rover_cg,-0.1734820322180917,-0.5238344810319103,0.17623294425987493,0.18247886185888307,0.839,455,17,20,418,455,,,0.3204359413217488
drax,,common_voice,main,ref,4,True,whisper,mbr,rover_cg,-2.1802325581395348,-2.8825594128049303,-1.5372037953392168,0.35622335563174334,1.0,455,18,63,374,455,,,1.4119281464865373e-09
drax,,common_voice,main,ref,4,True,legacy,cm05,rover_cg,-0.22304832713754646,-0.6329194080002052,0.14863167069372568,0.20160381859641308,0.878,455,14,20,421,455,,,0.22891394312014257
drax,,common_voice,main,ref,4,True,whisper,cm05,rover_cg,-2.3013565891472867,-3.0806658854786035,-1.5905427324492822,0.37766822365980524,1.0,455,18,65,372,455,,,7.983069719211614e-10
drax,,common_voice,main,ref,4,True,legacy,conf,rover_c,0.3965303593556382,-0.050358517719151695,0.8579359071410547,0.23254168977636638,0.0515,455,28,18,409,455,,,0.0775467539790593
drax,,common_voice,main,ref,4,True,whisper,conf,rover_c,-1.9137596899224807,-2.7073666335272093,-1.1329114223694088,0.4021201521904926,1.0,455,27,67,361,455,,,9.292068406457182e-07
drax,,common_voice,main,ref,4,True,legacy,conf,rover_freq,0.3965303593556382,-0.025767640171288676,0.8615520660283872,0.2272545398961795,0.0425,455,29,20,406,455,,,0.09675604716023045
drax,,common_voice,main,ref,4,True,whisper,conf,rover_freq,-1.937984496124031,-2.770959053027618,-1.1519581915982189,0.4017826179760753,1.0,455,27,67,361,455,,,7.366313798239443e-07
drax,,common_voice,main,ref,4,True,legacy,first,rover_cg,0.8921933085501859,0.3607738828092387,1.4532583703667072,0.27951733831847336,0.0005,455,56,22,377,455,,,0.0014012314463159677
drax,,common_voice,main,ref,4,True,whisper,first,rover_cg,-1.574612403100775,-2.3726912326645726,-0.8388375410187495,0.39104879718958074,1.0,455,43,70,342,455,,,2.2441036831811104e-05
drax,,common_voice,main,ref,4,True,legacy,conf,mbr,0.3469640644361834,-0.14578924909084806,0.8440755843483392,0.25374583044252325,0.086,455,30,25,400,455,,,0.174144334730146
drax,,common_voice,main,ref,4,True,whisper,conf,mbr,0.2180232558139535,-0.33875341853081997,0.8044128107796092,0.29392750247821553,0.249,455,32,31,392,455,,,0.48284079413474834
drax,,common_voice,main,ref,4,True,legacy,first,conf,0.7187112763320942,0.16879062384181243,1.2486416412961934,0.27641342482650405,0.0055,455,48,24,383,455,,,0.009067505810176018
drax,,common_voice,main,ref,4,True,whisper,first,conf,0.3875968992248062,-0.17120886767459392,0.9380756654692818,0.2774961199577734,0.0845,455,44,27,384,455,,,0.15384318763402535
drax,,common_voice,main,ref,4,True,legacy,rover_freq,rover_cg,-0.22304832713754646,-0.5608169410106703,0.09728576422665365,0.16735983325837686,0.9305,455,13,18,424,455,,,0.19911787569437578
drax,,common_voice,main,ref,4,True,whisper,rover_freq,rover_cg,-0.02422480620155039,-0.3570005654982014,0.29077340040522337,0.16491637750865062,0.587,455,17,14,424,455,,,0.9741758038936263
drax,,earnings22,main,main,16,True,legacy,conf,rover_cg,2.54211942976772,1.3034895247055662,3.980974824127537,0.6824293939449567,0.0,600,196,121,283,6,1.9049778886495068,3.30903621427745,3.296643864120591e-06
drax,,earnings22,main,main,16,True,whisper,conf,rover_cg,0.13191273465246067,-1.241136553511332,1.684889310244626,0.7490104877075793,0.4485,600,169,199,232,6,-1.5039577836411608,1.7704372623574145,0.012235552196409195
drax,,earnings22,main,main,16,True,legacy,mbr,rover_cg,0.46854750274150136,0.10900775245241522,0.8289514160644067,0.1866165412732008,0.0075,600,129,92,379,6,0.24391215054591023,0.835720896594125,0.015543416772970631
drax,,earnings22,main,main,16,True,whisper,mbr,rover_cg,-2.2425164890918317,-2.856095195387388,-1.6904081520781646,0.30925139827407694,1.0,600,98,197,305,6,-3.613857273406995,-0.8962655601659751,2.0382012654849844e-13
drax,,earnings22,main,main,16,True,legacy,cm05,rover_cg,0.7676203768318214,0.06860297307697506,1.456126793488168,0.3582722483652442,0.018,600,146,106,348,6,0.12705583398037693,1.4940519763178224,0.00457094404336815
drax,,earnings22,main,main,16,True,whisper,cm05,rover_cg,-1.7757483510908167,-2.6453369406915535,-0.9349517134711556,0.43318892734794606,1.0,600,126,194,280,6,-3.0316907858582156,-0.26430553720100436,1.4955698325486574e-07
drax,,earnings22,main,main,16,True,legacy,conf,rover_c,2.69165586681288,1.4700115654163215,4.122239760969742,0.680211075033219,0.0,600,197,110,293,6,2.0183694296405488,3.465947403910991,1.7170528758627994e-07
drax,,earnings22,main,main,16,True,whisper,conf,rover_c,0.30441400304414,-1.0777752741108018,1.8629083232820907,0.74807314633773,0.3545,600,170,185,245,6,-1.3973899988451322,1.9839276745354093,0.03545299092793622
drax,,earnings22,main,main,16,True,legacy,conf,rover_freq,3.050543315721264,1.8573818238452242,4.46190424079503,0.6794513736159731,0.0,600,205,104,291,6,2.298503627886395,3.8760358590539954,3.125964832062626e-10
drax,,earnings22,main,main,16,True,whisper,conf,rover_freq,0.5885337392186707,-0.7748591054950672,2.138609875659676,0.7464431184288381,0.2155,600,173,183,244,6,-1.3711820057364263,2.291172365462553,0.1907296954373452
drax,,earnings22,main,main,16,True,legacy,first,rover_cg,15.003489183531054,12.487034135915197,17.743277034451257,1.3580894095143468,0.0,600,385,52,163,6,12.503353903944191,18.38482008561842,2.3034226017845683e-55
drax,,earnings22,main,main,16,True,whisper,first,rover_cg,13.160832064941655,10.469361683788307,16.048587822982224,1.428931095331276,0.0,600,346,118,136,6,9.04003859141341,17.245017584994137,1.5258934152350293e-30
drax,,earnings22,main,main,16,True,legacy,conf,mbr,2.0735719270262187,0.8509085858090663,3.502721426255884,0.6992029846337098,0.0005,600,163,102,335,6,1.4380406695876868,2.700773349196907,0.0003563163083998604
drax,,earnings22,main,main,16,True,whisper,conf,mbr,2.374429223744292,1.0984706428524325,3.8551107746379407,0.7211769295186264,0.0,600,153,86,361,6,1.5858528237307472,3.179055633473586,1.9021194778432013e-05
drax,,earnings22,main,main,16,True,legacy,first,conf,12.461369753763334,10.178910402175816,15.062172512340295,1.2596790125438988,0.0,600,343,79,178,6,10.310091100210231,15.07578387134097,1.9838694929066518e-41
drax,,earnings22,main,main,16,True,whisper,first,conf,13.028919330289193,10.70410590908443,15.730335214337705,1.2792049392841913,0.0,600,345,68,187,6,10.593900481540931,15.568581477139508,2.1194564995165694e-43
drax,,earnings22,main,main,16,True,legacy,rover_freq,rover_cg,-0.508423885953544,-0.7708856774972795,-0.24942383191841175,0.13512298511406706,1.0,600,56,99,445,6,-0.9368263969490963,-0.10022105162011459,0.00025826669966967137
drax,,earnings22,main,main,16,True,whisper,rover_freq,rover_cg,-0.45662100456621,-0.752784512503364,-0.162300533737902,0.15366550190761907,0.9995,600,63,92,445,6,-0.7610951863200554,-0.095047999239616,0.006084590086566677
drax,,earnings22,main,ref,4,True,legacy,conf,rover_cg,-0.29907287409032,-0.7004248352449491,0.08901488830614558,0.20232058143399279,0.9355,600,91,105,404,6,-0.5315810094052639,-0.010294420424130122,0.2503437345981747
drax,,earnings22,main,ref,4,True,whisper,conf,rover_cg,-3.267376966007103,-3.8863009253667005,-2.624734524558181,0.31981479299447246,1.0,600,75,211,314,6,-5.089480576167612,-1.676837702021168,2.7959258414098424e-22
drax,,earnings22,main,ref,4,True,legacy,mbr,rover_cg,-0.209351011863224,-0.5089352360043907,0.08169111861822843,0.14746946178796635,0.9145,600,66,87,447,6,-0.3688799463447351,-0.08838259844839438,0.1691546446006046
drax,,earnings22,main,ref,4,True,whisper,mbr,rover_cg,-3.176052765093861,-3.7401960816472553,-2.5934066161227243,0.29391794681347205,1.0,600,56,194,350,6,-4.820039790197142,-1.6559235385641253,1.3882572070518771e-23
drax,,earnings22,main,ref,4,True,legacy,cm05,rover_cg,-0.269165586681288,-0.5544216355003742,0.019879298983474302,0.14858705611682665,0.967,600,60,89,451,6,-0.39082412914188613,-0.17078192576134132,0.07218268558938676
drax,,earnings22,main,ref,4,True,whisper,cm05,rover_cg,-3.3181126331811264,-3.8851715988973123,-2.743265321696662,0.2906588925487174,1.0,600,51,199,350,6,-4.999518711993415,-1.8035121025154248,1.996824371106027e-25
drax,,earnings22,main,ref,4,True,legacy,conf,rover_c,-0.03987638321204267,-0.4198027074724421,0.3247223925367862,0.19242980199033527,0.596,600,88,79,433,6,-0.3208715463256461,0.3593977659057795,0.7807820043296352
drax,,earnings22,main,ref,4,True,whisper,conf,rover_c,-2.841197361745307,-3.4637816422120395,-2.217673223542389,0.31072168150046214,1.0,600,74,184,342,6,-4.635530336097774,-1.1197848100408128,5.323904646105229e-19
drax,,earnings22,main,ref,4,True,legacy,conf,rover_freq,0.009969095803010667,-0.364464694638926,0.3820489883244465,0.19342884563051738,0.4865,600,84,71,445,6,-0.2859866539561487,0.413399857448325,0.6598257292354048
drax,,earnings22,main,ref,4,True,whisper,conf,rover_freq,-2.871638762049721,-3.467192737057869,-2.250332108755455,0.30927603346099364,1.0,600,69,184,347,6,-4.687909209951986,-1.1050380228136882,3.647619679578525e-19
drax,,earnings22,main,ref,4,True,legacy,first,rover_cg,0.269165586681288,-0.19828041887110523,0.7324366982126698,0.24028672808672868,0.1255,600,121,95,384,6,-0.2119815668202765,1.1027910142954391,0.10393329090301814
drax,,earnings22,main,ref,4,True,whisper,first,rover_cg,-2.719431760527651,-3.3504741963954805,-2.0228748341238756,0.3419502697393354,1.0,600,96,202,302,6,-4.590224865266679,-0.9040615301578734,4.3817937054160514e-15
drax,,earnings22,main,ref,4,True,legacy,conf,mbr,-0.08972186222709601,-0.5284319000669948,0.29922194724815887,0.21027090962830794,0.6745,600,78,64,458,6,-0.3084809236672017,0.19627085377821393,0.9565016388156367
drax,,earnings22,main,ref,4,True,whisper,conf,mbr,-0.091324200913242,-0.5048996347189034,0.2795704058585908,0.20249481769807562,0.689,600,69,56,475,6,-0.39550704002531245,0.19876764062810576,0.9189348551221269
drax,,earnings22,main,ref,4,True,legacy,first,conf,0.568238460771608,0.13261251918239214,1.0132576960703348,0.22554316420033782,0.0055,600,106,68,426,6,0.20398251578436133,1.3223341016620163,0.00584501515493322
drax,,earnings22,main,ref,4,True,whisper,first,conf,0.547945205479452,0.13355493478034314,0.9915735817575659,0.21452657954934695,0.0055,600,97,63,440,6,0.14280614066404856,1.4262879626214189,0.007657849859724114
drax,,earnings22,main,ref,4,True,legacy,rover_freq,rover_cg,-0.30904196989333066,-0.5354328594331343,-0.08214163370492766,0.11735837867071353,0.9955,600,40,71,489,6,-0.5108556832694764,-0.17904339670901184,0.009407730445346258
drax,,earnings22,main,ref,4,True,whisper,rover_freq,rover_cg,-0.395738203957382,-0.661093195641489,-0.13995382014452082,0.1320728534239181,0.999,600,40,70,490,6,-0.6031746031746031,-0.23344032681645754,0.002723962572796503
drax,,fleurs-de,main,main,16,True,legacy,conf,rover_cg,1.7998244073748904,1.3940376302655921,2.2234779437071617,0.2133462184933179,0.0,546,172,57,317,300,1.3904127897408383,2.233349063558282,3.89165258589588e-15
drax,,fleurs-de,main,main,16,True,whisper,conf,rover_cg,1.3463241806908768,0.9155439193283195,1.811616217880525,0.23145151143782494,0.0,546,160,83,303,300,0.8888803605596332,1.8250080148212264,5.311185374748931e-08
drax,,fleurs-de,main,main,16,True,legacy,mbr,rover_cg,0.5092186128182616,0.2717537530123208,0.7570598579408316,0.12398895043790097,0.0,546,77,38,431,300,0.2742345634388778,0.768579850199862,3.848372753398455e-05
drax,,fleurs-de,main,main,16,True,whisper,mbr,rover_cg,0.19486271036315322,-0.13842287062422567,0.5410500891536721,0.17089044691121533,0.131,546,79,66,401,300,-0.18088483243074574,0.5479611045642336,0.2641609465590038
drax,,fleurs-de,main,main,16,True,legacy,cm05,rover_cg,0.6584723441615452,0.38941877936693975,0.9168401173224741,0.13734866940874432,0.0,546,88,42,416,300,0.39171615377321234,0.9423054007587324,2.2929537025284235e-06
drax,,fleurs-de,main,main,16,True,whisper,cm05,rover_cg,0.4162976085031001,0.053822094878765166,0.7980485367257548,0.1863503966448832,0.012,546,90,71,385,300,0.018652637861058738,0.8154869414972561,0.029586107993234766
drax,,fleurs-de,main,main,16,True,legacy,conf,rover_c,1.791044776119403,1.392890744291001,2.2027230464294654,0.20823341742640306,0.0,546,167,53,326,300,1.3934099754868365,2.2246097172134536,1.1014321542618227e-15
drax,,fleurs-de,main,main,16,True,whisper,conf,rover_c,1.3640389725420727,0.9367464386309753,1.8210235354459872,0.2279390319304006,0.0,546,158,78,310,300,0.907718455963973,1.836441938243104,1.935637089509446e-08
drax,,fleurs-de,main,main,16,True,legacy,conf,rover_freq,1.694468832309043,1.285182322025158,2.112189393178518,0.21392009954185112,0.0,546,164,55,327,300,1.2907032903209208,2.1342164337182923,7.912527197691645e-14
drax,,fleurs-de,main,main,16,True,whisper,conf,rover_freq,1.2134632418069087,0.7778838924259494,1.6705381004967934,0.22847885264606682,0.0,546,154,83,309,300,0.7424065194504651,1.684686270201597,9.218797022116867e-07
drax,,fleurs-de,main,main,16,True,legacy,first,rover_cg,4.670763827919227,4.135750271334837,5.240149415036218,0.2890118923433804,0.0,546,286,30,230,300,4.083255813005577,5.297591777589904,2.2751801740911897e-43
drax,,fleurs-de,main,main,16,True,whisper,first,rover_cg,4.357838795394154,3.7443766674961543,4.980961846483348,0.3128460885495389,0.0,546,269,49,228,300,3.7001546795213294,5.043848230848345,2.023829525229561e-35
drax,,fleurs-de,main,main,16,True,legacy,conf,mbr,1.2906057945566287,0.9099186990732517,1.7103778321927623,0.2044875203573313,0.0,546,128,51,367,300,0.9263479371241431,1.6965973865962287,1.2696611745006814e-09
drax,,fleurs-de,main,main,16,True,whisper,conf,mbr,1.1514614703277237,0.743021835429163,1.5620919452811934,0.20853504203613554,0.0,546,124,56,366,300,0.774452904017504,1.5454999758391934,1.3739389817010292e-07
drax,,fleurs-de,main,main,16,True,legacy,first,conf,2.870939420544337,2.3068274063175638,3.510784336679177,0.2952229055050863,0.0,546,225,76,245,300,2.3265920219580654,3.436920722300164,9.107002044504953e-21
drax,,fleurs-de,main,main,16,True,whisper,first,conf,3.011514614703277,2.393460727758859,3.6443936146887457,0.31504063298442153,0.0,546,230,75,241,300,2.425792563619444,3.6603859489839357,3.9141926851551506e-21
drax,,fleurs-de,main,main,16,True,legacy,rover_freq,rover_cg,0.10535557506584724,-0.062781281715213,0.2736437115734043,0.08680087426227193,0.1215,546,44,33,469,300,-0.07276739411729374,0.2742948861774563,0.21156293661858083
drax,,fleurs-de,main,main,16,True,whisper,rover_freq,rover_cg,0.1328609388839681,-0.027630284826963874,0.29883554381134114,0.084887766466478,0.067,546,44,31,471,300,-0.03534546018634664,0.2920435999324878,0.10720612905872716
drax,,fleurs-de,main,ref,4,True,legacy,conf,rover_cg,0.2721685689201054,0.009062532977129464,0.55013718036313,0.13833753973123014,0.019,546,79,58,409,300,-0.008492701136490225,0.5466476395127106,0.0650420338081989
drax,,fleurs-de,main,ref,4,True,whisper,conf,rover_cg,-0.141718334809566,-0.47448110097441426,0.20213809165049113,0.17773819258857398,0.7995,546,81,84,381,300,-0.5418779495933327,0.2257155468902924,0.3097110517899334
drax,,fleurs-de,main,ref,4,True,legacy,mbr,rover_cg,0.10535557506584724,-0.09758780714676406,0.2869460626612178,0.09698735905265073,0.1565,546,42,34,470,300,-0.08517658567115904,0.2908578157054158,0.33217447051838844
drax,,fleurs-de,main,ref,4,True,whisper,mbr,rover_cg,-0.21257750221434898,-0.531834289015075,0.09069633278444224,0.15683384095284147,0.926,546,58,67,421,300,-0.5705321264646883,0.11789538884519207,0.16904011571412403
drax,,fleurs-de,main,ref,4,True,legacy,cm05,rover_cg,0.09657594381035997,-0.08886164628011972,0.275382562659581,0.09419798556090886,0.177,546,47,37,462,300,-0.08144824372198142,0.27316245389084715,0.28581969829702214
drax,,fleurs-de,main,ref,4,True,whisper,cm05,rover_cg,-0.38972542072630645,-0.705852389182082,-0.09769020538430817,0.15504081471935152,0.996,546,57,78,411,300,-0.7705837672988379,-0.04598498908097634,0.00899008762597307
drax,,fleurs-de,main,ref,4,True,legacy,conf,rover_c,0.2897278314310799,0.04338819524687115,0.557691681865303,0.13581961959654462,0.0145,546,75,52,419,300,0.017889215755351642,0.5550393115052031,0.042780541661024366
drax,,fleurs-de,main,ref,4,True,whisper,conf,rover_c,-0.11514614703277236,-0.450049568266767,0.2331436900526777,0.1750357976299211,0.752,546,77,77,392,300,-0.5036703883577871,0.24637383905227497,0.38120219668477306
drax,,fleurs-de,main,ref,4,True,legacy,conf,rover_freq,0.30728709394205445,0.051369050513836424,0.5811035843318211,0.13813811707792112,0.0095,546,77,54,415,300,0.033261116302949555,0.5856970380517863,0.027736267263305643
drax,,fleurs-de,main,ref,4,True,whisper,conf,rover_freq,-0.18600531443755536,-0.5298257984843313,0.16857784044624313,0.17728791479964484,0.8625,546,74,85,387,300,-0.5778135538795548,0.18521109715909,0.17966662817806078
drax,,fleurs-de,main,ref,4,True,legacy,first,rover_cg,0.8165057067603161,0.5019648937781039,1.1004436563191335,0.1585314000542073,0.0,546,120,50,376,300,0.49624273252815176,1.145005566713034,2.4879366958947354e-07
drax,,fleurs-de,main,ref,4,True,whisper,first,rover_cg,0.4782993799822852,0.09862715568331926,0.8370184379858698,0.191925554620003,0.007,546,123,80,343,300,0.05353302112503515,0.8988500914750442,0.01910046674076183
drax,,fleurs-de,main,ref,4,True,legacy,conf,mbr,0.16681299385425813,-0.09391544626677878,0.46280676978240576,0.14062830092409073,0.1165,546,68,58,420,300,-0.11345663711913313,0.44754994820434596,0.281312599465808
drax,,fleurs-de,main,ref,4,True,whisper,conf,mbr,0.070859167404783,-0.21602257452968918,0.3560596721091,0.14454910825243145,0.3075,546,66,60,420,300,-0.19515741578724818,0.34620505063017143,0.8461843404620275
drax,,fleurs-de,main,ref,4,True,legacy,first,conf,0.5443371378402108,0.1860344366382008,0.8949044151093155,0.18204347867932655,0.0025,546,111,61,374,300,0.17901262391970035,0.9073128074352506,0.0006428437996663058
drax,,fleurs-de,main,ref,4,True,whisper,first,conf,0.6200177147918512,0.24685051313267345,0.9722969661520318,0.1847824826619205,0.0005,546,113,60,373,300,0.2667353213787805,0.9939886491202645,0.00017014137063894587
drax,,fleurs-de,main,ref,4,True,legacy,rover_freq,rover_cg,-0.03511852502194908,-0.18131882575540964,0.1074919708316318,0.07413548636878674,0.7075,546,30,30,486,300,-0.18378137594053687,0.11487286026040451,0.7095342703416655
drax,,fleurs-de,main,ref,4,True,whisper,rover_freq,rover_cg,0.04428697962798937,-0.09710623540156914,0.18331245730770168,0.07125332990091997,0.289,546,32,24,490,300,-0.0979787432369058,0.18445955515710255,0.44935686684007714
drax,,fleurs-en,main,main,16,True,legacy,conf,rover_cg,1.7230955259975815,1.3236591558880826,2.1350487543268066,0.2027797953867079,0.0,600,185,56,359,345,1.2992813902294473,2.2083868436921534,2.8846473422306406e-17
drax,,fleurs-en,main,main,16,True,whisper,conf,rover_cg,-0.15950174692389488,-0.6830361210715542,0.35917352551703746,0.26227595230229317,0.733,600,149,138,313,345,-0.8202427153150307,0.47884460402269935,0.36864772536546553
drax,,fleurs-en,main,main,16,True,legacy,mbr,rover_cg,0.5214631197097944,0.26428735246836443,0.7771986646596034,0.13153168025822354,0.0,600,83,46,471,345,0.23265641221026875,0.8378649636875111,0.00011661966645151986
drax,,fleurs-en,main,main,16,True,whisper,mbr,rover_cg,-1.0253683730821814,-1.463229388526146,-0.6142594674781087,0.2149864689094737,1.0,600,84,135,381,345,-1.59994080271575,-0.5285686327016633,7.625797617676468e-07
drax,,fleurs-en,main,main,16,True,legacy,cm05,rover_cg,0.8464328899637243,0.5591215542779323,1.1379256436496414,0.15041839872556773,0.0,600,107,44,449,345,0.5225619266781855,1.198109569216255,1.0504420857816291e-08
drax,,fleurs-en,main,main,16,True,whisper,cm05,rover_cg,-0.8051040559015646,-1.27443150306092,-0.34962372592761687,0.2341629135071219,1.0,600,100,135,365,345,-1.3966694107630482,-0.25586144850074255,0.00030509744259911333
drax,,fleurs-en,main,main,16,True,legacy,conf,rover_c,1.7533252720677146,1.3547621941016907,2.1660241481274323,0.20140453442681555,0.0,600,186,54,360,345,1.3347163135329676,2.244201287486164,5.003130607907407e-18
drax,,fleurs-en,main,main,16,True,whisper,conf,rover_c,-0.17469238948807533,-0.6980828073126442,0.3527102954050508,0.2631545325100754,0.7495,600,150,141,309,345,-0.8275022689275489,0.46168191833588285,0.3228723650106605
drax,,fleurs-en,main,main,16,True,legacy,conf,rover_freq,1.88180169286578,1.4684658378346775,2.2733301989344286,0.202213148291436,0.0,600,198,53,349,345,1.4539451706910138,2.3606366516662827,2.3753811706887353e-20
drax,,fleurs-en,main,main,16,True,whisper,conf,rover_freq,-0.15190642564180465,-0.6991293890274726,0.362759608838012,0.26872833317131445,0.721,600,159,145,296,345,-0.8136806879324204,0.5032296985452258,0.2871946431038854
drax,,fleurs-en,main,main,16,True,legacy,first,rover_cg,4.791414752116082,4.246967302314459,5.357687340907716,0.28415930460452404,0.0,600,330,42,228,345,4.202310108830139,5.407637702779006,9.752758025998926e-48
drax,,fleurs-en,main,main,16,True,whisper,first,rover_cg,3.3723226492480634,2.7022873949598654,4.04465436190341,0.3339073867910286,0.0,600,288,101,211,345,2.6360531223491845,4.127493684361636,6.094008250423325e-20
drax,,fleurs-en,main,main,16,True,legacy,conf,mbr,1.2016324062877872,0.8528739110996517,1.5422457878383269,0.17537015821841462,0.0,600,155,56,389,345,0.8600880352244166,1.5742716577667681,4.29503383598925e-11
drax,,fleurs-en,main,main,16,True,whisper,conf,mbr,0.8658666261582865,0.5060030545556791,1.227495766672405,0.18204411891929578,0.0,600,143,63,394,345,0.5068036715784173,1.2319793759567546,1.7618014154171976e-06
drax,,fleurs-en,main,main,16,True,legacy,first,conf,3.0683192261185006,2.5624785899346474,3.6150835477476795,0.2643378164753504,0.0,600,269,77,254,345,2.5803501908388444,3.593244820518322,2.4810143822120876e-26
drax,,fleurs-en,main,main,16,True,whisper,first,conf,3.531824396171958,2.9946919356342714,4.128024857883028,0.28363806070097297,0.0,600,273,70,257,345,2.987273622019724,4.141000976228198,1.2892856128234554e-30
drax,,fleurs-en,main,main,16,True,legacy,rover_freq,rover_cg,-0.1587061668681983,-0.3443738844841128,0.023090532392166338,0.09625389437669826,0.9605,600,49,63,488,345,-0.3410899431944829,0.0,0.09443672190533862
drax,,fleurs-en,main,main,16,True,whisper,rover_freq,rover_cg,-0.007595321282090233,-0.18293879535706808,0.16828674553128797,0.08846182552417467,0.5365,600,51,51,498,345,-0.17105561962675248,0.16264488677527691,0.9940706485646572
drax,,fleurs-en,main,ref,4,True,legacy,conf,rover_cg,0.42321644498186217,0.18232565813532298,0.6803175006657465,0.12806294328213888,0.0005,600,88,59,453,345,0.18442253622665994,0.6851578467020899,0.00144648486057123
drax,,fleurs-en,main,ref,4,True,whisper,conf,rover_cg,-1.4203250797508735,-1.8626048548512022,-0.9682296083830959,0.22933663772504262,1.0,600,73,160,367,345,-1.9643480832602438,-0.8558912489398116,9.116347357647172e-10
drax,,fleurs-en,main,ref,4,True,legacy,mbr,rover_cg,0.037787182587666265,-0.11247265954565198,0.203868606248068,0.08295621872884891,0.3365,600,49,48,503,345,-0.11282833948891516,0.19264944590306066,0.6327610650059634
drax,,fleurs-en,main,ref,4,True,whisper,mbr,rover_cg,-1.6633753607777608,-2.0819622088836667,-1.2450833400101788,0.20741018187325694,1.0,600,55,155,390,345,-2.1909687177838415,-1.151992526484845,3.4861307552265274e-16
drax,,fleurs-en,main,ref,4,True,legacy,cm05,rover_cg,0.030229746070133012,-0.1293052094830843,0.1909045597679271,0.0823505086088505,0.366,600,45,48,507,345,-0.12847666355450998,0.1896983982965829,0.6750150530060868
drax,,fleurs-en,main,ref,4,True,whisper,cm05,rover_cg,-1.7241379310344827,-2.142302771957112,-1.304491179975304,0.21197184441833009,1.0,600,57,156,387,345,-2.258521446495543,-1.2164462944905647,1.498834896425826e-15
drax,,fleurs-en,main,ref,4,True,legacy,conf,rover_c,0.4836759371221282,0.24839493483417138,0.7440000794054143,0.12928699027307558,0.0005,600,88,50,462,345,0.24085950446323526,0.7472689655156846,0.0002488487741571869
drax,,fleurs-en,main,ref,4,True,whisper,conf,rover_c,-1.374753152058332,-1.820265151091954,-0.9292417441968622,0.22898627337512778,1.0,600,74,154,372,345,-1.9143242487617085,-0.8203583904009397,1.6290574958422765e-09
drax,,fleurs-en,main,ref,4,True,legacy,conf,rover_freq,0.46856106408706166,0.224851696846754,0.7191532576598788,0.12581700905651738,0.0,600,79,48,473,345,0.22135876901673257,0.7257296314480898,0.00020039645067373833
drax,,fleurs-en,main,ref,4,True,whisper,conf,rover_freq,-1.4431110435971441,-1.8907968682641658,-1.0158582559786242,0.2209607310582311,1.0,600,67,154,379,345,-1.976125924767267,-0.8910104180482503,1.4032719281162484e-10
drax,,fleurs-en,main,ref,4,True,legacy,first,rover_cg,0.40054413542926237,0.1603008233470927,0.6420898739262094,0.12652207594713846,0.0,600,96,62,442,345,0.1466340761760845,0.6501117775410287,0.0024185150623800638
drax,,fleurs-en,main,ref,4,True,whisper,first,rover_cg,-1.2304420476986178,-1.7158848636901716,-0.7416576304234378,0.24347681932512927,1.0,600,85,153,362,345,-1.8159211144924157,-0.6491260753276257,7.668035520812338e-08
drax,,fleurs-en,main,ref,4,True,legacy,conf,mbr,0.3854292623941959,0.12478038575587712,0.6482994119074789,0.1320188184926743,0.0015,600,73,50,477,345,0.13907763645610008,0.6291842940433355,0.007002212130952858
drax,,fleurs-en,main,ref,4,True,whisper,conf,mbr,0.24305028102688744,-0.045902298676357096,0.5166016301837362,0.1435634878075569,0.0495,600,72,51,477,345,-0.02305051009587858,0.5142198913325418,0.11183715917860722
drax,,fleurs-en,main,ref,4,True,legacy,first,conf,-0.02267230955259976,-0.3043532115649248,0.25382196566998144,0.14218549208338246,0.582,600,79,73,448,345,-0.3313436094983436,0.2802427112164728,0.8472989631117795
drax,,fleurs-en,main,ref,4,True,whisper,first,conf,0.18988303205225582,-0.09873119806101494,0.47581489920675873,0.14345187567836976,0.0915,600,83,66,451,345,-0.1295633106437739,0.497402111787578,0.12400875149353674
drax,,fleurs-en,main,ref,4,True,legacy,rover_freq,rover_cg,-0.04534461910519952,-0.17499909669435298,0.08371290890551455,0.06713454356794035,0.7705,600,31,34,535,345,-0.1810184693035216,0.09442834106161384,0.5608736635384809
drax,,fleurs-en,main,ref,4,True,whisper,rover_freq,rover_cg,0.0227859638462707,-0.12248499166182587,0.16975374143243413,0.07414643843874225,0.375,600,34,30,536,345,-0.12654130311413136,0.1623046237828799,0.67075943833163
drax,,fleurs-es,main,main,16,True,legacy,conf,rover_cg,0.9263773768893223,0.6540851559297568,1.228548769231444,0.14722225084895812,0.0,400,100,33,267,269,0.6274977534841423,1.20958094572501,9.113414454312692e-10
drax,,fleurs-es,main,main,16,True,whisper,conf,rover_cg,0.8613861386138614,0.5782505308246907,1.1643224531272245,0.15159096016451004,0.0,400,99,38,263,269,0.5700245700245701,1.1631551133080162,5.111151629506729e-08
drax,,fleurs-es,main,main,16,True,legacy,mbr,rover_cg,0.1657727937591419,0.03851338340073175,0.3133791910716001,0.07014944169223918,0.0065,400,30,16,354,269,0.02890098534940889,0.30793208038974657,0.02149556052558523
drax,,fleurs-es,main,main,16,True,whisper,mbr,rover_cg,0.16831683168316833,0.0202691126796382,0.3217900063251106,0.07802017196838519,0.0175,400,34,19,347,269,0.019899805424388392,0.32452127341570436,0.0350539060984876
drax,,fleurs-es,main,main,16,True,legacy,cm05,rover_cg,0.3315455875182838,0.12821688049964997,0.5297273400901293,0.09871660406479246,0.0005,400,48,21,331,269,0.1436456428207385,0.5228393190892394,0.000655585323544447
drax,,fleurs-es,main,main,16,True,whisper,cm05,rover_cg,0.36633663366336633,0.16202633754114146,0.5768149035316961,0.10545644707486111,0.0005,400,51,23,326,269,0.17421432849672402,0.5791092666990367,0.0009847204399220705
drax,,fleurs-es,main,main,16,True,legacy,conf,rover_c,0.916626036079961,0.6510446047421672,1.2106572156648832,0.14179241077446902,0.0,400,93,27,280,269,0.6156273716269093,1.2006170613870373,4.928568772238894e-10
drax,,fleurs-es,main,main,16,True,whisper,conf,rover_c,0.8613861386138614,0.587349981267844,1.1633959833110188,0.14607611885081076,0.0,400,93,32,275,269,0.5740467167191998,1.1568062997055442,2.4185159093023708e-08
drax,,fleurs-es,main,main,16,True,legacy,conf,rover_freq,0.8678693320331545,0.5991340250938147,1.1641182212373717,0.14416273685584152,0.0,400,92,30,278,269,0.576546734142406,1.1574419980580544,4.068519850124698e-09
drax,,fleurs-es,main,main,16,True,whisper,conf,rover_freq,0.8415841584158416,0.5621906486011252,1.1314897414290441,0.14751611030854547,0.0,400,93,33,274,269,0.554009079161525,1.1386656251176446,5.3457957158470604e-08
drax,,fleurs-es,main,main,16,True,legacy,first,rover_cg,3.5202340321794248,3.0624020996467562,4.0098870734668814,0.24532630762402016,0.0,400,203,23,174,269,3.000610207972877,4.021230342329757,7.800522723370841e-32
drax,,fleurs-es,main,main,16,True,whisper,first,rover_cg,3.3267326732673266,2.860690003689303,3.8284526941211223,0.2465344457782082,0.0,400,193,28,179,269,2.8092572535193274,3.8438244383956577,2.680853467138084e-29
drax,,fleurs-es,main,main,16,True,legacy,conf,mbr,0.7606045831301804,0.5076923041782565,1.0360731745587344,0.13350372104917205,0.0,400,84,29,287,269,0.49410420532568244,1.0220430164395433,3.44679576272716e-08
drax,,fleurs-es,main,main,16,True,whisper,conf,mbr,0.693069306930693,0.4265261298325413,0.9734776783653187,0.13797262304118937,0.0,400,79,31,290,269,0.4310631418509974,0.9801290440428309,1.4807781581315508e-06
drax,,fleurs-es,main,main,16,True,legacy,first,conf,2.5938566552901023,2.128684057112717,3.115629903989414,0.2551073738825932,0.0,400,167,50,183,269,2.0820832172030843,3.101556675748032,9.754920608931926e-20
drax,,fleurs-es,main,main,16,True,whisper,first,conf,2.4653465346534653,1.996842222421155,2.985406327279525,0.25724508003519625,0.0,400,161,52,187,269,1.9461999045112488,2.9821181453046703,4.419095882834062e-18
drax,,fleurs-es,main,main,16,True,legacy,rover_freq,rover_cg,0.05850804485616772,-0.07743353607510349,0.19845650839727805,0.06957456657117833,0.219,400,28,21,351,269,-0.08629286374397176,0.19616209776111643,0.40538055645894233
drax,,fleurs-es,main,main,16,True,whisper,rover_freq,rover_cg,0.019801980198019802,-0.1166348043017363,0.1530147736152042,0.06997100636405511,0.409,400,25,22,353,269,-0.125019045661217,0.15640464906179866,0.7772974107895215
drax,,fleurs-es,main,ref,4,True,legacy,conf,rover_cg,0.3607996099463676,0.17476699597705717,0.5586605868714536,0.09774079172078157,0.0,400,57,25,318,269,0.16152254342712702,0.549532938533025,0.00026745006470200945
drax,,fleurs-es,main,ref,4,True,whisper,conf,rover_cg,0.26732673267326734,0.08002300710209063,0.46461741132242834,0.09959101362370336,0.0015,400,53,28,319,269,0.06152112357850694,0.45931124372950366,0.006830670002876505
drax,,fleurs-es,main,ref,4,True,legacy,mbr,rover_cg,0.1560214529497806,0.009846381985787763,0.3117730894539152,0.07695276941739206,0.022,400,30,18,352,269,-0.009705732861601195,0.31041815075923646,0.03740708255219964
drax,,fleurs-es,main,ref,4,True,whisper,mbr,rover_cg,0.0594059405940594,-0.10154272233928405,0.22166788731422382,0.0821349508419745,0.25,400,28,23,349,269,-0.10488777008600797,0.2225983006289437,0.4596936548957583
drax,,fleurs-es,main,ref,4,True,legacy,cm05,rover_cg,0.18527547537786446,0.030544569157567533,0.3376432553125932,0.07484970540395214,0.0055,400,31,16,353,269,0.027502767431850084,0.3459874110833364,0.012924932127068056
drax,,fleurs-es,main,ref,4,True,whisper,cm05,rover_cg,0.09900990099009901,-0.06046305514845421,0.2659057167895702,0.083097840897007,0.1325,400,29,21,350,269,-0.06603546056666462,0.2795322312106728,0.2242228664202125
drax,,fleurs-es,main,ref,4,True,legacy,conf,rover_c,0.3705509507557289,0.19735599499523038,0.5519798372112676,0.09058555877735922,0.0,400,51,18,331,269,0.19540791402051783,0.55108619404264,6.453171345553288e-05
drax,,fleurs-es,main,ref,4,True,whisper,conf,rover_c,0.27722772277227725,0.09997302633192205,0.4557434199950454,0.09284681247509212,0.0005,400,47,21,332,269,0.0915730503444709,0.4582935943658594,0.002675864544329873
drax,,fleurs-es,main,ref,4,True,legacy,conf,rover_freq,0.3510482691370063,0.17065939151158882,0.5391381902265735,0.09370385317019185,0.0,400,55,23,322,269,0.16621810469780493,0.5407202984714629,0.00024219745965052696
drax,,fleurs-es,main,ref,4,True,whisper,conf,rover_freq,0.26732673267326734,0.08001702743677967,0.45903013613504867,0.09619372777106447,0.0015,400,50,25,325,269,0.07337991895964491,0.45760225270786203,0.005294540451560564
drax,,fleurs-es,main,ref,4,True,legacy,first,rover_cg,0.5948317893710385,0.3860573912198279,0.8102814560398738,0.10762259333611275,0.0,400,68,20,312,269,0.38697131375481786,0.8061326371963613,8.157065387425658e-08
drax,,fleurs-es,main,ref,4,True,whisper,first,rover_cg,0.5445544554455446,0.3458935248856032,0.7527081443961076,0.10382045365898743,0.0,400,66,21,313,269,0.34178110718789045,0.7516124875081133,4.1842234553828647e-07
drax,,fleurs-es,main,ref,4,True,legacy,conf,mbr,0.20477815699658702,0.019208513230328187,0.3978014373859028,0.0983044766064225,0.016,400,47,27,326,269,0.0,0.3999824110220661,0.039746932095141595
drax,,fleurs-es,main,ref,4,True,whisper,conf,mbr,0.2079207920792079,0.029714664937114738,0.3939809562543665,0.09498692526717652,0.0145,400,46,26,328,269,0.010117411252486804,0.4039124308478521,0.031002297855402386
drax,,fleurs-es,main,ref,4,True,legacy,first,conf,0.2340321794246709,0.01880809225226856,0.45675480817169545,0.11560316836110328,0.022,400,53,36,311,269,0.018939409060311614,0.4515803649992079,0.047275230080844236
drax,,fleurs-es,main,ref,4,True,whisper,first,conf,0.27722772277227725,0.05963399957362116,0.49546529714770626,0.1138518675465062,0.0105,400,54,33,313,269,0.06038432776877797,0.5004133131870643,0.017028908851657275
drax,,fleurs-es,main,ref,4,True,legacy,rover_freq,rover_cg,0.009751340809361287,-0.07735541229807097,0.09739089820708367,0.0439125004101397,0.4615,400,11,10,379,269,-0.08021075613618393,0.09549776848538455,0.8272593465627113
drax,,fleurs-es,main,ref,4,True,whisper,rover_freq,rover_cg,0.0,-0.08833293916524165,0.08792133102988063,0.04396593689855706,0.5445,400,10,10,380,269,-0.09021064618450801,0.0849198982107277,1.0
drax,,fleurs-fr,main,main,16,True,legacy,conf,rover_cg,1.5548069448043536,1.1621608651993178,1.9505237255334502,0.20312525295074454,0.0,468,166,69,233,278,1.1725223062638919,1.9894949870125866,1.4984609776508691e-12
drax,,fleurs-fr,main,main,16,True,whisper,conf,rover_cg,-8.386297977713578,-9.259426198380892,-7.549717622665311,0.42530251720546747,1.0,468,58,324,86,278,-9.534604937076407,-7.238179686992141,9.218168811208147e-49
drax,,fleurs-fr,main,main,16,True,legacy,mbr,rover_cg,0.5960093288416688,0.34255087108553733,0.8553674699002675,0.135308002518129,0.0,468,95,50,323,278,0.3395044908812855,0.8604616767129192,2.2713588496327252e-05
drax,,fleurs-fr,main,main,16,True,whisper,mbr,rover_cg,-9.120924473792819,-9.967638185531051,-8.313539269024202,0.41768796163653216,1.0,468,35,334,99,278,-10.26483364940777,-7.999567637724363,7.691539589321369e-54
drax,,fleurs-fr,main,main,16,True,legacy,cm05,rover_cg,0.7342143906020558,0.4339016153883354,1.0410884702332681,0.1548182402020208,0.0,468,105,58,305,278,0.4387343717576261,1.0582553527653575,7.652091467366485e-06
drax,,fleurs-fr,main,main,16,True,whisper,cm05,rover_cg,-9.054890631448618,-9.89879499755983,-8.271459452046013,0.4126617057610435,1.0,468,40,328,100,278,-10.183917963701713,-7.920524255931301,1.4836286718159703e-53
drax,,fleurs-fr,main,main,16,True,legacy,conf,rover_c,1.6152716593245227,1.2272619919734415,2.0065275665690105,0.20108727024867662,0.0,468,166,63,239,278,1.2200585190758557,2.046057058841427,1.7974779004258354e-13
drax,,fleurs-fr,main,main,16,True,whisper,conf,rover_c,-8.353281056541478,-9.213939799494076,-7.5246336921825545,0.42541471993484364,1.0,468,57,323,88,278,-9.49860667273907,-7.197386829565604,1.9038162522622675e-48
drax,,fleurs-fr,main,main,16,True,legacy,conf,rover_freq,1.6584607411246437,1.2615513791979234,2.077238805529122,0.20535687425898083,0.0,468,166,62,240,278,1.2574338128129339,2.0991412499893447,2.2630248237611368e-13
drax,,fleurs-fr,main,main,16,True,whisper,conf,rover_freq,-8.295501444490302,-9.170398978411832,-7.457898093563623,0.4331218179025711,1.0,468,62,324,82,278,-9.466003639648445,-7.125867182072284,8.156216891807361e-47
drax,,fleurs-fr,main,main,16,True,legacy,first,rover_cg,4.9408309579338345,4.367754611456313,5.534842676820007,0.29278937450774983,0.0,468,277,25,166,278,4.311498017821688,5.600860013815654,5.774048411466212e-42
drax,,fleurs-fr,main,main,16,True,whisper,first,rover_cg,-4.977300866694181,-5.99564117887173,-4.080434580869287,0.4882171245075442,1.0,468,115,271,82,278,-6.272734759048273,-3.690119537833953,7.457861283544657e-20
drax,,fleurs-fr,main,main,16,True,legacy,conf,mbr,0.9587976159626846,0.59494817579644,1.3318751788496572,0.19017029660713053,0.0,468,129,62,277,278,0.6023516961001827,1.3492360117116002,3.330294153251314e-06
drax,,fleurs-fr,main,main,16,True,whisper,conf,mbr,0.7346264960792406,0.37979670118910624,1.1056148209747392,0.18681556336114177,0.0,468,118,71,279,278,0.37343823533236536,1.1099569852010474,0.0002660593425356097
drax,,fleurs-fr,main,main,16,True,legacy,first,conf,3.386024013129481,2.8145094544252025,3.978401699841787,0.2919659036995751,0.0,468,234,56,178,278,2.787201912255624,3.9971402967000773,3.7752748017068874e-24
drax,,fleurs-fr,main,main,16,True,whisper,first,conf,3.4089971110193975,2.8522935008285613,3.958932393193389,0.2846205341205731,0.0,468,236,51,181,278,2.815454712590036,4.041437172928651,5.513215417728563e-26
drax,,fleurs-fr,main,main,16,True,legacy,rover_freq,rover_cg,-0.10365379632029023,-0.2821466094712751,0.07821260051221414,0.09187045553107305,0.8735,468,43,50,375,278,-0.2774730789864887,0.05553368482728601,0.25164426462643397
drax,,fleurs-fr,main,main,16,True,whisper,rover_freq,rover_cg,-0.09079653322327692,-0.2510056706146091,0.07983748975331885,0.08508987417306368,0.874,468,39,47,382,278,-0.25949856389685544,0.06538037093023122,0.2826106158730852
drax,,fleurs-fr,main,ref,4,True,legacy,conf,rover_cg,0.17275632720048373,-0.1479186986714595,0.490450052325982,0.16364206320171243,0.156,468,75,77,316,278,-0.14604394896801826,0.49538398142954987,0.38594724682573833
drax,,fleurs-fr,main,ref,4,True,whisper,conf,rover_cg,-9.525381758151052,-10.426664664414174,-8.690296946451058,0.4352457957424677,1.0,468,37,327,104,278,-10.746910447037301,-8.362208727393993,1.4306010251420936e-53
drax,,fleurs-fr,main,ref,4,True,legacy,mbr,rover_cg,0.21594540900060466,0.0,0.42114319897479024,0.10505678184032101,0.0295,468,55,39,374,278,0.008653344970120127,0.4263191706525982,0.03361945445812014
drax,,fleurs-fr,main,ref,4,True,whisper,mbr,rover_cg,-9.451093685513825,-10.342888042421686,-8.657844189031518,0.4151493152604605,1.0,468,26,325,117,278,-10.608292781623543,-8.343957700109215,6.70741563666066e-55
drax,,fleurs-fr,main,ref,4,True,legacy,cm05,rover_cg,0.16411851084045953,-0.04332783799061688,0.3645450956705032,0.10541284099103002,0.0665,468,55,42,371,278,-0.041826842406791,0.3602408913256249,0.09040420730917247
drax,,fleurs-fr,main,ref,4,True,whisper,cm05,rover_cg,-9.525381758151052,-10.391716141466299,-8.744331472352197,0.41422917913544044,1.0,468,26,331,111,278,-10.680579999448454,-8.43107923479921,9.400592712497041e-56
drax,,fleurs-fr,main,ref,4,True,legacy,conf,rover_c,0.23322104172065303,-0.08861319109462468,0.5340735050136428,0.1602461257231388,0.0835,468,74,71,323,278,-0.0755756922810694,0.5383872108071627,0.1883461934793409
drax,,fleurs-fr,main,ref,4,True,whisper,conf,rover_c,-9.484110606685926,-10.36181732692672,-8.658781190110274,0.43431253748707044,1.0,468,37,328,103,278,-10.697224654763808,-8.317758794908299,1.8577879220457834e-53
drax,,fleurs-fr,main,ref,4,True,legacy,conf,rover_freq,0.1295672454003628,-0.19718158750285264,0.4351815305571771,0.16075359423675253,0.227,468,70,77,321,278,-0.1893329369764618,0.4446714162246167,0.6316246881138557
drax,,fleurs-fr,main,ref,4,True,whisper,conf,rover_freq,-9.583161370202228,-10.493381366161783,-8.762923159424732,0.43597581693175635,1.0,468,38,332,98,278,-10.779013862618115,-8.416409669477366,3.539643113207101e-54
drax,,fleurs-fr,main,ref,4,True,legacy,first,rover_cg,0.5528202470415479,0.21886747705594153,0.9152942651138284,0.1796286692561591,0.001,468,108,69,291,278,0.19212545501044526,0.8957654068020837,0.002295232337856775
drax,,fleurs-fr,main,ref,4,True,whisper,first,rover_cg,-9.286009079653322,-10.174055521798083,-8.453266753259,0.43739529274381755,1.0,468,42,328,98,278,-10.481930984416385,-8.154497699512238,1.4681738627377917e-51
drax,,fleurs-fr,main,ref,4,True,legacy,conf,mbr,-0.04318908180012093,-0.35874307813767176,0.2545624343203281,0.16149377125853365,0.6175,468,57,68,343,278,-0.3656212651654236,0.2830352695782429,0.5449540649087374
drax,,fleurs-fr,main,ref,4,True,whisper,conf,mbr,-0.07428807263722657,-0.3606073870813453,0.19688446388993283,0.14664645126686268,0.7055,468,58,71,339,278,-0.37372489080594185,0.2171445457108076,0.4158536898993608
drax,,fleurs-fr,main,ref,4,True,legacy,first,conf,0.3800639198410642,-0.017334848112276056,0.8126654816301772,0.20318069503370212,0.031,468,96,66,306,278,-0.017423817581058928,0.7675678767556315,0.04873695013065685
drax,,fleurs-fr,main,ref,4,True,whisper,first,conf,0.23937267849773008,-0.12741520152772803,0.6272946829451161,0.18998030750226771,0.1025,468,89,66,313,278,-0.13838070167957003,0.6186350255879502,0.15231631368055998
drax,,fleurs-fr,main,ref,4,True,legacy,rover_freq,rover_cg,0.04318908180012093,-0.11146431980803376,0.20599222841787856,0.08211452756312584,0.314,468,40,33,395,278,-0.12479667877823633,0.21208427096864962,0.5955093846455064
drax,,fleurs-fr,main,ref,4,True,whisper,rover_freq,rover_cg,0.05777961205117623,-0.09061535438057633,0.21174621525137394,0.07666013414775322,0.2465,468,39,30,399,278,-0.10018812498983475,0.21157397878099216,0.4447392457771415
drax,,fleurs-it,main,main,16,True,legacy,conf,rover_cg,1.2189995796553175,0.8899925616812198,1.5534474641581153,0.16894208874879135,0.0,400,108,26,266,262,0.8791391487316053,1.5714269740788553,2.073066672573641e-11
drax,,fleurs-it,main,main,16,True,whisper,conf,rover_cg,-3.7448861848316373,-4.419892368949337,-3.0668468655785426,0.3442405897474752,1.0,400,54,179,167,262,-4.659712601907724,-2.9051370008546327,2.656011591376372e-23
drax,,fleurs-it,main,main,16,True,legacy,mbr,rover_cg,0.4833963850357293,0.27194654377683325,0.7178458025162306,0.1117936296058946,0.0,400,55,19,326,262,0.27008054259168884,0.6987180836659371,2.959708461262508e-05
drax,,fleurs-it,main,main,16,True,whisper,mbr,rover_cg,-4.290359802790308,-4.952228203077991,-3.6086409364410925,0.33317658476253187,1.0,400,33,184,183,262,-5.180196895057259,-3.4449888456032065,2.3961665119107128e-29
drax,,fleurs-it,main,main,16,True,legacy,cm05,rover_cg,0.5674653215636822,0.30767145426961806,0.8334620226692921,0.13437824603375914,0.0,400,61,23,316,262,0.3062177948497898,0.8559410514300047,3.302351410317779e-05
drax,,fleurs-it,main,main,16,True,whisper,cm05,rover_cg,-4.353299066400923,-5.011641568052465,-3.6821144141558677,0.33307483252465214,1.0,400,33,186,181,262,-5.238848760060283,-3.4996663789785463,1.5058311704341368e-29
drax,,fleurs-it,main,main,16,True,legacy,conf,rover_c,1.2610340479192939,0.9397959357328437,1.5809022318457429,0.16694021318390515,0.0,400,105,20,275,262,0.9275597134693122,1.621515859761947,4.053001365695509e-12
drax,,fleurs-it,main,main,16,True,whisper,conf,rover_c,-3.6924367984894575,-4.368136044594301,-3.0138025056806255,0.3432481032342046,1.0,400,53,174,173,262,-4.596696632225303,-2.8639629528635093,6.997218899922045e-23
drax,,fleurs-it,main,main,16,True,legacy,conf,rover_freq,1.0718789407313998,0.7459150531520158,1.3971599302198574,0.16812377684313196,0.0,400,100,26,274,262,0.7297379403836548,1.4442949220366506,6.111198163605795e-10
drax,,fleurs-it,main,main,16,True,whisper,conf,rover_freq,-3.870764712052869,-4.541714886026078,-3.2149032633516854,0.34484090824094815,1.0,400,49,180,171,262,-4.799599013260451,-3.0088896181331806,5.254734914003782e-24
drax,,fleurs-it,main,main,16,True,legacy,first,rover_cg,4.602774274905422,3.971850101286411,5.232435995234472,0.32995674752045007,0.0,400,221,21,158,262,3.969765151126198,5.305698768700737,4.891551551910753e-34
drax,,fleurs-it,main,main,16,True,whisper,first,rover_cg,-0.5035141088849261,-1.4098155186259307,0.4110683260535264,0.4566749041701139,0.8645,400,137,144,119,262,-1.6222932601749396,0.6245933306635418,0.10660504824646408
drax,,fleurs-it,main,main,16,True,legacy,conf,mbr,0.735603194619588,0.4083895565833962,1.0615316480077641,0.16446595521983629,0.0,400,79,25,296,262,0.3997780460048631,1.085135964939499,3.483371976927253e-06
drax,,fleurs-it,main,main,16,True,whisper,conf,mbr,0.5454736179586699,0.25338978408182583,0.8378772864004458,0.15327946489659106,0.0005,400,74,28,298,262,0.2344146563587067,0.8659320174205488,0.0002952466450733233
drax,,fleurs-it,main,main,16,True,legacy,first,conf,3.383774695250105,2.729652965564269,4.065828050944978,0.34101698293220056,0.0,400,183,35,182,262,2.7441915755040998,4.092820504432009,5.037651848660291e-22
drax,,fleurs-it,main,main,16,True,whisper,first,conf,3.2413720759467113,2.6483887841978433,3.8610139345893884,0.3160174530948956,0.0,400,185,36,179,262,2.678790275892904,3.8809717650164823,2.0774856145494114e-22
drax,,fleurs-it,main,main,16,True,legacy,rover_freq,rover_cg,0.1471206389239176,-0.010394425381468876,0.3134550691941161,0.08171587438915014,0.0385,400,30,18,352,262,-0.01072732609983348,0.2964327653622205,0.0705541188710312
drax,,fleurs-it,main,main,16,True,whisper,rover_freq,rover_cg,0.12587852722123152,-0.03116624125318736,0.2914570148404156,0.08064045323997453,0.067,400,28,18,354,262,-0.022092157370933004,0.27229840737458755,0.11442374864103197
drax,,fleurs-it,main,ref,4,True,legacy,conf,rover_cg,0.30474989491382937,0.020943313273465925,0.5916591642011654,0.1478237081927545,0.02,400,55,40,305,262,0.020859244475780313,0.6171798724051215,0.027790218287561633
drax,,fleurs-it,main,ref,4,True,whisper,conf,rover_cg,-4.447707961816847,-5.082563214651425,-3.787379841003099,0.32986091534202494,1.0,400,32,193,175,262,-5.360818354120074,-3.6030700266811384,3.3049197368003565e-30
drax,,fleurs-it,main,ref,4,True,legacy,mbr,rover_cg,0.08406893652795293,-0.10618425785380414,0.2869440775736504,0.09937367033556592,0.2045,400,32,30,338,262,-0.11639072394527288,0.28822642996997205,0.36490377404613694
drax,,fleurs-it,main,ref,4,True,whisper,mbr,rover_cg,-4.64701562991713,-5.2510984866744295,-4.013517447163682,0.319774999529946,1.0,400,21,193,186,262,-5.527696979933419,-3.8151822916507827,1.0221816671404438e-32
drax,,fleurs-it,main,ref,4,True,legacy,cm05,rover_cg,0.021017234131988232,-0.16363524364148913,0.21254720202040644,0.09587751397286308,0.4415,400,24,30,346,262,-0.17295538828956744,0.21263717723425635,0.8090866409946352
drax,,fleurs-it,main,ref,4,True,whisper,cm05,rover_cg,-4.720444770796182,-5.317366432280802,-4.095185811265318,0.3142439687378555,1.0,400,17,193,190,262,-5.594547998640454,-3.899008496119785,2.9226329680990968e-33
drax,,fleurs-it,main,ref,4,True,legacy,conf,rover_c,0.3362757461118117,0.043139476537943776,0.6102305171830587,0.14617012172801244,0.011,400,51,34,315,262,0.06274494222719552,0.6360813919563285,0.012908314789156302
drax,,fleurs-it,main,ref,4,True,whisper,conf,rover_c,-4.437218084548411,-5.081991139427109,-3.7755339281340285,0.33078547530325747,1.0,400,29,188,183,262,-5.342270048194192,-3.603203494189928,6.66170070005106e-30
drax,,fleurs-it,main,ref,4,True,legacy,conf,rover_freq,0.273224043715847,-0.010242942667915781,0.5544733202870189,0.14488357150011977,0.0315,400,51,38,311,262,-0.020937773144493015,0.5765148902053665,0.04521691118840358
drax,,fleurs-it,main,ref,4,True,whisper,conf,rover_freq,-4.510647225427462,-5.159749662123822,-3.8440156909650214,0.3352689216746353,1.0,400,30,190,180,262,-5.442058532575712,-3.673513906042473,7.990642850071594e-30
drax,,fleurs-it,main,ref,4,True,legacy,first,rover_cg,0.6305170239596469,0.34859512099386925,0.9514970660284932,0.15261914179333597,0.0,400,77,35,288,262,0.3235943029954208,0.9424667863091165,3.653498252202127e-05
drax,,fleurs-it,main,ref,4,True,whisper,first,rover_cg,-4.133011643763768,-4.763536494233844,-3.489895127555043,0.3241136134842069,1.0,400,39,190,171,262,-4.982759913779108,-3.3096488747504442,3.9904718577130825e-28
drax,,fleurs-it,main,ref,4,True,legacy,conf,mbr,0.22068095838587642,-0.0739203705887503,0.5020933633487861,0.14967771772601351,0.0715,400,50,37,313,262,-0.08052889212001368,0.5392076134262708,0.16113509613120403
drax,,fleurs-it,main,ref,4,True,whisper,conf,mbr,0.19930766810028322,-0.08653141461368426,0.4872429760446608,0.1500845518504921,0.098,400,47,38,315,262,-0.08988764920823583,0.5170701742663069,0.21073967683862926
drax,,fleurs-it,main,ref,4,True,legacy,first,conf,0.32576712904581756,0.021139079494503388,0.6650697754233548,0.1655302654817111,0.0195,400,64,37,299,262,-0.009878304210679832,0.6519529209641753,0.026833484610753806
drax,,fleurs-it,main,ref,4,True,whisper,first,conf,0.3146963180530788,0.0,0.6546524176069946,0.168424844532877,0.028,400,67,39,294,262,-0.030812482987088732,0.6466142670224589,0.04038259402772636
drax,,fleurs-it,main,ref,4,True,legacy,rover_freq,rover_cg,0.031525851197982346,-0.09438398460672588,0.16061814165376262,0.06568979894462862,0.3195,400,21,18,361,262,-0.10114351138231067,0.16982489046702315,0.6309540411841708
drax,,fleurs-it,main,ref,4,True,whisper,rover_freq,rover_cg,0.06293926361061576,-0.06185216822186091,0.19317526232019447,0.06499763454995094,0.1755,400,22,16,362,262,-0.07123540512849877,0.19092427455114105,0.3303900488487942
drax,,fleurs-pt,main,main,16,True,legacy,conf,rover_cg,2.681136291094797,2.2090196129743864,3.1603454217198776,0.2483158517845007,0.0,400,173,35,192,261,2.196661326420682,3.1581592316853175,2.8355313074701724e-22
drax,,fleurs-pt,main,main,16,True,whisper,conf,rover_cg,2.2315653298835705,1.7196846232356033,2.764829253592713,0.2662535172660518,0.0,400,163,46,191,261,1.7320357352672775,2.757518290512103,1.1270285017112687e-14
drax,,fleurs-pt,main,main,16,True,legacy,mbr,rover_cg,1.1384189807426321,0.8315124373611156,1.430423064500059,0.154295809548327,0.0,400,102,22,276,261,0.829618087623477,1.4461442760413625,1.947117970173154e-11
drax,,fleurs-pt,main,main,16,True,whisper,mbr,rover_cg,0.8300991806813282,0.4910406183559774,1.1791207371941848,0.17884686233301128,0.0,400,102,39,259,261,0.4516284929110615,1.210726514188442,2.0774054658895802e-05
drax,,fleurs-pt,main,main,16,True,legacy,cm05,rover_cg,1.5959144589849985,1.1812587976344877,2.0136016209205976,0.2109346562313503,0.0,400,124,34,242,261,1.2057694440185749,2.035855173260906,5.055896457504165e-13
drax,,fleurs-pt,main,main,16,True,whisper,cm05,rover_cg,1.1966364812419146,0.774919384141904,1.6209980483063091,0.22272802056108526,0.0,400,120,49,231,261,0.7768795365298566,1.6427787508565268,3.912808346237974e-07
drax,,fleurs-pt,main,main,16,True,legacy,conf,rover_c,2.6492180019150973,2.1705434803479866,3.1282555130467067,0.24766580185444326,0.0,400,170,35,195,261,2.170442580006811,3.1257534272849763,7.588404258046347e-22
drax,,fleurs-pt,main,main,16,True,whisper,conf,rover_c,2.2207848210435532,1.710326339173391,2.7469187564425677,0.2655808666178662,0.0,400,161,45,194,261,1.7287625381780727,2.7381570314894548,1.3914505730788795e-14
drax,,fleurs-pt,main,main,16,True,legacy,conf,rover_freq,2.723694010001064,2.244833255041039,3.213496252226799,0.2515282823722468,0.0,400,174,38,188,261,2.2212698491486713,3.2288883112261,1.0681500306681585e-21
drax,,fleurs-pt,main,main,16,True,whisper,conf,rover_freq,2.253126347563605,1.7052355944593167,2.7888079920900903,0.2711739702108225,0.0,400,166,49,185,261,1.7191679541753353,2.797268654782399,3.713015698089421e-14
drax,,fleurs-pt,main,main,16,True,legacy,first,rover_cg,7.277369932971593,6.475311207514668,8.048136619764787,0.40992175900192884,0.0,400,273,20,107,261,6.410519378368806,8.178035193621845,1.5440341107569631e-43
drax,,fleurs-pt,main,main,16,True,whisper,first,rover_cg,6.619232427770591,5.830013317425248,7.389023696919503,0.39654519198425914,0.0,400,264,29,107,261,5.837434854440412,7.499450162104629,7.946372942624949e-39
drax,,fleurs-pt,main,main,16,True,legacy,conf,mbr,1.5427173103521652,1.1476086157368997,1.9656058606597604,0.20937813180218134,0.0,400,129,40,231,261,1.1259520918423667,1.933653477333251,1.527761249356062e-11
drax,,fleurs-pt,main,main,16,True,whisper,conf,mbr,1.4014661492022424,0.9955558406954452,1.8439761673096593,0.2132547425941552,0.0,400,117,40,243,261,1.0033571068438962,1.8102884051482984,8.916206995045233e-10
drax,,fleurs-pt,main,main,16,True,legacy,first,conf,4.596233641876795,3.815895729253202,5.367748232243139,0.40160975006523353,0.0,400,210,54,136,261,3.7539942816519902,5.459808010403473,7.061617926987809e-24
drax,,fleurs-pt,main,main,16,True,whisper,first,conf,4.387667097887021,3.614929888253026,5.164763404088798,0.3955225558887509,0.0,400,206,53,141,261,3.553399531174997,5.228702475878073,7.432741113528823e-23
drax,,fleurs-pt,main,main,16,True,legacy,rover_freq,rover_cg,-0.042557718906266626,-0.24689902471673802,0.1591818225389602,0.10563275560357753,0.677,400,36,39,325,261,-0.2515990727969067,0.15959216168675308,0.7512411093252407
drax,,fleurs-pt,main,main,16,True,whisper,rover_freq,rover_cg,-0.0215610176800345,-0.2277073681254866,0.17606506564144658,0.10307561242058841,0.6015,400,35,37,328,261,-0.2278496731110917,0.18506126828519015,0.9127168094988345
drax,,fleurs-pt,main,ref,4,True,legacy,conf,rover_cg,0.5532503457814661,0.21151822103127976,0.8810567484461301,0.1749905912543953,0.0,400,92,52,256,261,0.21857440468072337,0.8965429786392619,0.0006601574254212572
drax,,fleurs-pt,main,ref,4,True,whisper,conf,rover_cg,0.16170763260025872,-0.2315217125903607,0.5338152539037209,0.1928891451960835,0.2015,400,87,66,247,261,-0.24739184255184726,0.5709491297871849,0.30912261819594855
drax,,fleurs-pt,main,ref,4,True,legacy,mbr,rover_cg,0.15959144589849983,-0.11581840258737423,0.43168988186206503,0.13656734718870528,0.1325,400,60,47,293,261,-0.11354152645039708,0.43707640832453437,0.2717421022577655
drax,,fleurs-pt,main,ref,4,True,whisper,mbr,rover_cg,-0.14014661492022423,-0.4563416998155194,0.1865786379954074,0.1636083542683026,0.8245,400,59,60,281,261,-0.4785439163770834,0.19463464574430647,0.3346523046336717
drax,,fleurs-pt,main,ref,4,True,legacy,cm05,rover_cg,0.2553463134375997,0.010072314049586792,0.5147427574600417,0.13009036381992323,0.025,400,60,39,301,261,0.0,0.5088558420111452,0.02450361448632977
drax,,fleurs-pt,main,ref,4,True,whisper,cm05,rover_cg,-0.11858559724018973,-0.4063902282781306,0.20550728219040038,0.15942601854454597,0.7725,400,57,55,288,261,-0.45470767937798334,0.21723428176976795,0.4667431597036299
drax,,fleurs-pt,main,ref,4,True,legacy,conf,rover_c,0.5851686349611661,0.25286781242762957,0.914822364255756,0.17243353529640654,0.0005,400,90,48,262,261,0.24671367861214388,0.9374836497942427,0.0002997149427993336
drax,,fleurs-pt,main,ref,4,True,whisper,conf,rover_c,0.19404915912031048,-0.19533500640472642,0.567255731485486,0.19371697486524717,0.1575,400,87,62,251,261,-0.22776651114600538,0.6204074354419541,0.2584452730391946
drax,,fleurs-pt,main,ref,4,True,legacy,conf,rover_freq,0.5851686349611661,0.22145891008842492,0.917932013080391,0.17795933804335154,0.0005,400,89,50,261,261,0.24677913061932302,0.9599349075321947,0.0006587233273378503
drax,,fleurs-pt,main,ref,4,True,whisper,conf,rover_freq,0.172488141440276,-0.2220841261574433,0.5534236425885565,0.20050544318921912,0.196,400,83,65,252,261,-0.2551311750326872,0.623298051338579,0.37759545838511
drax,,fleurs-pt,main,ref,4,True,legacy,first,rover_cg,1.117140121289499,0.7631108141153387,1.4387149977222844,0.1725273078211828,0.0,400,121,43,236,261,0.7720782601854885,1.4429006965209406,9.475005468184655e-10
drax,,fleurs-pt,main,ref,4,True,whisper,first,rover_cg,0.7222940922811557,0.33615582637489017,1.1278029854038047,0.20416793643520456,0.0,400,114,57,229,261,0.3034114796487427,1.1462226349698341,0.0003923007438682217
drax,,fleurs-pt,main,ref,4,True,legacy,conf,mbr,0.39365889988296626,0.031074776091617077,0.7398869215218973,0.1818734632150426,0.018,400,71,46,283,261,0.04226205571111406,0.7544999055000848,0.014222393692089965
drax,,fleurs-pt,main,ref,4,True,whisper,conf,mbr,0.30185424752048295,-0.043536816336061816,0.6542259173515307,0.18117513308536196,0.05,400,66,46,288,261,-0.07522877616628033,0.6703273178002269,0.053498430561890686
drax,,fleurs-pt,main,ref,4,True,legacy,first,conf,0.5638897755080328,0.1903904876912125,0.9549802599730854,0.19628052416228856,0.002,400,97,58,245,261,0.17243170979489575,0.9728544031837887,0.007336721798840191
drax,,fleurs-pt,main,ref,4,True,whisper,first,conf,0.5605864596808969,0.17305539161127573,0.9357777986821714,0.19634191305644114,0.001,400,93,58,249,261,0.16293403474466828,0.953218618106514,0.006740466520935762
drax,,fleurs-pt,main,ref,4,True,legacy,rover_freq,rover_cg,-0.031918289179699966,-0.21881175824657714,0.14739912535580127,0.09365239003112548,0.6605,400,34,34,332,261,-0.2320401747649826,0.15864429194700636,0.7252832417005042
drax,,fleurs-pt,main,ref,4,True,whisper,rover_freq,rover_cg,-0.01078050884001725,-0.19346621617999105,0.1707418894685303,0.09271272734966053,0.572,400,33,31,336,261,-0.2055641451415361,0.17299363956946537,0.898128407582167
drax,,gigaspeech,main,main,16,True,legacy,conf,rover_cg,1.6086264804666786,1.1628052274545106,2.03868919149949,0.22129920203882825,0.0,600,167,68,365,117,1.1301909893875908,2.0727076351731437,1.5081208749181874e-12
drax,,gigaspeech,main,main,16,True,whisper,conf,rover_cg,-4.507211538461538,-5.211413716850381,-3.824454039734596,0.3498497364162588,1.0,600,93,272,235,117,-5.436951956619282,-3.534217666473732,1.752370358943681e-27
drax,,gigaspeech,main,main,16,True,legacy,mbr,rover_cg,0.5391550291674032,0.2697132262149734,0.8141475232036851,0.13906997156129863,0.0,600,89,44,467,117,0.30552284323667167,0.7660474229236443,0.00013916280500616957
drax,,gigaspeech,main,main,16,True,whisper,mbr,rover_cg,-5.168269230769231,-5.929702184940415,-4.3312382327765855,0.40878486561396465,1.0,600,62,269,269,117,-6.052394694095197,-4.1860434114038645,1.8272002453549854e-35
drax,,gigaspeech,main,main,16,True,legacy,cm05,rover_cg,0.7336043839490897,0.40513643018672546,1.069638403094614,0.16663249832653246,0.0,600,105,57,438,117,0.4201005358309309,1.0582592883743456,3.9550478804927014e-05
drax,,gigaspeech,main,main,16,True,whisper,cm05,rover_cg,-5.262706043956044,-5.920574312356707,-4.573818049469677,0.3434265041265045,1.0,600,69,274,257,117,-6.136663168184268,-4.328034598765712,4.918411248528601e-35
drax,,gigaspeech,main,main,16,True,legacy,conf,rover_c,1.5997878734311473,1.1530674354522898,2.0386001953343005,0.22345844275303353,0.0,600,166,66,368,117,1.1216036677456092,2.0814294467391945,2.2607323309422183e-12
drax,,gigaspeech,main,main,16,True,whisper,conf,rover_c,-4.541552197802198,-5.238447339997917,-3.860179282874672,0.35028336819529765,1.0,600,91,273,236,117,-5.452928046704654,-3.589126008973821,1.2776513107916551e-27
drax,,gigaspeech,main,main,16,True,legacy,conf,rover_freq,1.626303694537741,1.1593206990804972,2.0672608904064744,0.23246322604433178,0.0,600,163,66,371,117,1.157085031499362,2.1148371569030116,4.1911227796227926e-12
drax,,gigaspeech,main,main,16,True,whisper,conf,rover_freq,-4.618818681318682,-5.321245946349099,-3.9210010098322896,0.35792540946591545,1.0,600,92,273,235,117,-5.623024174958726,-3.6096998654470953,3.244684713350641e-28
drax,,gigaspeech,main,main,16,True,legacy,first,rover_cg,6.47869895704437,5.56480062972985,7.443386439629139,0.4722368100019256,0.0,600,312,42,246,117,5.249376538686881,7.894999692123572,9.413244450496502e-44
drax,,gigaspeech,main,main,16,True,whisper,first,rover_cg,0.22321428571428573,-0.7779512176206331,1.2878250954440864,0.5224933335745642,0.363,600,204,212,184,117,-0.9893185024909877,1.5539417693630826,0.4995275617284566
drax,,gigaspeech,main,main,16,True,legacy,conf,mbr,1.0694714512992753,0.605849916555017,1.5170207209438011,0.23361200630601256,0.0,600,133,66,401,117,0.6035549262342512,1.5613904426116705,1.2510661953925532e-06
drax,,gigaspeech,main,main,16,True,whisper,conf,mbr,0.6610576923076923,-0.043334418061752054,1.2319623988009627,0.3322736918309197,0.0355,600,124,63,413,117,-0.03563263737153031,1.2554578886180143,1.700856671782799e-05
drax,,gigaspeech,main,main,16,True,legacy,first,conf,4.8700724765776915,3.951093225267105,5.815956015942214,0.47429770444601166,0.0,600,257,77,266,117,3.6394513648739344,6.252668532676535,2.7453351947330026e-24
drax,,gigaspeech,main,main,16,True,whisper,first,conf,4.730425824175824,3.8669059155730103,5.63494698783817,0.44646258772949626,0.0,600,256,71,273,117,3.650111684549027,5.949544472879373,3.958853063442562e-27
drax,,gigaspeech,main,main,16,True,legacy,rover_freq,rover_cg,-0.0176772140710624,-0.21636730253165837,0.17733004338295033,0.1014511867018555,0.5945,600,44,51,505,117,-0.21471769574617536,0.1838324167267054,0.7487832489807015
drax,,gigaspeech,main,main,16,True,whisper,rover_freq,rover_cg,0.11160714285714286,-0.08473589811407628,0.31737705502146224,0.10244617446859124,0.147,600,50,43,507,117,-0.08382350543367492,0.3129494105949236,0.30933919539348853
drax,,gigaspeech,main,ref,4,True,legacy,conf,rover_cg,0.265158211065936,-0.07054958200656651,0.600986406482185,0.16946366270250093,0.0565,600,85,64,451,117,-0.11595107065789644,0.6283004836432411,0.057122374401635076
drax,,gigaspeech,main,ref,4,True,whisper,conf,rover_cg,-5.949519230769231,-6.572499799576345,-5.319419308663949,0.334893422495095,1.0,600,53,280,267,117,-6.782814707732491,-5.055605696783178,1.7763728868629724e-42
drax,,gigaspeech,main,ref,4,True,legacy,mbr,rover_cg,-0.1414177125684992,-0.35589092349008283,0.06390436510591481,0.10889514095221169,0.9085,600,49,66,485,117,-0.3652205682127621,0.09461388638157242,0.17673248519415719
drax,,gigaspeech,main,ref,4,True,whisper,mbr,rover_cg,-6.018200549450549,-6.659019635271295,-5.377218329389938,0.3234482543749458,1.0,600,42,278,280,117,-6.846303605528337,-5.097869722436675,3.6181743681860516e-44
drax,,gigaspeech,main,ref,4,True,legacy,cm05,rover_cg,-0.0618702492487184,-0.31002450718495406,0.17718704415532902,0.12382077777387418,0.7035,600,52,65,483,117,-0.30061864370072905,0.1823153182759718,0.3746167464189374
drax,,gigaspeech,main,ref,4,True,whisper,cm05,rover_cg,-5.96668956043956,-6.597552468870144,-5.347087322111342,0.32307762640103765,1.0,600,40,275,285,117,-6.792537731967371,-5.06923535046564,9.590733824279395e-44
drax,,gigaspeech,main,ref,4,True,legacy,conf,rover_c,0.40657592363443523,0.08040345418421384,0.7405749271022464,0.16810097364071033,0.009,600,83,50,467,117,0.025778071684978643,0.755857799470593,0.003523787419302045
drax,,gigaspeech,main,ref,4,True,whisper,conf,rover_c,-5.863667582417582,-6.503028800407414,-5.233340385289676,0.33448391999634863,1.0,600,53,273,274,117,-6.695377020208589,-4.995968779218057,9.475859946120764e-42
drax,,gigaspeech,main,ref,4,True,legacy,conf,rover_freq,0.3800601025278416,0.043893880001548244,0.7085226489145277,0.16807479505685402,0.016,600,81,52,467,117,0.007783188313243406,0.7195507020134825,0.005021809854268463
drax,,gigaspeech,main,ref,4,True,whisper,conf,rover_freq,-5.949519230769231,-6.599156884680102,-5.301651578597777,0.3376012155627764,1.0,600,53,279,268,117,-6.779200225806182,-5.087943311058289,3.690667494161418e-42
drax,,gigaspeech,main,ref,4,True,legacy,first,rover_cg,0.397737316598904,0.05508487969043258,0.7526498572975636,0.1758357182694104,0.0125,600,97,73,430,117,0.008697163933847283,0.7578754268786971,0.01384300617959299
drax,,gigaspeech,main,ref,4,True,whisper,first,rover_cg,-5.743475274725275,-6.414518327103744,-5.063944428303236,0.3400870337500561,1.0,600,57,283,260,117,-6.528878552191508,-4.902713884865333,3.3187406437326594e-40
drax,,gigaspeech,main,ref,4,True,legacy,conf,mbr,0.40657592363443523,0.07393446774762183,0.7544272660677979,0.17088702946381168,0.0085,600,71,36,493,117,0.0,0.7710323770369536,0.0026133284407292446
drax,,gigaspeech,main,ref,4,True,whisper,conf,mbr,0.06868131868131869,-0.2765071621786331,0.4039926915963896,0.1702917511296713,0.35,600,64,47,489,117,-0.3140658669390658,0.387895850386555,0.25444542569944817
drax,,gigaspeech,main,ref,4,True,legacy,first,conf,0.132579105532968,-0.20091019609037225,0.473310867595779,0.17414031539978583,0.227,600,80,67,453,117,-0.2162259821295648,0.4701458220528051,0.4694363024994539
drax,,gigaspeech,main,ref,4,True,whisper,first,conf,0.20604395604395603,-0.13365543810732017,0.5604013459087315,0.177478202974901,0.119,600,82,60,458,117,-0.15723559747521668,0.5127851364173729,0.18084645218690598
drax,,gigaspeech,main,ref,4,True,legacy,rover_freq,rover_cg,-0.1149018914619056,-0.26245203482071555,0.026836091865177197,0.0752943961637308,0.936,600,29,42,529,117,-0.2606001417339495,0.04023365705213389,0.12287538847933088
drax,,gigaspeech,main,ref,4,True,whisper,rover_freq,rover_cg,0.0,-0.1439887347494783,0.13851614578824345,0.07357705472998174,0.509,600,34,35,531,117,-0.14357794061105136,0.1406491410315934,1.0
drax,,ls-dev-clean,main,main,16,True,legacy,conf,rover_cg,0.4234484583829562,0.15743229066516687,0.7176489609098247,0.14235632282214644,0.0015,400,46,25,329,40,0.12695236365818,0.7059770492828162,0.0030377934144819227
drax,,ls-dev-clean,main,main,16,True,whisper,conf,rover_cg,-0.5531410509679968,-1.218335940934632,0.21014696284564213,0.353145024036427,0.934,400,47,65,288,40,-1.2558303066801855,0.27317623587850814,0.0001832787967608144
drax,,ls-dev-clean,main,main,16,True,legacy,mbr,rover_cg,0.03969829297340215,-0.09519923840609275,0.1778379750680398,0.07152202646001082,0.305,400,13,10,377,40,-0.08359129060111264,0.17251733073657463,0.5798616147455506
drax,,ls-dev-clean,main,main,16,True,whisper,mbr,rover_cg,-1.3828526274199922,-1.8228145732810617,-0.9605653705001469,0.21817445052241768,1.0,400,12,56,332,40,-1.8383555674181564,-0.8982552710702748,5.48124875634646e-10
drax,,ls-dev-clean,main,main,16,True,legacy,cm05,rover_cg,0.11909487892020643,-0.025786983500074655,0.26092373139849484,0.07273669763829169,0.0585,400,17,8,375,40,0.0,0.2557190501295486,0.1078926767172823
drax,,ls-dev-clean,main,main,16,True,whisper,cm05,rover_cg,-0.8033715264059001,-1.4106127800651374,-0.05134437186295082,0.34598226678820393,0.9815,400,26,54,320,40,-1.482617942554582,0.050601234200318805,5.361425214693552e-07
drax,,ls-dev-clean,main,main,16,True,legacy,conf,rover_c,0.41021569405848884,0.1430855216170877,0.7002957571658209,0.1407882290320413,0.0015,400,44,24,332,40,0.11525224053958684,0.7025852581569373,0.0035918267940801833
drax,,ls-dev-clean,main,main,16,True,whisper,conf,rover_c,-0.5794811010140919,-1.2436813313698765,0.16792569184881387,0.3530020155288981,0.939,400,46,65,289,40,-1.2873226828412425,0.2630993874080923,0.00011403399580841104
drax,,ls-dev-clean,main,main,16,True,legacy,conf,rover_freq,0.3572846367606193,0.09346095438109098,0.6376058435678703,0.13688947924858386,0.0045,400,39,24,337,40,0.09263351691905429,0.624842367695084,0.007599831149327229
drax,,ls-dev-clean,main,main,16,True,whisper,conf,rover_freq,-0.6453312261293297,-1.292116042180379,0.10021558620075416,0.35161411886802885,0.9585,400,41,68,291,40,-1.3515518192161757,0.19281498342573367,3.452908872498414e-05
drax,,ls-dev-clean,main,main,16,True,legacy,first,rover_cg,2.5406907502977374,1.9972890479002106,3.1292923780638295,0.2888113792550152,0.0,400,137,20,243,40,1.9484232143104052,3.209946063474768,8.316204656652413e-19
drax,,ls-dev-clean,main,main,16,True,whisper,first,rover_cg,1.1062821019359936,0.47931804040033704,1.733145577468163,0.32342326492952,0.0,400,116,58,226,40,0.5231557017110658,1.7228602255750765,0.0024907049776635563
drax,,ls-dev-clean,main,main,16,True,legacy,conf,mbr,0.38375016540955403,0.11433490342834769,0.6829905872089839,0.1418509525435945,0.0025,400,41,24,335,40,0.09640705054854724,0.670798459199897,0.007258598254257635
drax,,ls-dev-clean,main,main,16,True,whisper,conf,mbr,0.8297115764519952,0.31418715823648,1.5207128488810655,0.3062789273732941,0.0005,400,49,23,328,40,0.32879118765431864,1.4601208417643412,0.0008667936695308139
drax,,ls-dev-clean,main,main,16,True,legacy,first,conf,2.117242291914781,1.5485789811059705,2.7195772089806005,0.29030663426763514,0.0,400,122,29,249,40,1.4944813106169543,2.8026657856153308,1.6727312621162705e-13
drax,,ls-dev-clean,main,main,16,True,whisper,first,conf,1.6594231529039905,0.9032876405676369,2.4051906449763734,0.37394242060150695,0.0,400,117,32,251,40,0.9180212256918222,2.357080085743702,1.1419674931485579e-11
drax,,ls-dev-clean,main,main,16,True,legacy,rover_freq,rover_cg,0.0661638216223369,-0.06580880718881624,0.19944886674169846,0.06662509660619051,0.181,400,14,8,378,40,-0.03612718815661088,0.17820700790223026,0.31731050786291415
drax,,ls-dev-clean,main,main,16,True,whisper,rover_freq,rover_cg,0.09219017516133281,-0.03798586544067809,0.21810078619824247,0.06336204035852686,0.0845,400,14,6,380,40,0.0,0.19273447062714819,0.14439979221307134
drax,,ls-dev-clean,main,ref,4,True,legacy,conf,rover_cg,0.23818975784041285,0.05189541872868458,0.4274652943068295,0.09407088149011539,0.0075,400,25,12,363,40,0.06525307746631873,0.40893618934133324,0.011722955058287715
drax,,ls-dev-clean,main,ref,4,True,whisper,conf,rover_cg,-1.0799420518898986,-1.5918120913288702,-0.605383151527423,0.251567880204743,1.0,400,21,55,324,40,-1.634631150649645,-0.4789203130295173,6.640963023816392e-08
drax,,ls-dev-clean,main,ref,4,True,legacy,mbr,rover_cg,0.11909487892020643,-0.012669895978993075,0.2468797147167741,0.06522908870345911,0.0365,400,15,7,378,40,0.011776794896590384,0.24130580764851317,0.07186063822585158
drax,,ls-dev-clean,main,ref,4,True,whisper,mbr,rover_cg,-1.1326221519820887,-1.6138517612126122,-0.6746907033292776,0.2423307061830793,1.0,400,15,52,333,40,-1.681506633529677,-0.5474775392896911,9.139762415412203e-09
drax,,ls-dev-clean,main,ref,4,True,legacy,cm05,rover_cg,0.10586211459573905,-0.012826642703820569,0.23215272786720037,0.06183507984366155,0.041,400,13,6,381,40,0.012675196391931471,0.2106539064186792,0.08808151166219029
drax,,ls-dev-clean,main,ref,4,True,whisper,cm05,rover_cg,-1.1457921770051362,-1.6405265239516393,-0.6819871325779963,0.24223914396858878,1.0,400,14,51,335,40,-1.6941207267879217,-0.5643382853037066,6.439564906986514e-09
drax,,ls-dev-clean,main,ref,4,True,legacy,conf,rover_c,0.23818975784041285,0.07086805948429181,0.41467563395359813,0.08699736183724532,0.003,400,21,8,371,40,0.07038809694856638,0.40427883519250946,0.0062809341264058426
drax,,ls-dev-clean,main,ref,4,True,whisper,conf,rover_c,-1.0799420518898986,-1.5945437153990423,-0.6018216811920776,0.25156776084566385,1.0,400,17,53,330,40,-1.6410314322529336,-0.473525984348618,1.08098711551645e-07
drax,,ls-dev-clean,main,ref,4,True,legacy,conf,rover_freq,0.17202593621807596,0.0,0.35380417701431305,0.09212064811521094,0.032,400,20,11,369,40,-0.013878338452588512,0.3461152658791597,0.06057505960617334
drax,,ls-dev-clean,main,ref,4,True,whisper,conf,rover_freq,-1.1326221519820887,-1.6433669190718307,-0.6529480161381293,0.25024147602452035,1.0,400,17,56,327,40,-1.6845217091197717,-0.5339762644323598,2.3304522781873504e-08
drax,,ls-dev-clean,main,ref,4,True,legacy,first,rover_cg,0.44991398703189095,0.25239539667248156,0.6611719595131906,0.10373529115447443,0.0,400,35,8,357,40,0.28244566374122937,0.6538468511363007,2.252796613957008e-05
drax,,ls-dev-clean,main,ref,4,True,whisper,first,rover_cg,-0.8428816014750428,-1.3304430147759507,-0.36060120298017545,0.2492965723256384,0.9995,400,28,52,320,40,-1.3827303035379195,-0.21465720235837343,7.972609052808915e-06
drax,,ls-dev-clean,main,ref,4,True,legacy,conf,mbr,0.11909487892020643,-0.08215625056786174,0.3193827297128926,0.10271666915099407,0.1395,400,19,12,369,40,-0.08568431688770378,0.3166494505012675,0.269431870843968
drax,,ls-dev-clean,main,ref,4,True,whisper,conf,mbr,0.05268010009219017,-0.14976991633431017,0.2530378917132534,0.10345880353926287,0.322,400,16,13,371,40,-0.14683217772966284,0.23065840036607604,0.6298443845230279
drax,,ls-dev-clean,main,ref,4,True,legacy,first,conf,0.2117242291914781,0.0,0.42459111240518266,0.10626193058674907,0.028,400,25,14,361,40,0.0,0.464739662675996,0.047169305668790414
drax,,ls-dev-clean,main,ref,4,True,whisper,first,conf,0.2370604504148558,0.03882867008377145,0.44381650609565787,0.10150105933436813,0.0125,400,24,12,364,40,0.061496653796129425,0.44819927971188467,0.018514853592994346
drax,,ls-dev-clean,main,ref,4,True,legacy,rover_freq,rover_cg,0.0661638216223369,-0.02696208178882258,0.16302188236475432,0.0500135130054972,0.111,400,10,5,385,40,-0.013600446979015095,0.15129022667684786,0.19670560245894686
drax,,ls-dev-clean,main,ref,4,True,whisper,rover_freq,rover_cg,0.05268010009219017,-0.039372279487686686,0.14804704771591354,0.04834517040632285,0.1675,400,9,5,386,40,-0.025516729724884998,0.13329812114597642,0.28504940740261275
drax,,ls-dev-other,main,main,16,True,legacy,conf,rover_cg,1.284885327438519,0.8580749889277328,1.7714660075323378,0.23323187527534234,0.0,400,74,20,306,33,0.7674731858641376,1.936760742406642,1.2766381583902732e-08
drax,,ls-dev-other,main,main,16,True,whisper,conf,rover_cg,-0.6969117245148948,-1.428413774516865,0.02744853518991682,0.3655880725996708,0.971,400,68,77,255,33,-1.7509904126952196,0.3587101015333793,0.0038348851209742286
drax,,ls-dev-other,main,main,16,True,legacy,mbr,rover_cg,0.3177673390439348,0.05676678350128637,0.591970648394329,0.13224939549064116,0.0085,400,32,18,350,33,-0.013945449731112728,0.6862430094023665,0.02286357551243076
drax,,ls-dev-other,main,main,16,True,whisper,mbr,rover_cg,-1.7081169718502323,-2.3598801305466064,-1.0894980424095997,0.31241392087525033,1.0,400,33,82,285,33,-2.649881195158001,-0.8586799433918958,6.405916176572822e-09
drax,,ls-dev-other,main,main,16,True,legacy,cm05,rover_cg,0.5388228792484112,0.2868823077078058,0.7914879098218932,0.13335026008269432,0.0,400,44,16,340,33,0.19958339791441704,0.9169086508929253,0.00014581291610196183
drax,,ls-dev-other,main,main,16,True,whisper,cm05,rover_cg,-1.3938234490297896,-2.0247747764450423,-0.7748446688371732,0.3121974811245698,1.0,400,47,80,273,33,-2.3246172102912332,-0.5466246540986215,6.548374485075428e-07
drax,,ls-dev-other,main,main,16,True,legacy,conf,rover_c,1.340149212489638,0.9106253622214727,1.8415762687429593,0.2315500823831167,0.0,400,75,17,308,33,0.796980116871521,2.009684771521856,1.7107242679693221e-09
drax,,ls-dev-other,main,main,16,True,whisper,conf,rover_c,-0.6285870456408855,-1.3443822225367559,0.08337074084546847,0.36765890436005905,0.9625,400,70,76,254,33,-1.672417341036801,0.43101703935827873,0.008035169793315795
drax,,ls-dev-other,main,main,16,True,legacy,conf,rover_freq,1.409229068803537,0.9459932372629578,1.939123471778285,0.25577522084573545,0.0,400,73,17,310,33,0.8098504344107161,2.163603141609405,1.9011208793532514e-09
drax,,ls-dev-other,main,main,16,True,whisper,conf,rover_freq,-0.6149221098660836,-1.3539834977128682,0.13336889837289945,0.37981131282376523,0.9495,400,69,77,254,33,-1.6576284357378361,0.4363293027134511,0.005712121754366797
drax,,ls-dev-other,main,main,16,True,legacy,first,rover_cg,4.517822602928986,3.6946699562810337,5.424235242611291,0.43964011056138824,0.0,400,151,13,236,33,3.2110684030863705,6.191175464638552,2.6371667389821674e-24
drax,,ls-dev-other,main,main,16,True,whisper,first,rover_cg,2.336704017491118,1.3641706997124263,3.3541307684890724,0.5193672926456928,0.0,400,138,68,194,33,0.7870451158331364,4.175089648259688,0.00013199606928617706
drax,,ls-dev-other,main,main,16,True,legacy,conf,mbr,0.9671179883945842,0.5895539770979137,1.367585399071488,0.20011942071293962,0.0,400,62,17,321,33,0.6064453773146612,1.3611849950623263,3.821392518357851e-06
drax,,ls-dev-other,main,main,16,True,whisper,conf,mbr,1.0112052473353375,0.6256758894929162,1.4494889895297147,0.20944600943842953,0.0,400,63,21,316,33,0.654978477343681,1.3875492775562397,1.5121836560966273e-06
drax,,ls-dev-other,main,main,16,True,legacy,first,conf,3.232937275490467,2.4647342004852564,4.056196541726349,0.4090420985238124,0.0,400,129,32,239,33,2.265969553555309,4.352893926597222,6.8244031760666895e-15
drax,,ls-dev-other,main,main,16,True,whisper,first,conf,3.0336157420060124,2.2341469342042672,3.908170094477907,0.41871310501673353,0.0,400,134,36,230,33,2.0302410456225943,4.18291508416869,2.7103556891812294e-13
drax,,ls-dev-other,main,main,16,True,legacy,rover_freq,rover_cg,-0.12434374136501795,-0.3382335532272325,0.08492606064024699,0.11087083536506966,0.8865,400,18,21,361,33,-0.35216508116151135,0.07711440375450666,0.3262760391985431
drax,,ls-dev-other,main,main,16,True,whisper,rover_freq,rover_cg,-0.08198961464881115,-0.2855939988150862,0.11991489840618474,0.10568605586272095,0.8045,400,18,19,363,33,-0.2803607136325331,0.1047628122372813,0.5490350685682737
drax,,ls-dev-other,main,ref,4,True,legacy,conf,rover_cg,0.06907985631389886,-0.20308550494802668,0.34428598753990547,0.13982593997644235,0.324,400,30,22,348,33,-0.2573869308048602,0.3519534500269615,0.42934416315838864
drax,,ls-dev-other,main,ref,4,True,whisper,conf,rover_cg,-1.9540858157966658,-2.5783056190415787,-1.3725822544069013,0.3085727691466786,1.0,400,29,87,284,33,-2.7659839395259573,-1.2358746255110278,1.0863954829665899e-10
drax,,ls-dev-other,main,ref,4,True,legacy,mbr,rover_cg,-0.013815971262779773,-0.20807608629165972,0.1882156818691029,0.10117426895875671,0.5655,400,18,20,362,33,-0.2311180418339442,0.19334882798629455,0.9056536969136655
drax,,ls-dev-other,main,ref,4,True,whisper,mbr,rover_cg,-1.9950806231210714,-2.6059107915062767,-1.4449800022888086,0.2957142244954558,1.0,400,23,83,294,33,-2.8113579857236712,-1.2579830702820753,1.5414524134719e-11
drax,,ls-dev-other,main,ref,4,True,legacy,cm05,rover_cg,0.0,-0.21157586276228937,0.20954114495469117,0.10783250189320762,0.519,400,20,22,358,33,-0.24131108054763245,0.24262973739613294,0.9729123120625321
drax,,ls-dev-other,main,ref,4,True,whisper,cm05,rover_cg,-2.036075430445477,-2.645611492214,-1.4933427465886961,0.29576109654554,1.0,400,21,87,292,33,-2.877446651403891,-1.2377149165542145,1.1706891016388766e-11
drax,,ls-dev-other,main,ref,4,True,legacy,conf,rover_c,0.08289582757667864,-0.191443176037215,0.35326576801553977,0.14194683805492125,0.276,400,28,19,353,33,-0.22435699190763364,0.3636481853647003,0.3347242218815525
drax,,ls-dev-other,main,ref,4,True,whisper,conf,rover_c,-1.9677507515714676,-2.603355949736818,-1.3681688430589947,0.3099339100474626,1.0,400,27,84,289,33,-2.7957854621888414,-1.2255070562158585,8.985703377054061e-11
drax,,ls-dev-other,main,ref,4,True,legacy,conf,rover_freq,0.11052777010223819,-0.15619246263741313,0.3832759976332071,0.14094848737795895,0.2185,400,29,18,353,33,-0.18545797190032737,0.38509735188277033,0.24113602143842927
drax,,ls-dev-other,main,ref,4,True,whisper,conf,rover_freq,-1.9677507515714676,-2.5975426995053943,-1.3675791576634764,0.3113730766621687,1.0,400,26,85,289,33,-2.794123037668462,-1.2250154604611048,9.393526874821945e-11
drax,,ls-dev-other,main,ref,4,True,legacy,first,rover_cg,0.22105554020447638,-0.05432938161404133,0.4897459664128608,0.140248514585558,0.068,400,35,25,340,33,-0.11300791484172823,0.5549207575739327,0.08442483476033202
drax,,ls-dev-other,main,ref,4,True,whisper,first,rover_cg,-1.7764416507242415,-2.4024074977651737,-1.1998487662509958,0.31138134251741717,1.0,400,31,87,282,33,-2.6186832617947906,-1.0151651280697773,8.760148925138899e-09
drax,,ls-dev-other,main,ref,4,True,legacy,conf,mbr,0.08289582757667864,-0.16630404271586,0.32918850170300795,0.12738342879460834,0.2725,400,23,16,361,33,-0.18527556048667926,0.3092978997924223,0.331387096247615
drax,,ls-dev-other,main,ref,4,True,whisper,conf,mbr,0.04099480732440557,-0.17416044823425647,0.27099446241935166,0.11365594889018363,0.3855,400,20,16,364,33,-0.19740146329040678,0.23887807793362556,0.6859390430693006
drax,,ls-dev-other,main,ref,4,True,legacy,first,conf,0.1519756838905775,-0.15045884410266258,0.48145265085339467,0.15958660787861462,0.1845,400,24,22,354,33,-0.22611334036456437,0.48782467439630217,0.4434956441458189
drax,,ls-dev-other,main,ref,4,True,whisper,first,conf,0.17764416507242417,-0.09541946259592882,0.4646629445063444,0.14323979475046172,0.1145,400,24,19,357,33,-0.22288667055150974,0.5178660744548901,0.2684475788428362
drax,,ls-dev-other,main,ref,4,True,legacy,rover_freq,rover_cg,-0.04144791378833932,-0.18961423794550214,0.09868226080500615,0.07484383405749333,0.738,400,13,16,371,33,-0.19253467651028955,0.10725323976608957,0.5774686624272996
drax,,ls-dev-other,main,ref,4,True,whisper,rover_freq,rover_cg,0.013664935774801858,-0.13487408825012293,0.15284837617938427,0.072323563238467,0.477,400,14,13,373,33,-0.13650947814648884,0.1565466139093659,0.8473896596867143
drax,,ls-tc-babble0,main,main,16,True,legacy,conf,rover_cg,5.956875576810135,4.96306813652813,6.972869965764229,0.5059793914371171,0.0,600,343,77,180,40,4.591091226292786,7.150083757266039,6.450877901466818e-33
drax,,ls-tc-babble0,main,main,16,True,whisper,conf,rover_cg,4.867293452034279,3.810684127414553,5.87208358485625,0.5217293123532094,0.0,600,319,102,179,40,3.4849266731100013,6.207998713669864,2.843206841498117e-21
drax,,ls-tc-babble0,main,main,16,True,legacy,mbr,rover_cg,4.270492490980787,3.752106373882399,4.804724667921553,0.27104119708170393,0.0,600,278,49,273,40,3.6232067400935137,4.919034999705364,8.482388068681834e-38
drax,,ls-tc-babble0,main,main,16,True,whisper,mbr,rover_cg,3.361344537815126,2.768014428319772,3.9699659502108258,0.3139779228580233,0.0,600,262,96,242,40,2.4972511288697445,4.215660816415215,1.4266848666945955e-19
drax,,ls-tc-babble0,main,main,16,True,legacy,cm05,rover_cg,4.304052353385351,3.5269095106561594,5.07550784157187,0.3853377043918108,0.0,600,307,72,221,40,3.528289821653077,5.129767585239718,1.3178987399911659e-29
drax,,ls-tc-babble0,main,main,16,True,whisper,cm05,rover_cg,3.2781429403444546,2.456429554997196,4.095874702210058,0.41394190114175966,0.0,600,287,110,203,40,2.280581885070623,4.362524669260441,2.305528855058331e-16
drax,,ls-tc-babble0,main,main,16,True,legacy,conf,rover_c,5.956875576810135,4.967239863339544,6.966599528462976,0.506627600087313,0.0,600,342,77,181,40,4.596964374620074,7.1496668536039385,7.389478912316836e-33
drax,,ls-tc-babble0,main,main,16,True,whisper,conf,rover_c,4.867293452034279,3.8191025768624085,5.871231661303278,0.5224170203204914,0.0,600,318,102,180,40,3.4857067820355483,6.2093241551939915,3.0307300724631653e-21
drax,,ls-tc-babble0,main,main,16,True,legacy,conf,rover_freq,6.8629918617333665,5.840380845202182,7.864450145892447,0.5171469843436405,0.0,600,366,66,168,40,5.455643092623457,8.101809876166856,5.050061639303285e-39
drax,,ls-tc-babble0,main,main,16,True,whisper,conf,rover_freq,5.690989266993927,4.642038970634166,6.703231191059059,0.5288643212747588,0.0,600,343,91,166,40,4.271300312997798,7.047385160515744,6.069771546575975e-27
drax,,ls-tc-babble0,main,main,16,True,legacy,first,rover_cg,16.93934054870375,15.441680577818273,18.53043601750386,0.7958736378852754,0.0,600,475,31,94,40,15.031697140053518,18.890778282568938,1.3604350535037617e-73
drax,,ls-tc-babble0,main,main,16,True,whisper,first,rover_cg,15.725101921956902,14.232251897069517,17.288118816143076,0.8064031094706388,0.0,600,457,45,98,40,13.853598086228311,17.60661564494521,9.390792266252236e-67
drax,,ls-tc-babble0,main,main,16,True,legacy,conf,mbr,1.686383085829348,0.6371268939571987,2.707437101820239,0.5281242378150856,0.001,600,217,107,276,40,0.39713992392839215,2.805142390389362,6.907224665677141e-07
drax,,ls-tc-babble0,main,main,16,True,whisper,conf,mbr,1.5059489142191531,0.4590164768817014,2.523846289632882,0.523243019957005,0.0025,600,213,110,277,40,0.21569540152106004,2.597608528439075,3.721546386469479e-06
drax,,ls-tc-babble0,main,main,16,True,legacy,first,conf,10.982464971893615,9.412085819783888,12.598462341990114,0.8195801039588105,0.0,600,362,92,146,40,8.915259579287152,13.155185692957017,2.0894703492979525e-39
drax,,ls-tc-babble0,main,main,16,True,whisper,first,conf,10.857808469922622,9.306360674380162,12.443951588505234,0.8075041949771087,0.0,600,358,94,148,40,8.894294406849939,12.914920437261491,8.890853914116406e-39
drax,,ls-tc-babble0,main,main,16,True,legacy,rover_freq,rover_cg,-0.9061162849232318,-1.2741787455105182,-0.5391892581181589,0.18655702078477818,1.0,600,96,160,344,40,-1.2996405326105915,-0.5271375608264885,3.0435525020984085e-06
drax,,ls-tc-babble0,main,main,16,True,whisper,rover_freq,rover_cg,-0.8236958149596473,-1.1836735066400847,-0.4522625624099326,0.18513541936594044,1.0,600,100,157,343,40,-1.2114053925077548,-0.4266670800310841,2.035967768010034e-05
drax,,ls-tc-babble0,main,ref,4,True,legacy,conf,rover_cg,0.41110831445591073,-0.23625253360542772,1.0405108376598207,0.31925089880749274,0.1025,600,170,112,318,40,-0.2030762152111507,0.9799818637780873,0.002768927858360826
drax,,ls-tc-babble0,main,ref,4,True,whisper,conf,rover_cg,-0.8070554954655129,-1.5034526421006351,-0.11990467035600008,0.34274531638716876,0.995,600,153,155,292,40,-1.4746000495148721,-0.10697987600707859,0.14676859816348806
drax,,ls-tc-babble0,main,ref,4,True,legacy,mbr,rover_cg,0.9396761473277959,0.6068948461889367,1.2914230981409465,0.1727806910367083,0.0,600,147,83,370,40,0.570586966766169,1.3026493319683023,2.183387128323038e-07
drax,,ls-tc-babble0,main,ref,4,True,whisper,mbr,rover_cg,-0.17472335468841002,-0.6130295444816269,0.2560964166655614,0.2233260596407866,0.786,600,131,130,339,40,-0.7939066900629396,0.4312372678933484,0.42130131322913544
drax,,ls-tc-babble0,main,ref,4,True,legacy,cm05,rover_cg,0.7886567665072574,0.37591947942547266,1.2077128728025095,0.21542137762154484,0.0,600,151,79,370,40,0.4778541196417413,1.092733136473283,6.004964054715422e-06
drax,,ls-tc-babble0,main,ref,4,True,whisper,cm05,rover_cg,-0.34944670937682004,-0.8068594039935494,0.12893036279532255,0.24273831999150008,0.9225,600,129,128,343,40,-0.8103359031191945,0.10273453311532658,0.19058085424768711
drax,,ls-tc-babble0,main,ref,4,True,legacy,conf,rover_c,0.41949828005705175,-0.2184916167562274,1.049298941950352,0.318181428224008,0.0955,600,167,110,323,40,-0.19550901946852292,0.9995306568746385,0.002511382302128015
drax,,ls-tc-babble0,main,ref,4,True,whisper,conf,rover_c,-0.8070554954655129,-1.495647028234542,-0.12470795704303371,0.34205892933462356,0.994,600,150,154,296,40,-1.4837269654200096,-0.10527669944066673,0.13397176937299438
drax,,ls-tc-babble0,main,ref,4,True,legacy,conf,rover_freq,0.4950079704673211,-0.16231551582897308,1.1272376027585784,0.32889552629831076,0.068,600,168,110,322,40,-0.10639932565221799,1.0646109223424514,0.0024361445665666086
drax,,ls-tc-babble0,main,ref,4,True,whisper,conf,rover_freq,-0.7321740577419087,-1.4483836299445323,-0.016799178509190778,0.35403380636574877,0.9775,600,152,153,295,40,-1.3935571075225288,-0.057755400703509346,0.18625566814709016
drax,,ls-tc-babble0,main,ref,4,True,legacy,first,rover_cg,0.5872975920798724,-0.059128422455432025,1.247758282637191,0.32770081941770507,0.0425,600,193,112,295,40,0.12186691077580157,1.0635668594030538,0.00014309894789818971
drax,,ls-tc-babble0,main,ref,4,True,whisper,first,rover_cg,-0.5408103835593644,-1.2432631426986986,0.1588378436339818,0.35605386474575823,0.9325,600,173,149,278,40,-1.2433231841007384,0.13603309709891884,0.8205107156858411
drax,,ls-tc-babble0,main,ref,4,True,legacy,conf,mbr,-0.5285678328718852,-1.2634760921537664,0.18157494163310806,0.3702681711898916,0.923,600,120,111,369,40,-1.2711723134130841,0.1799328313835277,0.9595023685373142
drax,,ls-tc-babble0,main,ref,4,True,whisper,conf,mbr,-0.6323321407771029,-1.3444581488548493,0.04983284250673097,0.3602615745145008,0.9655,600,120,115,365,40,-1.3634830044981552,0.07812992912931857,0.9788263257861755
drax,,ls-tc-babble0,main,ref,4,True,legacy,first,conf,0.17618927762396175,-0.37353952492297976,0.7426456957159252,0.28394169538310465,0.26,600,130,113,357,40,-0.341932776545467,0.7214220962632161,0.2952598087681325
drax,,ls-tc-babble0,main,ref,4,True,whisper,first,conf,0.2662451119061486,-0.26856872213346333,0.8078726665507137,0.27495496477437825,0.157,600,133,112,355,40,-0.2603229022690945,0.8261064643762519,0.16560641233608897
drax,,ls-tc-babble0,main,ref,4,True,legacy,rover_freq,rover_cg,-0.08389965601141035,-0.3308810901338933,0.16257581799483703,0.12458458247163942,0.775,600,67,80,453,40,-0.31493173279445674,0.13074806283222462,0.5114398572382088
drax,,ls-tc-babble0,main,ref,4,True,whisper,rover_freq,rover_cg,-0.0748814377236043,-0.31320836408302505,0.16967366488348054,0.12268983307145913,0.7495,600,66,78,456,40,-0.3099749164004667,0.1452391963018453,0.554145061519951
drax,,ls-tc-babble10,main,main,16,True,legacy,conf,rover_cg,1.1913751153620271,0.852022846565258,1.5221161485472832,0.17054121066140018,0.0,600,122,38,440,40,0.842711284136998,1.5699667032127111,3.860791265033423e-12
drax,,ls-tc-babble10,main,main,16,True,whisper,conf,rover_cg,-0.8320159747067144,-1.3046511594507468,-0.3863139704980549,0.23760204172015537,1.0,600,103,122,375,40,-1.6261481725499591,-0.11439475142361806,0.0001507943547422855
drax,,ls-tc-babble10,main,main,16,True,legacy,mbr,rover_cg,0.025169896803423106,-0.12656622892854968,0.18427351470281275,0.08025645782523724,0.411,600,34,33,533,40,-0.13033011417399415,0.19806672910952589,0.8177107095194536
drax,,ls-tc-babble10,main,main,16,True,whisper,mbr,rover_cg,-1.8137948248606373,-2.189752778022971,-1.4302165766517712,0.1978101577213078,1.0,600,28,127,445,40,-2.454859981297219,-1.2408220938002965,1.3170782068956151e-19
drax,,ls-tc-babble10,main,main,16,True,legacy,cm05,rover_cg,0.3355986240456414,0.11617317403018715,0.5379055138263824,0.1065906636268667,0.001,600,60,31,509,40,0.08209840403694521,0.6008192526409579,0.0024383654267110207
drax,,ls-tc-babble10,main,main,16,True,whisper,cm05,rover_cg,-1.5392295532074216,-1.971823754960163,-1.1252435123133964,0.21355650044173935,1.0,600,51,124,425,40,-2.2685907795334197,-0.9190742917110604,3.218346533536766e-13
drax,,ls-tc-babble10,main,main,16,True,legacy,conf,rover_c,1.2333249433677322,0.9039537187275497,1.5630284062132753,0.16654154416850547,0.0,600,118,28,454,40,0.8911504355960033,1.5894260026400122,9.229170599682705e-14
drax,,ls-tc-babble10,main,main,16,True,whisper,conf,rover_c,-0.7987353357184458,-1.2692319102017977,-0.3582032835430784,0.23676419128266196,1.0,600,100,116,384,40,-1.5611118192365538,-0.09483863505194137,0.00021485870807201837
drax,,ls-tc-babble10,main,main,16,True,legacy,conf,rover_freq,1.2333249433677322,0.8804272614209161,1.5762110628618113,0.1785193307969572,0.0,600,116,32,452,40,0.894572362556591,1.5765134697468235,8.482691425931815e-13
drax,,ls-tc-babble10,main,main,16,True,whisper,conf,rover_freq,-0.7737748564772443,-1.2641712146581485,-0.3246774487385942,0.24103687965138082,1.0,600,102,119,379,40,-1.520513753790186,-0.10081760991361992,0.0003595494226196064
drax,,ls-tc-babble10,main,main,16,True,legacy,first,rover_cg,4.010403557345415,3.495104176524334,4.52081818472398,0.2645640973323913,0.0,600,260,25,315,40,3.463234700292172,4.625386208098211,3.6609872672387888e-40
drax,,ls-tc-babble10,main,main,16,True,whisper,first,rover_cg,1.9219569015725102,1.344429687771766,2.495455901573382,0.2943496227294808,0.0,600,219,91,290,40,1.189406368856738,2.6295404902201227,2.218769816337981e-09
drax,,ls-tc-babble10,main,main,16,True,legacy,conf,mbr,1.1662052185586038,0.8262222333275031,1.5038534520632716,0.17458943117166117,0.0,600,109,30,461,40,0.8242696220921844,1.5083567396327602,1.3126397725342982e-11
drax,,ls-tc-babble10,main,main,16,True,whisper,conf,mbr,0.981778850153923,0.6604516491649355,1.2882120497680027,0.1572337387613185,0.0,600,109,35,456,40,0.6300929308004152,1.3249073940496927,2.224134286510933e-09
drax,,ls-tc-babble10,main,main,16,True,legacy,first,conf,2.819028441983388,2.3212228852487726,3.343602198630915,0.26272698422611274,0.0,600,217,55,328,40,2.271596089706888,3.446819909389361,1.1620095863800097e-23
drax,,ls-tc-babble10,main,main,16,True,whisper,first,conf,2.7539728762792244,2.2732994037163023,3.2620289822984816,0.25370966384294386,0.0,600,216,51,333,40,2.272665165911193,3.3257763079409357,1.6314727139355027e-24
drax,,ls-tc-babble10,main,main,16,True,legacy,rover_freq,rover_cg,-0.041949828005705174,-0.1839264736945085,0.0913173779424899,0.07041988480616793,0.7485,600,29,32,539,40,-0.1757665051939318,0.10155739881970535,0.5525702328624491
drax,,ls-tc-babble10,main,main,16,True,whisper,rover_freq,rover_cg,-0.05824111822947001,-0.20045739676506075,0.08095201621990485,0.07194885628646525,0.8095,600,29,33,538,40,-0.19221444651495206,0.084097488928611,0.41569081034727795
drax,,ls-tc-babble10,main,ref,4,True,legacy,conf,rover_cg,0.17618927762396175,-0.008360859632492756,0.3746376698050102,0.09790327150765935,0.035,600,43,30,527,40,-0.03356839165969246,0.38948995946956544,0.08450922886876198
drax,,ls-tc-babble10,main,ref,4,True,whisper,conf,rover_cg,-1.7555537066311673,-2.158030773874959,-1.3283557685127863,0.21261557612109397,1.0,600,36,126,438,40,-2.458020143597845,-1.1473672761913585,1.2143362577568912e-16
drax,,ls-tc-babble10,main,ref,4,True,legacy,mbr,rover_cg,-0.05033979360684621,-0.18418023575048936,0.08976318181915495,0.06983854864000903,0.776,600,27,32,541,40,-0.168799537276174,0.07858632857863096,0.4656427708491019
drax,,ls-tc-babble10,main,ref,4,True,whisper,mbr,rover_cg,-1.9219569015725102,-2.317969100004692,-1.5234226590830016,0.20197703895856553,1.0,600,27,126,447,40,-2.543592666397934,-1.3729556845590714,2.327315931795589e-20
drax,,ls-tc-babble10,main,ref,4,True,legacy,cm05,rover_cg,-0.12584948401711554,-0.250772485743142,0.0,0.06525632599714805,0.976,600,18,31,551,40,-0.27856507796804386,0.008494968046250646,0.0547783175990755
drax,,ls-tc-babble10,main,ref,4,True,whisper,cm05,rover_cg,-2.021798818537316,-2.401889080888696,-1.6337255477759018,0.1978722846907554,1.0,600,17,127,456,40,-2.671845615441627,-1.4646883546803993,1.2689306484415583e-21
drax,,ls-tc-babble10,main,ref,4,True,legacy,conf,rover_c,0.27686886483765416,0.10024034478743522,0.45963297772252515,0.09148880923491493,0.0,600,41,18,541,40,0.07447586186376375,0.4830937655404547,0.0030337222712069284
drax,,ls-tc-babble10,main,ref,4,True,whisper,conf,rover_c,-1.6723521091604958,-2.077712011291958,-1.2587858468860815,0.21139231032245792,1.0,600,35,117,448,40,-2.4093555359526895,-1.062676904913595,9.427318794742712e-16
drax,,ls-tc-babble10,main,ref,4,True,legacy,conf,rover_freq,0.2600889336353721,0.08578077540423582,0.442388421801229,0.090120481717404,0.0025,600,45,22,533,40,0.06710437866091348,0.446705524446836,0.005151237988530718
drax,,ls-tc-babble10,main,ref,4,True,whisper,conf,rover_freq,-1.68899242865463,-2.093065969390874,-1.2824129673472302,0.2082200005959601,1.0,600,36,122,442,40,-2.4244969695716265,-1.0701154251660077,2.8728631433338015e-16
drax,,ls-tc-babble10,main,ref,4,True,legacy,first,rover_cg,0.3607685208490645,0.15582771262916728,0.5674661635986131,0.10765159588606751,0.0005,600,59,32,509,40,0.12241048603868437,0.6341629073308559,0.0009449870243855433
drax,,ls-tc-babble10,main,ref,4,True,whisper,first,rover_cg,-1.5475497129544886,-1.9603383158385186,-1.1336332031208494,0.21374577913984563,1.0,600,48,124,428,40,-2.2075324863968064,-0.942522511285065,2.6334327152073167e-13
drax,,ls-tc-babble10,main,ref,4,True,legacy,conf,mbr,0.22652907123080795,0.05004311518470413,0.4081350331945691,0.0930885959728493,0.0065,600,40,22,538,40,0.03364745506349473,0.41957010099124936,0.020797377188569766
drax,,ls-tc-babble10,main,ref,4,True,whisper,conf,mbr,0.16640319494134287,-0.008694329284157849,0.3494257504966614,0.09183771018887844,0.0375,600,35,25,540,40,-0.03420536824215225,0.35959609139202037,0.10334953729439318
drax,,ls-tc-babble10,main,ref,4,True,legacy,first,conf,0.18457924322510277,-0.040580621852394645,0.4167653908478277,0.11539206928320508,0.0585,600,52,36,512,40,-0.07038298722202815,0.4521425177818733,0.11411915780557043
drax,,ls-tc-babble10,main,ref,4,True,whisper,first,conf,0.2080039936766786,-0.01660162662167633,0.4186564447394906,0.11471446994729627,0.0355,600,51,32,517,40,-0.025160983716988543,0.45311969379431544,0.06977619064041359
drax,,ls-tc-babble10,main,ref,4,True,legacy,rover_freq,rover_cg,-0.08389965601141035,-0.19961036181116643,0.024919549393792553,0.05611621017933517,0.948,600,17,27,556,40,-0.20023110006212483,0.03379627317352033,0.13166801602281422
drax,,ls-tc-babble10,main,ref,4,True,whisper,rover_freq,rover_cg,-0.06656127797653714,-0.17803674030913652,0.041586619554310415,0.054166540774689215,0.905,600,17,25,558,40,-0.18101483341730798,0.04943206285517848,0.21704390775694227
drax,,ls-tc-babble5,main,main,16,True,legacy,conf,rover_cg,2.4750398523366055,2.0051847027788234,2.9295888490833866,0.23513809946183306,0.0,600,206,62,332,40,1.9508071969979965,3.0273123069194283,1.7790952624344286e-21
drax,,ls-tc-babble5,main,main,16,True,whisper,conf,rover_cg,0.6656127797653715,0.12950514311403905,1.2026509601734998,0.279354072134981,0.011,600,164,125,311,40,-0.1316524629159372,1.4715898840519195,0.04124201235256575
drax,,ls-tc-babble5,main,main,16,True,legacy,mbr,rover_cg,0.696367144894706,0.4099752896611323,0.972432613129988,0.14375856445344165,0.0,600,111,56,433,40,0.3902505337181363,1.0063967125824909,6.526319156879641e-06
drax,,ls-tc-babble5,main,main,16,True,whisper,mbr,rover_cg,-0.9318578916715201,-1.3930336659734563,-0.4773567178745636,0.22908279846896623,1.0,600,95,138,367,40,-1.5722036249233258,-0.3142115673069585,2.125495955754242e-05
drax,,ls-tc-babble5,main,main,16,True,legacy,cm05,rover_cg,1.2333249433677322,0.8563870753639019,1.601357164284643,0.1927638789050497,0.0,600,140,55,405,40,0.8257362125295827,1.680898873236208,5.089544715993919e-10
drax,,ls-tc-babble5,main,main,16,True,whisper,cm05,rover_cg,-0.43264830684749145,-0.9566195905623064,0.06722518127672449,0.2616617098735418,0.9515,600,120,128,352,40,-1.2381628431821599,0.3095803315190969,0.047836340544527046
drax,,ls-tc-babble5,main,main,16,True,legacy,conf,rover_c,2.4834298179377465,2.020501305007684,2.932153428837008,0.23489434927944533,0.0,600,204,58,338,40,1.958152819450274,3.0457610062984277,9.023425614860937e-22
drax,,ls-tc-babble5,main,main,16,True,whisper,conf,rover_c,0.6822530992595058,0.12732063256110956,1.21539063537319,0.2794021218270948,0.009,600,164,121,315,40,-0.12544718748368514,1.4814382079523514,0.038741438852987385
drax,,ls-tc-babble5,main,main,16,True,legacy,conf,rover_freq,2.819028441983388,2.3285063748637245,3.3162505017054786,0.253809458593822,0.0,600,213,50,337,40,2.214372536916981,3.4734593424719917,3.452967371811244e-24
drax,,ls-tc-babble5,main,main,16,True,whisper,conf,rover_freq,0.981778850153923,0.42813826088847934,1.5479045343342135,0.2918550978992344,0.0005,600,174,116,310,40,0.11192561515489884,1.8095422908496746,0.005131039196982259
drax,,ls-tc-babble5,main,main,16,True,legacy,first,rover_cg,7.097910898565316,6.365441665869634,7.812041784412852,0.3793979208158777,0.0,600,364,35,201,40,6.143273456308599,8.099280334247943,5.229756245096639e-56
drax,,ls-tc-babble5,main,main,16,True,whisper,first,rover_cg,5.250020800399367,4.44385033232495,5.993576160084176,0.39887530577122465,0.0,600,321,82,197,40,4.191950525854569,6.3336543375922645,6.567655264339658e-32
drax,,ls-tc-babble5,main,main,16,True,legacy,conf,mbr,1.7786727074418995,1.3290760242628639,2.217522002415268,0.2248031657967847,0.0,600,174,62,364,40,1.3457061910600314,2.202952750959389,8.349866997229116e-15
drax,,ls-tc-babble5,main,main,16,True,whisper,conf,mbr,1.5974706714368916,1.1498831534906748,2.0354191634725702,0.2248907616817442,0.0,600,168,63,369,40,1.1653416808310069,2.0009129911400083,3.072438667459005e-12
drax,,ls-tc-babble5,main,main,16,True,legacy,first,conf,4.622871046228711,3.8700039988854127,5.336038727578044,0.37611561844676883,0.0,600,295,79,226,40,3.813336636641112,5.421031050404578,2.907488979899159e-30
drax,,ls-tc-babble5,main,main,16,True,whisper,first,conf,4.5844080206339965,3.8365888130219763,5.324838464177048,0.3802098642900927,0.0,600,294,74,232,40,3.840012536732299,5.349933746323302,4.93727452018009e-31
drax,,ls-tc-babble5,main,main,16,True,legacy,rover_freq,rover_cg,-0.34398858964678247,-0.5522247554936104,-0.1577961513878644,0.09890111790359567,1.0,600,40,75,485,40,-0.5375710587602989,-0.15860779460376884,0.0006576085990098082
drax,,ls-tc-babble5,main,main,16,True,whisper,rover_freq,rover_cg,-0.31616607038855143,-0.5162848331928328,-0.13233760723315255,0.09702705555588459,0.9995,600,39,73,488,40,-0.5110616825438725,-0.1286511730360123,0.0014804115138909555
drax,,ls-tc-babble5,main,ref,4,True,legacy,conf,rover_cg,0.5033979360684622,0.2512103990467212,0.7543676082594537,0.1300021188512977,0.0005,600,96,52,452,40,0.29913821358678133,0.7155172945540553,0.00013139271800936443
drax,,ls-tc-babble5,main,ref,4,True,whisper,conf,rover_cg,-1.1731425243364673,-1.5773513091946196,-0.7552773663773675,0.21129894791789533,1.0,600,81,129,390,40,-1.7847317597859835,-0.6400015131395761,2.181212724063755e-08
drax,,ls-tc-babble5,main,ref,4,True,legacy,mbr,rover_cg,0.025169896803423106,-0.13417415953004086,0.19347490536564882,0.08412956992515347,0.396,600,43,45,512,40,-0.1366255527988721,0.17168434886579956,0.7508060042687157
drax,,ls-tc-babble5,main,ref,4,True,whisper,mbr,rover_cg,-1.6557117896663616,-2.0286443760433794,-1.288351176440238,0.19387628234322718,1.0,600,40,129,431,40,-2.3154865455465194,-1.0879246920247212,1.764349649305604e-16
drax,,ls-tc-babble5,main,ref,4,True,legacy,cm05,rover_cg,0.20974914002852588,0.03327801672675751,0.3959970650654126,0.09441233101316641,0.009,600,51,35,514,40,0.05614300371274733,0.3759900518753256,0.02653297296008833
drax,,ls-tc-babble5,main,ref,4,True,whisper,cm05,rover_cg,-1.4643481154838174,-1.8375597939701773,-1.09306385859591,0.1959801646005589,1.0,600,46,120,434,40,-2.1089848107059725,-0.8945760812830759,1.0452122000890971e-13
drax,,ls-tc-babble5,main,ref,4,True,legacy,conf,rover_c,0.5285678328718852,0.27929985919594624,0.7732425589939115,0.12719744223500923,0.0,600,93,45,462,40,0.3305427200068721,0.7382353404136023,5.4601720454475817e-05
drax,,ls-tc-babble5,main,ref,4,True,whisper,conf,rover_c,-1.1398618853481988,-1.5512530729360032,-0.7290586494846643,0.20868952330548854,1.0,600,79,124,397,40,-1.7317881683171905,-0.6097277487990435,2.0582799533403916e-08
drax,,ls-tc-babble5,main,ref,4,True,legacy,conf,rover_freq,0.5201778672707442,0.2493078578108893,0.7967269602863931,0.13812580316982673,0.0,600,91,50,459,40,0.27322803560273184,0.7857744783406769,0.0003012024366741074
drax,,ls-tc-babble5,main,ref,4,True,whisper,conf,rover_freq,-1.1398618853481988,-1.561096592807508,-0.7127840851159286,0.21468611840853175,1.0,600,78,130,392,40,-1.7290473107086175,-0.6065526656246685,5.104250479221331e-08
drax,,ls-tc-babble5,main,ref,4,True,legacy,first,rover_cg,0.5789076264787314,0.32494991649151445,0.8286972320707057,0.12677419791288552,0.0,600,109,57,434,40,0.29589121802551366,0.8423902264702272,6.285967261049538e-06
drax,,ls-tc-babble5,main,ref,4,True,whisper,first,rover_cg,-1.1481820450952658,-1.5727585212058355,-0.7398215413536865,0.21359623239394787,1.0,600,89,138,373,40,-1.8609826106447442,-0.5244521763411341,1.0987887295545267e-07
drax,,ls-tc-babble5,main,ref,4,True,legacy,conf,mbr,0.47822803926503904,0.20675416544574463,0.7422993617646646,0.1375221158194074,0.001,600,92,49,459,40,0.24040968749810157,0.7315927583451247,0.0013456488491595201
drax,,ls-tc-babble5,main,ref,4,True,whisper,conf,mbr,0.48256926532989436,0.2072170315735894,0.7521329209576647,0.14172490350785755,0.001,600,89,45,466,40,0.20470263969214392,0.764733408950953,0.0014476569516836066
drax,,ls-tc-babble5,main,ref,4,True,legacy,first,conf,0.07550969041026932,-0.2421089198273884,0.3869325268847637,0.15785268757443846,0.3355,600,83,73,444,40,-0.2758031105541408,0.3960966792918449,0.46614299563034933
drax,,ls-tc-babble5,main,ref,4,True,whisper,first,conf,0.02496047924120143,-0.2943434250290034,0.3315752073205636,0.1582359967389483,0.459,600,75,70,455,40,-0.37079733716498137,0.3874261867809792,0.5807086121417978
drax,,ls-tc-babble5,main,ref,4,True,legacy,rover_freq,rover_cg,-0.01677993120228207,-0.14709858917392943,0.10966230887685281,0.06586393417022113,0.6295,600,31,32,537,40,-0.16383008510004246,0.12675368271444365,0.8055405886674938
drax,,ls-tc-babble5,main,ref,4,True,whisper,rover_freq,rover_cg,-0.03328063898826857,-0.16317942882520536,0.09177949299274488,0.06466078066082932,0.7155,600,29,32,539,40,-0.17340515732688977,0.10152120205400807,0.6170750774519738
drax,,ls-tc-white5,main,main,16,True,legacy,conf,rover_cg,1.7451128450373354,1.3826391511623322,2.1393593242144657,0.19267200259967612,0.0,600,165,46,389,40,1.2589145444091452,2.243286974701551,1.962615516143868e-16
drax,,ls-tc-white5,main,main,16,True,whisper,conf,rover_cg,-0.008320159747067143,-0.49344851848620563,0.4870632940274798,0.25332224479665466,0.526,600,140,123,337,40,-0.8301666049852294,0.7755583187752092,0.744938526782933
drax,,ls-tc-white5,main,main,16,True,legacy,mbr,rover_cg,0.3859384176524876,0.1789383603947872,0.5901629438041591,0.10499224010618197,0.0005,600,67,35,498,40,0.12835684808388628,0.6433149269361222,0.00023842341162426132
drax,,ls-tc-white5,main,main,16,True,whisper,mbr,rover_cg,-1.2480239620600715,-1.651179504391395,-0.8474887643800246,0.20241729765047367,1.0,600,66,122,412,40,-1.9440444530961587,-0.6488982627728698,3.856963310343055e-10
drax,,ls-tc-white5,main,main,16,True,legacy,cm05,rover_cg,0.8138266633106804,0.5406705595926052,1.1102853755053919,0.14801754601478756,0.0,600,98,44,458,40,0.42528653895390534,1.2194849150662423,3.375735241611713e-07
drax,,ls-tc-white5,main,main,16,True,whisper,cm05,rover_cg,-0.7072135785007072,-1.190647312920355,-0.21658006948831382,0.24802981376115804,0.9975,600,91,126,383,40,-1.525976867295155,0.11029200030432912,0.0005040086788185303
drax,,ls-tc-white5,main,main,16,True,legacy,conf,rover_c,1.8206225354476047,1.4594571745281901,2.2139157575833464,0.1915505205485363,0.0,600,167,40,393,40,1.321400401228364,2.334668780837647,3.911440559420576e-18
drax,,ls-tc-white5,main,main,16,True,whisper,conf,rover_c,0.06656127797653714,-0.4204623626561671,0.5506591161399095,0.25167818325771635,0.409,600,142,117,341,40,-0.7689248040490104,0.8793675782225991,0.9654676753762182
drax,,ls-tc-white5,main,main,16,True,legacy,conf,rover_freq,1.904522191459015,1.5256123346791293,2.30438449516157,0.19777440320175868,0.0,600,171,43,386,40,1.3813792659158772,2.4355051155673184,2.359563782045683e-18
drax,,ls-tc-white5,main,main,16,True,whisper,conf,rover_freq,0.09984191696480572,-0.3851493140935259,0.5899707208420898,0.2580406287644975,0.3605,600,142,122,336,40,-0.7467878795702256,0.9200372779906784,0.877914653337286
drax,,ls-tc-white5,main,main,16,True,legacy,first,rover_cg,4.882959979864083,4.308211893370471,5.493549193929224,0.3030738915909958,0.0,600,303,32,265,40,4.064842139956813,5.7535479854536655,6.251770488240223e-46
drax,,ls-tc-white5,main,main,16,True,whisper,first,rover_cg,3.20326150262085,2.5234414296188397,3.924584973844072,0.35737397052053405,0.0,600,261,94,245,40,2.1614117510787807,4.229273102556834,8.607780354635866e-17
drax,,ls-tc-white5,main,main,16,True,legacy,conf,mbr,1.3591744273848476,1.0037455951970558,1.7468042941398372,0.188684735582243,0.0,600,142,44,414,40,0.9683348532041807,1.7549250044874236,1.0351141151178181e-11
drax,,ls-tc-white5,main,main,16,True,whisper,conf,mbr,1.2397038023130045,0.8949653730869074,1.6021031492964897,0.1821056563000493,0.0,600,143,47,410,40,0.8693156511349366,1.6098147970294638,1.8715298180135128e-10
drax,,ls-tc-white5,main,main,16,True,legacy,first,conf,3.1378471348267474,2.536270091471226,3.7335283196893867,0.30963509576148524,0.0,600,238,80,282,40,2.430641308966001,3.9067409167092646,2.94367093053159e-22
drax,,ls-tc-white5,main,main,16,True,whisper,first,conf,3.2115816623679176,2.567921870282482,3.8640537918231472,0.33001132432160396,0.0,600,244,85,271,40,2.4879548543429886,3.9686741649638813,2.13805783412362e-22
drax,,ls-tc-white5,main,main,16,True,legacy,rover_freq,rover_cg,-0.15940934642167967,-0.3143883372114281,-0.016671332979129067,0.07524927205692386,0.986,600,25,41,534,40,-0.3144467255375929,-0.007880698351116525,0.034381984879940125
drax,,ls-tc-white5,main,main,16,True,whisper,rover_freq,rover_cg,-0.10816207671187286,-0.26742904762280906,0.04421331924279504,0.07799643014803836,0.9285,600,27,39,534,40,-0.2586593529892332,0.04130358861615728,0.16701481003099972
drax,,ls-tc-white5,main,ref,4,True,legacy,conf,rover_cg,0.26847889923651314,0.05153571624098478,0.4888618249096543,0.1085383082655118,0.0075,600,64,39,497,40,0.08407383177845498,0.4403593665389323,0.013702654173159325
drax,,ls-tc-white5,main,ref,4,True,whisper,conf,rover_cg,-1.439387636242616,-1.8565488649741748,-1.0464520089461637,0.21218565658673236,1.0,600,58,127,415,40,-2.0476734037357764,-0.9005089015167225,2.202829067464281e-12
drax,,ls-tc-white5,main,ref,4,True,legacy,mbr,rover_cg,0.058729759207987245,-0.1157746226906063,0.2187728274248806,0.08474203673430769,0.264,600,41,35,524,40,-0.07049783965337772,0.1878772150234939,0.49212385662604585
drax,,ls-tc-white5,main,ref,4,True,whisper,mbr,rover_cg,-1.6390714701722273,-2.030653161925209,-1.2545365528862364,0.20201691542126085,1.0,600,38,127,435,40,-2.3030742820305536,-1.0383619636466386,1.5732643489329588e-15
drax,,ls-tc-white5,main,ref,4,True,legacy,cm05,rover_cg,0.12584948401711554,-0.04265166866002657,0.30084661205347424,0.08846553357242058,0.089,600,42,31,527,40,-0.033125819957782396,0.2827939608894985,0.14794065289188574
drax,,ls-tc-white5,main,ref,4,True,whisper,cm05,rover_cg,-1.6141109909310258,-2.0052352266207687,-1.2148115196576217,0.20114172055866927,1.0,600,35,124,441,40,-2.2681997465367183,-1.0281008738967337,1.840843593508452e-15
drax,,ls-tc-white5,main,ref,4,True,legacy,conf,rover_c,0.2600889336353721,0.049894950147208315,0.47775157319285017,0.10927288392413072,0.009,600,61,38,501,40,0.0669625748073255,0.43258395878608935,0.018722814578412357
drax,,ls-tc-white5,main,ref,4,True,whisper,conf,rover_c,-1.447707795989683,-1.872587369461042,-1.051716561014712,0.2136215280150539,1.0,600,55,126,419,40,-2.0617945998208302,-0.9078014378150151,3.393766285310982e-12
drax,,ls-tc-white5,main,ref,4,True,legacy,conf,rover_freq,0.32720865844450037,0.10372706280507368,0.548792080158641,0.11649731457903047,0.0025,600,65,36,499,40,0.12992866780166992,0.5149894217300934,0.006385436699218456
drax,,ls-tc-white5,main,ref,4,True,whisper,conf,rover_freq,-1.3645061985190117,-1.801656615292979,-0.951014988064832,0.21902257349249754,1.0,600,63,126,411,40,-1.9786818744053583,-0.8114493710717431,7.107272305390195e-11
drax,,ls-tc-white5,main,ref,4,True,legacy,first,rover_cg,0.48661800486618007,0.2566689851496392,0.728463239454766,0.12265029673084604,0.0,600,87,43,470,40,0.23443478813575316,0.738197073561517,0.00013094056738369622
drax,,ls-tc-white5,main,ref,4,True,whisper,first,rover_cg,-1.2646642815542057,-1.6717534966177678,-0.8476622491681041,0.2143085989137835,1.0,600,79,134,387,40,-1.9195576951766224,-0.6609340638201758,1.2510039564602828e-09
drax,,ls-tc-white5,main,ref,4,True,legacy,conf,mbr,0.20974914002852588,-0.0171632435636585,0.4450103596897576,0.11800419893084359,0.038,600,58,42,500,40,0.0,0.3951706615726731,0.1024837797876269
drax,,ls-tc-white5,main,ref,4,True,whisper,conf,mbr,0.19968383392961145,-0.033835866919737216,0.44257091978057683,0.12208393706935225,0.0545,600,60,46,494,40,-0.02520500255552666,0.3928182720317552,0.14283556991094948
drax,,ls-tc-white5,main,ref,4,True,legacy,first,conf,0.21813910562966693,-0.05095619118767306,0.4864933438357915,0.1362642548703356,0.0565,600,79,57,464,40,-0.0687409242478749,0.5271211046768083,0.1028618311083417
drax,,ls-tc-white5,main,ref,4,True,whisper,first,conf,0.17472335468841002,-0.09896474231499151,0.45467272261516684,0.1429904763980668,0.121,600,77,60,463,40,-0.09829951485974138,0.47303538057077693,0.19764669434230875
drax,,ls-tc-white5,main,ref,4,True,legacy,rover_freq,rover_cg,-0.058729759207987245,-0.18609893119778415,0.06632976677096666,0.06388492406001828,0.8465,600,23,27,550,40,-0.1750945719970388,0.04968614968968491,0.355668634308697
drax,,ls-tc-white5,main,ref,4,True,whisper,rover_freq,rover_cg,-0.0748814377236043,-0.19953847072967879,0.044368323305026436,0.06331012053936276,0.8975,600,22,28,550,40,-0.19054613481240285,0.03275597763308301,0.23684084525762839
drax,,ls-test-clean,main,main,16,True,legacy,conf,rover_cg,0.4027183488547697,0.16504973502622075,0.6525127863177246,0.12360787308216334,0.0,600,75,39,486,40,0.14965097512029185,0.6465734542989655,0.0010624012095870271
drax,,ls-test-clean,main,main,16,True,whisper,conf,rover_cg,-1.4643481154838174,-1.9005384913384689,-1.0332197056822787,0.21894337543092363,1.0,600,55,128,417,40,-2.211011850616445,-0.8159790225552612,7.995424320334072e-12
drax,,ls-test-clean,main,main,16,True,legacy,mbr,rover_cg,-0.025169896803423106,-0.16103674671449608,0.10360843807437983,0.06903334748340513,0.678,600,25,25,550,40,-0.17392950874989696,0.11985614749234623,0.6898611948018734
drax,,ls-test-clean,main,main,16,True,whisper,mbr,rover_cg,-1.8137948248606373,-2.252938258985755,-1.372453465628098,0.22271692329442233,1.0,600,23,123,454,40,-2.515997337801702,-1.1566382045831025,7.981589369491426e-20
drax,,ls-test-clean,main,main,16,True,legacy,cm05,rover_cg,0.05033979360684621,-0.11539972237546864,0.2122044073504649,0.08377693472050383,0.304,600,38,30,532,40,-0.14029042059788108,0.2368921492813061,0.5554373184314985
drax,,ls-test-clean,main,main,16,True,whisper,cm05,rover_cg,-1.738913387137033,-2.1519436544669355,-1.2971473554319857,0.21223958842046528,1.0,600,35,123,442,40,-2.482583451329688,-1.0779178985656215,3.832593260721628e-18
drax,,ls-test-clean,main,main,16,True,legacy,conf,rover_c,0.5117879016696032,0.2806351798816098,0.7509100168657115,0.11873893233981729,0.0,600,76,30,494,40,0.26828872287303895,0.7513454916641373,1.673964354348112e-05
drax,,ls-test-clean,main,main,16,True,whisper,conf,rover_c,-1.3728263582660787,-1.8191493380031738,-0.9260954904706719,0.22047054901905594,1.0,600,57,121,422,40,-2.0846403600142565,-0.7452393406436202,7.058409583931006e-11
drax,,ls-test-clean,main,main,16,True,legacy,conf,rover_freq,0.5369577984730263,0.3051076310749104,0.7734175875253055,0.12174247923705979,0.0,600,77,31,492,40,0.30578375233177973,0.7553366791935736,1.8431771678908657e-05
drax,,ls-test-clean,main,main,16,True,whisper,conf,rover_freq,-1.3561860387719444,-1.787248997581776,-0.9216476151562037,0.22052431818324483,1.0,600,59,121,420,40,-2.089419231040693,-0.7171487135066583,1.559443690540225e-10
drax,,ls-test-clean,main,main,16,True,legacy,first,rover_cg,2.827418407584529,2.348055949575287,3.3094001619896134,0.24994849476457892,0.0,600,201,25,374,40,2.2020952908563465,3.4938758483186225,6.271906976050346e-30
drax,,ls-test-clean,main,main,16,True,whisper,first,rover_cg,0.9734586904068558,0.4067514495910763,1.5438741755764311,0.2930466186804034,0.0,600,170,102,328,40,0.2374485421395972,1.7157890495522623,0.005272375956395208
drax,,ls-test-clean,main,main,16,True,legacy,conf,mbr,0.4278882456581928,0.20183090357830374,0.6582999081773758,0.11766378302315682,0.0,600,71,30,499,40,0.22198377040136363,0.6269439220404658,0.0006724919315426144
drax,,ls-test-clean,main,main,16,True,whisper,conf,mbr,0.34944670937682004,0.007873062015503886,0.6766108195217858,0.1733554880758183,0.025,600,68,29,503,40,-0.016322566207091507,0.647927412133987,0.0014858579725581596
drax,,ls-test-clean,main,main,16,True,legacy,first,conf,2.4247000587297594,1.9253607518142852,2.92710620963239,0.2547991989843205,0.0,600,189,43,368,40,1.795788176501246,3.114541042931267,5.500935299278502e-22
drax,,ls-test-clean,main,main,16,True,whisper,first,conf,2.437806805890673,1.9334036154524792,2.9578425351096533,0.26027214047094793,0.0,600,190,41,369,40,1.8555135830899887,3.0498379993936906,2.6322886655288267e-22
drax,,ls-test-clean,main,main,16,True,legacy,rover_freq,rover_cg,-0.13423944961825657,-0.26118775519790005,-0.008325652044850761,0.06456974514695082,0.984,600,17,29,554,40,-0.2690423428676193,0.0,0.03426660184071695
drax,,ls-test-clean,main,main,16,True,whisper,rover_freq,rover_cg,-0.10816207671187286,-0.23394452118551481,0.008612101201798852,0.06289858661446655,0.9635,600,18,27,555,40,-0.2407922341417584,0.02488348420644562,0.08149976386962726
drax,,ls-test-clean,main,ref,4,True,legacy,conf,rover_cg,0.09228962161255139,-0.048694778613329666,0.24223440458029824,0.07290719603990305,0.118,600,24,18,558,40,-0.052115368482172436,0.24652583829665561,0.2549662222687299
drax,,ls-test-clean,main,ref,4,True,whisper,conf,rover_cg,-1.855395623595973,-2.259751375825224,-1.4264664943512717,0.2089113228933415,1.0,600,21,115,464,40,-2.566123484786275,-1.2461006740080862,3.258561451198732e-18
drax,,ls-test-clean,main,ref,4,True,legacy,mbr,rover_cg,0.041949828005705174,-0.06808061693354618,0.1623654076226286,0.05859743036431274,0.26,600,17,15,568,40,-0.0740380003993362,0.17484120999434438,0.5271107514178401
drax,,ls-test-clean,main,ref,4,True,whisper,mbr,rover_cg,-1.8886762625842417,-2.2710742945409335,-1.5058957346651554,0.19782415250560123,1.0,600,15,115,470,40,-2.5471218693460878,-1.3095797078846036,7.550822186534459e-20
drax,,ls-test-clean,main,ref,4,True,legacy,cm05,rover_cg,0.0,-0.10853371782161311,0.11230036949960319,0.05647120447885295,0.5345,600,13,16,571,40,-0.09678238889270234,0.12083717087362503,0.9158380126634272
drax,,ls-test-clean,main,ref,4,True,whisper,cm05,rover_cg,-1.913636741825443,-2.305341386975547,-1.5121531493588813,0.20213157628760237,1.0,600,13,114,473,40,-2.558066843592405,-1.337700478044209,2.189108867642963e-19
drax,,ls-test-clean,main,ref,4,True,legacy,conf,rover_c,0.058729759207987245,-0.0814317454039673,0.20323502035873256,0.07183383118676084,0.214,600,20,15,565,40,-0.07805171751497068,0.19660707788402457,0.4001524717357655
drax,,ls-test-clean,main,ref,4,True,whisper,conf,rover_c,-1.8803561028371745,-2.3001202513967227,-1.4515305031984855,0.20954633949786985,1.0,600,19,112,469,40,-2.596791070154461,-1.2670021023989106,1.138696436597696e-18
drax,,ls-test-clean,main,ref,4,True,legacy,conf,rover_freq,0.07550969041026932,-0.07631196556374786,0.2255846408068315,0.07636124652967959,0.178,600,26,19,555,40,-0.07909312447177966,0.23923578752197294,0.3106238758459896
drax,,ls-test-clean,main,ref,4,True,whisper,conf,rover_freq,-1.8720359430901072,-2.2909138607382755,-1.447838537434816,0.20966821828867194,1.0,600,24,114,462,40,-2.598749656135599,-1.2533467082608878,7.302101277629399e-19
drax,,ls-test-clean,main,ref,4,True,legacy,first,rover_cg,0.21813910562966693,0.0756467832992863,0.36989352180823076,0.07455840599655698,0.002,600,34,16,550,40,0.0986902991359231,0.3468836741444521,0.004921016674573052
drax,,ls-test-clean,main,ref,4,True,whisper,first,rover_cg,-1.7472335468841003,-2.142859998629229,-1.3394795976482001,0.20226443495378993,1.0,600,25,116,459,40,-2.440618295512578,-1.1469473778606898,1.421044842349408e-17
drax,,ls-test-clean,main,ref,4,True,legacy,conf,mbr,0.05033979360684621,-0.10704412710046637,0.2056661087275516,0.0811128705428851,0.295,600,25,19,556,40,-0.1270303120141159,0.22449022283531414,0.5276421693448061
drax,,ls-test-clean,main,ref,4,True,whisper,conf,mbr,0.03328063898826857,-0.12645715791512957,0.19782879030678951,0.08322551308366168,0.361,600,26,21,553,40,-0.1413226576777379,0.20909357311016957,0.6916717571321346
drax,,ls-test-clean,main,ref,4,True,legacy,first,conf,0.12584948401711554,-0.0086671759634517,0.2598761041743498,0.07108361123314233,0.046,600,27,14,559,40,-0.017777657050557442,0.2643368217954089,0.09950509697986774
drax,,ls-test-clean,main,ref,4,True,whisper,first,conf,0.10816207671187286,-0.01685892593688743,0.238076512216674,0.0670958683271174,0.064,600,23,13,564,40,-0.016661677044836083,0.2416374344190085,0.12455093653751936
drax,,ls-test-clean,main,ref,4,True,legacy,rover_freq,rover_cg,0.01677993120228207,-0.058509104474433166,0.0996177412470654,0.040935781167708865,0.388,600,11,10,579,40,-0.03322010822084112,0.07149293843010425,0.6830913983096087
drax,,ls-test-clean,main,ref,4,True,whisper,rover_freq,rover_cg,0.016640319494134286,-0.05771201766349111,0.09358258698658314,0.038736372337380434,0.391,600,10,9,581,40,-0.025360544926867137,0.06264650547795324,0.6698153575994166
drax,,ls-test-other,kscale,K64,16,False,legacy,conf,rover_cg,0.8958566629339306,0.3740877198246313,1.446782286097098,0.27402544114238236,0.0005,200,31,13,156,32,0.4166666666666667,1.4930019153608636,0.0021751978588799917
drax,,ls-test-other,kscale,K64,16,False,whisper,conf,rover_cg,-1.3033832501386577,-2.251104647026741,-0.24213929414395952,0.5120653431842721,0.994,200,30,44,126,32,-2.0771556159795628,-0.5664703280152095,0.002369912221273841
drax,,ls-test-other,kscale,K64,16,False,legacy,mbr,rover_cg,0.3639417693169093,0.053418446817979526,0.7341145161229987,0.1780006043746113,0.016,200,19,9,172,32,0.0,0.791642523030929,0.04819348829319082
drax,,ls-test-other,kscale,K64,16,False,whisper,mbr,rover_cg,-2.0798668885191347,-2.93324743474465,-1.2276691133703728,0.4334425816561575,1.0,200,16,46,138,32,-2.9794825193445056,-1.2696060380314858,9.905009893371705e-07
drax,,ls-test-other,kscale,K64,16,False,legacy,cm05,rover_cg,0.5879059350503919,0.1813885081364335,1.0307292912820007,0.21804236487594766,0.002,200,24,11,165,32,0.17592818694327364,1.0803473813194437,0.008182876859376994
drax,,ls-test-other,kscale,K64,16,False,whisper,cm05,rover_cg,-1.7193566278424848,-2.6428719889340413,-0.7361578661851204,0.48182360133226626,1.0,200,23,46,131,32,-2.5069591170232455,-0.968692997226341,4.575145049204124e-05
drax,,ls-test-other,kscale,K64,16,False,legacy,conf,rover_c,0.9518477043673013,0.43221258557893927,1.512169905522094,0.27366401828135206,0.0,200,32,12,156,32,0.45524039229000873,1.5488655653504462,0.0010309618789466498
drax,,ls-test-other,kscale,K64,16,False,whisper,conf,rover_c,-1.2479201331114809,-2.1975251997227176,-0.2080492091229017,0.5089009986135316,0.993,200,30,44,126,32,-2.0177496520574887,-0.5223729660623431,0.0031554739957400414
drax,,ls-test-other,kscale,K64,16,False,legacy,conf,rover_freq,0.9238521836506159,0.3882496047005067,1.5164361247596667,0.28492056774452595,0.0,200,31,13,156,32,0.4538342143020967,1.4856773412567401,0.002174770446231604
drax,,ls-test-other,kscale,K64,16,False,whisper,conf,rover_freq,-1.2479201331114809,-2.2321671724245253,-0.18997227697561855,0.5234469202834285,0.9915,200,29,44,127,32,-2.0243556065232755,-0.522978046667337,0.003998721704770476
drax,,ls-test-other,kscale,K64,16,False,legacy,first,rover_cg,5.319148936170213,4.164360818068896,6.745463868740015,0.6550629317236571,0.0,200,90,7,103,32,3.9590535038697166,6.917446871015494,6.558192417642346e-16
drax,,ls-test-other,kscale,K64,16,False,whisper,first,rover_cg,2.8840820854132003,1.4860449491638772,4.424462386292643,0.7522782801474608,0.0,200,73,33,94,32,1.3639407764094005,4.635032889867887,0.0002761091572591553
drax,,ls-test-other,kscale,K64,16,False,legacy,conf,mbr,0.5319148936170213,0.057038586889093836,1.043786091777828,0.24800561957328476,0.016,200,26,15,159,32,0.16778054816092386,0.9653388417222558,0.0378759290120892
drax,,ls-test-other,kscale,K64,16,False,whisper,conf,mbr,0.776483638380477,0.18756302727697566,1.4484804207487012,0.3218947449446543,0.007,200,29,16,155,32,0.31926988031316555,1.3263507160884862,0.014163534196876463
drax,,ls-test-other,kscale,K64,16,False,legacy,first,conf,4.4232922732362825,3.209047933362596,5.783707735596661,0.6487875977383665,0.0,200,81,16,103,32,3.031127418694752,5.989813678900258,8.449719949787764e-12
drax,,ls-test-other,kscale,K64,16,False,whisper,first,conf,4.187465335551858,2.8370594142382997,5.677301501360652,0.7116898118295533,0.0,200,78,21,101,32,2.734306694229934,5.899536105522021,1.3594068479048797e-09
drax,,ls-test-other,kscale,K64,16,False,legacy,rover_freq,rover_cg,-0.027995520716685332,-0.25381965710581006,0.19417745190766053,0.11430072616429815,0.633,200,8,9,183,32,-0.24242282290809405,0.18064982791810064,0.8083651559145103
drax,,ls-test-other,kscale,K64,16,False,whisper,rover_freq,rover_cg,-0.05546311702717693,-0.2788641866984655,0.16262266545302326,0.10965917094473024,0.7365,200,7,9,184,32,-0.2523270468193147,0.14102137929085837,0.6170750774519738
drax,,ls-test-other,kscale,K64,64,True,legacy,conf,rover_cg,0.8958566629339306,0.3813112698513703,1.428696815180138,0.274658027881123,0.001,200,31,10,159,32,0.4139893871179415,1.4662148924763343,0.0015113349663173374
drax,,ls-test-other,kscale,K64,64,True,whisper,conf,rover_cg,-1.4420410427066002,-2.3281757816317987,-0.540979210723633,0.4638246881165474,1.0,200,30,44,126,32,-2.3943925448589995,-0.5362151632873274,0.000700350817597334
drax,,ls-test-other,kscale,K64,64,True,legacy,mbr,rover_cg,0.027995520716685332,-0.2713888811969835,0.3500687490885535,0.15696012208246501,0.4715,200,7,10,183,32,-0.23118491913008232,0.312683200601394,0.9393963507970585
drax,,ls-test-other,kscale,K64,64,True,whisper,mbr,rover_cg,-2.579034941763727,-3.3506686612356718,-1.8152779091839735,0.3982099900421843,1.0,200,5,48,147,32,-3.502895468971005,-1.760191280939101,1.1782108903592756e-09
drax,,ls-test-other,kscale,K64,64,True,legacy,cm05,rover_cg,0.0,-0.3819084955155125,0.4333696506859264,0.20936388303867826,0.532,200,8,13,179,32,-0.3791489932366295,0.40703407337447167,0.6693606387033763
drax,,ls-test-other,kscale,K64,64,True,whisper,cm05,rover_cg,-2.440377149195785,-3.30313599141424,-1.5843717762729057,0.43544421877922035,1.0,200,10,49,141,32,-3.3018936845935842,-1.6725498076446714,8.929133715072228e-08
drax,,ls-test-other,kscale,K64,64,True,legacy,conf,rover_c,1.007838745800672,0.4883125526308641,1.532895711428783,0.27335105471864724,0.0,200,32,8,160,32,0.5065462057111753,1.614331773355061,0.00037174302926248654
drax,,ls-test-other,kscale,K64,64,True,whisper,conf,rover_c,-1.3311148086522462,-2.2049580615536217,-0.4434589800443459,0.45549494817231145,0.998,200,30,44,126,32,-2.285506928710528,-0.3853354631167643,0.0014956542045509444
drax,,ls-test-other,kscale,K64,64,True,legacy,conf,rover_freq,1.0918253079507279,0.5400975651304699,1.669074356541478,0.2959970197005807,0.0,200,33,9,158,32,0.528654697864568,1.7666582929092196,0.00017496569446706243
drax,,ls-test-other,kscale,K64,64,True,whisper,conf,rover_freq,-1.2479201331114809,-2.1769082265036714,-0.28458143904433403,0.48707121844285,0.995,200,33,43,124,32,-2.275265804336971,-0.24523067530904777,0.002282267396869284
drax,,ls-test-other,kscale,K64,64,True,legacy,first,rover_cg,5.403135498320268,4.223979839380049,6.8071264225730035,0.657741237877152,0.0,200,94,4,102,32,3.9743499560662303,7.127654357837283,1.5262424189811183e-16
drax,,ls-test-other,kscale,K64,64,True,whisper,first,rover_cg,2.995008319467554,1.6006844535570908,4.529331280545009,0.7593852666731423,0.0,200,74,31,95,32,1.3948441793519886,4.972579964065204,0.0002158481948726227
drax,,ls-test-other,kscale,K64,64,True,legacy,conf,mbr,0.8678611422172452,0.3686845082143275,1.4054920928122363,0.27272566966985207,0.0005,200,31,12,157,32,0.31234569921592764,1.5417649732281518,0.0023372741314116943
drax,,ls-test-other,kscale,K64,64,True,whisper,conf,mbr,1.136993899057127,0.6136339022762765,1.6937094599994313,0.27904557034144956,0.0,200,37,11,152,32,0.6181166467517657,1.7725939287657853,7.472513360819016e-05
drax,,ls-test-other,kscale,K64,64,True,legacy,first,conf,4.507278835386338,3.2706005985875226,5.849521495359953,0.6686581753567209,0.0,200,87,13,100,32,2.906946304638987,6.361081692794853,1.2206134900143151e-11
drax,,ls-test-other,kscale,K64,64,True,whisper,first,conf,4.437049362174154,3.2031919426043305,5.717391403436802,0.651966388996261,0.0,200,84,18,98,32,2.834495851588643,6.238627973407049,4.9566729150055276e-11
drax,,ls-test-other,kscale,K64,64,True,legacy,rover_freq,rover_cg,-0.1959686450167973,-0.45418720844176885,0.07595250525726308,0.13402610554064537,0.942,200,5,12,183,32,-0.42260770227769023,0.0,0.1488093732118614
drax,,ls-test-other,kscale,K64,64,True,whisper,rover_freq,rover_cg,-0.19412090959511924,-0.44811628253598845,0.0751905611752138,0.13278721562476117,0.942,200,5,12,183,32,-0.41852061531929197,0.0,0.1488093732118614
drax,,ls-test-other,main,main,16,True,legacy,conf,rover_cg,1.4209090053636964,1.0508852697287023,1.7844051806658692,0.18936005204270692,0.0,600,136,48,416,33,0.9682315448726109,1.8634145960236503,2.039033340554663e-12
drax,,ls-test-other,main,main,16,True,whisper,conf,rover_cg,-0.8936883261962391,-1.4599328940744027,-0.372488026701086,0.28065876756866287,0.9995,600,106,132,362,33,-1.762042030364815,-0.0767910631685372,0.0009453114864536674
drax,,ls-test-other,main,main,16,True,legacy,mbr,rover_cg,0.21642984849910604,0.02746819280221288,0.41043998721255553,0.09890039087422604,0.014,600,54,38,508,33,0.028706632727075472,0.4091365922909182,0.03249946108294014
drax,,ls-test-other,main,main,16,True,whisper,mbr,rover_cg,-1.9828709737479053,-2.4583276091663686,-1.517788967555365,0.24018176678259787,1.0,600,44,137,419,33,-2.8608911194427105,-1.241565362326014,2.257700931849123e-17
drax,,ls-test-other,main,main,16,True,legacy,cm05,rover_cg,0.508139644302249,0.25274336983347573,0.7671531594921022,0.13125787142010983,0.0,600,73,42,485,33,0.2765737943188828,0.7284076734847381,0.00022517706276905847
drax,,ls-test-other,main,main,16,True,whisper,cm05,rover_cg,-1.7687581455967232,-2.2752413003843968,-1.2984910579327746,0.24603768080051086,1.0,600,54,134,412,33,-2.624399386549585,-1.0895704186018444,3.7138101190518505e-13
drax,,ls-test-other,main,main,16,True,legacy,conf,rover_c,1.5150089394937423,1.1515524204729095,1.889276080342222,0.18838717934749413,0.0,600,136,40,424,33,1.066516055921087,1.965061071666645,5.698550068857744e-14
drax,,ls-test-other,main,main,16,True,whisper,conf,rover_c,-0.8099050456153416,-1.3696435560955178,-0.28844087496441395,0.28270700371843827,0.998,600,107,124,369,33,-1.6857914720547442,0.0092674175340443,0.0027791018033537142
drax,,ls-test-other,main,main,16,True,legacy,conf,rover_freq,1.3832690317116778,1.0107322322587045,1.766582563337202,0.19093179566262963,0.0,600,130,44,426,33,0.937245459690745,1.8411609937176876,1.0369856343488394e-11
drax,,ls-test-other,main,main,16,True,whisper,conf,rover_freq,-0.930925339787749,-1.5099811968601284,-0.4009119574893429,0.286953061515169,1.0,600,108,130,362,33,-1.8509185585351766,-0.09334887409778464,0.0006381361167295499
drax,,ls-test-other,main,main,16,True,legacy,first,rover_cg,4.526206831655218,3.9484893352269412,5.134178492949617,0.30942924271094724,0.0,600,267,26,307,33,3.605194167411111,5.493152479757964,1.6363167977466222e-40
drax,,ls-test-other,main,main,16,True,whisper,first,rover_cg,2.2714578290821077,1.5757298982419974,2.9709124604324644,0.355411570557952,0.0,600,220,107,273,33,1.225171563514961,3.289818739870395,5.238025425114055e-09
drax,,ls-test-other,main,main,16,True,legacy,conf,mbr,1.2044791568645903,0.8450337232675652,1.5694666592934166,0.18425567863633718,0.0,600,123,41,436,33,0.7469614330966301,1.6679401600318207,4.43193792225849e-10
drax,,ls-test-other,main,main,16,True,whisper,conf,mbr,1.0891826475516664,0.7177839340678132,1.4612633029555289,0.18670991297330136,0.0,600,122,45,433,33,0.6291583592515761,1.577991094553082,1.4195704513081423e-08
drax,,ls-test-other,main,main,16,True,legacy,first,conf,3.1052978262915216,2.5158233215700223,3.712084370825517,0.3089448449854901,0.0,600,220,65,315,33,2.2927432608228164,3.8943190921241215,2.487720639472692e-23
drax,,ls-test-other,main,main,16,True,whisper,first,conf,3.1651461552783466,2.5781728582562664,3.782487367243932,0.31470862670357397,0.0,600,223,65,312,33,2.333525788503946,3.9982374484039878,1.8184499692556375e-23
drax,,ls-test-other,main,main,16,True,legacy,rover_freq,rover_cg,0.037639973652018446,-0.12308026396350204,0.19371725228062617,0.0809369935644413,0.343,600,32,31,537,33,-0.10169178145511694,0.18406807083502918,0.7189516903310387
drax,,ls-test-other,main,main,16,True,whisper,rover_freq,rover_cg,0.03723701359150996,-0.11121511821437427,0.18922669597735786,0.07842659723856397,0.339,600,31,30,539,33,-0.09243985103543419,0.17081618366606424,0.7149863911143142
drax,,ls-test-other,main,ref,4,True,legacy,conf,rover_cg,0.2446598287381199,0.0096053693351429,0.4641972175829427,0.11679814193051903,0.0215,600,49,33,518,33,0.048671762518178424,0.4258490574603409,0.0449307716848228
drax,,ls-test-other,main,ref,4,True,whisper,conf,rover_cg,-2.131819028113945,-2.615250332742341,-1.6576771615974792,0.24900453162903788,1.0,600,45,137,418,33,-3.085475337288766,-1.337567168462908,9.018198474108379e-18
drax,,ls-test-other,main,ref,4,True,legacy,mbr,rover_cg,0.07527994730403689,-0.06921862470028459,0.22770722723455517,0.07429742009991319,0.17,600,27,21,552,33,-0.06801584972149642,0.21980472638489063,0.29803960875986046
drax,,ls-test-other,main,ref,4,True,whisper,mbr,rover_cg,-2.1597467883075776,-2.6275715252821192,-1.696062678336171,0.24053420750288199,1.0,600,30,129,441,33,-3.0858338599419706,-1.3220091775664404,4.229251843738315e-19
drax,,ls-test-other,main,ref,4,True,legacy,cm05,rover_cg,0.0,-0.15046126416074432,0.15020745762153268,0.0769129640694618,0.514,600,25,26,549,33,-0.12891300778913534,0.14108418505486198,0.9917495588585408
drax,,ls-test-other,main,ref,4,True,whisper,cm05,rover_cg,-2.3086948426736176,-2.7708511267064235,-1.848964730752723,0.23621926363606793,1.0,600,27,137,436,33,-3.2371988210700913,-1.4897493608599377,1.1914328142585734e-21
drax,,ls-test-other,main,ref,4,True,legacy,conf,rover_c,0.31052978262915215,0.0897285732444102,0.5222521052123673,0.11112799872196825,0.004,600,46,25,529,33,0.12406327484337987,0.4891364930879518,0.007163543817314251
drax,,ls-test-other,main,ref,4,True,whisper,conf,rover_c,-2.0666542543288027,-2.5621242511251054,-1.5820694328535918,0.24635889184973292,1.0,600,43,132,425,33,-3.003090088934742,-1.269285955597517,3.83555556698414e-17
drax,,ls-test-other,main,ref,4,True,legacy,conf,rover_freq,0.2352498353251153,-0.009121638978503235,0.4595394325005094,0.11795044959280128,0.0285,600,49,33,518,33,0.060414489651070415,0.3965775563333292,0.05381662570683456
drax,,ls-test-other,main,ref,4,True,whisper,conf,rover_freq,-2.131819028113945,-2.626882979769538,-1.6564492834157536,0.24593704939859384,1.0,600,43,138,419,33,-3.0250535721698086,-1.3664279036658302,1.0695798240629189e-17
drax,,ls-test-other,main,ref,4,True,legacy,first,rover_cg,0.5363696245412628,0.31699946001758667,0.7587633269339475,0.11254072640437157,0.0,600,63,21,516,33,0.34329292529253164,0.7533712126539482,1.7885440377424374e-06
drax,,ls-test-other,main,ref,4,True,whisper,first,rover_cg,-1.7594488921988456,-2.2746374999600127,-1.2809613875748398,0.25285523656891884,1.0,600,54,126,420,33,-2.6718447799799665,-0.9699318284993685,8.508627463464195e-13
drax,,ls-test-other,main,ref,4,True,legacy,conf,mbr,0.169379881434083,-0.06635797511577625,0.3982779725198424,0.1198085191638769,0.0905,600,45,33,522,33,-0.02787681838555886,0.3541612365529192,0.18043489242896227
drax,,ls-test-other,main,ref,4,True,whisper,conf,mbr,0.02792776019363247,-0.2164580361834697,0.25581166926200566,0.12435192758363069,0.4365,600,41,34,525,33,-0.22472312093783414,0.2563285092055694,0.8425374403364823
drax,,ls-test-other,main,ref,4,True,legacy,first,conf,0.29170979580314294,-0.009557639963697628,0.5927469908074772,0.15245830783347714,0.0315,600,63,40,497,33,0.018304489432101955,0.5498378209220249,0.07024182850526152
drax,,ls-test-other,main,ref,4,True,whisper,first,conf,0.3723701359150996,0.074811166914799,0.6739064334799578,0.15527088225196156,0.008,600,63,38,499,33,0.09897412689506306,0.6779912247574001,0.019522191320534035
drax,,ls-test-other,main,ref,4,True,legacy,rover_freq,rover_cg,0.009409993413004612,-0.09526637129832953,0.11067303266252784,0.053453095536157395,0.468,600,16,15,569,33,-0.09752803392056907,0.12214374316625236,0.8574624419592412
drax,,ls-test-other,main,ref,4,True,whisper,rover_freq,rover_cg,0.0,-0.1012523070254246,0.09704426751852033,0.05166293196950028,0.5365,600,15,15,570,33,-0.10631715392303848,0.1108708942723939,1.0
drax,,slr83,main,main,16,True,legacy,conf,rover_cg,0.8222490931076178,0.46588890507628095,1.1810733896225012,0.18158513107418545,0.0,600,89,45,466,24,0.50071736783858,1.1440222457211988,1.439858868297965e-05
drax,,slr83,main,main,16,True,whisper,conf,rover_cg,-1.6460410909527814,-2.263155469340119,-1.0585153363710182,0.30770769404669157,1.0,600,66,127,407,24,-2.223068906592645,-1.0290913850497858,2.503971463728899e-08
drax,,slr83,main,main,16,True,legacy,mbr,rover_cg,0.16928657799274485,-0.06057026962538773,0.3955081038934103,0.11790261278873632,0.0915,600,42,33,525,24,-0.046037745520281836,0.3972761047476293,0.17137140886743074
drax,,slr83,main,main,16,True,whisper,mbr,rover_cg,-2.1867115222876365,-2.7577515408444837,-1.6452912893627079,0.28437331458899234,1.0,600,39,121,440,24,-2.624088961942487,-1.7184095313030538,5.264506068436494e-14
drax,,slr83,main,main,16,True,legacy,cm05,rover_cg,0.18137847642079807,-0.0606303158647081,0.427876785114668,0.12481331214581873,0.083,600,44,32,524,24,-0.011726571603182063,0.382689807677232,0.17315398964917383
drax,,slr83,main,main,16,True,whisper,cm05,rover_cg,-2.2347711161840684,-2.81795723640454,-1.6912598471759934,0.28877068780221965,1.0,600,36,125,439,24,-2.651200626263997,-1.7513922369860973,3.6237167258868995e-14
drax,,slr83,main,main,16,True,legacy,conf,rover_c,0.9310761789600968,0.5841825911374442,1.2767130451547435,0.1766801966297545,0.0,600,90,38,472,24,0.6299317184308341,1.267649784471051,5.482423035571338e-07
drax,,slr83,main,main,16,True,whisper,conf,rover_c,-1.5499219031599183,-2.1571201308298886,-0.9833099258328069,0.30642049594599907,1.0,600,66,122,412,24,-2.1123426213719223,-0.9729149972047165,9.362247435115256e-08
drax,,slr83,main,main,16,True,legacy,conf,rover_freq,0.8827085852478839,0.5234527281590167,1.2414955789675644,0.18549265840262272,0.0,600,94,43,463,24,0.5383184356359458,1.24635040275471,2.9847179939978378e-06
drax,,slr83,main,main,16,True,whisper,conf,rover_freq,-1.6099963955304577,-2.2587593344327983,-1.0277107792899631,0.3160706043869177,1.0,600,73,129,398,24,-2.224911564041141,-0.9999847653869592,1.0619044609895652e-07
drax,,slr83,main,main,16,True,legacy,first,rover_cg,4.256348246674728,3.635460634692806,4.879846992382979,0.31911518090925617,0.0,600,227,30,343,24,3.4904381461349945,5.128850824816219,1.305689754362745e-32
drax,,slr83,main,main,16,True,whisper,first,rover_cg,1.6099963955304577,0.8350730688935282,2.3280905419734186,0.3799176024122778,0.0,600,190,101,309,24,0.8650086947155359,2.416088843551656,0.000411013325620834
drax,,slr83,main,main,16,True,legacy,conf,mbr,0.652962515114873,0.2987893073968981,1.0172833632922096,0.18591491609609556,0.0005,600,84,42,474,24,0.29831153962975365,1.018507157464212,0.00025773342999894965
drax,,slr83,main,main,16,True,whisper,conf,mbr,0.5406704313348553,0.16683749122186045,0.9092600890315528,0.18742424209048508,0.0015,600,82,46,472,24,0.1780521343228591,0.9142178075860597,0.002781611046359728
drax,,slr83,main,main,16,True,legacy,first,conf,3.43409915356711,2.7994552281739646,4.068268750873487,0.32159323278404195,0.0,600,192,44,364,24,2.6913580935129295,4.24780476164381,3.038459623434653e-22
drax,,slr83,main,main,16,True,whisper,first,conf,3.256037486483239,2.63294026756287,3.8788032631577076,0.31998841747941875,0.0,600,186,46,368,24,2.480967102119913,4.144850639535382,2.5769642765477556e-20
drax,,slr83,main,main,16,True,legacy,rover_freq,rover_cg,-0.060459492140266025,-0.2527281749274644,0.12126432269927385,0.09680680001793632,0.755,600,27,32,541,24,-0.23807466672307148,0.12975588909075964,0.5355778797217767
drax,,slr83,main,main,16,True,whisper,rover_freq,rover_cg,-0.036044695422323685,-0.22332006756937683,0.14757080992916605,0.09373759176649668,0.681,600,25,29,546,24,-0.224448482289609,0.15031728683337864,0.7100815962167137
drax,,slr83,main,ref,4,True,legacy,conf,rover_cg,0.14510278113663846,-0.1457838863759032,0.4432826703498406,0.15092294957685956,0.1875,600,46,42,512,24,-0.14379134162933874,0.4005125713216689,0.3197649501175155
drax,,slr83,main,ref,4,True,whisper,conf,rover_cg,-2.4029796948215787,-3.0032640097218053,-1.8551598936805942,0.2926644480048589,1.0,600,33,127,440,24,-2.9796083929916577,-1.8551198257080614,9.79001661645127e-16
drax,,slr83,main,ref,4,True,legacy,mbr,rover_cg,0.16928657799274485,-0.036760313578929914,0.37796144128309017,0.1044495694436389,0.0565,600,34,24,542,24,-0.02596773554314042,0.37633889741055343,0.10424534119594525
drax,,slr83,main,ref,4,True,whisper,mbr,rover_cg,-2.4390243902439024,-3.0369255083600044,-1.9074844547598846,0.29324591072248285,1.0,600,29,120,451,24,-2.991030442925419,-1.916140448820004,5.3345977425885e-17
drax,,slr83,main,ref,4,True,legacy,cm05,rover_cg,0.2660217654171705,0.08482561009592346,0.44718800470886994,0.09397461413848533,0.001,600,31,14,555,24,0.08545004337675242,0.458656510682855,0.004290401615769967
drax,,slr83,main,ref,4,True,whisper,cm05,rover_cg,-2.306860507028716,-2.8805213568155397,-1.7826760155486479,0.28348735389556484,1.0,600,22,109,469,24,-2.8176846977934304,-1.8298122196683997,4.305119269473852e-16
drax,,slr83,main,ref,4,True,legacy,conf,rover_c,0.15719467956469166,-0.1300684361043475,0.46691153488833265,0.14969724854637226,0.159,600,45,36,519,24,-0.12098163602332992,0.4025984556769704,0.31396283124377244
drax,,slr83,main,ref,4,True,whisper,conf,rover_c,-2.4630541871921183,-3.0615990421636146,-1.9174898827610962,0.29419551252389425,1.0,600,32,125,443,24,-3.0437718326788223,-1.9073514216338008,2.4953672600980226e-16
drax,,slr83,main,ref,4,True,legacy,conf,rover_freq,0.16928657799274485,-0.13017680896086026,0.4795587581232305,0.15683403704972573,0.142,600,50,41,509,24,-0.09693048150965469,0.40459055504513464,0.36136879137825595
drax,,slr83,main,ref,4,True,whisper,conf,rover_freq,-2.4270094917697946,-3.0412755355544907,-1.8666472303206998,0.2966934795940609,1.0,600,37,128,435,24,-2.9457989719491313,-1.917311867803324,2.2332323921164545e-16
drax,,slr83,main,ref,4,True,legacy,first,rover_cg,0.5441354292623942,0.22840735917019186,0.8511956486457589,0.1587126735715565,0.0005,600,66,35,499,24,0.16851059788184045,0.9328175285170692,0.0007176198504426181
drax,,slr83,main,ref,4,True,whisper,first,rover_cg,-2.114622131442989,-2.7329885431258756,-1.5371602781369167,0.30456635669055016,1.0,600,51,125,424,24,-2.824008202355534,-1.4687471666145056,1.5883415855034766e-12
drax,,slr83,main,ref,4,True,legacy,conf,mbr,-0.02418379685610641,-0.3161094224924012,0.27584966435356856,0.14903294621725544,0.5835,600,41,40,519,24,-0.3032935478927085,0.2569963999809973,0.6926170985171626
drax,,slr83,main,ref,4,True,whisper,conf,mbr,0.036044695422323685,-0.21910567815058105,0.31284688544678196,0.13791525450197684,0.4045,600,42,36,522,24,-0.22382669936178742,0.2930154593402494,0.7974436687798654
drax,,slr83,main,ref,4,True,legacy,first,conf,0.39903264812575573,0.07206082297492554,0.7272619455853655,0.1673099737312904,0.009,600,60,38,502,24,0.07340347443112308,0.7392382715228207,0.023390911864965756
drax,,slr83,main,ref,4,True,whisper,first,conf,0.2883575633785895,-0.023582699392657145,0.596573928614721,0.15337578045369019,0.035,600,56,37,507,24,-0.02314207681556004,0.6065976723510822,0.06131780757189486
drax,,slr83,main,ref,4,True,legacy,rover_freq,rover_cg,-0.02418379685610641,-0.20120495145453549,0.14881381069231642,0.08841912307772494,0.6595,600,23,25,552,24,-0.18155899282923432,0.1319898368288943,0.7858255393262732
drax,,slr83,main,ref,4,True,whisper,rover_freq,rover_cg,0.024029796948215786,-0.17030336669229806,0.21464985987698146,0.09712954394531297,0.4395,600,25,22,553,24,-0.15023281306619804,0.2022407115017176,0.7075114087999939
drax,,spgispeech,main,main,16,True,legacy,conf,rover_cg,0.8269096005606167,0.5064995388130061,1.1454855583543584,0.16406251894464638,0.0,600,152,84,364,416,0.5127711686494051,1.1549368010415393,8.908336634072552e-07
drax,,spgispeech,main,main,16,True,whisper,conf,rover_cg,-2.3601039813928035,-2.9493522428295247,-1.8436809637612608,0.28019819395794937,1.0,600,106,207,287,416,-2.876343670531396,-1.833339554077764,1.9266455915212503e-16
drax,,spgispeech,main,main,16,True,legacy,mbr,rover_cg,0.0,-0.19556008842040465,0.1908424502090434,0.09737509435784077,0.5195,600,54,61,485,416,-0.17984078287694408,0.18759361178670367,0.8330586870706799
drax,,spgispeech,main,main,16,True,whisper,mbr,rover_cg,-3.0852373785743605,-3.5959399401237353,-2.5848276294940047,0.26031609329961847,1.0,600,47,208,345,416,-3.5668307014039407,-2.59748479634159,2.1837774853182847e-30
drax,,spgispeech,main,main,16,True,legacy,cm05,rover_cg,0.1051156271899089,-0.12069601487318884,0.3204921648304777,0.11372883509901974,0.1905,600,77,69,454,416,-0.08725036131031953,0.3201348018216808,0.22518109899035466
drax,,spgispeech,main,main,16,True,whisper,cm05,rover_cg,-3.030510329730469,-3.5597358197940667,-2.537347128426918,0.26313018547960854,1.0,600,57,208,335,416,-3.5124638730079485,-2.5400818324116528,1.3280838272694186e-27
drax,,spgispeech,main,main,16,True,legacy,conf,rover_c,0.8829712683952348,0.5636056414575291,1.2062848893810008,0.1622156483360338,0.0,600,153,78,369,416,0.5713883603695494,1.2001562924481313,1.3459785277353912e-07
drax,,spgispeech,main,main,16,True,whisper,conf,rover_c,-2.3122178136543985,-2.8833850370047105,-1.7965937202552735,0.2802816157316681,1.0,600,108,206,286,416,-2.8232670322594564,-1.7743919143288167,8.066846157888501e-16
drax,,spgispeech,main,main,16,True,legacy,conf,rover_freq,1.0371408549404344,0.7339064038414738,1.3582821998315602,0.1590211854569372,0.0,600,152,65,383,416,0.7370020206222807,1.3555641572982533,2.7245220386530044e-10
drax,,spgispeech,main,main,16,True,whisper,conf,rover_freq,-2.2848542892324533,-2.8371775949815046,-1.7857082242265543,0.2740112468201602,1.0,600,105,205,290,416,-2.798516646724185,-1.769231674029171,4.244303750302176e-16
drax,,spgispeech,main,main,16,True,legacy,first,rover_cg,4.022424667133847,3.5105678015165442,4.573708761716677,0.2700073417483329,0.0,600,322,53,225,416,3.515146355726963,4.5575879291488475,4.676025096101011e-43
drax,,spgispeech,main,main,16,True,whisper,first,rover_cg,0.8893145437132303,0.18031236570984588,1.61728558673073,0.36316307891933974,0.0055,600,247,158,195,416,0.20030016128969325,1.5806604325074307,0.010447399509141848
drax,,spgispeech,main,main,16,True,legacy,conf,mbr,0.8269096005606167,0.5220085598806483,1.1439095154920216,0.15935638496150117,0.0,600,138,61,401,416,0.5173468601464922,1.1298645848498148,2.231066323211564e-07
drax,,spgispeech,main,main,16,True,whisper,conf,mbr,0.725133397181557,0.445568267661189,1.0004056388282294,0.14234768041802345,0.0,600,131,52,417,416,0.44025760779774936,1.0097566851913138,1.6458584802833552e-07
drax,,spgispeech,main,main,16,True,legacy,first,conf,3.1955150665732304,2.67940285631701,3.742499798779952,0.2763977027433467,0.0,600,291,69,240,416,2.6758132687733007,3.7636809264229245,4.667836081946786e-29
drax,,spgispeech,main,main,16,True,whisper,first,conf,3.2494185251060337,2.741198121956397,3.8042502941187917,0.2715485178915518,0.0,600,285,62,253,416,2.7176207948220754,3.823054109831932,2.078087037375975e-31
drax,,spgispeech,main,main,16,True,legacy,rover_freq,rover_cg,-0.2102312543798178,-0.3572742122312028,-0.05574786745172035,0.07579237570906393,0.9965,600,35,64,501,416,-0.3603347245804646,-0.05460087480946179,0.007535976019943593
drax,,spgispeech,main,main,16,True,whisper,rover_freq,rover_cg,-0.07524969216035025,-0.2134258638709825,0.07389097187089473,0.07095698598697905,0.861,600,38,51,511,416,-0.21807210559595594,0.07532827806968055,0.3312915257773117
drax,,spgispeech,main,ref,4,True,legacy,conf,rover_cg,-0.1051156271899089,-0.2952724573276331,0.09652796148882097,0.0986550812857756,0.8675,600,63,86,451,416,-0.31045611228179615,0.09689589893589483,0.14959974329674564
drax,,spgispeech,main,ref,4,True,whisper,conf,rover_cg,-3.3041455739499246,-3.825602829255441,-2.811097144023364,0.2596055612250232,1.0,600,48,227,325,416,-3.7851766481358657,-2.8270190317728257,1.1141339646673319e-31
drax,,spgispeech,main,ref,4,True,legacy,mbr,rover_cg,-0.5606166783461808,-0.7230585925313686,-0.39837929753174683,0.08336964140790956,1.0,600,24,95,481,416,-0.7245687420829856,-0.40510712338278654,4.4537979258688295e-11
drax,,spgispeech,main,ref,4,True,whisper,mbr,rover_cg,-3.4956902449035434,-4.004631518621753,-3.0034874005380345,0.2550293944573782,1.0,600,32,216,352,416,-3.967672930618256,-3.035780495521354,7.315210050172718e-36
drax,,spgispeech,main,ref,4,True,legacy,cm05,rover_cg,-0.4064470918009811,-0.5499542532069435,-0.2697568264693816,0.07183085790193477,1.0,600,25,80,495,416,-0.5493718419404305,-0.26981171642609647,5.570155564690051e-08
drax,,spgispeech,main,ref,4,True,whisper,cm05,rover_cg,-3.4751676015870845,-3.9766530596226493,-2.9987841830492052,0.2519458705872906,1.0,600,30,211,359,416,-3.9552917390482176,-3.0273272289914823,1.5759332114580113e-35
drax,,spgispeech,main,ref,4,True,legacy,conf,rover_c,0.15416958654519972,-0.034753239398909244,0.34426289311992364,0.09552805358309051,0.059,600,67,54,479,416,-0.03545070977212651,0.3524263653642719,0.17315425276766216
drax,,spgispeech,main,ref,4,True,whisper,conf,rover_c,-3.098919140785333,-3.6238142678418788,-2.6213050609944206,0.2581968497730984,1.0,600,47,212,341,416,-3.586927134103465,-2.6204795205473044,1.495152513795908e-29
drax,,spgispeech,main,ref,4,True,legacy,conf,rover_freq,0.18220042046250876,-0.013790268537225432,0.37743011064802157,0.10120717019026186,0.0375,600,74,58,468,416,-0.014780896191771404,0.3879605408412409,0.09600707199052634
drax,,spgispeech,main,ref,4,True,whisper,conf,rover_freq,-3.092078259679847,-3.6079129732371267,-2.6012475842863942,0.25631705103123464,1.0,600,49,219,332,416,-3.5699781510284967,-2.6179586191490483,2.1655097159231104e-29
drax,,spgispeech,main,ref,4,True,legacy,first,rover_cg,-0.09110021023125438,-0.31095975699719214,0.14115870950674428,0.11802287292043954,0.7835,600,73,94,433,416,-0.3270484754275068,0.13004650805366788,0.46304692536255654
drax,,spgispeech,main,ref,4,True,whisper,first,rover_cg,-3.1399644274182514,-3.646933429683836,-2.6212589317309956,0.25976463761779506,1.0,600,62,227,311,416,-3.6262232604659337,-2.659744900525385,8.582916662136364e-30
drax,,spgispeech,main,ref,4,True,legacy,conf,mbr,0.4555010511562719,0.23659216821036236,0.6788916495038987,0.11418986210222366,0.0,600,88,43,469,416,0.23629574212847415,0.6664957243595224,6.44846220849592e-05
drax,,spgispeech,main,ref,4,True,whisper,conf,mbr,0.19154467095361882,0.006970172104594827,0.38369696617555804,0.09748952629092204,0.022,600,58,44,498,416,0.0,0.3798335694263356,0.08394176167881783
drax,,spgispeech,main,ref,4,True,legacy,first,conf,0.01401541695865452,-0.2390176060265144,0.2720424107142857,0.12823639417594074,0.4575,600,69,67,464,416,-0.2421322025689498,0.27725330012186533,0.9327781386036728
drax,,spgispeech,main,ref,4,True,whisper,first,conf,0.1641811465316733,-0.035050766877593176,0.37322116523632415,0.10619574985386278,0.0585,600,71,48,481,416,-0.04192791963657738,0.369055641728192,0.10178313538080982
drax,,spgispeech,main,ref,4,True,legacy,rover_freq,rover_cg,-0.28731604765241764,-0.40665025825261425,-0.17184495872137065,0.06048450710606473,1.0,600,17,55,528,416,-0.4123189926493672,-0.16850387991455532,5.229100770058184e-06
drax,,spgispeech,main,ref,4,True,whisper,rover_freq,rover_cg,-0.212067314270078,-0.32932373049656416,-0.09689050843417515,0.060386952300810814,0.9995,600,18,45,537,416,-0.33356308029495846,-0.09286763960156742,0.0006895302911029836
drax,,voxpopuli,main,main,16,True,legacy,conf,rover_cg,0.9019899572252186,0.5420039063664891,1.2570021033649397,0.1850587995235271,0.0,600,107,53,440,296,0.5322196042390663,1.348930991037785,1.6769269061765477e-06
drax,,voxpopuli,main,main,16,True,whisper,conf,rover_cg,-0.11169024571854058,-0.553260556178177,0.3351937864368238,0.23185787284340448,0.7115,600,92,91,417,296,-0.5770641428508653,0.4020231391968727,0.27521109223176665
drax,,voxpopuli,main,main,16,True,legacy,mbr,rover_cg,0.018597731076808628,-0.15839925695319068,0.18801544813485577,0.08871981188495837,0.4405,600,36,36,528,296,-0.14869511085970055,0.18468118195956454,0.9066937504430376
drax,,voxpopuli,main,main,16,True,whisper,mbr,rover_cg,-0.9679821295606851,-1.297361104553477,-0.6476929937319881,0.16706830567369532,1.0,600,27,77,496,296,-1.31401224972752,-0.6363311614033715,1.319039185116133e-09
drax,,voxpopuli,main,main,16,True,legacy,cm05,rover_cg,0.23247163846010788,0.0354633335888205,0.42647521841477876,0.1020927665962311,0.0115,600,49,34,517,296,0.03691226945759887,0.43383228007087027,0.022337671769911402
drax,,voxpopuli,main,main,16,True,whisper,cm05,rover_cg,-0.8004467609828742,-1.1462923644669376,-0.46112714680305034,0.17712284085325897,1.0,600,37,77,486,296,-1.1563666593601905,-0.44859265856853714,3.219104371897546e-06
drax,,voxpopuli,main,main,16,True,legacy,conf,rover_c,0.9856797470708574,0.643104869672087,1.3299297022935928,0.17726790667251066,0.0,600,104,41,455,296,0.6318524211409005,1.4010363637669367,3.052270091325328e-08
drax,,voxpopuli,main,main,16,True,whisper,conf,rover_c,-0.06515264333581534,-0.5099020111207534,0.3729774142101628,0.22959920541801632,0.631,600,90,81,429,296,-0.5197528409906991,0.4578773641013441,0.37674441144694637
drax,,voxpopuli,main,main,16,True,legacy,conf,rover_freq,0.9949786126092617,0.6538684111307281,1.3533034866888796,0.17538669777728366,0.0,600,102,38,460,296,0.6582786859707835,1.408859936867446,1.6464057030426832e-08
drax,,voxpopuli,main,main,16,True,whisper,conf,rover_freq,-0.046537602382725245,-0.4858015634164551,0.4089102181059241,0.22994959843112808,0.596,600,94,80,426,296,-0.49891751235655807,0.46192251677623475,0.4018775733615043
drax,,voxpopuli,main,main,16,True,legacy,first,rover_cg,4.686628231355774,4.016391659077755,5.425939542577966,0.3685321198685314,0.0,600,266,29,305,296,3.9297066429950958,5.507807433418361,1.4685000868499379e-40
drax,,voxpopuli,main,main,16,True,whisper,first,rover_cg,3.6113179448994788,2.847273649078787,4.409492402349212,0.4024020202129598,0.0,600,242,66,292,296,2.7465712870582633,4.485510617101679,4.609040312234251e-21
drax,,voxpopuli,main,main,16,True,legacy,conf,mbr,0.8833922261484098,0.5591354206988581,1.2236635172299881,0.17073118569767956,0.0,600,94,35,471,296,0.5417693219714611,1.2974753731021806,2.732545099927245e-07
drax,,voxpopuli,main,main,16,True,whisper,conf,mbr,0.8562918838421445,0.5358550504140205,1.1935391678300307,0.16854416767013927,0.0,600,92,35,473,296,0.5078227599491243,1.2660736672252217,2.2667748452713385e-07
drax,,voxpopuli,main,main,16,True,legacy,first,conf,3.784638274130556,3.091565561402948,4.584556175070733,0.38701496574854477,0.0,600,237,55,308,296,3.0763471422016404,4.582078696984008,5.518307772863435e-27
drax,,voxpopuli,main,main,16,True,whisper,first,conf,3.7230081906180192,3.0281267872883033,4.519685368514528,0.38094382644835423,0.0,600,236,52,312,296,3.0124965091710005,4.518279676504932,5.459207441735544e-28
drax,,voxpopuli,main,main,16,True,legacy,rover_freq,rover_cg,-0.09298865538404315,-0.2389854239860216,0.04724564882053371,0.0744347206841265,0.901,600,24,34,542,296,-0.2249875536840791,0.03331794220136903,0.18916127259520799
drax,,voxpopuli,main,main,16,True,whisper,rover_freq,rover_cg,-0.06515264333581534,-0.21101595854957214,0.07788280193132709,0.07427862926760048,0.833,600,25,31,544,296,-0.2033263355808535,0.06339115923468,0.36212553949166215
drax,,voxpopuli,main,ref,4,True,legacy,conf,rover_cg,-0.037195462153617256,-0.22751569688629195,0.14802380948087482,0.09269340469944955,0.6835,600,36,41,523,296,-0.2207819065651504,0.1435785848408766,0.695991616286701
drax,,voxpopuli,main,ref,4,True,whisper,conf,rover_cg,-1.0052122114668651,-1.338510686982933,-0.6749814719083019,0.17198657930572434,1.0,600,32,86,482,296,-1.3407724245935813,-0.6831834985293801,2.864622606606488e-09
drax,,voxpopuli,main,ref,4,True,legacy,mbr,rover_cg,-0.10228752092244746,-0.2572230931406412,0.047791113825244654,0.07869720627530212,0.916,600,27,39,534,296,-0.2584599789233777,0.048680931147111556,0.20645156341703297
drax,,voxpopuli,main,ref,4,True,whisper,mbr,rover_cg,-1.0889798957557706,-1.4094088422415916,-0.7854104056814709,0.16045196374728693,1.0,600,22,82,496,296,-1.4009508429749629,-0.7842389709343216,1.4880494881614828e-11
drax,,voxpopuli,main,ref,4,True,legacy,cm05,rover_cg,-0.1301841175376604,-0.28686659657186386,0.018294980507674325,0.07641459576826878,0.9655,600,22,37,541,296,-0.27402306378546054,0.009572489041532939,0.09136708544872149
drax,,voxpopuli,main,ref,4,True,whisper,cm05,rover_cg,-1.1075949367088607,-1.424010672277572,-0.8148456233765052,0.15760694869763814,1.0,600,18,81,501,296,-1.4144816858325306,-0.8132080238309419,3.923456626726833e-12
drax,,voxpopuli,main,ref,4,True,legacy,conf,rover_c,0.07439092430723451,-0.09557376726506275,0.2471706625404904,0.08545019843707018,0.2105,600,34,29,537,296,-0.07539523759727672,0.22692303679512377,0.3727046966667876
drax,,voxpopuli,main,ref,4,True,whisper,conf,rover_c,-0.8935219657483247,-1.2276776057435244,-0.5616083778734796,0.1720621603871668,1.0,600,32,74,494,296,-1.2308438444598737,-0.5681619997294122,7.717943030136624e-08
drax,,voxpopuli,main,ref,4,True,legacy,conf,rover_freq,0.1208852519992561,-0.03723563158785579,0.28568684295706265,0.08337754036165682,0.0955,600,37,27,536,296,-0.02943711578186069,0.27587104225303444,0.1408761416041574
drax,,voxpopuli,main,ref,4,True,whisper,conf,rover_freq,-0.8562918838421445,-1.188985112133411,-0.5226862017997081,0.16999011938962283,1.0,600,34,72,494,296,-1.1800770838785692,-0.5392079763535444,1.1437352853472985e-07
drax,,voxpopuli,main,ref,4,True,legacy,first,rover_cg,0.046494327692021574,-0.15471040734939964,0.24997881730742177,0.10293137593925711,0.3545,600,42,43,515,296,-0.17205563729503237,0.2577834158796411,0.6700183965898481
drax,,voxpopuli,main,ref,4,True,whisper,first,rover_cg,-0.9214445271779598,-1.274092209812154,-0.5787063242558799,0.17814890952159304,1.0,600,38,84,478,296,-1.2932183394314127,-0.5529840492069975,2.1216997495716034e-07
drax,,voxpopuli,main,ref,4,True,legacy,conf,mbr,0.0650920587688302,-0.1292607576308525,0.24701093219108358,0.09707392156332004,0.263,600,35,28,537,296,-0.11498754306224981,0.243489782267458,0.39645755980995356
drax,,voxpopuli,main,ref,4,True,whisper,conf,mbr,0.08376768428890544,-0.10986072457706386,0.26992979834229686,0.09653902885058367,0.204,600,36,28,536,296,-0.09690079929621746,0.26501998435473034,0.28278934019185087
drax,,voxpopuli,main,ref,4,True,legacy,first,conf,0.08368978984563884,-0.12277602634110289,0.2817053823836971,0.10264103765060154,0.223,600,40,35,525,296,-0.11514991331175685,0.30186606921602527,0.4839897440384815
drax,,voxpopuli,main,ref,4,True,whisper,first,conf,0.08376768428890544,-0.11155107961325535,0.2719458983613229,0.09850723257608518,0.2135,600,39,34,527,296,-0.10471828663922306,0.2941281021854201,0.41892614356716384
drax,,voxpopuli,main,ref,4,True,legacy,rover_freq,rover_cg,-0.15808071415287334,-0.2773463538224838,-0.04593002584206169,0.05987174230391769,0.9975,600,12,28,560,296,-0.2913625967119985,-0.03483150573904427,0.00952879138632182
drax,,voxpopuli,main,ref,4,True,whisper,rover_freq,rover_cg,-0.14892032762472077,-0.26525638972152943,-0.0366016328373592,0.05896053980222829,0.997,600,12,27,561,296,-0.2809235772283938,-0.028210104816166676,0.013554666064815537
whisfusion,,ami,main,main,16,False,legacy,conf,rover_cg,3.884542756946318,2.8247722894664427,4.910577153726345,0.5397074542879146,0.0,400,122,38,240,16,2.7159343480486435,4.780992434658864,3.326980527648429e-10
whisfusion,,ami,main,main,16,False,whisper,conf,rover_cg,-1.2456930824277763,-2.7465433671628,0.08292561592531413,0.7332833806129838,0.9655,400,89,97,214,16,-2.477510734476796,0.11707789224537642,0.03548256824610541
whisfusion,,ami,main,main,16,False,legacy,mbr,rover_cg,2.7785271108713245,2.176671296849259,3.3650216737975764,0.30675884131568315,0.0,400,92,10,298,16,2.2636554874353525,3.218458487662974,2.516521183246345e-15
whisfusion,,ami,main,main,16,False,whisper,mbr,rover_cg,-1.351709514974821,-2.442431999362412,-0.29472166167268254,0.5656947662041758,0.993,400,72,74,254,16,-2.217266225720435,-0.31823374111272507,0.01710191534964856
whisfusion,,ami,main,main,16,False,legacy,cm05,rover_cg,2.508767197194497,1.7026379222031396,3.294366521024754,0.40480114529430344,0.0,400,87,28,285,16,1.6874226930364968,3.2439811705775674,1.7128661884826858e-08
whisfusion,,ami,main,main,16,False,whisper,cm05,rover_cg,-2.3323615160349855,-3.5897017884223676,-1.1293076072242663,0.6351676594887512,1.0,400,63,85,252,16,-3.3600920446341833,-1.0980757281176858,0.00027168807275206524
whisfusion,,ami,main,main,16,False,legacy,conf,rover_c,3.7226868087402214,2.6546258433315955,4.771220897058244,0.5466991301872637,0.0,400,117,41,242,16,2.50658687142427,4.634538023246662,2.3270967825240574e-09
whisfusion,,ami,main,main,16,False,whisper,conf,rover_c,-1.3782136231115822,-2.904084449976421,0.0,0.7357673884502265,0.9775,400,85,98,217,16,-2.6076270008910067,-0.024286861028018965,0.024839329543480653
whisfusion,,ami,main,main,16,False,legacy,conf,rover_freq,2.83247909360669,1.7453169375392608,3.9226531288693556,0.5550637239087601,0.0,400,113,55,232,16,1.901781629143461,3.656833285466685,2.5941013887366457e-06
whisfusion,,ami,main,main,16,False,whisper,conf,rover_freq,-2.3588656241717465,-3.8240126817494264,-0.9303291253755944,0.7461934756755253,0.999,400,78,112,210,16,-3.56171654472118,-0.9803484892630691,0.0007754701942113804
whisfusion,,ami,main,main,16,False,legacy,first,rover_cg,12.624763960075533,11.132222458011558,14.114653346368486,0.7869904552143397,0.0,400,200,17,183,16,11.337735031326917,14.048452507259325,1.488003491308487e-31
whisfusion,,ami,main,main,16,False,whisper,first,rover_cg,8.295785846806256,6.493465670821645,9.955733629676558,0.8813342317860525,0.0,400,169,47,184,16,6.275127380155046,11.00424118575391,1.1844281608830606e-16
whisfusion,,ami,main,main,16,False,legacy,conf,mbr,1.1060156460749933,0.028264709948120803,2.1364345651166525,0.541812833398671,0.022,400,78,51,271,16,0.08977077393326881,1.9225962770887148,0.07299546225822445
whisfusion,,ami,main,main,16,False,whisper,conf,mbr,0.10601643254704479,-1.0143849206349205,1.164371429885399,0.563340368077532,0.4385,400,68,65,267,16,-0.9894797856295536,1.2104253939641965,0.9193934506869039
whisfusion,,ami,main,main,16,False,legacy,first,conf,8.740221203129215,7.134357976818777,10.3377600059483,0.8274162245595058,0.0,400,168,43,189,16,7.241547257872493,10.626660201908255,2.5649070058634254e-20
whisfusion,,ami,main,main,16,False,whisper,first,conf,9.541478929234032,7.898310453325485,11.143215641899404,0.8501663045352502,0.0,400,181,37,182,16,7.934774174894564,11.60006279006279,2.1363237179408648e-23
whisfusion,,ami,main,main,16,False,legacy,rover_freq,rover_cg,1.0520636633396276,0.5244937393388863,1.5561874071047388,0.2702676375912185,0.0005,400,60,25,315,16,0.5573236082901145,1.4381617987252369,0.00019911805822410812
whisfusion,,ami,main,main,16,False,whisper,rover_freq,rover_cg,1.1131725417439704,0.5686635888399784,1.644492420674701,0.27857409845008707,0.0,400,61,25,314,16,0.46738420851167484,1.6849002737974097,0.00012010554337662233
whisfusion,,ami,main,main,32,True,legacy,conf,rover_cg,3.3719989209603454,2.382135226322362,4.412642522648154,0.5063222664147166,0.0,400,121,41,238,16,2.5657686753987985,4.079013703772252,1.3034802270604335e-09
whisfusion,,ami,main,main,32,True,whisper,conf,rover_cg,-1.3782136231115822,-2.7802386593501227,-0.05372523235749023,0.6899508725811864,0.981,400,88,94,218,16,-2.365231711076883,-0.24365967898554997,0.02484602172865824
whisfusion,,ami,main,main,32,True,legacy,mbr,rover_cg,2.1041273266792553,1.5537101526922046,2.7144408251900107,0.2926513181958913,0.0,400,81,16,303,16,1.590070283522464,2.604629175909058,2.6976914180323944e-11
whisfusion,,ami,main,main,32,True,whisper,mbr,rover_cg,-1.8552875695732838,-2.9422583066020747,-0.7793342409786876,0.5525958629224635,1.0,400,63,76,261,16,-2.664694617046581,-0.9246965643209514,0.0007500541403178463
whisfusion,,ami,main,main,32,True,legacy,cm05,rover_cg,2.0231993525762073,1.2732274511019421,2.8196179754015387,0.3897227196069167,0.0,400,80,29,291,16,1.2640249123192586,2.7448590849363073,4.7071342066245047e-07
whisfusion,,ami,main,main,32,True,whisper,cm05,rover_cg,-2.4648820567187912,-3.624599749408325,-1.2925141342580413,0.6237728863751036,1.0,400,59,89,252,16,-3.1965962858463963,-1.600183068706749,2.4868167783455725e-05
whisfusion,,ami,main,main,32,True,legacy,conf,rover_c,3.3450229295926626,2.4067658008893043,4.384874596232447,0.501194659657038,0.0,400,120,42,238,16,2.373885283294033,4.169998546623076,1.990710513857595e-09
whisfusion,,ami,main,main,32,True,whisper,conf,rover_c,-1.4047177312483434,-2.7661424917634823,-0.08016831575255493,0.690780365974236,0.982,400,87,94,219,16,-2.46777670210365,-0.2582960803299878,0.022290235072521935
whisfusion,,ami,main,main,32,True,legacy,conf,rover_freq,2.292959266253035,1.3536880989140025,3.328738307731134,0.5095537120398953,0.0,400,111,56,233,16,1.4876857604254548,2.9450148186554226,5.434899033024405e-05
whisfusion,,ami,main,main,32,True,whisper,conf,rover_freq,-2.676914921812881,-4.07567299176038,-1.2766887395971553,0.7011756526079933,1.0,400,81,110,209,16,-3.7955428205289907,-1.4302417751913454,9.3821390504879e-05
whisfusion,,ami,main,main,32,True,legacy,first,rover_cg,12.948475856487725,11.386508217430864,14.48736425471838,0.7955675606029396,0.0,400,203,20,177,16,11.665360231485383,14.456193240200914,2.2406344525750703e-31
whisfusion,,ami,main,main,32,True,whisper,first,rover_cg,8.799363901404718,7.020656285175372,10.477341169816558,0.8879094314399402,0.0,400,179,47,174,16,6.78592050677495,11.362537137321983,5.054650408763175e-18
whisfusion,,ami,main,main,32,True,legacy,conf,mbr,1.2678715942810899,0.3429037012731181,2.1947205530443186,0.4711523915820784,0.002,400,85,49,266,16,0.5220743757817053,1.9544372147846099,0.020807859632365037
whisfusion,,ami,main,main,32,True,whisper,conf,mbr,0.47707394646170154,-0.4783960185576281,1.4330499541876032,0.4979365796285389,0.1765,400,79,57,264,16,-0.37559574308813254,1.285777671908546,0.4116950617879437
whisfusion,,ami,main,main,32,True,legacy,first,conf,9.576476935527381,8.002197802197802,11.084834218110924,0.7980895960310428,0.0,400,172,38,190,16,8.34779417331662,11.189413970280532,7.171715570631153e-23
whisfusion,,ami,main,main,32,True,whisper,first,conf,10.1775775245163,8.641940561445205,11.685634297319922,0.7851140475338233,0.0,400,188,32,180,16,8.564848224107939,12.402706575550807,9.861969790871003e-27
whisfusion,,ami,main,main,32,True,legacy,rover_freq,rover_cg,1.0790396547073104,0.6154685709843996,1.6201935592704977,0.25543834857607306,0.0,400,55,17,328,16,0.8008616404308202,1.367545616377392,2.7914115897228152e-05
whisfusion,,ami,main,main,32,True,whisper,rover_freq,rover_cg,1.2987012987012987,0.7940016003496431,1.8396696010753883,0.2615618718398263,0.0,400,59,15,326,16,1.0243324521247819,1.595183513064633,1.3676289008564027e-06
whisfusion,,common_voice,main,main,16,False,legacy,conf,rover_cg,3.896103896103896,2.7775670207384926,5.088795343347506,0.5920452570377926,0.0,296,93,26,177,296,,,2.838923158096209e-09
whisfusion,,common_voice,main,main,16,False,whisper,conf,rover_cg,1.8635855385762206,0.4534933550938293,3.2769230304932515,0.7103551755944485,0.005,296,91,53,152,296,,,0.03258578206733759
whisfusion,,common_voice,main,main,16,False,legacy,mbr,rover_cg,2.5210084033613445,1.8531128848606822,3.2589566912174353,0.3565398609969107,0.0,296,69,12,215,296,,,2.481900121889737e-10
whisfusion,,common_voice,main,main,16,False,whisper,mbr,rover_cg,0.5963473723443906,-0.43091226039435254,1.6119442252038925,0.5291141403014987,0.1435,296,67,37,192,296,,,0.5040992351763647
whisfusion,,common_voice,main,main,16,False,legacy,cm05,rover_cg,3.170359052711994,2.326438432721134,4.107503978180777,0.4604706546203441,0.0,296,76,16,204,296,,,3.599787347172303e-10
whisfusion,,common_voice,main,main,16,False,whisper,cm05,rover_cg,1.3045098770033545,0.11056854288575876,2.4661599867131225,0.6115407819712713,0.02,296,75,41,180,296,,,0.10614454720998485
whisfusion,,common_voice,main,main,16,False,legacy,conf,rover_c,3.7433155080213902,2.6099848339206293,4.975764066470053,0.5980963718911411,0.0,296,91,27,178,296,,,9.810973262758718e-09
whisfusion,,common_voice,main,main,16,False,whisper,conf,rover_c,1.714498695490123,0.30294518215866534,3.1146529632085436,0.7165004871323706,0.009,296,89,52,155,296,,,0.047372555579463634
whisfusion,,common_voice,main,main,16,False,legacy,conf,rover_freq,2.3682200152788386,1.2070178858970748,3.530354638349028,0.5983766648195086,0.0,296,75,40,181,296,,,0.00021153849354002725
whisfusion,,common_voice,main,main,16,False,whisper,conf,rover_freq,0.4845322400298174,-0.9466200962674837,1.7710670250517049,0.7002453377792328,0.244,296,76,64,156,296,,,0.6882686440211955
whisfusion,,common_voice,main,main,16,False,legacy,first,rover_cg,12.681436210847975,11.042807203085669,14.302429831878767,0.8355833213378046,0.0,296,179,10,107,296,,,1.313658830601964e-28
whisfusion,,common_voice,main,main,16,False,whisper,first,rover_cg,10.883339545285128,9.063059306303346,12.781026589927901,0.9699207469160216,0.0,296,169,28,99,296,,,1.0295223723109912e-18
whisfusion,,common_voice,main,main,16,False,legacy,conf,mbr,1.3750954927425516,0.2909122716821616,2.392748076906409,0.5357313874779471,0.004,296,61,41,194,296,,,0.01724575609361719
whisfusion,,common_voice,main,main,16,False,whisper,conf,mbr,1.26723816623183,0.19035166228487257,2.2872648504329396,0.5416938546416155,0.0125,296,64,43,189,296,,,0.034913982039560844
whisfusion,,common_voice,main,main,16,False,legacy,first,conf,8.78533231474408,7.189136996403835,10.36548267505654,0.829917269159602,0.0,296,150,28,118,296,,,2.9077044912496053e-19
whisfusion,,common_voice,main,main,16,False,whisper,first,conf,9.019754006708908,7.453449623137303,10.61562786506213,0.8276943359275328,0.0,296,150,28,118,296,,,3.487820339119701e-20
whisfusion,,common_voice,main,main,16,False,legacy,rover_freq,rover_cg,1.5278838808250572,0.9223231841665568,2.150137932051868,0.3117713271529781,0.0,296,47,11,238,296,,,5.053423624313679e-06
whisfusion,,common_voice,main,main,16,False,whisper,rover_freq,rover_cg,1.3790532985464032,0.7901944677983704,1.9947684650643893,0.3072749541279346,0.0,296,45,12,239,296,,,2.1342641282323613e-05
whisfusion,,common_voice,main,main,32,True,legacy,conf,rover_cg,3.6669213139801373,2.5581064646020173,4.862306007826045,0.586984470256918,0.0,296,94,30,172,296,,,7.58993507856503e-09
whisfusion,,common_voice,main,main,32,True,whisper,conf,rover_cg,1.528140141632501,0.14480823340762633,2.991468397019947,0.7228110935443454,0.016,296,91,56,149,296,,,0.08478401617011848
whisfusion,,common_voice,main,main,32,True,legacy,mbr,rover_cg,2.3682200152788386,1.684282870201105,3.109790375350702,0.3666428371674151,0.0,296,65,13,218,296,,,2.9464862759996832e-09
whisfusion,,common_voice,main,main,32,True,whisper,mbr,rover_cg,0.40998881848676855,-0.5856633951511229,1.4299229236800155,0.5100368366426127,0.2275,296,61,39,196,296,,,0.6777078444589775
whisfusion,,common_voice,main,main,32,True,legacy,cm05,rover_cg,2.5974025974025974,1.70527814456511,3.4496577790804146,0.4434292955273579,0.0,296,74,22,200,296,,,9.662094040109698e-08
whisfusion,,common_voice,main,main,32,True,whisper,cm05,rover_cg,0.5963473723443906,-0.6512196429670986,1.7512657053066811,0.613938116289265,0.1835,296,72,50,174,296,,,0.5263422896440421
whisfusion,,common_voice,main,main,32,True,legacy,conf,rover_c,3.437738731856379,2.3050105248994868,4.632939883211995,0.5951883384834838,0.0,296,90,31,175,296,,,7.304662396400301e-08
whisfusion,,common_voice,main,main,32,True,whisper,conf,rover_c,1.3045098770033545,-0.11397684742156095,2.766053859110458,0.7298583936378308,0.0415,296,88,56,152,296,,,0.1543140588694318
whisfusion,,common_voice,main,main,32,True,legacy,conf,rover_freq,2.2154316271963332,0.9184144140039976,3.4876289383023242,0.6471948964144266,0.0,296,76,41,179,296,,,0.000879504665276078
whisfusion,,common_voice,main,main,32,True,whisper,conf,rover_freq,0.18635855385762207,-1.3213686760783656,1.6791829404379965,0.7616933168400897,0.413,296,75,64,157,296,,,0.9208817624593268
whisfusion,,common_voice,main,main,32,True,legacy,first,rover_cg,13.17799847211612,11.476013218721572,14.922581591719851,0.8791443187819681,0.0,296,182,13,101,296,,,3.673003141225198e-29
whisfusion,,common_voice,main,main,32,True,whisper,first,rover_cg,11.442415206857994,9.424356281961574,13.406323479926753,1.0214632513124762,0.0,296,174,31,91,296,,,4.3059341976227705e-19
whisfusion,,common_voice,main,main,32,True,legacy,conf,mbr,1.2987012987012987,0.1552245342803422,2.4483825281026554,0.5901864007373661,0.012,296,61,43,192,296,,,0.03612745111058471
whisfusion,,common_voice,main,main,32,True,whisper,conf,mbr,1.1181513231457323,-0.03768612755692043,2.2326755882517237,0.592257611847261,0.0315,296,61,45,190,296,,,0.07366931735289031
whisfusion,,common_voice,main,main,32,True,legacy,first,conf,9.511077158135981,7.753740194344451,11.25787694304775,0.9029798749602612,0.0,296,148,25,123,296,,,5.308879537494704e-20
whisfusion,,common_voice,main,main,32,True,whisper,first,conf,9.914275065225494,8.193526460684383,11.621965533171172,0.8801492588509064,0.0,296,152,23,121,296,,,4.133568155762178e-22
whisfusion,,common_voice,main,main,32,True,legacy,rover_freq,rover_cg,1.4514896867838045,0.7826695280469623,2.120446552115033,0.3389544523130608,0.0,296,49,16,231,296,,,5.082672727087626e-05
whisfusion,,common_voice,main,main,32,True,whisper,rover_freq,rover_cg,1.3417815877748789,0.6829896944070674,2.0060687913731017,0.32678453042303623,0.0,296,45,15,236,296,,,0.00010506778721180929
whisfusion,,earnings22,main,main,16,False,legacy,conf,rover_cg,5.355776587605202,4.562973215806925,6.1693395320587525,0.4096213663849983,0.0,400,203,40,157,6,4.295694047657099,6.215395606358278,1.856471708690597e-26
whisfusion,,earnings22,main,main,16,False,whisper,conf,rover_cg,4.399191667962071,3.376343784098745,5.413063427567921,0.5173136363183471,0.0,400,203,64,133,6,3.7258815701929473,5.233788724263999,1.2110100078125713e-15
whisfusion,,earnings22,main,main,16,False,legacy,mbr,rover_cg,3.442999234889059,2.903377832436222,3.984875965124648,0.2800538288078338,0.0,400,164,25,211,6,2.6037735849056602,4.088676490110182,2.095305691599024e-23
whisfusion,,earnings22,main,main,16,False,whisper,mbr,rover_cg,2.33172703248873,1.5652842902267552,3.076747494479361,0.3879604961459754,0.0,400,157,57,186,6,1.9147398843930636,2.7248441674087265,1.9137996081094264e-08
whisfusion,,earnings22,main,main,16,False,legacy,cm05,rover_cg,3.8867635807192045,3.210260415307416,4.573559732947752,0.34494894027158995,0.0,400,174,34,192,6,3.0658968743778616,4.5342993365176225,3.2983279631087348e-21
whisfusion,,earnings22,main,main,16,False,whisper,cm05,rover_cg,2.6737136639204104,1.8204256760031323,3.527163180675701,0.4359494550545584,0.0,400,170,64,166,6,2.2548120989917506,3.1788079470198674,1.4347706862896968e-09
whisfusion,,earnings22,main,main,16,False,legacy,conf,rover_c,5.248661055853098,4.455941766320247,6.081362976236258,0.41349515520823305,0.0,400,201,42,157,6,4.137822529893015,6.090373280943026,3.567060423686383e-25
whisfusion,,earnings22,main,main,16,False,whisper,conf,rover_c,4.32146743354578,3.293511325993894,5.31348979373141,0.5184767937553316,0.0,400,201,64,135,6,3.589577410518918,5.183246073298429,6.289822568806066e-15
whisfusion,,earnings22,main,main,16,False,legacy,conf,rover_freq,4.345830145371079,3.5406071813838804,5.169513038443966,0.4035590080422994,0.0,400,193,57,150,6,3.3130866924351188,5.149650517147521,2.492813169683043e-20
whisfusion,,earnings22,main,main,16,False,whisper,conf,rover_freq,3.5286802424996115,2.4969397976030714,4.555307884637318,0.5159281390248839,0.0,400,187,77,136,6,2.8959599570968897,4.30035650623886,1.8410018188833167e-11
whisfusion,,earnings22,main,main,16,False,legacy,first,rover_cg,13.175210405508798,12.03843853434155,14.283644618337515,0.579714810481063,0.0,400,303,23,74,6,12.495977689584898,14.160766347355269,3.253091811757575e-50
whisfusion,,earnings22,main,main,16,False,whisper,first,rover_cg,13.088761075703404,11.798571004099491,14.36728565462142,0.6573761290861633,0.0,400,291,30,79,6,11.57218001168907,14.989457542649031,3.571863603393965e-45
whisfusion,,earnings22,main,main,16,False,legacy,conf,mbr,1.9127773527161438,1.200370727144963,2.6239479408935984,0.36901420325295387,0.0,400,130,63,207,6,1.5773728583084037,2.5353898161842383,9.04639014190737e-07
whisfusion,,earnings22,main,main,16,False,whisper,conf,mbr,2.067464635473341,1.2836585582711388,2.888799965858849,0.4056999785797719,0.0,400,137,62,201,6,1.5939990623534928,2.8322630643433433,1.0250132060589558e-06
whisfusion,,earnings22,main,main,16,False,legacy,first,conf,7.819433817903596,6.603780735022377,9.168542281983743,0.657769591495586,0.0,400,241,67,92,6,6.574545454545454,9.381965552178318,5.750044957255258e-25
whisfusion,,earnings22,main,main,16,False,whisper,first,conf,8.689569407741335,7.352902644812978,10.152368357853549,0.7064993764037824,0.0,400,241,67,92,6,7.58191416893733,10.263945988666569,3.9772479014780426e-26
whisfusion,,earnings22,main,main,16,False,legacy,rover_freq,rover_cg,1.009946442234124,0.6951719406214957,1.3477326476025238,0.16820940199976336,0.0,400,85,26,289,6,0.7169049922849746,1.345291479820628,2.3304006687700422e-08
whisfusion,,earnings22,main,main,16,False,whisper,rover_freq,rover_cg,0.8705114254624592,0.5365251347924587,1.2270362661395107,0.17596714889719553,0.0,400,84,35,281,6,0.5738837165629805,1.183431952662722,4.233842625394171e-06
whisfusion,,earnings22,main,main,32,True,legacy,conf,rover_cg,4.881407804131599,4.057244949181123,5.703066913081181,0.42241132529999337,0.0,400,192,51,157,6,3.600900225056264,5.916821788458939,1.2321168408231012e-23
whisfusion,,earnings22,main,main,32,True,whisper,conf,rover_cg,3.88621172081455,2.9214237109664087,4.8832000896159675,0.5041056776358922,0.0,400,186,77,137,6,2.9617253948967193,4.994731296101159,1.2064034197105259e-12
whisfusion,,earnings22,main,main,32,True,legacy,mbr,rover_cg,2.846212700841622,2.316052200425804,3.392330932106869,0.2763372231803759,0.0,400,156,31,213,6,2.2761578512171408,3.2977967306325517,6.930097905390038e-20
whisfusion,,earnings22,main,main,32,True,whisper,mbr,rover_cg,1.8342919322244675,1.0530863495028988,2.6040401491774685,0.38995596808601224,0.0,400,145,66,189,6,1.3389082421768572,2.6432568010804554,9.020277896571196e-06
whisfusion,,earnings22,main,main,32,True,legacy,cm05,rover_cg,3.3817903596021424,2.7247750229265493,4.02133555746879,0.3348330517138281,0.0,400,167,41,192,6,2.588094764085208,3.954510209356423,1.378414806786348e-18
whisfusion,,earnings22,main,main,32,True,whisper,cm05,rover_cg,2.316182185605472,1.4654462345028845,3.1391384195775243,0.4306223022474016,0.0,400,158,77,165,6,1.7253358036127837,3.1857976653696496,2.9149859521042503e-07
whisfusion,,earnings22,main,main,32,True,legacy,conf,rover_c,4.835501147666411,4.002286540440553,5.6619374193951035,0.42394275227097367,0.0,400,192,54,154,6,3.525881470367592,5.8244163424124515,3.6113869498314957e-23
whisfusion,,earnings22,main,main,32,True,whisper,conf,rover_c,3.8395771801647753,2.8698938126601385,4.8522693849421845,0.5049926641094972,0.0,400,187,80,133,6,2.9619997110244185,4.931506849315069,2.9665994157135054e-12
whisfusion,,earnings22,main,main,32,True,legacy,conf,rover_freq,4.009181331293037,3.2233041659993846,4.837356574488926,0.4123634226687427,0.0,400,179,58,163,6,2.7274537129205654,5.021414857480432,4.231091088269065e-18
whisfusion,,earnings22,main,main,32,True,whisper,conf,rover_freq,2.9379760609358,2.0077502123749587,3.9266616127657974,0.4966629483278637,0.0,400,173,86,141,6,2.1363717286807904,3.8631022326674502,3.809904686242565e-08
whisfusion,,earnings22,main,main,32,True,legacy,first,rover_cg,13.649579188982402,12.529654478012606,14.778821103567958,0.5790209826406991,0.0,400,305,18,77,6,12.912748742619724,14.646464646464647,5.2372005233703415e-51
whisfusion,,earnings22,main,main,32,True,whisper,first,rover_cg,13.757189491683507,12.454994004424126,15.104406006347727,0.6780480708607391,0.0,400,293,26,81,6,12.03817824873358,16.024225260923576,1.7368344502494984e-46
whisfusion,,earnings22,main,main,32,True,legacy,conf,mbr,2.035195103289977,1.2922755667363899,2.802254699719098,0.3927889783611498,0.0,400,137,68,195,6,0.9357171241917539,3.170979198376459,2.763641958259381e-07
whisfusion,,earnings22,main,main,32,True,whisper,conf,mbr,2.0519197885900824,1.2531971747301665,2.87475523346333,0.4135350168282976,0.0,400,136,72,192,6,0.7692993531218669,3.1791421362489487,8.89974659920481e-07
whisfusion,,earnings22,main,main,32,True,legacy,first,conf,8.768171384850802,7.515317174562535,10.071261833653102,0.6529691077409281,0.0,400,256,61,83,6,7.4840640600950685,10.730639060322517,5.7500633982523336e-30
whisfusion,,earnings22,main,main,32,True,whisper,first,conf,9.870977770868956,8.60078366695836,11.241665681338716,0.6870031847748121,0.0,400,260,64,76,6,8.553365563406471,11.98929961089494,3.286418841728375e-32
whisfusion,,earnings22,main,main,32,True,legacy,rover_freq,rover_cg,0.8722264728385616,0.4869320916511842,1.2234871301366337,0.18436126342347867,0.0,400,81,30,289,6,0.6728181468665898,1.0589519650655022,3.007369932892797e-06
whisfusion,,earnings22,main,main,32,True,whisper,rover_freq,rover_cg,0.9482356598787502,0.5183593742377499,1.3436090579710145,0.2094160339363916,0.0,400,80,30,290,6,0.6018822499452834,1.3503909026297085,1.031698356259212e-05
whisfusion,,fleurs-en,main,main,16,False,legacy,conf,rover_cg,4.508949059201469,3.8808329555546663,5.131529750974892,0.32291881722438076,0.0,400,228,40,132,280,3.8568366812663664,5.1953427486979535,1.9111391952329296e-31
whisfusion,,fleurs-en,main,main,16,False,whisper,conf,rover_cg,4.510324143499827,3.8231055068848843,5.205412470584205,0.3544839444908509,0.0,400,229,54,117,280,3.81449678928784,5.237377539323492,7.816503058613811e-28
whisfusion,,fleurs-en,main,main,16,False,legacy,mbr,rover_cg,2.8109224414869205,2.3228652507267955,3.316742937142081,0.254297578574012,0.0,400,168,30,202,280,2.2772810186744974,3.3522718092360657,2.085517289229229e-23
whisfusion,,fleurs-en,main,main,16,False,whisper,mbr,rover_cg,2.7800207636405583,2.1893133691803044,3.3555338561943135,0.2987937987959337,0.0,400,173,49,178,280,2.1410174318590163,3.44089610126543,2.6400753075270093e-17
whisfusion,,fleurs-en,main,main,16,False,legacy,cm05,rover_cg,3.143643873336393,2.60962044412152,3.6674918534376983,0.2705981795021063,0.0,400,192,39,169,280,2.5899101395055726,3.711946846789975,9.577478573430408e-25
whisfusion,,fleurs-en,main,main,16,False,whisper,cm05,rover_cg,3.022263236820856,2.4250568598577456,3.611612458514699,0.3086197863115086,0.0,400,191,55,154,280,2.360226196937002,3.6723121456279206,1.061311557778463e-18
whisfusion,,fleurs-en,main,main,16,False,legacy,conf,rover_c,4.554841670491051,3.9379042677325744,5.170857869781724,0.3189786404209933,0.0,400,229,37,134,280,3.913643047298587,5.230706651956359,5.12250129526182e-32
whisfusion,,fleurs-en,main,main,16,False,whisper,conf,rover_c,4.544930211097013,3.868158731315362,5.231426841487535,0.3516597408325202,0.0,400,229,51,120,280,3.8307699231839236,5.2656174242972975,3.067502570157193e-28
whisfusion,,fleurs-en,main,main,16,False,legacy,conf,rover_freq,3.9352914180816887,3.3247395716379584,4.5299610322367965,0.312314835014631,0.0,400,214,45,141,280,3.3357240211336165,4.562976456495727,4.065850809825633e-28
whisfusion,,fleurs-en,main,main,16,False,whisper,conf,rover_freq,3.875879570884762,3.220973419170511,4.527352949142276,0.33938913223546124,0.0,400,215,58,127,280,3.2272607372383817,4.553296813077258,1.0143284922375458e-23
whisfusion,,fleurs-en,main,main,16,False,legacy,first,rover_cg,10.715924736117485,9.774211269474732,11.70844924547631,0.49094394098323074,0.0,400,320,22,58,280,9.659376048606891,11.786400885063646,1.8270809009053719e-53
whisfusion,,fleurs-en,main,main,16,False,whisper,first,rover_cg,10.935517360710579,9.883276331561333,12.022958177667082,0.5365725153478662,0.0,400,312,27,61,280,9.853989102972829,12.065643577799552,6.903673969231476e-50
whisfusion,,fleurs-en,main,main,16,False,legacy,conf,mbr,1.698026617714548,1.1230676186900594,2.194405379775618,0.271868654570843,0.0,400,139,59,202,280,1.2039916007225961,2.2322875677747103,4.183115400430139e-10
whisfusion,,fleurs-en,main,main,16,False,whisper,conf,mbr,1.7303033798592686,1.1599887348752413,2.278072368547224,0.28762152091954346,0.0,400,141,60,199,280,1.154284365861412,2.303146729167841,2.8444492185890523e-09
whisfusion,,fleurs-en,main,main,16,False,legacy,first,conf,6.2069756769160165,5.285192314907149,7.185623700573314,0.47766230719783775,0.0,400,234,61,105,280,5.253153079325707,7.165368153874919,4.466135825909972e-30
whisfusion,,fleurs-en,main,main,16,False,whisper,first,conf,6.425193217210751,5.472416574724541,7.431173352404333,0.5024842239314451,0.0,400,235,61,104,280,5.435929795413018,7.4017284159464145,5.650982096193457e-29
whisfusion,,fleurs-en,main,main,16,False,legacy,rover_freq,rover_cg,0.5736576411197797,0.28502575830062554,0.8662647064719208,0.14322709504814554,0.0,400,75,40,285,280,0.26849189966720977,0.8883384647559661,0.00011258149624313512
whisfusion,,fleurs-en,main,main,16,False,whisper,rover_freq,rover_cg,0.6344445726150651,0.31460585794551554,0.9460604772967656,0.15931668411171865,0.0,400,81,41,278,280,0.294714411877317,0.9628663155784852,5.7200749248091176e-05
whisfusion,,fleurs-en,main,main,32,True,legacy,conf,rover_cg,4.4860027535566775,3.91585853867782,5.081085367375932,0.3050101963333903,0.0,400,226,32,142,280,3.870188591314567,5.121135746714019,4.8083025755776705e-33
whisfusion,,fleurs-en,main,main,32,True,whisper,conf,rover_cg,4.325758449648172,3.671393160333176,5.02763340160273,0.3439776131489952,0.0,400,219,48,133,280,3.619464214419604,5.0566955423775655,2.751529474693061e-26
whisfusion,,fleurs-en,main,main,32,True,legacy,mbr,rover_cg,2.2143184947223498,1.8227727120607253,2.60461795492199,0.20050465358905187,0.0,400,155,26,219,280,1.8098980942024883,2.6314225425200637,1.1302850102188234e-21
whisfusion,,fleurs-en,main,main,32,True,whisper,mbr,rover_cg,2.1571115468912216,1.6572010961342594,2.663138201414831,0.254652497994099,0.0,400,158,42,200,280,1.618752194668261,2.72343149764842,1.8774815558859016e-14
whisfusion,,fleurs-en,main,main,32,True,legacy,cm05,rover_cg,2.6158788435061955,2.1908255680565443,3.062295848247525,0.2232541682497665,0.0,400,175,30,195,280,2.1683873932164928,3.0806844016746537,1.435769084302348e-23
whisfusion,,fleurs-en,main,main,32,True,whisper,cm05,rover_cg,2.5377782904602606,2.015630547110334,3.092437224991549,0.2754848002743086,0.0,400,178,50,172,280,1.9500421472878633,3.1389435204979192,2.997462927243778e-16
whisfusion,,fleurs-en,main,main,32,True,legacy,conf,rover_c,4.4860027535566775,3.915819446450278,5.08086438964782,0.30404904837405006,0.0,400,226,30,144,280,3.8675559137735487,5.120321472206831,6.566366614225116e-33
whisfusion,,fleurs-en,main,main,32,True,whisper,conf,rover_c,4.325758449648172,3.657850967923963,5.015474809279052,0.3435987328551301,0.0,400,220,47,133,280,3.6297066755626206,5.053944247080818,3.770962924010704e-26
whisfusion,,fleurs-en,main,main,32,True,legacy,conf,rover_freq,3.9926571821936667,3.410677990449936,4.623628233926317,0.31253931609054875,0.0,400,212,40,148,280,3.3979851972722956,4.626643272997354,1.9149171977711727e-28
whisfusion,,fleurs-en,main,main,32,True,whisper,conf,rover_freq,3.7143845887645632,3.0458018206401416,4.441060175428375,0.3490880244325136,0.0,400,204,57,139,280,3.0352379491760906,4.4292204112484725,1.6338422620201646e-20
whisfusion,,fleurs-en,main,main,32,True,legacy,first,rover_cg,11.083065626434145,10.147579848953768,12.034615430107952,0.48716604687461584,0.0,400,322,16,62,280,10.037256278643978,12.132831267451007,1.0522017957055438e-54
whisfusion,,fleurs-en,main,main,32,True,whisper,first,rover_cg,11.339254816011074,10.313930233661994,12.423150999533945,0.5351699108016182,0.0,400,317,22,61,280,10.223749623603098,12.47448825724582,2.338828882619582e-51
whisfusion,,fleurs-en,main,main,32,True,legacy,conf,mbr,2.271684258834328,1.761612153083432,2.809520896013845,0.26535729019542525,0.0,400,158,54,188,280,1.755876999426754,2.8022196476746655,2.5007178984214457e-15
whisfusion,,fleurs-en,main,main,32,True,whisper,conf,mbr,2.16864690275695,1.6408265971912437,2.731501480142485,0.283114409670002,0.0,400,154,57,189,280,1.59573351555103,2.7430384193850936,3.593468982457562e-12
whisfusion,,fleurs-en,main,main,32,True,legacy,first,conf,6.5970628728774665,5.620080761880831,7.615383464231155,0.5022952164769398,0.0,400,241,56,103,280,5.6257495272474625,7.60327408188951,5.551328251570714e-32
whisfusion,,fleurs-en,main,main,32,True,whisper,first,conf,7.013496366362903,5.995655239934513,8.047387155385364,0.5220181625660858,0.0,400,248,54,98,280,6.009984273678406,8.046663808072456,9.375059164239903e-33
whisfusion,,fleurs-en,main,main,32,True,legacy,rover_freq,rover_cg,0.49334557136301055,0.25618722279215805,0.7500370921719688,0.12758556843039032,0.0,400,63,29,308,280,0.24253975525161967,0.7530943724076784,0.00013673106973988603
whisfusion,,fleurs-en,main,main,32,True,whisper,rover_freq,rover_cg,0.6113738608836082,0.3231331862809947,0.9195050150824926,0.15188978011458615,0.0,400,68,31,301,280,0.3199588649765485,0.9253860082892915,6.204776161971499e-05
whisfusion,,gigaspeech,main,main,16,False,legacy,conf,rover_cg,3.9280958721704393,3.2496012658570037,4.613398173108285,0.3474372130846341,0.0,400,183,47,170,112,3.1253479825532273,4.705071346415601,7.83039488821127e-22
whisfusion,,gigaspeech,main,main,16,False,whisper,conf,rover_cg,-0.27195027195027194,-1.204233095921682,0.6373782061960812,0.472739789660525,0.7325,400,133,120,147,112,-1.2082211750892935,0.6883498304092219,0.7261377499075677
whisfusion,,gigaspeech,main,main,16,False,legacy,mbr,rover_cg,2.490013315579228,2.031779074355482,2.981994619996904,0.24444553864073962,0.0,400,140,25,235,112,1.9663894775244648,3.01973801935207,5.010718296082693e-19
whisfusion,,gigaspeech,main,main,16,False,whisper,mbr,rover_cg,-1.8000518000518,-2.554084621072939,-1.0253590912680324,0.3957887950712666,1.0,400,92,127,181,112,-2.538581803933383,-0.9996409272734184,8.462242733565616e-06
whisfusion,,gigaspeech,main,main,16,False,legacy,cm05,rover_cg,2.7829560585885487,2.2415398950630796,3.3524249353767805,0.2798775500824371,0.0,400,150,35,215,112,2.184242606644292,3.408439089632657,7.550088623696615e-18
whisfusion,,gigaspeech,main,main,16,False,whisper,cm05,rover_cg,-1.592851592851593,-2.428738447253646,-0.7595169261890239,0.42312579248132465,1.0,400,102,131,167,112,-2.3728530500050327,-0.7453895264400288,0.00018434749453795997
whisfusion,,gigaspeech,main,main,16,False,legacy,conf,rover_c,3.914780292942743,3.227905193831431,4.596887000619136,0.34916148764405047,0.0,400,180,45,175,112,3.1088351386158037,4.679119590607677,1.4786015848785856e-21
whisfusion,,gigaspeech,main,main,16,False,whisper,conf,rover_c,-0.24605024605024606,-1.1962796783081753,0.6753234227527277,0.4737463028623729,0.713,400,131,118,151,112,-1.1702657389332831,0.7141860496209808,0.748627213516919
whisfusion,,gigaspeech,main,main,16,False,legacy,conf,rover_freq,3.395472703062583,2.760168177024328,4.032964206327189,0.32687050548939156,0.0,400,166,50,184,112,2.6603558209114255,4.133040168855405,8.416395528928476e-19
whisfusion,,gigaspeech,main,main,16,False,whisper,conf,rover_freq,-0.6086506086506086,-1.4951040844335541,0.23490558401389086,0.4537698683094831,0.9095,400,122,122,156,112,-1.5434875163324948,0.3809290013337681,0.221977183834849
whisfusion,,gigaspeech,main,main,16,False,legacy,first,rover_cg,10.372836218375499,9.381002186553673,11.48545614374764,0.5240038259530053,0.0,400,287,18,95,112,9.22388054194866,11.416790073035266,5.941516991867071e-47
whisfusion,,gigaspeech,main,main,16,False,whisper,first,rover_cg,5.96995596995597,4.740899525186526,7.249925091842053,0.6294658420755674,0.0,400,228,88,84,112,4.674569411390201,7.1881320727235885,6.909212308410632e-18
whisfusion,,gigaspeech,main,main,16,False,legacy,conf,mbr,1.4380825565912116,0.8967966596392015,1.9639572631502937,0.27621786690677597,0.0,400,110,57,233,112,0.8780352724519744,2.0335717446330146,1.5652741040428696e-06
whisfusion,,gigaspeech,main,main,16,False,whisper,conf,mbr,1.528101528101528,0.9662094520995997,2.128524287905532,0.3009214179956088,0.0,400,114,64,222,112,0.9363772021969448,2.1569460740197823,1.2474445222149948e-06
whisfusion,,gigaspeech,main,main,16,False,legacy,first,conf,6.44474034620506,5.508408631692984,7.500368797005714,0.510916853066543,0.0,400,231,44,125,112,5.4348841753040675,7.47344877318019,6.0619386750092755e-30
whisfusion,,gigaspeech,main,main,16,False,whisper,first,conf,6.241906241906242,5.248155868786094,7.305131350924812,0.5328332005840793,0.0,400,231,49,120,112,5.123556681789827,7.302516317309681,2.5268785994009718e-27
whisfusion,,gigaspeech,main,main,16,False,legacy,rover_freq,rover_cg,0.5326231691078562,0.22421007630231862,0.8323413733086588,0.15586430706265855,0.0005,400,69,31,300,112,0.18860301554239856,0.8555728756227007,0.00031274332010219755
whisfusion,,gigaspeech,main,main,16,False,whisper,rover_freq,rover_cg,0.3367003367003367,0.050686817618414766,0.6198647842353954,0.1474133146155166,0.013,400,59,34,307,112,0.05104580116885958,0.6034519521829428,0.013419099297552499
whisfusion,,gigaspeech,main,main,32,True,legacy,conf,rover_cg,3.448735019973369,2.728418934535435,4.1480330776681,0.36973246045493036,0.0,400,165,55,180,112,2.6689996901313466,4.219859365562683,8.989567421440837e-17
whisfusion,,gigaspeech,main,main,32,True,whisper,conf,rover_cg,-0.6086506086506086,-1.5714994034351104,0.35192458621290357,0.4938240163067242,0.894,400,124,133,143,112,-1.5494813128438627,0.38416902979100787,0.2584228559391941
whisfusion,,gigaspeech,main,main,32,True,legacy,mbr,rover_cg,2.1970705725699067,1.7040947541601825,2.693267483378869,0.2534141645495537,0.0,400,127,33,240,112,1.7209171090455513,2.7005363215610365,1.0435264076663002e-15
whisfusion,,gigaspeech,main,main,32,True,whisper,mbr,rover_cg,-2.059052059052059,-2.8475248998589793,-1.2753391721538028,0.4061342916800575,1.0,400,79,137,184,112,-2.8401370132636243,-1.206278137464855,4.714105516088756e-07
whisfusion,,gigaspeech,main,main,32,True,legacy,cm05,rover_cg,2.4234354194407457,1.918663959967357,2.9208873007810023,0.2623575858498505,0.0,400,139,34,227,112,1.8567240496947024,2.971356682008163,4.4714668362907113e-17
whisfusion,,gigaspeech,main,main,32,True,whisper,cm05,rover_cg,-1.9943019943019944,-2.85829371837011,-1.1707698293633706,0.43323941788551446,1.0,400,95,134,171,112,-2.8422985880316616,-1.0826154293551635,2.3227814500885845e-05
whisfusion,,gigaspeech,main,main,32,True,legacy,conf,rover_c,3.448735019973369,2.735791339915472,4.143126031877318,0.37063723769915946,0.0,400,166,56,178,112,2.653601112490848,4.211745415556807,1.1694107323648615e-16
whisfusion,,gigaspeech,main,main,32,True,whisper,conf,rover_c,-0.6216006216006216,-1.5847851340205314,0.35023648455876283,0.49423877987187886,0.901,400,125,135,140,112,-1.5488922495612367,0.382176662878417,0.24850109203783088
whisfusion,,gigaspeech,main,main,32,True,legacy,conf,rover_freq,3.22237017310253,2.574996695808152,3.9012890641443696,0.3373784698675358,0.0,400,157,52,191,112,2.406836556091078,4.009971044791028,3.847514279448037e-16
whisfusion,,gigaspeech,main,main,32,True,whisper,conf,rover_freq,-0.7381507381507382,-1.6731638454470614,0.24282887639517023,0.48392437709187514,0.941,400,121,135,144,112,-1.6979467131956674,0.2608472763282034,0.11786788414250302
whisfusion,,gigaspeech,main,main,32,True,legacy,first,rover_cg,10.599201065246339,9.58952611259038,11.759056072419925,0.5420097244903653,0.0,400,290,22,88,112,9.455012741100727,11.716379973714139,4.5872266253269356e-48
whisfusion,,gigaspeech,main,main,32,True,whisper,first,rover_cg,6.216006216006216,4.978918113390874,7.521440100669207,0.6374418827542241,0.0,400,228,86,86,112,4.901644883226477,7.535997904818981,4.446197920017386e-19
whisfusion,,gigaspeech,main,main,32,True,legacy,conf,mbr,1.251664447403462,0.6459706996783913,1.913779576171494,0.3282302064201148,0.0,400,113,76,211,112,0.6244126014517585,1.9001366535784072,0.00038614520721595925
whisfusion,,gigaspeech,main,main,32,True,whisper,conf,mbr,1.4504014504014504,0.8101733733128255,2.1517261084916646,0.3416064086487661,0.0,400,120,75,205,112,0.8245853705301506,2.0618158988872435,4.2745532447560215e-05
whisfusion,,gigaspeech,main,main,32,True,legacy,first,conf,7.150466045272969,6.162862693462597,8.187300131508767,0.5217117142388581,0.0,400,242,40,118,112,6.056240075110406,8.196125195997707,5.55003364048161e-32
whisfusion,,gigaspeech,main,main,32,True,whisper,first,conf,6.824656824656825,5.801546479241237,7.931316477720137,0.5527239485480782,0.0,400,236,46,118,112,5.638139963160646,7.883214206824688,2.0135354808259496e-28
whisfusion,,gigaspeech,main,main,32,True,legacy,rover_freq,rover_cg,0.22636484687083888,-0.06495048824871696,0.5184249238227646,0.14830127586906464,0.077,400,54,33,313,112,-0.0955242222004114,0.5596779451610522,0.08011415358306695
whisfusion,,gigaspeech,main,main,32,True,whisper,rover_freq,rover_cg,0.1295001295001295,-0.1552399363580902,0.41225501322406494,0.14720728186411644,0.22,400,49,36,315,112,-0.1629492357545105,0.43720373646066896,0.27752578263276395
whisfusion,,ls-dev-clean,main,main,16,False,legacy,conf,rover_cg,1.8525870054254334,1.3985572097185772,2.3273064451292114,0.23542792492353626,0.0,400,108,25,267,40,1.2948862385100757,2.4111454528307816,1.0388763713521158e-12
whisfusion,,ls-dev-clean,main,main,16,False,whisper,conf,rover_cg,0.7375214012906625,0.1466432078155549,1.3362587934975323,0.30925152077686385,0.0115,400,98,59,243,40,-0.1302440517445541,1.5971025874539913,0.05262926306917465
whisfusion,,ls-dev-clean,main,main,16,False,legacy,mbr,rover_cg,0.9924573243350536,0.7091138540158511,1.3097156525659226,0.15234628644024412,0.0,400,67,12,321,40,0.7073036226677726,1.2596256642370682,1.4003429385938968e-09
whisfusion,,ls-dev-clean,main,main,16,False,whisper,mbr,rover_cg,-0.07902015013828527,-0.5481338403903879,0.37711803704027924,0.2360346888071544,0.6255,400,59,51,290,40,-0.704673093916416,0.48095811250405185,0.5696784724696142
whisfusion,,ls-dev-clean,main,main,16,False,legacy,cm05,rover_cg,1.1512504962286623,0.8279424270653223,1.5182568747658196,0.17382244729509572,0.0,400,77,15,308,40,0.7456973774233657,1.5615428897479264,4.643248841504298e-10
whisfusion,,ls-dev-clean,main,main,16,False,whisper,cm05,rover_cg,0.09219017516133281,-0.4280776610152488,0.5930921528959565,0.26308784196215684,0.349,400,69,52,279,40,-0.6407831423168846,0.7986923009299544,0.9436639255093857
whisfusion,,ls-dev-clean,main,main,16,False,legacy,conf,rover_c,1.7996559481275638,1.3418031006368925,2.2724395296950806,0.23624889491742054,0.0,400,103,26,271,40,1.2493374771107206,2.3584845222282396,6.228592896967577e-12
whisfusion,,ls-dev-clean,main,main,16,False,whisper,conf,rover_c,0.6585012511523772,0.042277073612885976,1.2656711287256843,0.31133299540603915,0.018,400,93,61,246,40,-0.22422953554438194,1.526933166038054,0.0927015938487054
whisfusion,,ls-dev-clean,main,main,16,False,legacy,conf,rover_freq,1.7467248908296944,1.3103257823377774,2.187274199545217,0.22245164020399963,0.0,400,100,24,276,40,1.257152219729959,2.258496785072934,1.573734753877343e-12
whisfusion,,ls-dev-clean,main,main,16,False,whisper,conf,rover_freq,0.605821151060187,0.013326367065905733,1.1776362876254174,0.3001699502999863,0.0235,400,90,59,251,40,-0.22184263823295836,1.4261250976386464,0.11243860749351334
whisfusion,,ls-dev-clean,main,main,16,False,legacy,first,rover_cg,6.536985576286886,5.769984146539684,7.320026584867076,0.39842474137380046,0.0,400,203,13,184,40,5.803435562770903,7.216986945794242,6.872425573789365e-34
whisfusion,,ls-dev-clean,main,main,16,False,whisper,first,rover_cg,5.426050309495588,4.581155768367904,6.289911121268604,0.43752984931622524,0.0,400,188,40,172,40,4.460053987200618,6.322351728855129,4.0551306064030323e-22
whisfusion,,ls-dev-clean,main,main,16,False,legacy,conf,mbr,0.8601296810903798,0.5240010913873445,1.2023605867285034,0.17133279645396718,0.0,400,65,26,309,40,0.4847849309167733,1.2510450959453372,1.7571670836826815e-06
whisfusion,,ls-dev-clean,main,main,16,False,whisper,conf,mbr,0.8165415514289477,0.44514641677786787,1.1739045788641838,0.18365729474776823,0.0,400,63,27,310,40,0.4085533970509683,1.230522087061256,1.905318243426534e-05
whisfusion,,ls-dev-clean,main,main,16,False,legacy,first,conf,4.684398570861453,3.9058366535742177,5.475717338994872,0.40094581023830056,0.0,400,170,26,204,40,3.9277635496936125,5.409222949396082,5.081590170780958e-24
whisfusion,,ls-dev-clean,main,main,16,False,whisper,first,conf,4.688528908204925,3.8935210752679867,5.499825117931625,0.40584119508872585,0.0,400,169,25,206,40,3.9068962416710695,5.43147818890999,1.6337673061174873e-23
whisfusion,,ls-dev-clean,main,main,16,False,legacy,rover_freq,rover_cg,0.10586211459573905,-0.06520824511183969,0.27583977179134134,0.08413372790867849,0.1165,400,25,17,358,40,-0.06681901448426389,0.2784435019046543,0.21704390775694227
whisfusion,,ls-dev-clean,main,main,16,False,whisper,rover_freq,rover_cg,0.13170025023047544,-0.02657136422397911,0.29846581660336385,0.08308204478889433,0.063,400,25,15,360,40,-0.0396538854551353,0.2962126894376489,0.11384629800665805
whisfusion,,ls-dev-clean,main,main,32,True,legacy,conf,rover_cg,1.7467248908296944,1.3473251799478523,2.20891923312962,0.22227070925294673,0.0,400,104,26,270,40,1.2491995750365836,2.2377335151923616,1.9293357677956708e-12
whisfusion,,ls-dev-clean,main,main,32,True,whisper,conf,rover_cg,0.5663110759910444,-0.038744824317133074,1.1779243729508826,0.30694260176880306,0.034,400,94,62,244,40,-0.26123985126113247,1.3655215799183082,0.11677141973020383
whisfusion,,ls-dev-clean,main,main,32,True,legacy,mbr,rover_cg,0.8204313881169777,0.5535263813940666,1.1055957485056849,0.1382075094988425,0.0,400,63,15,322,40,0.5006911967945176,1.1231209461117717,5.331444757681126e-08
whisfusion,,ls-dev-clean,main,main,32,True,whisper,mbr,rover_cg,-0.28974055050704595,-0.7623907280121365,0.16284523874142529,0.23403402672466736,0.898,400,54,52,294,40,-0.8789933680464206,0.26051600865810703,0.14902181030504721
whisfusion,,ls-dev-clean,main,main,32,True,legacy,cm05,rover_cg,0.9527590313616514,0.6097198121544822,1.3048491897945023,0.1725237853141109,0.0,400,70,21,309,40,0.5390070745940289,1.3844499823573104,2.1380330869920656e-07
whisfusion,,ls-dev-clean,main,main,32,True,whisper,cm05,rover_cg,-0.18438035032266561,-0.7060503862431222,0.3277702697418117,0.2654774317394314,0.7595,400,64,59,277,40,-0.8590712630931501,0.4655427212188415,0.23724390161155406
whisfusion,,ls-dev-clean,main,main,32,True,legacy,conf,rover_c,1.7599576551541618,1.3555942779425918,2.2069559561402676,0.22011332102063055,0.0,400,102,24,274,40,1.3061521058330912,2.2146238286536324,5.957340640670052e-13
whisfusion,,ls-dev-clean,main,main,32,True,whisper,conf,rover_c,0.5531410509679968,-0.040418405901640496,1.1456454196316965,0.30280213503727743,0.0345,400,91,62,247,40,-0.2403042904958617,1.3285317966295735,0.12088306472072056
whisfusion,,ls-dev-clean,main,main,32,True,legacy,conf,rover_freq,1.66732830488289,1.2598150284154,2.1039073095711225,0.21760631127079538,0.0,400,99,27,274,40,1.2413145287266119,2.133634947045175,3.988294971859042e-12
whisfusion,,ls-dev-clean,main,main,32,True,whisper,conf,rover_freq,0.46095087580666405,-0.14661291495679854,1.0528113944676625,0.299861883932145,0.0625,400,88,64,248,40,-0.3219809303065328,1.232989641159816,0.1808913113655215
whisfusion,,ls-dev-clean,main,main,32,True,legacy,first,rover_cg,6.629614926558158,5.8673805639281404,7.429680105411207,0.4049829685679278,0.0,400,201,12,187,40,5.8626333617348605,7.357742978080932,9.29434635320838e-34
whisfusion,,ls-dev-clean,main,main,32,True,whisper,first,rover_cg,5.46556038456473,4.602160921389556,6.3374912143753095,0.44302017280556194,0.0,400,185,39,176,40,4.560388123370401,6.3304114901239075,3.019511115990577e-22
whisfusion,,ls-dev-clean,main,main,32,True,legacy,conf,mbr,0.9262935027127167,0.6028734358145614,1.2706983986851845,0.17019061151929238,0.0,400,72,25,303,40,0.5882688536700416,1.2999183302986634,2.789957867641499e-07
whisfusion,,ls-dev-clean,main,main,32,True,whisper,conf,mbr,0.8560516264980903,0.5044879679512467,1.2167071346817966,0.18078329785799818,0.0,400,71,27,302,40,0.46216080139766424,1.2757304799146596,4.2770120570993204e-06
whisfusion,,ls-dev-clean,main,main,32,True,legacy,first,conf,4.8828900357284635,4.123540203447378,5.681021534305933,0.406385763393047,0.0,400,176,31,193,40,4.1068708708616155,5.687092487016178,6.919124555534307e-25
whisfusion,,ls-dev-clean,main,main,32,True,whisper,first,conf,4.899249308573686,4.116989868828778,5.7353524275530425,0.41456827157683845,0.0,400,175,30,195,40,4.071844414277855,5.690567877954501,1.4836679570655743e-24
whisfusion,,ls-dev-clean,main,main,32,True,legacy,rover_freq,rover_cg,0.0793965859468043,-0.06808003183276672,0.23738516418964456,0.07743604300284519,0.1725,400,17,11,372,40,-0.09729690432964533,0.22968119011326746,0.3056010565905932
whisfusion,,ls-dev-clean,main,main,32,True,whisper,rover_freq,rover_cg,0.10536020018438035,-0.039920824130699986,0.25935042289140703,0.0768381858055502,0.099,400,18,10,372,40,-0.06555304858493892,0.2507640268418636,0.17194063508273738
whisfusion,,ls-dev-other,main,main,16,False,legacy,conf,rover_cg,3.2467532467532467,2.624926297663306,3.8999395603565468,0.32774986000090744,0.0,400,155,36,209,33,2.4038532575159164,4.133684423180224,6.335091690650059e-18
whisfusion,,ls-dev-other,main,main,16,False,whisper,conf,rover_cg,1.3938234490297896,0.6041001569440052,2.165287893462132,0.39706232225660504,0.0005,400,125,79,196,33,0.19806644966762005,2.6123535453007625,0.006542885914972142
whisfusion,,ls-dev-other,main,main,16,False,legacy,mbr,rover_cg,2.1138436032053054,1.6234596751577102,2.612970516115231,0.24633947206767287,0.0,400,107,15,278,33,1.5552420440732986,2.711770115725289,1.466531641323143e-16
whisfusion,,ls-dev-other,main,main,16,False,whisper,mbr,rover_cg,0.4919376878928669,-0.1667002637088941,1.151076424301753,0.3431376897129952,0.0825,400,91,67,242,33,-0.44769980714958424,1.4545805280946582,0.4196634464491418
whisfusion,,ls-dev-other,main,main,16,False,legacy,cm05,rover_cg,2.072395689416966,1.5010967625824692,2.6323518131719,0.28951782683010885,0.0,400,112,30,258,33,1.4217190136060445,2.7686693213291513,1.6106048000932888e-11
whisfusion,,ls-dev-other,main,main,16,False,whisper,cm05,rover_cg,0.40994807324405574,-0.30448978948225186,1.1131536189079339,0.3629616962381219,0.1415,400,93,76,231,33,-0.572438133347421,1.4447470878467468,0.7139013165665669
whisfusion,,ls-dev-other,main,main,16,False,legacy,conf,rover_c,3.177673390439348,2.518957706106262,3.8152385405916744,0.3276673910683033,0.0,400,155,36,209,33,2.311919434146804,4.0427712342209405,1.6213704118957827e-17
whisfusion,,ls-dev-other,main,main,16,False,whisper,conf,rover_c,1.339163705930582,0.5430957182714884,2.1064234379067024,0.3966981478546534,0.0005,400,124,78,198,33,0.17129630828316827,2.5297156571191124,0.008523918498363075
whisfusion,,ls-dev-other,main,main,16,False,legacy,conf,rover_freq,2.666482453716496,2.0243557464139497,3.3277780512755992,0.32752136605323134,0.0,400,141,44,215,33,1.8724042009566562,3.4772481763542555,4.180541886259197e-13
whisfusion,,ls-dev-other,main,main,16,False,whisper,conf,rover_freq,0.8608909538125171,0.07230508895826891,1.6357198637691652,0.39878305438632944,0.016,400,112,89,199,33,-0.33551755433353025,2.0644938961518013,0.1414219921575497
whisfusion,,ls-dev-other,main,main,16,False,legacy,first,rover_cg,8.773141751865156,7.753984393582187,9.733033736150372,0.500863369458341,0.0,400,243,24,133,33,7.63716935982183,10.017801351990332,1.6945867051392092e-39
whisfusion,,ls-dev-other,main,main,16,False,whisper,first,rover_cg,7.119431538671768,6.059533677090773,8.177453238018927,0.5429777860337083,0.0,400,223,53,124,33,5.849351135423979,8.462053848557886,1.2871782639139472e-25
whisfusion,,ls-dev-other,main,main,16,False,legacy,conf,mbr,1.1329096435479413,0.5974233814178682,1.695838816471054,0.28271274585268275,0.0,400,108,52,240,33,0.5289369661471663,1.7427622970730041,4.423913562424234e-05
whisfusion,,ls-dev-other,main,main,16,False,whisper,conf,mbr,0.9018857611369226,0.35892164921223735,1.455406096008596,0.27857630251792387,0.0,400,98,57,245,33,0.27814401272193495,1.5337597901757263,0.0011844169496540104
whisfusion,,ls-dev-other,main,main,16,False,legacy,first,conf,5.5263885051119095,4.520752855152131,6.545623663843919,0.5085178149663505,0.0,400,195,48,157,33,4.420873496578759,6.6657948855507865,2.459955090851952e-22
whisfusion,,ls-dev-other,main,main,16,False,whisper,first,conf,5.7256080896419785,4.734231883820336,6.731148581806369,0.508418829163328,0.0,400,197,43,160,33,4.633150579418315,6.804136321297034,2.441220681215192e-24
whisfusion,,ls-dev-other,main,main,16,False,legacy,rover_freq,rover_cg,0.5802707930367504,0.32914725368437425,0.8264546821127811,0.12826245752864418,0.0,400,55,19,326,33,0.3203700712143234,0.8632171704387092,2.3108869091548554e-05
whisfusion,,ls-dev-other,main,main,16,False,whisper,rover_freq,rover_cg,0.5329324952172725,0.2791360527425845,0.7669545040839172,0.12547756695102144,0.0,400,53,19,328,33,0.3088416070626644,0.7665404097316344,5.456546920624415e-05
whisfusion,,ls-dev-other,main,main,32,True,legacy,conf,rover_cg,2.680298424979276,2.056500803033087,3.3535566188197765,0.32645509265004446,0.0,400,138,48,214,33,2.0064867742436667,3.3389730880518926,1.6594196395723907e-13
whisfusion,,ls-dev-other,main,main,32,True,whisper,conf,rover_cg,0.8745558895873189,0.0943212040963308,1.665141947890051,0.3981194553753011,0.015,400,113,88,199,33,-0.13041097169038976,1.8494686843946175,0.08447049698339638
whisfusion,,ls-dev-other,main,main,32,True,legacy,mbr,rover_cg,1.7131804365846919,1.28072901499451,2.1598008255325998,0.22732410016726698,0.0,400,96,20,284,33,1.1097733193087411,2.4054817691855632,2.2284723597994657e-13
whisfusion,,ls-dev-other,main,main,32,True,whisper,mbr,rover_cg,0.04099480732440557,-0.6147966765358112,0.7102046840141943,0.33098617858310336,0.461,400,82,75,243,33,-0.9003723322206283,1.01828522057607,0.652555219949474
whisfusion,,ls-dev-other,main,main,32,True,legacy,cm05,rover_cg,1.6717325227963526,1.1395619329307363,2.197813046503319,0.2693851160731323,0.0,400,103,34,263,33,1.132281068388745,2.2496139450694574,5.463632330061717e-10
whisfusion,,ls-dev-other,main,main,32,True,whisper,cm05,rover_cg,-0.0683246788740093,-0.811125308009537,0.6632467535295918,0.3644681562271942,0.5875,400,87,81,232,33,-0.9576622940707573,0.7999386243351512,0.6674617917351348
whisfusion,,ls-dev-other,main,main,32,True,legacy,conf,rover_c,2.7217463387676153,2.104821720113228,3.4061200103120797,0.3256275244774397,0.0,400,137,46,217,33,2.052350315078941,3.3710719919436123,5.2723732579619543e-14
whisfusion,,ls-dev-other,main,main,32,True,whisper,conf,rover_c,0.9018857611369226,0.15356319307864236,1.705393324226709,0.3948435817125562,0.0115,400,113,87,200,33,-0.12185528039837744,1.8731729923051224,0.08119349827937172
whisfusion,,ls-dev-other,main,main,32,True,legacy,conf,rover_freq,2.307267200884222,1.7135550575023735,2.9613301145006394,0.3086864652446118,0.0,400,126,47,227,33,1.6803827658088992,2.8822140414589694,3.725802294122287e-11
whisfusion,,ls-dev-other,main,main,32,True,whisper,conf,rover_freq,0.5056026236676687,-0.27572696129300733,1.2849257320454144,0.39348927422026997,0.1015,400,105,90,205,33,-0.5527089270176008,1.4465061876972785,0.45249538811450896
whisfusion,,ls-dev-other,main,main,32,True,legacy,first,rover_cg,8.966565349544073,7.929460852610251,9.95839814977975,0.5102664498359789,0.0,400,251,25,124,33,7.888503897955576,10.123777104430413,5.56589897664543e-40
whisfusion,,ls-dev-other,main,main,32,True,whisper,first,rover_cg,7.324405575293796,6.249890350877193,8.395358319522327,0.5497389817050712,0.0,400,226,56,118,33,6.117675462270514,8.600848131963067,2.0438585294907813e-26
whisfusion,,ls-dev-other,main,main,32,True,legacy,conf,mbr,0.9671179883945842,0.4261538552619115,1.5350560925042933,0.2832503843851658,0.0005,400,95,60,245,33,0.4674892028969894,1.4742233147961705,0.0005767679647830329
whisfusion,,ls-dev-other,main,main,32,True,whisper,conf,mbr,0.8335610822629134,0.2751543438798696,1.4274295174986176,0.28846321127539054,0.0025,400,92,64,244,33,0.21533517163657553,1.4110007928923047,0.004197880254488439
whisfusion,,ls-dev-other,main,main,32,True,legacy,first,conf,6.286266924564797,5.2631578947368425,7.297943315705943,0.5109975749621232,0.0,400,213,45,142,33,5.29665692572548,7.364731341119254,1.4249141140996388e-27
whisfusion,,ls-dev-other,main,main,32,True,whisper,first,conf,6.449849685706477,5.475514654348004,7.467228317972142,0.5098325224643088,0.0,400,214,42,144,33,5.485231887434832,7.5174678881510095,3.5279428192692504e-29
whisfusion,,ls-dev-other,main,main,32,True,legacy,rover_freq,rover_cg,0.3730312240950539,0.15093796697983938,0.5876760703090902,0.11348028626298487,0.001,400,38,16,346,33,0.1378629556379536,0.6210161350357274,0.001345391180217598
whisfusion,,ls-dev-other,main,main,32,True,whisper,rover_freq,rover_cg,0.36895326591965016,0.15113627440308905,0.58257886009967,0.11112358454502784,0.0005,400,37,15,348,33,0.13801625198961212,0.6101283815978981,0.00113276880587502
whisfusion,,ls-tc-babble0,main,main,16,False,legacy,conf,rover_cg,10.89847148005468,9.770428627497584,12.01090975636412,0.5613308806786833,0.0,400,263,35,102,40,9.517541545135186,12.37385975774082,1.2479877761408304e-40
whisfusion,,ls-tc-babble0,main,main,16,False,whisper,conf,rover_cg,10.284517797758344,9.108433373555943,11.404050768481039,0.5807867980659713,0.0,400,258,45,97,40,8.792435853906971,11.885304155142965,3.758072039009146e-36
whisfusion,,ls-tc-babble0,main,main,16,False,legacy,mbr,rover_cg,9.22082763762893,8.33325776810543,10.109661350340568,0.46018045145359115,0.0,400,262,10,128,40,8.143075136382295,10.410357742201727,3.780344992423595e-44
whisfusion,,ls-tc-babble0,main,main,16,False,whisper,mbr,rover_cg,8.720285749476536,7.798710761550154,9.645028635127126,0.4801587681379587,0.0,400,259,24,117,40,7.559379035577937,9.951424779833573,3.3186297332574644e-38
whisfusion,,ls-tc-babble0,main,main,16,False,legacy,cm05,rover_cg,9.581210388964832,8.604509230445949,10.61232573468144,0.5215827757534578,0.0,400,253,27,120,40,8.480966024907293,10.793561252588084,2.088179699767077e-39
whisfusion,,ls-tc-babble0,main,main,16,False,whisper,cm05,rover_cg,9.015888656238452,8.01370504613512,10.061403944443724,0.527301664464603,0.0,400,248,39,113,40,7.824852288190877,10.332236809650833,1.4362286914363703e-35
whisfusion,,ls-tc-babble0,main,main,16,False,legacy,conf,rover_c,10.89847148005468,9.776815206111106,12.021499688850422,0.5605998677595865,0.0,400,262,34,104,40,9.507003911761627,12.389211772138408,1.4096630537327463e-40
whisfusion,,ls-tc-babble0,main,main,16,False,whisper,conf,rover_c,10.284517797758344,9.117257320036101,11.394601174903736,0.5801073045324991,0.0,400,257,44,99,40,8.804856932710873,11.904208136220765,4.048175231371914e-36
whisfusion,,ls-tc-babble0,main,main,16,False,legacy,conf,rover_freq,7.66745370945694,6.687568391160674,8.660166879692104,0.5056232537013472,0.0,400,240,56,104,40,6.638259081298919,8.702130271535975,6.538459230045078e-31
whisfusion,,ls-tc-babble0,main,main,16,False,whisper,conf,rover_freq,7.1314201256312355,6.088787846248996,8.165097836629243,0.5252874444245823,0.0,400,236,65,99,40,5.95205561440995,8.309467285832511,4.141249304676444e-26
whisfusion,,ls-tc-babble0,main,main,16,False,legacy,first,rover_cg,18.217969429601094,16.73516131506331,19.672523373283585,0.7675655437649094,0.0,400,321,14,65,40,16.441646515505855,20.035410276566047,8.380554644884514e-54
whisfusion,,ls-tc-babble0,main,main,16,False,whisper,first,rover_cg,17.366670772262594,15.862955150676719,18.87346933214303,0.786482498420955,0.0,400,315,26,59,40,15.518830480060267,19.304855591061283,3.765303946161987e-51
whisfusion,,ls-tc-babble0,main,main,16,False,legacy,conf,mbr,1.6776438424257487,0.7126324039750362,2.6559045430659878,0.49344425134264774,0.0005,400,140,102,158,40,0.6774704895527232,2.6183614518286036,0.0024471958452386825
whisfusion,,ls-tc-babble0,main,main,16,False,whisper,conf,mbr,1.5642320482818082,0.6017116887667738,2.5132266567407386,0.4904295286688123,0.0005,400,139,100,161,40,0.5233612458610725,2.521680623536015,0.0048097062867782005
whisfusion,,ls-tc-babble0,main,main,16,False,legacy,first,conf,7.319497949546415,6.032320582632991,8.575113246877795,0.6581845359235361,0.0,400,250,67,83,40,6.173113385718706,8.645038565392028,1.2104356611112152e-24
whisfusion,,ls-tc-babble0,main,main,16,False,whisper,first,conf,7.0821529745042495,5.78148802359997,8.423049668423124,0.6660333193022858,0.0,400,245,70,85,40,5.87929987408208,8.396592852380103,1.3738418578018803e-23
whisfusion,,ls-tc-babble0,main,main,16,False,legacy,rover_freq,rover_cg,3.231017770597738,2.5330925236978765,3.9172790755226545,0.3516392451911557,0.0,400,161,48,191,40,2.5284361215310573,3.9948098438979613,1.3689048977057965e-16
whisfusion,,ls-tc-babble0,main,main,16,False,whisper,rover_freq,rover_cg,3.1530976721271093,2.4568919804911844,3.8518173344623134,0.34939702343200707,0.0,400,161,50,189,40,2.457626836115347,3.906461514977773,3.6399910774215137e-16
whisfusion,,ls-tc-babble0,main,main,32,True,legacy,conf,rover_cg,10.525661737293401,9.380538679548408,11.74469008641798,0.6074732267376494,0.0,400,264,40,96,40,9.246681914269917,11.86418291458614,1.9041071062469444e-38
whisfusion,,ls-tc-babble0,main,main,32,True,whisper,conf,rover_cg,9.988914890996428,8.826579634550544,11.205267097861427,0.6152834815965,0.0,400,255,52,93,40,8.71095076400679,11.346541584812854,8.981672418182451e-35
whisfusion,,ls-tc-babble0,main,main,32,True,legacy,mbr,rover_cg,7.9905554865167145,7.13194623173348,8.883031313839556,0.44686605845244853,0.0,400,250,16,134,40,7.068139597938547,8.923854832417142,3.5240947451832586e-41
whisfusion,,ls-tc-babble0,main,main,32,True,whisper,mbr,rover_cg,7.427023032393151,6.54950550086643,8.337380500473738,0.467918764449351,0.0,400,241,32,127,40,6.467936553036828,8.384508948919429,7.2025191114820064e-34
whisfusion,,ls-tc-babble0,main,main,32,True,legacy,cm05,rover_cg,8.624332049210887,7.59125175094081,9.781075281156165,0.5496284350225935,0.0,400,247,37,116,40,7.468813989811695,9.819766990167269,1.322848236709152e-35
whisfusion,,ls-tc-babble0,main,main,32,True,whisper,cm05,rover_cg,8.079812784825718,7.042288265568919,9.263839729993219,0.5612416381202285,0.0,400,235,51,114,40,6.915033541477721,9.29700933652667,2.251344702572699e-30
whisfusion,,ls-tc-babble0,main,main,32,True,legacy,conf,rover_c,10.500807754442649,9.356172030190306,11.72184199876438,0.6073578887780706,0.0,400,263,41,96,40,9.217324445099319,11.850397477574012,2.92008324954195e-38
whisfusion,,ls-tc-babble0,main,main,32,True,whisper,conf,rover_c,9.964281315432935,8.7925598723929,11.17295916416205,0.6152158787658931,0.0,400,254,53,93,40,8.674313284874293,11.32146407751622,1.3614308008526303e-34
whisfusion,,ls-tc-babble0,main,main,32,True,legacy,conf,rover_freq,8.152106375046602,7.0851548361601715,9.268088283116239,0.5620346263140839,0.0,400,244,54,102,40,7.088069920770217,9.24980376452098,1.5867140444871345e-30
whisfusion,,ls-tc-babble0,main,main,32,True,whisper,conf,rover_freq,7.599458061337603,6.494430219257667,8.726538935191124,0.5665992967559111,0.0,400,236,67,97,40,6.518829746756373,8.714059397535062,1.87196368681558e-26
whisfusion,,ls-tc-babble0,main,main,32,True,legacy,first,rover_cg,18.342239343854853,16.79113448602197,19.783429333096496,0.7612782176799232,0.0,400,326,17,57,40,16.616124989596003,20.007953711465916,5.305794957374631e-55
whisfusion,,ls-tc-babble0,main,main,32,True,whisper,first,rover_cg,17.51447222564355,15.996371084348176,19.000954747772973,0.769850841066123,0.0,400,320,25,55,40,15.770563885742636,19.20133396130878,3.1226307139709457e-52
whisfusion,,ls-tc-babble0,main,main,32,True,legacy,conf,mbr,2.535106250776687,1.5086617302713663,3.5971385955814097,0.5397742234511294,0.0,400,160,99,141,40,1.4864685467467305,3.6289555369365534,2.2818450884834335e-06
whisfusion,,ls-tc-babble0,main,main,32,True,whisper,conf,mbr,2.561891858603276,1.5574007863061576,3.6202164018143175,0.529651486580175,0.0,400,163,96,141,40,1.5642643008525523,3.6182801074881654,7.084375732433139e-07
whisfusion,,ls-tc-babble0,main,main,32,True,legacy,first,conf,7.816577606561451,6.483954353416884,9.179332031930784,0.6830629618950509,0.0,400,254,72,74,40,6.574286144118663,9.106320406877037,4.81171280728725e-26
whisfusion,,ls-tc-babble0,main,main,32,True,whisper,first,conf,7.525557334647124,6.180046915536794,8.863531558716007,0.6863078469255048,0.0,400,247,74,79,40,6.25826160593939,8.84194966553922,8.31425866176623e-25
whisfusion,,ls-tc-babble0,main,main,32,True,legacy,rover_freq,rover_cg,2.3735553622468,1.768852162112908,2.9528998755683253,0.30855950586601855,0.0,400,157,60,183,40,1.723073387547495,3.0347192028772954,3.8579928280386764e-13
whisfusion,,ls-tc-babble0,main,main,32,True,whisper,rover_freq,rover_cg,2.3894568296588248,1.777545267922225,2.976085503598951,0.30906682516929473,0.0,400,161,60,179,40,1.7453551589250789,3.056952670393842,2.941213563368623e-13
whisfusion,,ls-tc-babble10,main,main,16,False,legacy,conf,rover_cg,4.784391698769728,4.08058265565164,5.4925749308558425,0.35959276495243037,0.0,400,191,26,183,40,3.981114551671913,5.622801635902332,4.736513107590662e-27
whisfusion,,ls-tc-babble10,main,main,16,False,whisper,conf,rover_cg,3.4487005788890257,2.5663290105822822,4.283589070772413,0.4311027397705154,0.0,400,171,64,165,40,2.396924285023389,4.57397233474129,3.342145045337606e-11
whisfusion,,ls-tc-babble10,main,main,16,False,legacy,mbr,rover_cg,3.4919845905306324,2.941896837841192,4.082043006166081,0.2916285808762078,0.0,400,153,18,229,40,2.9062705255024976,4.136660907602667,5.057634009372932e-24
whisfusion,,ls-tc-babble10,main,main,16,False,whisper,mbr,rover_cg,2.192388225150881,1.4732225914130248,2.9155193343224424,0.3662029236544611,0.0,400,136,57,207,40,1.3038539544932768,3.1280520304276354,4.680746169198603e-07
whisfusion,,ls-tc-babble10,main,main,16,False,legacy,cm05,rover_cg,3.777805393314279,3.1911972263686534,4.412678250452115,0.3090721257756912,0.0,400,161,17,222,40,3.0947838568281627,4.487035767930949,4.895834776208637e-25
whisfusion,,ls-tc-babble10,main,main,16,False,whisper,cm05,rover_cg,2.414090405222318,1.6556972035275608,3.1731956750126686,0.38542964369292876,0.0,400,147,56,197,40,1.5163820724502508,3.3321866483197065,1.9969529524735496e-07
whisfusion,,ls-tc-babble10,main,main,16,False,legacy,conf,rover_c,4.684975767366721,3.9796457099886786,5.388508794657833,0.36179225832139844,0.0,400,185,29,186,40,3.8727852900780038,5.558309340936712,3.7345209205967645e-26
whisfusion,,ls-tc-babble10,main,main,16,False,whisper,conf,rover_c,3.3501662766350537,2.472609021189491,4.186312160359433,0.43440949177588833,0.0,400,166,66,168,40,2.277110656078972,4.516583701767179,1.6225187569591507e-10
whisfusion,,ls-tc-babble10,main,main,16,False,legacy,conf,rover_freq,4.212750093202436,3.545619946147801,4.875502990335696,0.3420410554982187,0.0,400,181,34,185,40,3.4666987645953595,5.023378103693163,2.2961287581201848e-23
whisfusion,,ls-tc-babble10,main,main,16,False,whisper,conf,rover_freq,2.8698115531469393,1.9969600246982433,3.7116181738578575,0.42708789212771725,0.0,400,163,71,166,40,1.834794797501014,3.9522264532338918,1.3246967724969913e-08
whisfusion,,ls-tc-babble10,main,main,16,False,legacy,first,rover_cg,11.44525910277122,10.437277721497097,12.510522665082505,0.5435641916669912,0.0,400,284,12,104,40,10.246665600889134,12.767424131485665,1.0870167998109165e-47
whisfusion,,ls-tc-babble10,main,main,16,False,whisper,first,rover_cg,10.062815617686907,8.94196373519005,11.243790714999387,0.5891967342532312,0.0,400,261,32,107,40,8.721953017369675,11.587508086716594,1.2345910069277465e-37
whisfusion,,ls-tc-babble10,main,main,16,False,legacy,conf,mbr,1.2924071082390953,0.7744744479213006,1.8656212424779768,0.2823929447370258,0.0,400,106,45,249,40,0.790172504025828,1.836438212053445,6.021054476594896e-07
whisfusion,,ls-tc-babble10,main,main,16,False,whisper,conf,mbr,1.256312353738145,0.7078207132792919,1.8463960087181825,0.29123632867287497,0.0,400,106,47,247,40,0.745259209764653,1.8124213628753993,4.005644051682958e-06
whisfusion,,ls-tc-babble10,main,main,16,False,legacy,first,conf,6.6608674040014915,5.697463134580638,7.684652804175754,0.5040384665971458,0.0,400,220,36,144,40,5.660489210802241,7.679591139889756,1.1850431009144164e-29
whisfusion,,ls-tc-babble10,main,main,16,False,whisper,first,conf,6.614115038797881,5.5988596479959805,7.702217558673105,0.5257179533551517,0.0,400,223,39,138,40,5.5814177098488615,7.689485313983557,1.167402654142697e-28
whisfusion,,ls-tc-babble10,main,main,16,False,legacy,rover_freq,rover_cg,0.5716416055672922,0.31364281202870997,0.8473835567879918,0.1351153682763511,0.0,400,61,21,318,40,0.2960826197711437,0.8347988460757074,1.7949182378359777e-05
whisfusion,,ls-tc-babble10,main,main,16,False,whisper,rover_freq,rover_cg,0.5788890257420864,0.33461710594091915,0.8376348501011479,0.12884216903853413,0.0,400,61,20,319,40,0.3258853167780133,0.8293563890570649,5.464238195177228e-06
whisfusion,,ls-tc-babble10,main,main,32,True,legacy,conf,rover_cg,4.548278861687585,3.8880604257379714,5.264462095991311,0.3539375967471129,0.0,400,178,28,194,40,3.764045169782266,5.3428238329500175,8.423660224769525e-27
whisfusion,,ls-tc-babble10,main,main,32,True,whisper,conf,rover_cg,3.214681611035842,2.395200680676834,4.076902393792865,0.4233294581702986,0.0,400,153,67,180,40,2.226408439428958,4.223469490331863,5.12034510142362e-11
whisfusion,,ls-tc-babble10,main,main,32,True,legacy,mbr,rover_cg,3.0446128992170993,2.561314583868366,3.573941761121207,0.25624787886917344,0.0,400,144,12,244,40,2.481271332485611,3.6072265138561965,5.189328889268833e-24
whisfusion,,ls-tc-babble10,main,main,32,True,whisper,mbr,rover_cg,1.8352013794802315,1.1641257388366455,2.54148486710966,0.34877341603964984,0.0,400,132,58,210,40,0.9101284111716872,2.7735875090589746,1.1551795361227644e-05
whisfusion,,ls-tc-babble10,main,main,32,True,legacy,cm05,rover_cg,3.380141667702249,2.8464348200093146,3.9412955249265735,0.2852093948038273,0.0,400,153,17,230,40,2.811884799109596,3.9477482920001448,4.7725428001476376e-24
whisfusion,,ls-tc-babble10,main,main,32,True,whisper,cm05,rover_cg,2.0569035595516687,1.337966331182668,2.7930023088527105,0.3688697018862892,0.0,400,138,60,202,40,1.2169825307114028,2.9322311981639166,4.919154441325052e-06
whisfusion,,ls-tc-babble10,main,main,32,True,legacy,conf,rover_c,4.47371691313533,3.8207868574941357,5.182250702044603,0.3556851110255146,0.0,400,174,31,195,40,3.6913109702537645,5.265058799487895,3.7858234545182755e-26
whisfusion,,ls-tc-babble10,main,main,32,True,whisper,conf,rover_c,3.1407808843453626,2.323763176451678,3.9884571629234853,0.4263170193079869,0.0,400,150,71,179,40,2.1485797908948125,4.158426310206209,1.2113138921825695e-10
whisfusion,,ls-tc-babble10,main,main,32,True,legacy,conf,rover_freq,4.0263452218217965,3.3568922967531805,4.702491673509182,0.35210553270906536,0.0,400,165,36,199,40,3.2591969912898424,4.813633651281328,6.770641624143136e-23
whisfusion,,ls-tc-babble10,main,main,32,True,whisper,conf,rover_freq,2.6850597364207416,1.8516385048643114,3.501720211462922,0.42706508947198824,0.0,400,147,79,174,40,1.7003226012244075,3.697475617670892,7.165924480901969e-08
whisfusion,,ls-tc-babble10,main,main,32,True,legacy,first,rover_cg,11.830495836957873,10.820624031540518,12.93083041918061,0.5433751732188631,0.0,400,288,12,100,40,10.517824430823264,13.223968483503892,5.049013775804668e-48
whisfusion,,ls-tc-babble10,main,main,32,True,whisper,first,rover_cg,10.432319251139303,9.334366482742318,11.657900461757563,0.5915781922548237,0.0,400,266,32,102,40,8.97986662336276,12.018350774450175,3.1707082161282865e-38
whisfusion,,ls-tc-babble10,main,main,32,True,legacy,conf,mbr,1.503665962470486,1.023328731791436,2.009504589102113,0.253131214363275,0.0,400,110,46,244,40,0.9698543346359696,2.071113334574336,2.0163816329828656e-08
whisfusion,,ls-tc-babble10,main,main,32,True,whisper,conf,mbr,1.3794802315556103,0.8787214839468036,1.8927398418470187,0.2605281008213501,0.0,400,113,47,240,40,0.8367008969763151,1.9274902168012729,1.0146175103590496e-06
whisfusion,,ls-tc-babble10,main,main,32,True,legacy,first,conf,7.282216975270287,6.285394131609607,8.341618822769746,0.5136373810349611,0.0,400,229,38,133,40,6.3225082603384255,8.36398118358146,1.1843930675822811e-32
whisfusion,,ls-tc-babble10,main,main,32,True,whisper,first,conf,7.217637640103461,6.210616167370904,8.2674015983829,0.5243268524000505,0.0,400,230,39,131,40,6.273331151758116,8.223332178844304,7.449651405856934e-32
whisfusion,,ls-tc-babble10,main,main,32,True,legacy,rover_freq,rover_cg,0.5219336398657884,0.268513361010886,0.7698265513181017,0.12528741340842028,0.0,400,57,20,323,40,0.2867991023829479,0.776504000638757,4.9172958989461134e-05
whisfusion,,ls-tc-babble10,main,main,32,True,whisper,rover_freq,rover_cg,0.5296218746151004,0.2816648053992735,0.7674305093584564,0.12299951315922884,0.0,400,57,19,324,40,0.2961113414975773,0.7696432091664064,2.9514404234338235e-05
whisfusion,,ls-tc-babble5,main,main,16,False,legacy,conf,rover_cg,7.331924940971791,6.481923961358821,8.22129209862381,0.44964933005281515,0.0,400,221,36,143,40,6.208125257452839,8.447970027399645,9.781903819464134e-34
whisfusion,,ls-tc-babble5,main,main,16,False,whisper,conf,rover_cg,6.1707106786550066,5.206188526158674,7.141261944950851,0.49456905480936286,0.0,400,204,58,138,40,4.943476536847388,7.3984643903397265,1.748500249577555e-22
whisfusion,,ls-tc-babble5,main,main,16,False,legacy,mbr,rover_cg,5.579719149993786,4.973965161579573,6.179816031965846,0.3203461752962174,0.0,400,202,23,175,40,4.780851518014782,6.355246970671722,2.921957820771286e-32
whisfusion,,ls-tc-babble5,main,main,16,False,whisper,mbr,rover_cg,4.49562754033748,3.7500263026381546,5.2207971746123,0.3807788239720194,0.0,400,186,51,163,40,3.4622155197155062,5.527439326320702,8.18558710899996e-19
whisfusion,,ls-tc-babble5,main,main,16,False,legacy,cm05,rover_cg,5.853112961352057,5.140015928760084,6.588287134936024,0.38147110378290244,0.0,400,199,36,165,40,4.8741501631188475,6.803354722273452,4.163265427140953e-29
whisfusion,,ls-tc-babble5,main,main,16,False,whisper,cm05,rover_cg,4.754280083754157,3.850410968708478,5.583973818343431,0.43767014722226055,0.0,400,185,61,154,40,3.62118965370576,5.903810248057702,6.610298303012463e-17
whisfusion,,ls-tc-babble5,main,main,16,False,legacy,conf,rover_c,7.319497949546415,6.463781851583521,8.215388273658348,0.4507727460657947,0.0,400,221,37,142,40,6.19644760517811,8.43765318627451,1.3067405622740934e-33
whisfusion,,ls-tc-babble5,main,main,16,False,whisper,conf,rover_c,6.15839389087326,5.193970014580965,7.132908784857509,0.49544056949666815,0.0,400,204,60,136,40,4.935384175286015,7.389946114827391,1.7811725806856278e-22
whisfusion,,ls-tc-babble5,main,main,16,False,legacy,conf,rover_freq,6.5241704983223565,5.688823282116412,7.369702417915295,0.4408906351546052,0.0,400,206,47,147,40,5.45402295629548,7.612065669071519,4.3035218366767423e-29
whisfusion,,ls-tc-babble5,main,main,16,False,whisper,conf,rover_freq,5.419386623968469,4.4384746269773006,6.389116455225091,0.4879393986024716,0.0,400,194,72,134,40,4.253473254042026,6.584959186131024,3.752171285626866e-18
whisfusion,,ls-tc-babble5,main,main,16,False,legacy,first,rover_cg,14.527152976264446,13.462778023515778,15.54758244416053,0.5236041162005078,0.0,400,310,10,80,40,13.544703112136574,15.471712598671711,1.690151680286468e-52
whisfusion,,ls-tc-babble5,main,main,16,False,whisper,first,rover_cg,13.400665106540215,12.256358838416745,14.495918963672754,0.5696346517851937,0.0,400,298,24,78,40,12.162893752242798,14.54635208569809,3.4874637470785725e-46
whisfusion,,ls-tc-babble5,main,main,16,False,legacy,conf,mbr,1.7522057909780042,1.0488309219578968,2.4963028497076296,0.3730583632286033,0.0,400,121,73,206,40,1.0379926777744317,2.5150868825451997,5.721433873881708e-06
whisfusion,,ls-tc-babble5,main,main,16,False,whisper,conf,mbr,1.6750831383175269,0.9733294811204304,2.419866893509127,0.3781987115204673,0.0,400,121,76,203,40,0.9470645507309621,2.4075133332868908,8.993931672910538e-06
whisfusion,,ls-tc-babble5,main,main,16,False,legacy,first,conf,7.195228035292656,6.184453902854942,8.21586812371231,0.5269382884282239,0.0,400,242,51,107,40,6.10222015138502,8.22788535764635,1.2836274987408673e-31
whisfusion,,ls-tc-babble5,main,main,16,False,whisper,first,conf,7.2299544278852075,6.188542035752432,8.257019436414192,0.5290781090507609,0.0,400,239,49,112,40,6.223330905636533,8.215287042281988,7.0439332868149635e-31
whisfusion,,ls-tc-babble5,main,main,16,False,legacy,rover_freq,rover_cg,0.8077544426494345,0.4626211172580786,1.1686397125644148,0.17727448495175682,0.0,400,85,39,276,40,0.4842537920043813,1.1399294764373917,1.7570025955025963e-05
whisfusion,,ls-tc-babble5,main,main,16,False,whisper,rover_freq,rover_cg,0.7513240546865377,0.4137524534093812,1.1105634360518966,0.1731903329050568,0.0,400,82,39,279,40,0.4331984934826166,1.0843678918616786,4.6100666108348203e-05
whisfusion,,ls-tc-babble5,main,main,32,True,legacy,conf,rover_cg,7.008823163912017,6.163594148840885,7.848860979251475,0.4362808610926028,0.0,400,231,34,135,40,5.87352683024341,8.12379101820444,4.2233444071103505e-34
whisfusion,,ls-tc-babble5,main,main,32,True,whisper,conf,rover_cg,5.5918216529129205,4.661871194401891,6.498920718289275,0.47851669889256737,0.0,400,212,61,127,40,4.410149935864337,6.813613101262392,4.716774582076972e-21
whisfusion,,ls-tc-babble5,main,main,32,True,legacy,mbr,rover_cg,4.734683733068224,4.079075368258751,5.3631706326892505,0.3211153525872596,0.0,400,183,23,194,40,3.946268635297281,5.490823564829411,1.6693806721724954e-28
whisfusion,,ls-tc-babble5,main,main,32,True,whisper,mbr,rover_cg,3.670402758960463,2.8955536093942555,4.360957764448207,0.38024666740147245,0.0,400,168,56,176,40,2.706498338271818,4.618020296233319,3.098148779545994e-14
whisfusion,,ls-tc-babble5,main,main,32,True,legacy,cm05,rover_cg,5.306325338635516,4.6118134314388435,5.978931147496268,0.35100597543909345,0.0,400,205,30,165,40,4.453561035420407,6.13090172046769,1.8805639051540346e-30
whisfusion,,ls-tc-babble5,main,main,32,True,whisper,cm05,rover_cg,4.027589604631112,3.2180167416838827,4.786047832544903,0.3995449880644874,0.0,400,190,62,148,40,3.017486844043851,5.0681214995224115,1.0898640423179358e-15
whisfusion,,ls-tc-babble5,main,main,32,True,legacy,conf,rover_c,6.983969181061265,6.131478447241462,7.853088139138835,0.4375933473639005,0.0,400,228,34,138,40,5.858184157651256,8.105811195548162,9.296195677101898e-34
whisfusion,,ls-tc-babble5,main,main,32,True,whisper,conf,rover_c,5.579504865131174,4.6443014617065215,6.49623405832847,0.4783355534369781,0.0,400,210,61,129,40,4.404126222391571,6.788409693552725,4.313677257831411e-21
whisfusion,,ls-tc-babble5,main,main,32,True,legacy,conf,rover_freq,6.312911644090965,5.466186421380754,7.183025966865931,0.44292153073850926,0.0,400,204,41,155,40,5.175914988092144,7.431560206145602,2.839173105473643e-28
whisfusion,,ls-tc-babble5,main,main,32,True,whisper,conf,rover_freq,5.000615839389087,4.044286610597772,5.943376841073425,0.48572973556143867,0.0,400,187,66,147,40,3.8308708836824423,6.239223703458462,2.513899692992602e-17
whisfusion,,ls-tc-babble5,main,main,32,True,legacy,first,rover_cg,15.421896358891512,14.350137977277685,16.45123802285984,0.5358204353268555,0.0,400,318,8,74,40,14.466513494980868,16.30630945691469,7.277172695076427e-54
whisfusion,,ls-tc-babble5,main,main,32,True,whisper,first,rover_cg,14.213573100135484,13.034661246924637,15.305611111529103,0.581972111743895,0.0,400,303,21,76,40,12.965338577221038,15.29323026133725,1.3701355536112416e-47
whisfusion,,ls-tc-babble5,main,main,32,True,legacy,conf,mbr,2.2741394308437926,1.610502323411285,2.9432504292384185,0.3473183042107855,0.0,400,138,60,202,40,1.5131871905036207,3.118887012675321,8.386541476752236e-10
whisfusion,,ls-tc-babble5,main,main,32,True,whisper,conf,mbr,1.9214188939524572,1.242539002664342,2.592670066078628,0.3487730504383357,0.0,400,131,69,200,40,1.2430272014685597,2.693745122638193,3.4191923875267445e-07
whisfusion,,ls-tc-babble5,main,main,32,True,legacy,first,conf,8.413073194979496,7.283729587001976,9.548527325039377,0.5820270741932178,0.0,400,248,42,110,40,7.341481912029097,9.387352807804508,2.185923253455303e-34
whisfusion,,ls-tc-babble5,main,main,32,True,whisper,first,conf,8.621751447222564,7.454098293641531,9.762440178830005,0.588068992175848,0.0,400,254,40,106,40,7.626537235053771,9.526761085125653,1.3546871161001363e-34
whisfusion,,ls-tc-babble5,main,main,32,True,legacy,rover_freq,rover_cg,0.6959115198210514,0.3729669455904284,1.0175241818029874,0.16816920456081133,0.0,400,79,35,286,40,0.38736097206257103,0.9782344088877083,5.5160271022580775e-05
whisfusion,,ls-tc-babble5,main,main,32,True,whisper,rover_freq,rover_cg,0.591205813523833,0.2749348736483605,0.9105706568078097,0.16334126981549696,0.0,400,75,37,288,40,0.2933216622987204,0.8576126002171681,0.00044030150069656384
whisfusion,,ls-tc-white5,main,main,16,False,legacy,conf,rover_cg,5.132347458680253,4.319519300595487,5.927013791517978,0.40733650813704986,0.0,400,189,33,178,40,4.194676235551181,6.13468990410938,7.434556062600752e-27
whisfusion,,ls-tc-white5,main,main,16,False,whisper,conf,rover_cg,3.719669910087449,2.789770902953951,4.6199949909728,0.45992480419039095,0.0,400,168,64,168,40,2.6424049002246575,4.8338276231326445,1.2260410676623399e-11
whisfusion,,ls-tc-white5,main,main,16,False,legacy,mbr,rover_cg,3.5168385733813845,2.959992667106022,4.108144814436426,0.2972898584470987,0.0,400,153,21,226,40,2.978538756050798,4.117946124158595,3.574181578999913e-23
whisfusion,,ls-tc-white5,main,main,16,False,whisper,mbr,rover_cg,2.3525064663135855,1.625382259824648,3.10768428178568,0.3787744761562199,0.0,400,141,59,200,40,1.475705920073642,3.262953698377694,8.417942503709567e-08
whisfusion,,ls-tc-white5,main,main,16,False,legacy,cm05,rover_cg,3.4919845905306324,2.7908633635592426,4.192870332839057,0.3558461341052665,0.0,400,148,36,216,40,2.731429203163044,4.286549979136547,1.073903822811726e-18
whisfusion,,ls-tc-white5,main,main,16,False,whisper,cm05,rover_cg,2.1677546495873874,1.360438960941237,2.9917660301190065,0.4190218541202495,0.0,400,136,69,195,40,1.218282679231871,3.1815044237031116,7.18613041860636e-06
whisfusion,,ls-tc-white5,main,main,16,False,legacy,conf,rover_c,5.08263949297875,4.275906251544905,5.864929675105758,0.40889082667980553,0.0,400,186,34,180,40,4.135059754996508,6.088958654202676,2.8612303174669587e-26
whisfusion,,ls-tc-white5,main,main,16,False,whisper,conf,rover_c,3.670402758960463,2.7343227666888636,4.568108932155878,0.46134419576689256,0.0,400,165,65,170,40,2.5653755464757237,4.808601179563556,2.7103450447270513e-11
whisfusion,,ls-tc-white5,main,main,16,False,legacy,conf,rover_freq,4.510997887411458,3.7191355721741557,5.294521887115955,0.40453160423726336,0.0,400,171,38,191,40,3.5514314473042394,5.535591837592445,9.542756948005093e-22
whisfusion,,ls-tc-white5,main,main,16,False,whisper,conf,rover_freq,3.0176130065278977,2.107018785394483,3.8706512682535203,0.45947354933933593,0.0,400,149,71,180,40,1.8707729213600108,4.195198427256913,3.346854481040147e-08
whisfusion,,ls-tc-white5,main,main,16,False,legacy,first,rover_cg,10.997887411457686,9.991385378972254,11.950875130644201,0.49705471617246133,0.0,400,275,13,112,40,9.904368745016027,12.032358014926526,1.899514260342199e-46
whisfusion,,ls-tc-white5,main,main,16,False,whisper,first,rover_cg,9.644044833107525,8.595375629110427,10.660879950015422,0.53594938775399,0.0,400,260,36,104,40,8.411772103284049,10.861930706949058,6.835449308343275e-36
whisfusion,,ls-tc-white5,main,main,16,False,legacy,conf,mbr,1.615508885298869,1.042041843737232,2.156458497537649,0.28811889260877094,0.0,400,117,50,233,40,0.9603064084932267,2.293222423138153,1.0245160888460275e-07
whisfusion,,ls-tc-white5,main,main,16,False,whisper,conf,mbr,1.3671634437738638,0.7843380829780277,1.9056828724309538,0.2878019470450739,0.0,400,108,52,240,40,0.7520627370585986,2.03537815515466,9.677782297707866e-06
whisfusion,,ls-tc-white5,main,main,16,False,legacy,first,conf,5.865539952777433,4.909632461108697,6.8811161268614,0.5024647536830342,0.0,400,212,57,131,40,4.784139322690872,7.052817466928781,6.699075375580279e-24
whisfusion,,ls-tc-white5,main,main,16,False,whisper,first,conf,5.924374923020077,4.969173331055586,6.930961354847067,0.4952574861686168,0.0,400,213,55,132,40,4.858646838669069,7.099847866675679,4.491065566414112e-24
whisfusion,,ls-tc-white5,main,main,16,False,legacy,rover_freq,rover_cg,0.6213495712687959,0.35949562776024424,0.8937882583112242,0.13237716984152656,0.0,400,68,26,306,40,0.3582289178114633,0.8765771732136509,7.18271697233786e-06
whisfusion,,ls-tc-white5,main,main,16,False,whisper,rover_freq,rover_cg,0.7020569035595516,0.4360560160810733,0.9810226735594921,0.13600273476885044,0.0,400,71,25,304,40,0.42343842727979175,0.984426171783978,9.426871463276865e-07
whisfusion,,ls-tc-white5,main,main,32,True,legacy,conf,rover_cg,4.722256741642848,4.02755933179345,5.4135694995614765,0.35543619346195493,0.0,400,199,29,172,40,3.9387470217027474,5.510820296366226,5.216288568376948e-29
whisfusion,,ls-tc-white5,main,main,32,True,whisper,conf,rover_cg,3.2762655499445743,2.4782307724324357,4.092806814811444,0.42188907376525714,0.0,400,175,63,162,40,2.254884804093528,4.267219098633496,1.385177559873574e-11
whisfusion,,ls-tc-white5,main,main,32,True,legacy,mbr,rover_cg,3.007331924940972,2.4855079421484585,3.5405693105463034,0.2701292445428407,0.0,400,141,18,241,40,2.4947606160022797,3.5220254590017332,5.053661094636388e-22
whisfusion,,ls-tc-white5,main,main,32,True,whisper,mbr,rover_cg,1.7613006527897523,1.0366458512831551,2.4443970548291056,0.36126991171048395,0.0,400,130,58,212,40,0.8739830545907042,2.588884068202969,9.181403252423436e-06
whisfusion,,ls-tc-white5,main,main,32,True,legacy,cm05,rover_cg,3.3304337020007457,2.743014319967951,3.9427206403404567,0.30472190488573914,0.0,400,158,33,209,40,2.7447986066739913,3.9353863313457724,1.1247703440953533e-20
whisfusion,,ls-tc-white5,main,main,32,True,whisper,cm05,rover_cg,2.0569035595516687,1.3110284488647703,2.80407450702848,0.39062690654713356,0.0,400,145,67,188,40,1.13739091046002,2.9540392744884625,6.667990482993579e-06
whisfusion,,ls-tc-white5,main,main,32,True,legacy,conf,rover_c,4.7471107244936,4.051317722752564,5.430383807451813,0.3566003253535185,0.0,400,198,28,174,40,3.954880071866303,5.53579179413033,4.287648352934762e-29
whisfusion,,ls-tc-white5,main,main,32,True,whisper,conf,rover_c,3.2762655499445743,2.463126259290262,4.098097248814561,0.4232631095944551,0.0,400,174,63,163,40,2.254175108290321,4.279703003404602,2.114969533046825e-11
whisfusion,,ls-tc-white5,main,main,32,True,legacy,conf,rover_freq,4.187896110351684,3.5186939078690633,4.830469556021117,0.3445171086662754,0.0,400,183,36,181,40,3.362228205623169,5.033827304613128,3.684198437434815e-24
whisfusion,,ls-tc-white5,main,main,32,True,whisper,conf,rover_freq,2.6604261608572486,1.8779017512543419,3.4368745036361625,0.4092150993199017,0.0,400,158,70,172,40,1.63915679864783,3.7466495905072965,1.3416159028677225e-08
whisfusion,,ls-tc-white5,main,main,32,True,legacy,first,rover_cg,11.38312414564434,10.374386221849026,12.318510925863377,0.5012178691006838,0.0,400,282,11,107,40,10.334752965689846,12.44271850543363,2.1656283885185973e-47
whisfusion,,ls-tc-white5,main,main,32,True,whisper,first,rover_cg,9.988914890996428,8.924761121479962,10.972798103679619,0.5403578217692159,0.0,400,266,32,102,40,8.663827215795495,11.239695722650668,5.951973734984099e-37
whisfusion,,ls-tc-white5,main,main,32,True,legacy,conf,mbr,1.7149248167018765,1.1946683387951078,2.2525579013936468,0.27175562201380704,0.0,400,128,54,218,40,1.1098492470603336,2.2820034724295675,6.439623092267485e-10
whisfusion,,ls-tc-white5,main,main,32,True,whisper,conf,mbr,1.514964897154822,0.9700002704708899,2.0708789389265556,0.2840410917165313,0.0,400,119,57,224,40,0.9363440466625926,2.0731303892808004,1.0280709238166205e-07
whisfusion,,ls-tc-white5,main,main,32,True,legacy,first,conf,6.6608674040014915,5.722712370342154,7.618125744428027,0.4912051581145573,0.0,400,225,49,126,40,5.697690746425507,7.6306472258832025,9.793902240327224e-29
whisfusion,,ls-tc-white5,main,main,32,True,whisper,first,conf,6.712649341051853,5.774160937869367,7.681110670062247,0.48762919289238843,0.0,400,228,51,121,40,5.743038172828489,7.687456885209099,6.347486721310857e-29
whisfusion,,ls-tc-white5,main,main,32,True,legacy,rover_freq,rover_cg,0.5343606312911644,0.3052650663285211,0.7772965295415146,0.12268717849873396,0.0,400,60,20,320,40,0.2648373065190374,0.7953773691045121,5.1334833447072174e-05
whisfusion,,ls-tc-white5,main,main,32,True,whisper,rover_freq,rover_cg,0.615839389087326,0.38873987158659246,0.8605799524183023,0.12133945641774287,0.0,400,62,17,321,40,0.3298425626677707,0.9058496316189268,1.9713070811447836e-06
whisfusion,,ls-test-clean,main,main,16,False,legacy,conf,rover_cg,2.1747234994407854,1.6455027180046042,2.7583670467083485,0.28349427084064655,0.0,400,110,25,265,40,1.6158466484699938,2.701488621427283,1.1973299181004142e-14
whisfusion,,ls-test-clean,main,main,16,False,whisper,conf,rover_cg,0.45572114792462126,-0.27549077501051644,1.2142094858121133,0.3753236454285149,0.1175,400,95,76,229,40,-0.4712943754005998,1.351288742439978,0.5347527240541741
whisfusion,,ls-test-clean,main,main,16,False,legacy,mbr,rover_cg,1.640362868149621,1.2284015207614984,2.0558847570001633,0.20892504610366644,0.0,400,86,10,304,40,1.2578481998083726,2.03696946138145,8.795782709634732e-14
whisfusion,,ls-test-clean,main,main,16,False,whisper,mbr,rover_cg,0.0615839389087326,-0.5375419302144472,0.6630561731535025,0.3127911286855212,0.4205,400,76,65,259,40,-0.7841960801501024,0.8415319510107719,0.4744746896239168
whisfusion,,ls-test-clean,main,main,16,False,legacy,cm05,rover_cg,1.7024978252765006,1.2486958863666582,2.200060145641839,0.2408922951763701,0.0,400,90,17,293,40,1.2776935012455755,2.121095192739586,6.643700563472822e-13
whisfusion,,ls-test-clean,main,main,16,False,whisper,cm05,rover_cg,0.03695036334523956,-0.6179028153822518,0.7022228029408457,0.34020544776088335,0.4575,400,75,68,257,40,-0.837462660199854,0.8354502184089901,0.426909275128618
whisfusion,,ls-test-clean,main,main,16,False,legacy,conf,rover_c,2.1250155337392815,1.5869795115428382,2.7156440283397303,0.2848243325440767,0.0,400,108,26,266,40,1.550868937155178,2.693541837854833,4.171599410525552e-14
whisfusion,,ls-test-clean,main,main,16,False,whisper,conf,rover_c,0.39413720901588867,-0.35024493095289855,1.1471177316119403,0.37663613465781937,0.1585,400,93,78,229,40,-0.5453711655295072,1.3188475594278153,0.6630362171795733
whisfusion,,ls-test-clean,main,main,16,False,legacy,conf,rover_freq,1.8889026966571394,1.3801736236679887,2.4310300185282947,0.27756309490965886,0.0,400,105,33,262,40,1.339452663204062,2.4200744406177024,1.5259878367113107e-11
whisfusion,,ls-test-clean,main,main,16,False,whisper,conf,rover_freq,0.19706860450794433,-0.5236511132477096,0.9411371782589367,0.37048181852815615,0.307,400,87,84,229,40,-0.69419041961863,1.0723385364424678,0.8958002282333823
whisfusion,,ls-test-clean,main,main,16,False,legacy,first,rover_cg,6.859699266807506,6.022472888009347,7.822438144943755,0.45124774544675833,0.0,400,212,14,174,40,5.888862690855018,7.836195822682767,1.2033570442751615e-35
whisfusion,,ls-test-clean,main,main,16,False,whisper,first,rover_cg,5.246951595024018,4.287666752842302,6.297067972268802,0.5086942787611316,0.0,400,193,52,155,40,4.035892202739543,6.466586881407035,2.791658817423152e-18
whisfusion,,ls-test-clean,main,main,16,False,legacy,conf,mbr,0.5343606312911644,0.1864759734301322,0.8905725552806592,0.18351926696153728,0.003,400,58,34,308,40,0.19046169960949652,0.8515379748728237,0.005651616710771193
whisfusion,,ls-test-clean,main,main,16,False,whisper,conf,mbr,0.39413720901588867,0.03647671796894809,0.7703006558396421,0.18857216920435818,0.0175,400,56,38,306,40,0.04774905757232041,0.7455148149467936,0.04977959925870206
whisfusion,,ls-test-clean,main,main,16,False,legacy,first,conf,4.684975767366721,3.925252288305875,5.508824647540314,0.4018381481291558,0.0,400,178,30,192,40,3.91005818902436,5.477528089887641,1.2478821964929357e-25
whisfusion,,ls-test-clean,main,main,16,False,whisper,first,conf,4.791230447099396,4.07173209799792,5.627649248529844,0.39372208806107417,0.0,400,183,25,192,40,3.9946827612299667,5.636054187523508,2.763227866229428e-27
whisfusion,,ls-test-clean,main,main,16,False,legacy,rover_freq,rover_cg,0.2858208027836461,0.08626178015547492,0.49257687047808957,0.10401114538333743,0.002,400,39,17,344,40,0.13294003147612238,0.43165677493011423,0.006749118824610544
whisfusion,,ls-test-clean,main,main,16,False,whisper,rover_freq,rover_cg,0.2586525434166769,0.07135148656193206,0.4521967926447564,0.09621581584428689,0.001,400,36,15,349,40,0.12229199820403966,0.40081920428058115,0.00867305319763602
whisfusion,,ls-test-clean,main,main,32,True,legacy,conf,rover_cg,2.087734559463154,1.5829321323186831,2.6253931715592334,0.26881705136258044,0.0,400,106,25,269,40,1.5362294128402214,2.6374905770546375,5.4673342110895314e-14
whisfusion,,ls-test-clean,main,main,32,True,whisper,conf,rover_cg,0.44340436014287476,-0.2727376031236053,1.165142847787695,0.3687721437683055,0.1135,400,89,77,234,40,-0.5920314690388739,1.382075344196589,0.6897476800008917
whisfusion,,ls-test-clean,main,main,32,True,legacy,mbr,rover_cg,1.4042500310674786,1.0188639382858948,1.8184721603630354,0.20684495172604356,0.0,400,76,13,311,40,1.0097653582193122,1.8145012929873303,1.3733806318779195e-11
whisfusion,,ls-test-clean,main,main,32,True,whisper,mbr,rover_cg,-0.1354846655992117,-0.7545344872122337,0.4785880443892846,0.30959257293610654,0.672,400,68,68,264,40,-0.9582856748703652,0.6472631372785925,0.1458120671340861
whisfusion,,ls-test-clean,main,main,32,True,legacy,cm05,rover_cg,1.3918230396421027,0.9824847243396383,1.8209620846437287,0.2166998534739207,0.0,400,82,21,297,40,0.9458408118418627,1.8382449423182885,1.2045824933503894e-10
whisfusion,,ls-test-clean,main,main,32,True,whisper,cm05,rover_cg,-0.22170218007143738,-0.8669250954721924,0.413175579207591,0.32637778429971287,0.756,400,71,76,253,40,-1.1383492949741905,0.637828812429494,0.10554116615529746
whisfusion,,ls-test-clean,main,main,32,True,legacy,conf,rover_c,2.0380265937616504,1.5297583875498468,2.577483377359461,0.2712894058836308,0.0,400,104,27,269,40,1.4690212737242754,2.5883888143662346,2.77678830030584e-13
whisfusion,,ls-test-clean,main,main,32,True,whisper,conf,rover_c,0.3818204212341421,-0.3427753280376714,1.1175319657436742,0.37170335477427136,0.1505,400,87,81,232,40,-0.6515623046626074,1.3326797304874813,0.8052127761814163
whisfusion,,ls-test-clean,main,main,32,True,legacy,conf,rover_freq,1.7770597738287561,1.277330391711427,2.2916884328358207,0.260895472825027,0.0,400,102,36,262,40,1.2233092512646844,2.316695382235313,1.168785251740781e-10
whisfusion,,ls-test-clean,main,main,32,True,whisper,conf,rover_freq,0.16011824116270476,-0.5427729444459553,0.8688255892768948,0.36300937302422187,0.3405,400,88,91,221,40,-0.8569294749548236,1.085420281263238,0.7578683899624392
whisfusion,,ls-test-clean,main,main,32,True,legacy,first,rover_cg,6.9591151982105135,6.102051046032827,7.9162784948198945,0.4519513569189303,0.0,400,214,16,170,40,5.981723629226309,7.975219484993797,8.105824475229034e-36
whisfusion,,ls-test-clean,main,main,32,True,whisper,first,rover_cg,5.3578026850597364,4.389529124430627,6.3948659188785815,0.5103066283909986,0.0,400,194,52,154,40,4.085334426977595,6.631745163727269,6.161293452174222e-19
whisfusion,,ls-test-clean,main,main,32,True,legacy,conf,mbr,0.6834845283956754,0.30578307513148073,1.0933631391456027,0.19744957975956468,0.0,400,66,39,295,40,0.31567508667918504,1.0591922403863983,0.0007802188691120107
whisfusion,,ls-test-clean,main,main,32,True,whisper,conf,mbr,0.5788890257420864,0.19969502232197478,1.0008254566687107,0.20076419740829757,0.0,400,65,42,293,40,0.17856891496977143,0.9779030673480698,0.005220098411283964
whisfusion,,ls-test-clean,main,main,32,True,legacy,first,conf,4.871380638747359,4.114723467862481,5.67230782520419,0.39832636193467186,0.0,400,189,30,181,40,4.085320116134356,5.661325481660398,6.018567658040658e-27
whisfusion,,ls-test-clean,main,main,32,True,whisper,first,conf,4.914398324916862,4.154127467763251,5.7136968209950085,0.39384242590559554,0.0,400,191,29,180,40,4.12752899439465,5.746750548026695,4.888446821607009e-28
whisfusion,,ls-test-clean,main,main,32,True,legacy,rover_freq,rover_cg,0.31067478563439793,0.14169096558044275,0.48236692596800973,0.086847466404092,0.0,400,36,12,352,40,0.15872870853469154,0.47271395400265354,0.0004640375320753484
whisfusion,,ls-test-clean,main,main,32,True,whisper,rover_freq,rover_cg,0.28328611898017,0.12239095207770592,0.4486083953359933,0.08379148163362482,0.0005,400,34,12,354,40,0.13173104923420392,0.44474734199786314,0.0010172413503286527
whisfusion,,ls-test-other,main,main,16,False,legacy,conf,rover_cg,3.6250354007363352,3.0221725561260446,4.229932906229066,0.3038593677711804,0.0,400,151,23,226,33,3.0229413848610704,4.28815699639868,2.446573632173177e-22
whisfusion,,ls-test-other,main,main,16,False,whisper,conf,rover_cg,2.115142176775459,1.3755391335609202,2.8495320443345324,0.37536705621211386,0.0,400,138,64,198,33,1.238286001959227,3.0410269911245558,2.660343016177032e-06
whisfusion,,ls-test-other,main,main,16,False,legacy,mbr,rover_cg,1.9116397621070518,1.479774217290611,2.3304639725908745,0.21607690652185296,0.0,400,101,14,285,33,1.419979996109806,2.4217710598257827,2.9768829623303987e-15
whisfusion,,ls-test-other,main,main,16,False,whisper,mbr,rover_cg,0.3641966661997479,-0.26808089197523455,0.9930319862858964,0.3177442042767527,0.1275,400,91,64,245,33,-0.3861929339987771,1.1389664088249483,0.5529347089987364
whisfusion,,ls-test-other,main,main,16,False,legacy,cm05,rover_cg,2.237326536391957,1.6830656313158174,2.7518530296365857,0.27264174874162195,0.0,400,107,22,271,33,1.6453231974882072,2.918830777327665,3.239936463472901e-14
whisfusion,,ls-test-other,main,main,16,False,whisper,cm05,rover_cg,0.6723630760610729,-0.027812775763011006,1.3449167847570924,0.35206994387604656,0.03,400,99,70,231,33,-0.1562450805259028,1.561888763398974,0.28628357047922615
whisfusion,,ls-test-other,main,main,16,False,legacy,conf,rover_c,3.5825545171339566,2.9911475186578484,4.17024951876827,0.3051157619427038,0.0,400,150,25,225,33,2.982742550861538,4.244309766580652,7.196456756493592e-22
whisfusion,,ls-test-other,main,main,16,False,whisper,conf,rover_c,2.0731194845216416,1.3468045868956726,2.7907796832566336,0.37733447766116524,0.0,400,137,65,198,33,1.193459643992426,2.9816702269479607,5.017082845482208e-06
whisfusion,,ls-test-other,main,main,16,False,legacy,conf,rover_freq,3.2710280373831777,2.7243316351658287,3.8430006801722736,0.28745750622032973,0.0,400,144,24,232,33,2.724942696741951,3.830999724242251,1.9841976247402112e-20
whisfusion,,ls-test-other,main,main,16,False,whisper,conf,rover_freq,1.7369379464911052,1.0392012021338661,2.420552460146026,0.3568174553513735,0.0,400,126,70,204,33,0.8552085944464953,2.5688162222882096,6.337257437269238e-05
whisfusion,,ls-test-other,main,main,16,False,legacy,first,rover_cg,8.949306145567828,8.022041135660478,9.906817816994906,0.4959966899923781,0.0,400,235,14,151,33,7.90820923971963,10.000216013824884,1.9508252849898543e-39
whisfusion,,ls-test-other,main,main,16,False,whisper,first,rover_cg,7.33996358033338,6.351478268322996,8.34700150620038,0.525241637937215,0.0,400,220,41,139,33,6.195905901012215,8.438981217689644,3.919670838516148e-28
whisfusion,,ls-test-other,main,main,16,False,legacy,conf,mbr,1.7133956386292835,1.2257890739865984,2.242304225485679,0.25840389418598536,0.0,400,110,35,255,33,1.328621789802319,2.1359989201958856,4.996816696273817e-10
whisfusion,,ls-test-other,main,main,16,False,whisper,conf,mbr,1.7509455105757108,1.226189633196431,2.3028702110777135,0.2762316167060409,0.0,400,113,36,251,33,1.3226511184989382,2.240620245885665,6.66290910269203e-10
whisfusion,,ls-test-other,main,main,16,False,legacy,first,conf,5.324270744831493,4.38805243629651,6.234073136358893,0.4745053012148013,0.0,400,187,46,167,33,4.524219598761756,6.1253659108028975,7.976573922727973e-23
whisfusion,,ls-test-other,main,main,16,False,whisper,first,conf,5.224821403557922,4.276121460775335,6.126482915743137,0.48046198826194314,0.0,400,188,47,165,33,4.466209560747376,6.007955560909062,1.6563152691780721e-21
whisfusion,,ls-test-other,main,main,16,False,legacy,rover_freq,rover_cg,0.35400736335315774,0.11149399092893557,0.6234396385189946,0.1291416730940761,0.004,400,42,20,338,33,0.08047879168944486,0.6648274506500432,0.006348720481420324
whisfusion,,ls-test-other,main,main,16,False,whisper,rover_freq,rover_cg,0.37820423028435357,0.13450766887407514,0.6422034342514201,0.12711804498668747,0.001,400,42,18,340,33,0.1315497889046857,0.6634081741115379,0.0028936939533319352
whisfusion,,ls-test-other,main,main,32,True,legacy,conf,rover_cg,3.469272160860946,2.911785946259818,4.014024961293895,0.27895219655457676,0.0,400,152,25,223,33,2.935036908823321,4.1139506028035395,8.504817458912683e-23
whisfusion,,ls-test-other,main,main,32,True,whisper,conf,rover_cg,1.7509455105757108,1.0459910681009923,2.4593822748235934,0.35321841530659426,0.0,400,130,72,198,33,0.9023182873678266,2.6500471610091285,2.168002071872242e-05
whisfusion,,ls-test-other,main,main,32,True,legacy,mbr,rover_cg,1.5434721042197679,1.1782717534990612,1.9198693159647389,0.1858651676775317,0.0,400,97,15,288,33,1.1639536216355841,1.9774011299435028,1.4588403036473058e-13
whisfusion,,ls-test-other,main,main,32,True,whisper,mbr,rover_cg,0.014007564084605687,-0.5727968057674737,0.5768328333401854,0.28902207579535916,0.49,400,85,65,250,33,-0.7290871370883654,0.7014607942432385,0.6083295079095208
whisfusion,,ls-test-other,main,main,32,True,legacy,cm05,rover_cg,1.8549985839705465,1.4045723191223125,2.3204499880991283,0.2318486169400461,0.0,400,101,23,276,33,1.3320529195792914,2.461846038420531,5.186554658746528e-13
whisfusion,,ls-test-other,main,main,32,True,whisper,cm05,rover_cg,0.28015128169211373,-0.32613613683441556,0.883403946917553,0.3144583781275974,0.1925,400,92,70,238,33,-0.5236518099580744,1.0914549178735578,0.7838280477747194
whisfusion,,ls-test-other,main,main,32,True,legacy,conf,rover_c,3.4126309827244405,2.8780699197267223,3.9637316775140983,0.27666733906857316,0.0,400,150,24,226,33,2.896419894675249,4.027246412850145,1.3977402072384535e-22
whisfusion,,ls-test-other,main,main,32,True,whisper,conf,rover_c,1.6809076901526825,0.9932273732975196,2.3685593176610347,0.3529460108230622,0.0,400,128,73,199,33,0.825522815522488,2.5730497925226308,4.3215973598669396e-05
whisfusion,,ls-test-other,main,main,32,True,legacy,conf,rover_freq,3.058623619371283,2.5233741908943523,3.596335929392388,0.2708669840702385,0.0,400,142,27,231,33,2.598720100734975,3.5952680319344315,5.478978494654e-20
whisfusion,,ls-test-other,main,main,32,True,whisper,conf,rover_freq,1.2886958957837231,0.6220683237019131,2.0034895990027435,0.35224574232329137,0.0,400,122,76,202,33,0.44180666635624016,2.1302395094056616,0.002272854537608479
whisfusion,,ls-test-other,main,main,32,True,legacy,first,rover_cg,9.388275276125743,8.456710874761646,10.340147555520975,0.4887546455676522,0.0,400,243,10,147,33,8.354932333598763,10.46644569312558,1.865738970161904e-41
whisfusion,,ls-test-other,main,main,32,True,whisper,first,rover_cg,7.746182938786945,6.76916351795862,8.738439927496108,0.5152626260001415,0.0,400,226,39,135,33,6.552455384707995,8.904149484574486,2.9874708975719874e-30
whisfusion,,ls-test-other,main,main,32,True,legacy,conf,mbr,1.9258000566411781,1.4793739851831933,2.4071711381904564,0.24044965793430503,0.0,400,109,28,263,33,1.5583575415321431,2.3418118846940446,5.686613949761586e-13
whisfusion,,ls-test-other,main,main,32,True,whisper,conf,mbr,1.7369379464911052,1.2432352183698683,2.2399519834330706,0.25084732286173,0.0,400,105,31,264,33,1.3536218765173997,2.154972060445828,1.6037385222045564e-10
whisfusion,,ls-test-other,main,main,32,True,legacy,first,conf,5.919003115264798,5.017298586652629,6.827033345095271,0.4615137805430066,0.0,400,204,39,157,33,5.09963587711999,6.7722774690228995,3.0354065786473214e-27
whisfusion,,ls-test-other,main,main,32,True,whisper,first,conf,5.995237428211234,5.143110122773427,6.872126909130351,0.4579142100459896,0.0,400,201,35,164,33,5.21243342341642,6.833590092549907,6.571980486520553e-28
whisfusion,,ls-test-other,main,main,32,True,legacy,rover_freq,rover_cg,0.410648541489663,0.2034233306296605,0.6240091163194734,0.10645446763159709,0.0,400,43,14,343,33,0.15205889908581957,0.6874732574429198,0.00012246232654541223
whisfusion,,ls-test-other,main,main,32,True,whisper,rover_freq,rover_cg,0.4622496147919877,0.25546089679858686,0.6792903432859894,0.10883166809199585,0.0,400,44,12,344,33,0.20038893340031394,0.7347480481623129,1.7372415303251142e-05
whisfusion,,slr83,main,main,16,False,legacy,conf,rover_cg,3.18622962827321,2.545279126409167,3.8204570772043445,0.3253339448380888,0.0,400,149,24,227,24,2.4853310027066304,3.9782796220741092,6.301099739098209e-19
whisfusion,,slr83,main,main,16,False,whisper,conf,rover_cg,2.47632920611799,1.618160169798623,3.314244142934576,0.434763376629501,0.0,400,142,45,213,24,1.8118116761716234,3.2414336223747453,1.7148733602098625e-08
whisfusion,,slr83,main,main,16,False,legacy,mbr,rover_cg,1.794543123969969,1.380829388606453,2.2286369216692306,0.22128323201742392,0.0,400,96,16,288,24,1.3168754872276598,2.30756809515578,1.6714424900235883e-13
whisfusion,,slr83,main,main,16,False,whisper,mbr,rover_cg,1.0742898761835398,0.4058019087031593,1.6821032781849785,0.3247431997218043,0.0,400,99,37,264,24,0.36601403796009946,1.749346668088006,0.003346257255841999
whisfusion,,slr83,main,main,16,False,legacy,cm05,rover_cg,2.0692180919245557,1.5635952102803738,2.5904903123823977,0.26052327049425744,0.0,400,117,25,258,24,1.5225177358390636,2.6559662463169427,3.2877165837595244e-13
whisfusion,,slr83,main,main,16,False,whisper,cm05,rover_cg,1.3292061179898034,0.6126973339980566,1.9945896438099884,0.35744431448899555,0.0005,400,113,47,240,24,0.675791616228804,1.9153731624415398,0.0002882715057287752
whisfusion,,slr83,main,main,16,False,legacy,conf,rover_c,3.2228529573338216,2.5884021805064834,3.8340292313358617,0.3207430942006565,0.0,400,149,22,229,24,2.5258650870929595,3.964944254674534,2.0662444191399628e-19
whisfusion,,slr83,main,main,16,False,whisper,conf,rover_c,2.4399126001456666,1.5747767857142856,3.269877767613865,0.4350591463475579,0.0,400,140,45,215,24,1.7451490991173566,3.16104337907203,3.0746572397452694e-08
whisfusion,,slr83,main,main,16,False,legacy,conf,rover_freq,2.7467496795458706,2.1560350294406527,3.3418693274388698,0.3114039655090538,0.0,400,138,30,232,24,2.1322183573961113,3.398297574680615,4.161325943610934e-16
whisfusion,,slr83,main,main,16,False,whisper,conf,rover_freq,1.9482884195193009,1.1412888493965945,2.777266959129643,0.4246785126816091,0.0,400,129,55,216,24,1.3239959785015256,2.6041829281891165,4.372335026301832e-06
whisfusion,,slr83,main,main,16,False,legacy,first,rover_cg,10.510895440395531,9.295778705039565,11.65803320288056,0.6069772560960128,0.0,400,261,22,117,24,9.62704227385506,11.363093804185887,5.102053303537391e-41
whisfusion,,slr83,main,main,16,False,whisper,first,rover_cg,9.81427530954115,8.49487593142071,11.11348801107558,0.6664084463372492,0.0,400,255,39,106,24,8.6999931338896,10.866554471343873,3.5348994888673167e-32
whisfusion,,slr83,main,main,16,False,legacy,conf,mbr,1.3916865043032411,0.7926121282445444,1.978724352198125,0.29720022056705275,0.0,400,98,41,261,24,0.771681370761872,2.088569264386593,6.663923429367844e-06
whisfusion,,slr83,main,main,16,False,whisper,conf,mbr,1.40203932993445,0.7116788321167883,2.1025756019055373,0.3500317852279792,0.0,400,92,45,263,24,0.7351758106269122,2.1211150582927063,3.269909742400545e-05
whisfusion,,slr83,main,main,16,False,legacy,first,conf,7.324665812122322,6.114669097374075,8.495495972214101,0.6107095120014401,0.0,400,214,51,135,24,6.373609184440205,8.127610537382633,1.5304878846929242e-25
whisfusion,,slr83,main,main,16,False,whisper,first,conf,7.337946103423161,6.084983826020887,8.573529528797861,0.6413435868862059,0.0,400,209,54,137,24,6.315592351665681,8.255614463121605,3.390077812549715e-24
whisfusion,,slr83,main,main,16,False,legacy,rover_freq,rover_cg,0.4394799487273393,0.14418638649300058,0.7284375537317654,0.1545368912387056,0.003,400,45,22,333,24,0.12304772112433289,0.7651353882792613,0.004123597601309958
whisfusion,,slr83,main,main,16,False,whisper,rover_freq,rover_cg,0.528040786598689,0.22208550641076638,0.8370782250377377,0.1620459395221581,0.001,400,47,21,332,24,0.1948794104260099,0.8694721520361282,0.001130897924680013
whisfusion,,slr83,main,main,32,True,legacy,conf,rover_cg,2.8749313312580114,2.2596616787580026,3.550410583228855,0.33044037446970426,0.0,400,137,32,231,24,2.2020233445609425,3.6030832407606006,1.5097035984186735e-14
whisfusion,,slr83,main,main,32,True,whisper,conf,rover_cg,2.112163146394756,1.3047072481807738,2.963260311699887,0.42298614891422864,0.0,400,131,54,215,24,1.3111304143048372,2.945808689782062,1.106987900515562e-05
whisfusion,,slr83,main,main,32,True,legacy,mbr,rover_cg,1.6114264786669108,1.2476997603507796,2.0134569340892456,0.1908061093485863,0.0,400,88,13,299,24,1.2333397561944677,1.993498518037604,1.3998367072268646e-13
whisfusion,,slr83,main,main,32,True,whisper,mbr,rover_cg,0.8193736343772761,0.2398215804845273,1.4084700369125438,0.29797077018005436,0.006,400,89,41,270,24,0.12731502749011822,1.4977237693534429,0.015671630649589235
whisfusion,,slr83,main,main,32,True,legacy,cm05,rover_cg,1.4283098333638529,0.9952824158838404,1.8682033397820992,0.2232597351485275,0.0,400,97,26,277,24,0.9452178707521294,1.898204720051402,1.3852478215657478e-09
whisfusion,,slr83,main,main,32,True,whisper,cm05,rover_cg,0.6737072104879825,0.03591700910695857,1.3209947975995435,0.32933108053127014,0.0225,400,98,54,248,24,-0.03812203453634551,1.3364865737869762,0.07620055446228141
whisfusion,,slr83,main,main,32,True,legacy,conf,rover_c,2.819996337667094,2.2120433279468994,3.5004057668088384,0.3331742541043293,0.0,400,134,33,233,24,2.1105548028339967,3.5679344617090085,6.054863823921885e-14
whisfusion,,slr83,main,main,32,True,whisper,conf,rover_c,2.0575382374362707,1.2388424542563914,2.908003635143945,0.4243721267690275,0.0,400,128,55,217,24,1.2414562561721778,2.891432338433735,2.0099741144482644e-05
whisfusion,,slr83,main,main,32,True,legacy,conf,rover_freq,2.472074711591284,1.8393329930779292,3.158634461182388,0.3378527520388419,0.0,400,129,41,230,24,1.791688025520203,3.1697891131536347,1.1660320165076464e-11
whisfusion,,slr83,main,main,32,True,whisper,conf,rover_freq,1.6751638747268756,0.8602512840645017,2.497705553451694,0.4229869614181378,0.0,400,123,63,214,24,0.8903459425490078,2.430264837588951,0.00023179039448438169
whisfusion,,slr83,main,main,32,True,legacy,first,rover_cg,10.803882072880425,9.594720510716364,11.96085486002288,0.6025881450844677,0.0,400,266,20,114,24,9.85940901007646,11.728945116727646,2.121833484472468e-42
whisfusion,,slr83,main,main,32,True,whisper,first,rover_cg,10.142024763292062,8.80492017679906,11.461234300690986,0.6728103473181019,0.0,400,261,38,101,24,8.95008816430031,11.223376149501666,1.9366955812651983e-33
whisfusion,,slr83,main,main,32,True,legacy,conf,mbr,1.2635048525911006,0.7056561219208409,1.872267224397227,0.30919672395624853,0.0,400,91,47,262,24,0.6524887274233219,1.8782313064026908,0.00010903909756486897
whisfusion,,slr83,main,main,32,True,whisper,conf,mbr,1.29278951201748,0.6888085661788597,1.9696582948518617,0.33366045196490574,0.0,400,89,45,266,24,0.6476054420812423,1.99355965944922,0.0003633714838995272
whisfusion,,slr83,main,main,32,True,legacy,first,conf,7.928950741622414,6.686523688612825,9.075959814566435,0.6085726989412233,0.0,400,225,43,132,24,7.168423603304343,8.596616738842762,2.2169728402317107e-28
whisfusion,,slr83,main,main,32,True,whisper,first,conf,8.029861616897305,6.736958236962065,9.251118582251827,0.6388961756239254,0.0,400,226,41,133,24,7.096529390710466,8.894529485177687,3.805255937826058e-28
whisfusion,,slr83,main,main,32,True,legacy,rover_freq,rover_cg,0.4028566196667277,0.1662932801269879,0.6484184584531998,0.1209840061393071,0.0,400,33,12,355,24,0.1328902740968199,0.6551464743654952,0.0014961642897455493
whisfusion,,slr83,main,main,32,True,whisper,rover_freq,rover_cg,0.43699927166788055,0.20049127478426854,0.6770175973804355,0.12313164433903223,0.0,400,35,12,353,24,0.16634947326817415,0.6851770577381665,0.0006885138966450773
whisfusion,,spgispeech,main,main,16,False,legacy,conf,rover_cg,5.219380328550634,4.618857310292534,5.76110809033946,0.28693927233318517,0.0,400,249,22,129,302,4.661333038369324,5.783726545699583,4.702859069908921e-38
whisfusion,,spgispeech,main,main,16,False,whisper,conf,rover_cg,3.0736457699330493,2.387868308584972,3.7335232144142814,0.34399837976292785,0.0,400,213,66,121,302,2.432106357173015,3.7609149900888097,3.1360844075260765e-15
whisfusion,,spgispeech,main,main,16,False,legacy,mbr,rover_cg,2.963194011228946,2.5851578099727432,3.3462683666416035,0.19406725014649798,0.0,400,197,14,189,302,2.5613750145215244,3.3597312373966814,2.6406338383449177e-32
whisfusion,,spgispeech,main,main,16,False,whisper,mbr,rover_cg,0.8825319537431527,0.3035158021234567,1.4730201183188005,0.293495431316829,0.0015,400,158,80,162,302,0.31383979561217096,1.4659953626222926,0.002919228088878862
whisfusion,,spgispeech,main,main,16,False,legacy,cm05,rover_cg,3.30630068621335,2.8385141678227157,3.786331600946514,0.24171339700338193,0.0,400,205,25,170,302,2.814817716346871,3.7810955385824103,5.151137004086898e-29
whisfusion,,spgispeech,main,main,16,False,whisper,cm05,rover_cg,1.1868533171028606,0.576799257445745,1.7905416194642412,0.31258711626634367,0.0,400,165,86,149,302,0.5827300956326242,1.8034998851864865,0.00030746042360351914
whisfusion,,spgispeech,main,main,16,False,legacy,conf,rover_c,5.188188812642961,4.592746868932632,5.725585777622392,0.28771576425316714,0.0,400,247,24,129,302,4.6255367126741955,5.764907000974835,6.212250091902348e-38
whisfusion,,spgispeech,main,main,16,False,whisper,conf,rover_c,3.033069588151755,2.333843360439419,3.6955329856801615,0.34362211516597985,0.0,400,211,68,121,302,2.3937517879664276,3.720271785105863,4.905103394784307e-15
whisfusion,,spgispeech,main,main,16,False,legacy,conf,rover_freq,4.626741526304845,4.061968109247124,5.142568834393493,0.28016043013370656,0.0,400,242,33,125,302,4.101492954001888,5.1562080070830305,2.2308944980025378e-35
whisfusion,,spgispeech,main,main,16,False,whisper,conf,rover_freq,2.5258673158855753,1.8371272745192915,3.1746787528162823,0.344868906281453,0.0,400,205,77,118,302,1.8539011866230641,3.2061670284396504,4.887302363442291e-12
whisfusion,,spgispeech,main,main,16,False,legacy,first,rover_cg,11.935953420669579,11.094507046888964,12.782113187424105,0.4315954839101298,0.0,400,343,10,47,302,11.088625832245045,12.755130517804849,1.4391222959077404e-58
whisfusion,,spgispeech,main,main,16,False,whisper,first,rover_cg,9.860012172854534,8.912286579692395,10.817153630101696,0.49754101192655,0.0,400,312,35,53,302,8.974570138989309,10.75476578102101,1.639765561764562e-46
whisfusion,,spgispeech,main,main,16,False,legacy,conf,mbr,2.2561863173216885,1.7432562774524476,2.738859769157791,0.2513716757366997,0.0,400,156,46,198,302,1.7703220480749962,2.7845326077654904,1.7305019987257516e-15
whisfusion,,spgispeech,main,main,16,False,whisper,conf,mbr,2.1911138161898966,1.6806818597902393,2.6887853465237335,0.25541361435545623,0.0,400,158,47,195,302,1.6761991052631646,2.7185395981494294,1.0541168487455283e-14
whisfusion,,spgispeech,main,main,16,False,legacy,first,conf,6.716573092118944,5.844528008149167,7.5952271425934175,0.4485759291791452,0.0,400,265,50,85,302,5.768735530313623,7.586804929988445,1.9550534704361814e-34
whisfusion,,spgispeech,main,main,16,False,whisper,first,conf,6.786366402921485,5.903485810546167,7.673967233184237,0.45955886228069415,0.0,400,267,46,87,302,5.888153462886277,7.685726128809409,8.43463971106285e-35
whisfusion,,spgispeech,main,main,16,False,legacy,rover_freq,rover_cg,0.5926388022457891,0.3687912767443777,0.8257989318047914,0.11819381636741359,0.0,400,72,26,302,302,0.359622628467759,0.8304218612129118,1.5486991630102888e-06
whisfusion,,spgispeech,main,main,16,False,whisper,rover_freq,rover_cg,0.5477784540474742,0.3212827219749217,0.7749556588607863,0.11474053414737018,0.0,400,71,27,302,302,0.3145588879442426,0.7836522152113439,4.277342091461147e-06
whisfusion,,spgispeech,main,main,32,True,legacy,conf,rover_cg,4.449989602828031,3.886771799726326,5.012223945877232,0.2829829106905164,0.0,400,232,39,129,302,3.907456372373452,4.9688247553013705,9.402515291763091e-34
whisfusion,,spgispeech,main,main,32,True,whisper,conf,rover_cg,2.4142828159870158,1.7086963653464604,3.105562770676226,0.35517851194641453,0.0,400,200,85,115,302,1.7397153279632058,3.0957356287744022,8.952986322890939e-11
whisfusion,,spgispeech,main,main,32,True,legacy,mbr,rover_cg,2.318569349137035,1.962892735587017,2.6870369581902547,0.18415986347733979,0.0,400,164,20,216,302,1.957082816995594,2.6824938263307456,5.053104426931778e-25
whisfusion,,spgispeech,main,main,32,True,whisper,mbr,rover_cg,0.2028809089064719,-0.3610271508868594,0.7989979070886779,0.29553675477007096,0.2625,400,126,90,184,302,-0.34921494175234424,0.7854208625114608,0.4522132311832503
whisfusion,,spgispeech,main,main,32,True,legacy,cm05,rover_cg,2.744853399875234,2.3135682693359794,3.1769489146289454,0.21978700508536936,0.0,400,184,33,183,302,2.294761165058178,3.1780663004917025,1.0927100961274219e-24
whisfusion,,spgispeech,main,main,32,True,whisper,cm05,rover_cg,0.6593629539460337,0.050248736158223416,1.2939067197839442,0.3165268781402852,0.018,400,150,93,157,302,0.0594587412337754,1.2648769736978247,0.02778502911233826
whisfusion,,spgispeech,main,main,32,True,legacy,conf,rover_c,4.418798086920358,3.8684793143409397,4.985380361253365,0.28425811365553405,0.0,400,230,40,130,302,3.876480263157895,4.948306177496631,2.4545245449556713e-33
whisfusion,,spgispeech,main,main,32,True,whisper,conf,rover_c,2.3939947250963685,1.6687693238302752,3.0865537845024944,0.3564484436652497,0.0,400,198,86,116,302,1.7218632141812933,3.0735634673786643,1.4691886092735977e-10
whisfusion,,spgispeech,main,main,32,True,legacy,conf,rover_freq,4.0029112081513825,3.4872340364596015,4.554079805851056,0.28018473863489474,0.0,400,220,42,138,302,3.4648750887230335,4.527855812771091,3.910727596243264e-30
whisfusion,,spgispeech,main,main,32,True,whisper,conf,rover_freq,1.9983769527287483,1.2938784008227673,2.689079085727461,0.3549085247765702,0.0,400,185,93,122,302,1.2925306683087192,2.703022312774487,4.7765533917124016e-08
whisfusion,,spgispeech,main,main,32,True,legacy,first,rover_cg,12.185485547930963,11.356632706386348,13.080787268387807,0.4396682964004151,0.0,400,344,12,44,302,11.309433694427845,13.039962486460356,6.636123326059389e-59
whisfusion,,spgispeech,main,main,32,True,whisper,first,rover_cg,10.184621627104889,9.218981242437417,11.177530163224036,0.500245071681067,0.0,400,316,35,49,302,9.2770921699758,11.107906679323566,1.3437989743054265e-47
whisfusion,,spgispeech,main,main,32,True,legacy,conf,mbr,2.131420253690996,1.6384419848868204,2.672922289642228,0.26168364351713364,0.0,400,147,51,202,302,1.6305094359467134,2.6297828635573843,3.0912505584720383e-13
whisfusion,,spgispeech,main,main,32,True,whisper,conf,mbr,2.2114019070805435,1.6977134090823414,2.7346764069352183,0.27129769444199,0.0,400,153,58,189,302,1.6910191418610674,2.715661059376211,1.2339319871037708e-13
whisfusion,,spgispeech,main,main,32,True,legacy,first,conf,7.735495945102932,6.831312491074181,8.667139811296499,0.46164819992804945,0.0,400,280,44,76,302,6.7953395703099195,8.626639502176506,6.016344662141656e-39
whisfusion,,spgispeech,main,main,32,True,whisper,first,conf,7.770338811117874,6.856969558204664,8.71209309877612,0.4756710985033136,0.0,400,282,44,74,302,6.859336991052738,8.707152881234348,2.733033130298774e-38
whisfusion,,spgispeech,main,main,32,True,legacy,rover_freq,rover_cg,0.44707839467664795,0.24388760310960775,0.6522939346377012,0.10503239074176345,0.0,400,58,22,320,302,0.2170775051117207,0.6746158027200709,5.701055916147113e-05
whisfusion,,spgispeech,main,main,32,True,whisper,rover_freq,rover_cg,0.4159058632582674,0.22327319921829514,0.613597406842946,0.10054219668040458,0.0,400,56,21,323,302,0.19711486111115145,0.6225124101046362,8.11679637028829e-05
whisfusion,,voxpopuli,main,main,16,False,legacy,conf,rover_cg,3.408157678620312,2.813965778426118,4.033858475748073,0.311065795345363,0.0,400,161,34,205,231,2.7620749209650555,4.032438754090392,2.7757207997316216e-20
whisfusion,,voxpopuli,main,main,16,False,whisper,conf,rover_cg,2.6013143483023002,1.8725060125767259,3.3214797116888355,0.37026118133305824,0.0,400,158,57,185,231,1.8333287638668159,3.341568550677483,1.7135099292998475e-10
whisfusion,,voxpopuli,main,main,16,False,legacy,mbr,rover_cg,2.2447303586093623,1.8267272571877007,2.6855931977698777,0.22458612040835174,0.0,400,130,23,247,231,1.811133936964711,2.6848048261772477,8.329146187152662e-18
whisfusion,,voxpopuli,main,main,16,False,whisper,mbr,rover_cg,1.6018619934282585,1.0553543182507867,2.157229744695218,0.2878463175227496,0.0,400,126,44,230,231,1.0186396566703593,2.126512658920973,1.4150144307499813e-07
whisfusion,,voxpopuli,main,main,16,False,legacy,cm05,rover_cg,2.545852723788667,2.0872289885641075,3.0177537492463125,0.24135497360111097,0.0,400,140,26,234,231,2.0858715387942244,2.9724318528781786,9.745288376199098e-19
whisfusion,,voxpopuli,main,main,16,False,whisper,cm05,rover_cg,1.8072289156626506,1.2019737390789775,2.3957755506705816,0.3090312656014244,0.0,400,136,50,214,231,1.1941379430646717,2.391494426293716,3.022821717701351e-08
whisfusion,,voxpopuli,main,main,16,False,legacy,conf,rover_c,3.367095537914043,2.775082846302975,4.005493606628976,0.31341063607206576,0.0,400,159,34,207,231,2.7220451965750025,3.99277776396589,7.381150215709124e-20
whisfusion,,voxpopuli,main,main,16,False,whisper,conf,rover_c,2.5602409638554215,1.8336396908581498,3.2699738383163646,0.3728959288174286,0.0,400,158,58,184,231,1.8011431483326197,3.2994557264172855,5.59309627852103e-10
whisfusion,,voxpopuli,main,main,16,False,legacy,conf,rover_freq,2.764850807555434,2.1406056528402986,3.3890610222897575,0.31594318796071913,0.0,400,152,46,202,231,2.1285968593852216,3.3953113285311307,5.2972383972881206e-15
whisfusion,,voxpopuli,main,main,16,False,whisper,conf,rover_freq,1.9304490690032858,1.202530582072188,2.663242477227466,0.3771808803316319,0.0,400,147,65,188,231,1.1216560210942637,2.694738711632086,7.116525097359155e-07
whisfusion,,voxpopuli,main,main,16,False,legacy,first,rover_cg,10.114973993977552,9.197939155675625,11.07642830735477,0.48444675449367886,0.0,400,271,15,114,231,9.10552819779028,11.181303082768691,6.53725008541794e-45
whisfusion,,voxpopuli,main,main,16,False,whisper,first,rover_cg,9.460569550930996,8.44907333079797,10.505961614112937,0.5152882619097509,0.0,400,260,27,113,231,8.380554467742478,10.544546831742938,6.588348482482604e-39
whisfusion,,voxpopuli,main,main,16,False,legacy,conf,mbr,1.16342732001095,0.6455965277806132,1.680012224349035,0.2644078634509767,0.0,400,98,47,255,231,0.6463582308427646,1.7169820076557594,2.8553303003985627e-05
whisfusion,,voxpopuli,main,main,16,False,whisper,conf,mbr,0.9994523548740416,0.46297868763363853,1.5379313863788708,0.2666468437425303,0.0,400,95,54,251,231,0.4645182667646377,1.5754438338003194,0.00041659290937181746
whisfusion,,voxpopuli,main,main,16,False,legacy,first,conf,6.706816315357241,5.8107934719318886,7.629198731064236,0.4703015646481452,0.0,400,230,29,141,231,5.730170262932676,7.735970032218096,1.62286450843016e-31
whisfusion,,voxpopuli,main,main,16,False,whisper,first,conf,6.859255202628697,5.950992854101798,7.7797232570055534,0.46683472691701644,0.0,400,234,28,138,231,5.911246818744365,7.852868210904456,1.663268878156919e-32
whisfusion,,voxpopuli,main,main,16,False,legacy,rover_freq,rover_cg,0.6433068710648782,0.40350633087519133,0.917347119838621,0.13193706458245644,0.0,400,54,15,331,231,0.41479480167396765,0.9007923237519007,1.4230071705472465e-06
whisfusion,,voxpopuli,main,main,16,False,whisper,rover_freq,rover_cg,0.6708652792990142,0.42881795928061694,0.9452271873096512,0.13312838345148312,0.0,400,56,15,329,231,0.4349363530349674,0.9306466807722763,6.413873438078407e-07
whisfusion,,voxpopuli,main,main,32,True,legacy,conf,rover_cg,3.0522857924993154,2.4722981109966793,3.6677881827433994,0.3076652895707775,0.0,400,160,40,200,231,2.4619824054881057,3.6394371700246864,2.0463331879120187e-18
whisfusion,,voxpopuli,main,main,32,True,whisper,conf,rover_cg,2.163198247535597,1.4719689980821054,2.88455811926754,0.3559653093486083,0.0,400,153,66,181,231,1.4239511028327168,2.899927580299226,2.7405138516181988e-08
whisfusion,,voxpopuli,main,main,32,True,legacy,mbr,rover_cg,2.053107035313441,1.6475922715487865,2.4977488540315336,0.2212421945325614,0.0,400,118,20,262,231,1.6522432237966194,2.4762497542931285,3.161561547113347e-17
whisfusion,,voxpopuli,main,main,32,True,whisper,mbr,rover_cg,1.3006571741511501,0.7770314008541622,1.868553891956899,0.28052032908427565,0.0,400,118,46,236,231,0.7712794097652226,1.805843439289175,7.783427870470518e-06
whisfusion,,voxpopuli,main,main,32,True,legacy,cm05,rover_cg,1.9299206131946345,1.521218832138273,2.3399424955899697,0.20958622967433474,0.0,400,122,29,249,231,1.5132085671479283,2.3237241299041553,8.723236175681007e-16
whisfusion,,voxpopuli,main,main,32,True,whisper,cm05,rover_cg,1.04052573932092,0.5112454188119319,1.588610888411953,0.276556683173351,0.0,400,116,59,225,231,0.4863683293649031,1.5841134586627565,0.00020328663120232061
whisfusion,,voxpopuli,main,main,32,True,legacy,conf,rover_c,2.9975362715576237,2.4121173869623216,3.6096164899448175,0.30875194277798396,0.0,400,159,42,199,231,2.3892153945345433,3.587596316806525,7.65625799653805e-18
whisfusion,,voxpopuli,main,main,32,True,whisper,conf,rover_c,2.108433734939759,1.4180362469011751,2.832005390599847,0.3572847293271215,0.0,400,152,69,179,231,1.37849138319861,2.846966450002941,6.603461535652815e-08
whisfusion,,voxpopuli,main,main,32,True,legacy,conf,rover_freq,2.42266630166986,1.826279472339255,3.0505296883383304,0.3097180483343335,0.0,400,146,50,204,231,1.7686445478107138,3.0514726595900026,5.9725917228667285e-12
whisfusion,,voxpopuli,main,main,32,True,whisper,conf,rover_freq,1.5470974808324205,0.8417240896911173,2.2927292588235213,0.3633664219644767,0.0,400,141,75,184,231,0.7708042296284071,2.31856456604242,0.00010425795262686609
whisfusion,,voxpopuli,main,main,32,True,legacy,first,rover_cg,10.443471119627704,9.482841154471572,11.39809174635404,0.4977666135244097,0.0,400,281,10,109,231,9.439973653449973,11.538052860326012,7.896970843478005e-47
whisfusion,,voxpopuli,main,main,32,True,whisper,first,rover_cg,9.816538882803943,8.80134831464426,10.89530279163385,0.5312494193434442,0.0,400,269,25,106,231,8.718500741954644,10.961715139369696,3.328481580843156e-41
whisfusion,,voxpopuli,main,main,32,True,legacy,conf,mbr,0.9991787571858747,0.43982188187391114,1.5473464383028122,0.283203072364188,0.0005,400,101,61,238,231,0.4073580006239127,1.5798129300007415,0.001097417869567969
whisfusion,,voxpopuli,main,main,32,True,whisper,conf,mbr,0.8625410733844469,0.3192313644231993,1.3927782676769547,0.272547644885739,0.0015,400,99,66,235,231,0.31640967464420183,1.425374408237166,0.004506993204192014
whisfusion,,voxpopuli,main,main,32,True,legacy,first,conf,7.391185327128388,6.473495250233218,8.358531443144724,0.4824837600468704,0.0,400,240,25,135,231,6.444766250580167,8.427483511892689,4.0992651199330493e-35
whisfusion,,voxpopuli,main,main,32,True,whisper,first,conf,7.653340635268346,6.6782549608320725,8.630126241825016,0.4907271198609106,0.0,400,245,25,130,231,6.698903122958422,8.690189616185895,2.1106272923106687e-36
whisfusion,,voxpopuli,main,main,32,True,legacy,rover_freq,rover_cg,0.6296194908294552,0.3737408867248886,0.8944970061861124,0.13223176657826602,0.0,400,58,19,323,231,0.3727703083598675,0.8797797913488354,3.3275732600593737e-06
whisfusion,,voxpopuli,main,main,32,True,whisper,rover_freq,rover_cg,0.6161007667031764,0.3619944273949656,0.8837530044346019,0.13296586344904776,0.0,400,56,19,325,231,0.35836763920651893,0.879876307989714,5.931908594373761e-06
