model,precision,set,kind,arm,k,k_is_main,norm,a,b,delta,ci_low,ci_high,se,p_boot,n,n_better,n_worse,n_tied,n_clusters,cl_ci_low,cl_ci_high,p_wilcoxon
drax,,ami,lowT,lowT,16,True,legacy,conf,rover_cg,1.2813370473537604,0.48976481633355656,2.1181956272722746,0.4213373548269694,0.001,200,31,12,157,16,0.5751281745268856,2.1074457655257888,0.003337695685433082
drax,,ami,lowT,lowT,16,True,whisper,conf,rover_cg,1.5283842794759825,0.6862605042016807,2.4626734107958486,0.45590294849863033,0.0,200,34,12,154,16,0.5309705151769618,2.547527864876293,0.0008520038268446119
drax,,ami,lowT,lowT,16,True,legacy,mbr,rover_cg,-0.1671309192200557,-0.5476526279464058,0.1770956316410862,0.18312856475565772,0.858,200,4,7,189,16,-0.4961025644609875,0.18204990787329028,0.36571229628151325
drax,,ami,lowT,lowT,16,True,whisper,mbr,rover_cg,0.0,-0.4039267458194175,0.4048994437312792,0.20834491352766135,0.568,200,5,6,189,16,-0.45461225580428716,0.33843340147460765,1.0
drax,,ami,lowT,lowT,16,True,legacy,cm05,rover_cg,-0.055710306406685235,-0.4592525117009437,0.32961785520343584,0.20045428010334976,0.6465,200,6,7,187,16,-0.49920449646917214,0.31717982465603667,0.7815112949987133
drax,,ami,lowT,lowT,16,True,whisper,cm05,rover_cg,-0.1091703056768559,-0.5202840522143458,0.28233434911243543,0.20434571132840687,0.755,200,6,8,186,16,-0.565040482769049,0.18125798829760112,0.5929800980174267
drax,,ami,lowT,lowT,16,True,legacy,conf,rover_c,1.392757660167131,0.6008897352579087,2.2199378723757905,0.4193541123322326,0.0005,200,31,10,159,16,0.6647026004536915,2.2333060910533145,0.0012212577210932636
drax,,ami,lowT,lowT,16,True,whisper,conf,rover_c,1.6375545851528384,0.7628599857181086,2.6318055471629695,0.47341598165155785,0.0,200,35,12,153,16,0.5617977528089888,2.807703131016914,0.0005971857087746858
drax,,ami,lowT,lowT,16,True,legacy,conf,rover_freq,1.5598885793871866,0.760000889260695,2.420415281132545,0.4338256829895201,0.0,200,33,10,157,16,0.8463150741156917,2.4159498986428405,0.0005101755149946294
drax,,ami,lowT,lowT,16,True,whisper,conf,rover_freq,1.7467248908296944,0.9079572235673931,2.7300270791782197,0.46795364157455593,0.0,200,35,10,155,16,0.747559323211618,2.8371648771490663,0.0002087297309307652
drax,,ami,lowT,lowT,16,True,legacy,first,rover_cg,1.16991643454039,0.2315134124225231,2.1409936220548214,0.4796185911253819,0.007,200,29,12,159,16,0.342119853840039,1.9808992911008543,0.0124947845977239
drax,,ami,lowT,lowT,16,True,whisper,first,rover_cg,1.1462882096069869,0.11922718297498903,2.150551081992609,0.5044801751129901,0.016,200,28,13,159,16,0.2485979194934419,1.9272212673202676,0.019511677295305063
drax,,ami,lowT,lowT,16,True,legacy,conf,mbr,1.448467966573816,0.656696085666521,2.293146674935142,0.41934683554561175,0.0,200,32,10,158,16,0.7398649798933198,2.311363902873052,0.0008546211834091097
drax,,ami,lowT,lowT,16,True,whisper,conf,mbr,1.5283842794759825,0.6268126428960737,2.506985618358205,0.4763812219232149,0.0,200,35,12,153,16,0.6383447661199532,2.5206104231886366,0.0015213725584072454
drax,,ami,lowT,lowT,16,True,legacy,first,conf,-0.11142061281337047,-1.190508435226745,0.8669822803626704,0.5250770813572359,0.595,200,24,25,151,16,-1.016383969040759,0.6431759280574466,0.8943305113863611
drax,,ami,lowT,lowT,16,True,whisper,first,conf,-0.38209606986899564,-1.5247512217228596,0.7072398136579194,0.574234208058843,0.757,200,23,28,149,16,-1.260229332225126,0.4032802964254574,0.4778635704927662
drax,,ami,lowT,lowT,16,True,legacy,rover_freq,rover_cg,-0.2785515320334262,-0.629610309172963,0.0,0.16744362326232712,0.9765,200,2,7,191,16,-0.5754285871625137,0.06799494359536827,0.09558070454562939
drax,,ami,lowT,lowT,16,True,whisper,rover_freq,rover_cg,-0.2183406113537118,-0.5685057301192998,0.11117596710965683,0.1737946575814963,0.9245,200,3,7,190,16,-0.5722528912623268,0.046882875109179524,0.2059032107320683
drax,,ami,main,main,16,True,legacy,conf,rover_cg,3.0033370411568407,2.3094098812273804,3.6649045949495553,0.340059296696533,0.0,600,154,40,406,16,1.7975117927330624,4.124696886503476,5.1641549365136365e-17
drax,,ami,main,main,16,True,whisper,conf,rover_cg,2.581818181818182,1.935319474103982,3.275701334207542,0.3373681884215523,0.0,600,152,40,408,16,1.4506891126722783,3.528382397848521,1.6163526847793643e-14
drax,,ami,main,main,16,True,legacy,mbr,rover_cg,0.29662588060808304,-0.07599982626369917,0.6562753606805475,0.18791637180828796,0.067,600,41,32,527,16,-0.18164202414120764,0.7717458975579367,0.11810208752601686
drax,,ami,main,main,16,True,whisper,mbr,rover_cg,0.38181818181818183,0.0,0.7567441221722673,0.19715194886083365,0.029,600,45,31,524,16,-0.02085441578378527,0.7299589147745532,0.05449585931900608
drax,,ami,main,main,16,True,legacy,cm05,rover_cg,0.5561735261401557,0.10089828341889116,1.0049404614587067,0.2329241367723492,0.0095,600,52,39,509,16,-0.09587807945282319,1.098013687998,0.023210147936815848
drax,,ami,main,main,16,True,whisper,cm05,rover_cg,0.4909090909090909,0.03644368685539001,0.9557770835795463,0.232256385662027,0.0215,600,54,40,506,16,-0.1435371239611628,1.0087285497477583,0.04659755771616421
drax,,ami,main,main,16,True,legacy,conf,rover_c,3.040415276232851,2.3608386407665964,3.7026540048533287,0.3395621103476927,0.0,600,150,35,415,16,1.8657797837596988,4.130819406771331,1.1277594031197459e-17
drax,,ami,main,main,16,True,whisper,conf,rover_c,2.690909090909091,2.042625143708582,3.3690035390709103,0.3383613349901279,0.0,600,149,33,418,16,1.608501543799092,3.5827532648742255,3.4937453582295643e-16
drax,,ami,main,main,16,True,legacy,conf,rover_freq,3.2814238042269186,2.599298048528924,3.970516111626068,0.34614390293183334,0.0,600,153,28,419,16,2.1107152286910766,4.301407332587387,2.6810657806490553e-19
drax,,ami,main,main,16,True,whisper,conf,rover_freq,2.9272727272727272,2.2856691095271557,3.612136040873628,0.3414612013988461,0.0,600,147,24,429,16,1.7696034565995966,3.8603961078854474,2.4789697677367172e-18
drax,,ami,main,main,16,True,legacy,first,rover_cg,6.729699666295884,5.709286691022272,7.77861056328636,0.5304232583997082,0.0,600,234,39,327,16,4.821430676475743,8.276147179531959,2.265485526260011e-32
drax,,ami,main,main,16,True,whisper,first,rover_cg,6.6,5.534026747847326,7.67829024778516,0.5467447611156804,0.0,600,231,35,334,16,4.865403280137203,8.063972482689152,1.2820942183472113e-30
drax,,ami,main,main,16,True,legacy,conf,mbr,2.7067111605487577,2.0660987082905957,3.340749622391864,0.32004007190911427,0.0,600,142,33,425,16,1.7904086966509174,3.5457044173049406,3.047798599240291e-16
drax,,ami,main,main,16,True,whisper,conf,mbr,2.2,1.580806162006766,2.8192885428484185,0.3202614717171743,0.0,600,129,32,439,16,1.3547363507317571,2.911143780068539,1.1374408764232702e-12
drax,,ami,main,main,16,True,legacy,first,conf,3.7263626251390436,2.7220386722024053,4.777635143448788,0.5201734132363102,0.0,600,179,86,335,16,2.545395315067446,4.775161198005618,4.584128549361031e-12
drax,,ami,main,main,16,True,whisper,first,conf,4.0181818181818185,2.9834421379553917,5.075771729491527,0.5318410182294513,0.0,600,181,81,338,16,3.144665476089836,4.869273535301488,5.029118871677677e-13
drax,,ami,main,main,16,True,legacy,rover_freq,rover_cg,-0.27808676307007785,-0.6178359719423626,0.055713936756199706,0.16946522732753222,0.9595,600,27,41,532,16,-0.6612995523559001,0.09771889613815815,0.10083413436919546
drax,,ami,main,main,16,True,whisper,rover_freq,rover_cg,-0.34545454545454546,-0.6675404371624937,-0.05641378093160043,0.1536107469419356,0.992,600,21,36,543,16,-0.6828682434088013,0.00040147743696585154,0.021498266988425732
drax,,ami,main,ref,4,True,legacy,conf,rover_cg,-0.01853911753800519,-0.3735001952137263,0.3324449023657359,0.18290940507880107,0.5455,600,37,34,529,16,-0.34895105888787076,0.32119961309770134,0.9821491782224545
drax,,ami,main,ref,4,True,whisper,conf,rover_cg,-0.34545454545454546,-0.7856059257272364,0.07347616796912634,0.21818984836416866,0.954,600,38,53,509,16,-0.7724813476293387,0.10983127251661023,0.12896226410483078
drax,,ami,main,ref,4,True,legacy,mbr,rover_cg,-0.2410085279940675,-0.5273860400342334,0.05634493885373001,0.1515295472452572,0.948,600,23,34,543,16,-0.5130350897282242,-0.018363413581382184,0.10090572909868514
drax,,ami,main,ref,4,True,whisper,mbr,rover_cg,-0.45454545454545453,-0.7746185984598524,-0.14224893261622673,0.15979984762687155,0.9985,600,21,44,535,16,-0.6667755915360786,-0.21203423359557722,0.005269722670613523
drax,,ami,main,ref,4,True,legacy,cm05,rover_cg,-0.2410085279940675,-0.5265252459116824,0.05474250467803391,0.14785635740568126,0.9555,600,21,31,548,16,-0.48945163565655025,-0.01864381888843421,0.09428634060571053
drax,,ami,main,ref,4,True,whisper,cm05,rover_cg,-0.5454545454545454,-0.9078291562353041,-0.20697392827997327,0.17580840215775634,0.9995,600,25,51,524,16,-0.7374651167603519,-0.3094298834705823,0.0028071308303307036
drax,,ami,main,ref,4,True,legacy,conf,rover_c,0.11123470522803114,-0.24278082019324584,0.4613796698411885,0.18054069795049263,0.288,600,34,27,539,16,-0.2634066954610746,0.47860032969913147,0.4684111749023119
drax,,ami,main,ref,4,True,whisper,conf,rover_c,0.05454545454545454,-0.36067512257970097,0.45951641325870535,0.2053996008544422,0.418,600,38,33,529,16,-0.4717183517443982,0.5262084648412726,0.5708361317877944
drax,,ami,main,ref,4,True,legacy,conf,rover_freq,0.2410085279940675,-0.11714403032593236,0.6034341595102828,0.18286588838204687,0.1055,600,40,27,533,16,-0.09544846975474493,0.5990205357374868,0.14278285370312724
drax,,ami,main,ref,4,True,whisper,conf,rover_freq,0.16363636363636364,-0.2243547907868229,0.5646165728485716,0.19850429193755662,0.219,600,40,31,529,16,-0.3187003521832304,0.624873038962737,0.32080904129145416
drax,,ami,main,ref,4,True,legacy,first,rover_cg,0.2410085279940675,-0.1844943340318469,0.6786373897161081,0.21644033949960848,0.132,600,49,43,508,16,-0.1841473873970848,0.6525229737837317,0.3469063375016923
drax,,ami,main,ref,4,True,whisper,first,rover_cg,0.01818181818181818,-0.36385747958430903,0.4097874656880667,0.1993180152270307,0.4795,600,44,44,512,16,-0.3231439359769063,0.36633628690505354,0.9214038509345542
drax,,ami,main,ref,4,True,legacy,conf,mbr,0.22246941045606228,-0.1513611500124813,0.5822762369646608,0.18823640413033674,0.1385,600,39,29,532,16,-0.18669704565495118,0.6661418382451889,0.22832774349850316
drax,,ami,main,ref,4,True,whisper,conf,mbr,0.10909090909090909,-0.2939966698711833,0.5083078339340816,0.2087969319212182,0.3225,600,39,31,530,16,-0.41902375475329795,0.6103439795068734,0.4488772786504437
drax,,ami,main,ref,4,True,legacy,first,conf,0.25954764553207266,-0.19043909195178427,0.7657826260615576,0.24283475646833538,0.1505,600,43,40,517,16,-0.3336931580914975,0.9031165380363678,0.33793758549065467
drax,,ami,main,ref,4,True,whisper,first,conf,0.36363636363636365,-0.10402716032607713,0.8726404051456464,0.2473555728295907,0.075,600,45,36,519,16,-0.22902564136311673,0.9905251802369455,0.14793501261148245
drax,,ami,main,ref,4,True,legacy,rover_freq,rover_cg,-0.25954764553207266,-0.4862742195949015,-0.035859169442860446,0.11509700730817723,0.9905,600,12,26,562,16,-0.4212607861936721,-0.09856769192269563,0.023140931308743735
drax,,ami,main,ref,4,True,whisper,rover_freq,rover_cg,-0.509090909090909,-0.7345008988013709,-0.2953714857094071,0.1098587341812231,1.0,600,4,32,564,16,-0.6866158553084737,-0.31737338519880587,3.061253473062126e-06
drax,,common_voice,lowT,lowT,16,True,legacy,conf,rover_cg,1.0393466963622866,-0.14684287812041116,2.2627867535481547,0.6139757296118497,0.0455,147,21,12,114,147,,,0.11482051523146675
drax,,common_voice,lowT,lowT,16,True,whisper,conf,rover_cg,0.7947976878612717,-0.5291708882134414,2.08787057842289,0.6799151267203158,0.136,147,20,14,113,147,,,0.27943341627816587
drax,,common_voice,lowT,lowT,16,True,legacy,mbr,rover_cg,-0.22271714922049,-0.5636611797825745,0.07446016381236038,0.16234354085902045,0.958,147,1,4,142,147,,,0.17971249487899976
drax,,common_voice,lowT,lowT,16,True,whisper,mbr,rover_cg,-0.21676300578034682,-0.5848705157456462,0.142765393570499,0.18569104942121614,0.922,147,2,5,140,147,,,0.25683925795785656
drax,,common_voice,lowT,lowT,16,True,legacy,cm05,rover_cg,-0.14847809948032664,-0.5448216754047849,0.23095133034656262,0.207259144118971,0.812,147,3,5,139,147,,,0.47950012218695337
drax,,common_voice,lowT,lowT,16,True,whisper,cm05,rover_cg,-0.14450867052023122,-0.8264618156962654,0.555574872508113,0.3529514743681115,0.6955,147,7,8,132,147,,,0.6722379739012292
drax,,common_voice,lowT,lowT,16,True,legacy,conf,rover_c,1.0393466963622866,-0.13999513017381912,2.2256716127080387,0.5948095081948397,0.041,147,19,10,118,147,,,0.10435684892110153
drax,,common_voice,lowT,lowT,16,True,whisper,conf,rover_c,0.7225433526011561,-0.6099867480793102,2.0378814364305597,0.6749878798774414,0.158,147,19,14,114,147,,,0.31692324056177523
drax,,common_voice,lowT,lowT,16,True,legacy,conf,rover_freq,1.1878247958426131,0.0,2.3866489932667587,0.6099263201683813,0.0265,147,20,10,117,147,,,0.06750032453311088
drax,,common_voice,lowT,lowT,16,True,whisper,conf,rover_freq,1.0115606936416186,-0.2841314935064935,2.3206168689569138,0.6631747923785992,0.0735,147,20,11,116,147,,,0.17470284161971716
drax,,common_voice,lowT,lowT,16,True,legacy,first,rover_cg,1.4847809948032664,0.6841669469447785,2.3575042207350303,0.43489719665880283,0.0,147,20,4,123,147,,,0.0008965943777273007
drax,,common_voice,lowT,lowT,16,True,whisper,first,rover_cg,1.1560693641618498,0.4427799727187257,1.938887775885672,0.38950597037434925,0.002,147,19,5,123,147,,,0.0035002992914202756
drax,,common_voice,lowT,lowT,16,True,legacy,conf,mbr,1.2620638455827766,0.07317613712425701,2.5152791631311944,0.6223064510058443,0.023,147,20,10,117,147,,,0.054006283311861344
drax,,common_voice,lowT,lowT,16,True,whisper,conf,mbr,1.0115606936416186,-0.36364298001852585,2.3756963922389165,0.6935154882602139,0.0835,147,20,11,116,147,,,0.1727956066652021
drax,,common_voice,lowT,lowT,16,True,legacy,first,conf,0.44543429844098,-0.7644302864891099,1.7517164125171643,0.6283680296440396,0.245,147,22,18,107,147,,,0.455189139149222
drax,,common_voice,lowT,lowT,16,True,whisper,first,conf,0.36127167630057805,-0.8590606718830992,1.6275805743150478,0.6380993031755102,0.3045,147,22,19,106,147,,,0.5510849316171289
drax,,common_voice,lowT,lowT,16,True,legacy,rover_freq,rover_cg,-0.14847809948032664,-0.4411927141990817,0.14347717640462404,0.1435981928045832,0.9175,147,1,3,143,147,,,0.31731050786291415
drax,,common_voice,lowT,lowT,16,True,whisper,rover_freq,rover_cg,-0.21676300578034682,-0.5260601268620998,0.07262560531247918,0.15642348426623165,0.9555,147,1,4,142,147,,,0.17971249487899976
drax,,common_voice,main,main,16,True,legacy,conf,rover_cg,1.809169764560099,1.1732908680713665,2.461329420510316,0.33427876228170794,0.0,455,84,31,340,455,,,2.527023647826598e-07
drax,,common_voice,main,main,16,True,whisper,conf,rover_cg,1.816860465116279,1.1398391176026612,2.4868999577857083,0.34339840727857884,0.0,455,92,38,325,455,,,3.441063713819163e-07
drax,,common_voice,main,main,16,True,legacy,mbr,rover_cg,0.27261462205700127,-0.14910907688199163,0.6784004865958753,0.21510385674206384,0.1105,455,30,24,401,455,,,0.18980361296468595
drax,,common_voice,main,main,16,True,whisper,mbr,rover_cg,0.8236434108527132,0.3644584594078815,1.2833004869524949,0.23944403815037563,0.001,455,50,21,384,455,,,0.0009758810850794279
drax,,common_voice,main,main,16,True,legacy,cm05,rover_cg,0.5204460966542751,0.073847548581686,0.9525069286974042,0.22617184836253781,0.0115,455,42,26,387,455,,,0.024923297846627824
drax,,common_voice,main,main,16,True,whisper,cm05,rover_cg,0.9205426356589147,0.3571418632815805,1.4742975905062714,0.28883194039287946,0.001,455,55,29,371,455,,,0.0016870184876244237
drax,,common_voice,main,main,16,True,legacy,conf,rover_c,1.858736059479554,1.2138036796488114,2.5068722144482307,0.3351280793758637,0.0,455,83,28,344,455,,,1.6022954165180445e-07
drax,,common_voice,main,main,16,True,whisper,conf,rover_c,1.744186046511628,1.0752556849520147,2.4536162184883294,0.34680552445066304,0.0,455,90,36,329,455,,,1.8958229174466813e-06
drax,,common_voice,main,main,16,True,legacy,conf,rover_freq,1.9083023543990087,1.2292486826859197,2.641330183919316,0.35474727034069825,0.0,455,82,32,341,455,,,2.5364871731449794e-07
drax,,common_voice,main,main,16,True,whisper,conf,rover_freq,1.8410852713178294,1.1423815623132154,2.5500904063892844,0.3511372527376724,0.0,455,92,36,327,455,,,6.671313832600356e-07
drax,,common_voice,main,main,16,True,legacy,first,rover_cg,7.856257744733581,6.441501726245083,9.581507273022343,0.7893020742567668,0.0,455,173,22,260,455,,,4.658662761851484e-27
drax,,common_voice,main,main,16,True,whisper,first,rover_cg,7.751937984496124,6.3516282852840105,9.371299417809162,0.7691581762545551,0.0,455,180,24,251,455,,,4.868769621072265e-27
drax,,common_voice,main,main,16,True,legacy,conf,mbr,1.5365551425030979,0.8751829947778207,2.187603529561671,0.33500872911594687,0.0,455,72,29,354,455,,,6.0443815586348236e-06
drax,,common_voice,main,main,16,True,whisper,conf,mbr,0.9932170542635659,0.3177733557323979,1.6199253011739303,0.3290512822734275,0.004,455,73,41,341,455,,,0.0024175471572351697
drax,,common_voice,main,main,16,True,legacy,first,conf,6.047087980173482,4.63666067505026,7.711604116571169,0.7838450861407108,0.0,455,156,36,263,455,,,9.116161480674638e-17
drax,,common_voice,main,main,16,True,whisper,first,conf,5.935077519379845,4.608584090958385,7.538774470064502,0.7642227929871116,0.0,455,160,42,253,455,,,2.6473430654055885e-16
drax,,common_voice,main,main,16,True,legacy,rover_freq,rover_cg,-0.09913258983890955,-0.5167833439668855,0.2934093091532583,0.20216314942672609,0.7195,455,21,25,409,455,,,0.6251113083603599
drax,,common_voice,main,main,16,True,whisper,rover_freq,rover_cg,-0.02422480620155039,-0.3507212139569121,0.3016863475711662,0.1657767080604604,0.604,455,19,22,414,455,,,0.8900222805863531
drax,,common_voice,main,ref,4,True,legacy,conf,rover_cg,0.1734820322180917,-0.2912656723737133,0.6426737677993395,0.24141688377983456,0.263,455,25,23,407,455,,,0.46359099524106206
drax,,common_voice,main,ref,4,True,whisper,conf,rover_cg,0.12112403100775193,-0.3925795907644087,0.6543547693895181,0.26646052664084935,0.337,455,29,30,396,455,,,0.7378184176141426
drax,,common_voice,main,ref,4,True,legacy,mbr,rover_cg,-0.1734820322180917,-0.5238344810319103,0.17623294425987493,0.18247886185888307,0.839,455,17,20,418,455,,,0.3204359413217488
drax,,common_voice,main,ref,4,True,whisper,mbr,rover_cg,-0.09689922480620156,-0.4225900219051689,0.24126034951902026,0.17401479552142046,0.7255,455,17,18,420,455,,,0.5454886637396192
drax,,common_voice,main,ref,4,True,legacy,cm05,rover_cg,-0.22304832713754646,-0.6329194080002052,0.14863167069372568,0.20160381859641308,0.878,455,14,20,421,455,,,0.22891394312014268
drax,,common_voice,main,ref,4,True,whisper,cm05,rover_cg,-0.2180232558139535,-0.6533061983287395,0.1975615366919713,0.21888292440307772,0.862,455,21,26,408,455,,,0.23827927753328892
drax,,common_voice,main,ref,4,True,legacy,conf,rover_c,0.3965303593556382,-0.050358517719151695,0.8579359071410547,0.23254168977636638,0.0515,455,28,18,409,455,,,0.07754675397905932
drax,,common_voice,main,ref,4,True,whisper,conf,rover_c,0.26647286821705424,-0.24027111835125245,0.773573035257211,0.25741350033988925,0.1675,455,29,24,402,455,,,0.36493470028971053
drax,,common_voice,main,ref,4,True,legacy,conf,rover_freq,0.3965303593556382,-0.025767640171288676,0.8615520660283872,0.2272545398961795,0.0425,455,29,20,406,455,,,0.09675604716023047
drax,,common_voice,main,ref,4,True,whisper,conf,rover_freq,0.4118217054263566,-0.07301357961421569,0.9004678795424487,0.24472432724754023,0.048,455,30,21,404,455,,,0.11920760478892634
drax,,common_voice,main,ref,4,True,legacy,first,rover_cg,0.8921933085501859,0.3607738828092387,1.4532583703667072,0.27951733831847336,0.0005,455,56,22,377,455,,,0.0014012314463159677
drax,,common_voice,main,ref,4,True,whisper,first,rover_cg,0.5087209302325582,0.04730324299782162,1.006480985813449,0.24636135796348435,0.0195,455,44,24,387,455,,,0.04248300626164359
drax,,common_voice,main,ref,4,True,legacy,conf,mbr,0.3469640644361834,-0.14578924909084806,0.8440755843483392,0.25374583044252325,0.086,455,30,25,400,455,,,0.1741443347301459
drax,,common_voice,main,ref,4,True,whisper,conf,mbr,0.2180232558139535,-0.33875341853081997,0.8044128107796092,0.29392750247821553,0.249,455,32,31,392,455,,,0.48284079413474834
drax,,common_voice,main,ref,4,True,legacy,first,conf,0.7187112763320942,0.16879062384181243,1.2486416412961934,0.27641342482650405,0.0055,455,48,24,383,455,,,0.009067505810176018
drax,,common_voice,main,ref,4,True,whisper,first,conf,0.3875968992248062,-0.17120886767459392,0.9380756654692818,0.2774961199577734,0.0845,455,44,27,384,455,,,0.15384318763402532
drax,,common_voice,main,ref,4,True,legacy,rover_freq,rover_cg,-0.22304832713754646,-0.5608169410106703,0.09728576422665365,0.16735983325837686,0.9305,455,13,18,424,455,,,0.19911787569437578
drax,,common_voice,main,ref,4,True,whisper,rover_freq,rover_cg,-0.29069767441860467,-0.5289924165979488,-0.07274402631369851,0.11651570405285605,0.999,455,4,14,437,455,,,0.01431505160002235
drax,,earnings22,lowT,lowT,16,True,legacy,conf,rover_cg,0.5519779208831647,-0.13278581804581624,1.2699759333860159,0.36024495564006437,0.063,200,44,32,124,6,-0.030303030303030304,1.194147905155408,0.1431072211707279
drax,,earnings22,lowT,lowT,16,True,whisper,conf,rover_cg,0.4665629860031104,-0.16497571000576522,1.102626730149168,0.3239089666795782,0.0835,200,43,30,127,6,-0.40381791483113066,1.3738019169329074,0.157313863507067
drax,,earnings22,lowT,lowT,16,True,legacy,mbr,rover_cg,-0.061330880098129405,-0.4583547098836422,0.3437796429131387,0.21078430814525428,0.654,200,18,21,161,6,-0.3846322241681261,0.22402688322598713,0.7802684602712046
drax,,earnings22,lowT,lowT,16,True,whisper,mbr,rover_cg,-0.24883359253499224,-0.6463626769905654,0.12929401407011065,0.19668977682559488,0.9145,200,16,23,161,6,-0.6472491909385113,0.18007202881152462,0.21704390775694227
drax,,earnings22,lowT,lowT,16,True,legacy,cm05,rover_cg,-0.030665440049064702,-0.45510054031557085,0.39526995317404856,0.2176283892093528,0.5925,200,18,21,161,6,-0.4363192435836415,0.4941087039148613,0.9083156399437511
drax,,earnings22,lowT,lowT,16,True,whisper,cm05,rover_cg,-0.2177293934681182,-0.5806845965770171,0.15250420655333471,0.18977232961338028,0.891,200,16,23,161,6,-0.49019607843137253,0.07847240387130526,0.2623316754083572
drax,,earnings22,lowT,lowT,16,True,legacy,conf,rover_c,0.7666360012266176,0.09046093741509906,1.502858637501348,0.35489866010193755,0.017,200,48,28,124,6,0.21212121212121213,1.5146404865788385,0.03864282714975882
drax,,earnings22,lowT,lowT,16,True,whisper,conf,rover_c,0.8087091757387247,0.19514138044294885,1.4276567106996032,0.319335638194144,0.006,200,46,23,131,6,0.0,1.5856236786469344,0.01485232009233631
drax,,earnings22,lowT,lowT,16,True,legacy,conf,rover_freq,0.9199632014719411,0.24641757291732086,1.605929586164299,0.34340372785737344,0.005,200,47,27,126,6,0.3333333333333333,1.6751892001126265,0.008384945049202138
drax,,earnings22,lowT,lowT,16,True,whisper,conf,rover_freq,0.9020217729393468,0.29361873582945497,1.5285321907273124,0.32127343415648446,0.004,200,47,22,131,6,0.18103960585844645,1.5335463258785942,0.007372652625698132
drax,,earnings22,lowT,lowT,16,True,legacy,first,rover_cg,1.134621281815394,0.41479544331515544,1.9689870145229913,0.3930965069805999,0.0025,200,50,31,119,6,0.3560830860534125,1.9148936170212767,0.004398990608267508
drax,,earnings22,lowT,lowT,16,True,whisper,first,rover_cg,1.3374805598755832,0.5869328273066231,2.130476403071769,0.38754877000163307,0.0,200,51,25,124,6,0.811776339647895,1.9375672766415502,0.0006494368769124244
drax,,earnings22,lowT,lowT,16,True,legacy,conf,mbr,0.613308800981294,-0.06173078023928101,1.2715048678465841,0.34215571627467206,0.04,200,42,27,131,6,0.11985617259288853,1.3685550604710375,0.0926586190655296
drax,,earnings22,lowT,lowT,16,True,whisper,conf,mbr,0.7153965785381027,0.12219255964654231,1.3055941478812785,0.3058845604933734,0.009,200,41,23,136,6,0.14367816091954022,1.2041322766370133,0.024729092149749794
drax,,earnings22,lowT,lowT,16,True,legacy,first,conf,0.5826433609322293,-0.2331476805100885,1.5058505401188935,0.4523258127702759,0.0905,200,47,41,112,6,0.2092435463555101,1.1589569409128984,0.2431295912136433
drax,,earnings22,lowT,lowT,16,True,whisper,first,conf,0.8709175738724728,0.12396683189478966,1.6408573562769746,0.3880359388916529,0.0125,200,47,31,122,6,0.25559105431309903,1.7590936195587359,0.024179236875222297
drax,,earnings22,lowT,lowT,16,True,legacy,rover_freq,rover_cg,-0.36798528058877644,-0.7020075670299437,-0.03041086042910862,0.17058764351678404,0.9855,200,8,21,171,6,-0.637213254035684,-0.1323260009473128,0.03389485352468924
drax,,earnings22,lowT,lowT,16,True,whisper,rover_freq,rover_cg,-0.4354587869362364,-0.7742814729723321,-0.142892608646427,0.1624282222770985,0.998,200,7,21,172,6,-0.7036758050685975,-0.16369288662515197,0.00815097159350269
drax,,earnings22,main,main,16,True,legacy,conf,rover_cg,2.54211942976772,1.3034895247055662,3.980974824127537,0.6824293939449567,0.0,600,196,121,283,6,1.9049778886495068,3.30903621427745,3.2966438641205906e-06
drax,,earnings22,main,main,16,True,whisper,conf,rover_cg,2.780314561136479,1.5497913167972572,4.242019799963331,0.6959472763626241,0.0,600,193,120,287,6,1.9866860827959225,3.8726217784374577,5.195828155535197e-07
drax,,earnings22,main,main,16,True,legacy,mbr,rover_cg,0.46854750274150136,0.10900775245241522,0.8289514160644067,0.1866165412732008,0.0075,600,129,92,379,6,0.24391215054591023,0.835720896594125,0.015543416772970628
drax,,earnings22,main,main,16,True,whisper,mbr,rover_cg,0.4058853373921867,0.029965095583261322,0.7949181407396326,0.19503831159581536,0.0195,600,111,93,396,6,0.19200267134151433,0.8044723206981184,0.04050195536690251
drax,,earnings22,main,main,16,True,legacy,cm05,rover_cg,0.7676203768318214,0.06860297307697506,1.456126793488168,0.3582722483652442,0.018,600,146,106,348,6,0.12705583398037693,1.4940519763178224,0.004570944043368149
drax,,earnings22,main,main,16,True,whisper,cm05,rover_cg,0.8726534753932014,0.14058735358715294,1.577467141758735,0.36213501654173924,0.0095,600,143,107,350,6,0.35846634314829773,1.6561514195583595,0.0012841745627694787
drax,,earnings22,main,main,16,True,legacy,conf,rover_c,2.69165586681288,1.4700115654163215,4.122239760969742,0.680211075033219,0.0,600,197,110,293,6,2.0183694296405488,3.465947403910991,1.7170528758627997e-07
drax,,earnings22,main,main,16,True,whisper,conf,rover_c,2.962962962962963,1.7185088305260303,4.398210735328302,0.6934070269595477,0.0,600,191,103,306,6,2.15311004784689,4.088517069221427,7.619301037259047e-09
drax,,earnings22,main,main,16,True,legacy,conf,rover_freq,3.050543315721264,1.8573818238452242,4.46190424079503,0.6794513736159731,0.0,600,205,104,291,6,2.298503627886395,3.8760358590539954,3.1259648320626256e-10
drax,,earnings22,main,main,16,True,whisper,conf,rover_freq,3.4906139015728055,2.2640016606069975,4.969694009914298,0.6978709708148461,0.0,600,205,89,306,6,2.6803535785571713,4.407971864009379,2.3947256219504253e-13
drax,,earnings22,main,main,16,True,legacy,first,rover_cg,15.003489183531054,12.487034135915197,17.743277034451257,1.3580894095143468,0.0,600,385,52,163,6,12.503353903944191,18.38482008561842,2.303422601784569e-55
drax,,earnings22,main,main,16,True,whisper,first,rover_cg,15.809233891425672,13.195752442568715,18.654757405325107,1.3966106578188542,0.0,600,394,43,163,6,12.840703648076802,19.289299986032333,4.8971987857823095e-58
drax,,earnings22,main,main,16,True,legacy,conf,mbr,2.0735719270262187,0.8509085858090663,3.502721426255884,0.6992029846337098,0.0005,600,163,102,335,6,1.4380406695876868,2.700773349196907,0.00035631630839986047
drax,,earnings22,main,main,16,True,whisper,conf,mbr,2.374429223744292,1.0984706428524325,3.8551107746379407,0.7211769295186264,0.0,600,153,86,361,6,1.5858528237307472,3.179055633473586,1.9021194778432017e-05
drax,,earnings22,main,main,16,True,legacy,first,conf,12.461369753763334,10.178910402175816,15.062172512340295,1.2596790125438988,0.0,600,343,79,178,6,10.310091100210231,15.07578387134097,1.9838694929066523e-41
drax,,earnings22,main,main,16,True,whisper,first,conf,13.028919330289193,10.70410590908443,15.730335214337705,1.2792049392841913,0.0,600,345,68,187,6,10.593900481540931,15.568581477139508,2.1194564995165694e-43
drax,,earnings22,main,main,16,True,legacy,rover_freq,rover_cg,-0.508423885953544,-0.7708856774972795,-0.24942383191841175,0.13512298511406706,1.0,600,56,99,445,6,-0.9368263969490963,-0.10022105162011459,0.0002582666996696715
drax,,earnings22,main,main,16,True,whisper,rover_freq,rover_cg,-0.7102993404363267,-0.95762162813375,-0.47165918643517607,0.12366390012425993,1.0,600,35,96,469,6,-0.9117551286225986,-0.4392730979031747,2.49447470372792e-08
drax,,earnings22,main,ref,4,True,legacy,conf,rover_cg,-0.29907287409032,-0.7004248352449491,0.08901488830614558,0.20232058143399279,0.9355,600,91,105,404,6,-0.5315810094052639,-0.010294420424130122,0.2503437345981745
drax,,earnings22,main,ref,4,True,whisper,conf,rover_cg,-0.639269406392694,-1.0290737231475118,-0.2553467282412389,0.19501007148939437,1.0,600,72,121,407,6,-1.0565052231718899,-0.362358625233337,0.0007298624034029247
drax,,earnings22,main,ref,4,True,legacy,mbr,rover_cg,-0.209351011863224,-0.5089352360043907,0.08169111861822843,0.14746946178796635,0.9145,600,66,87,447,6,-0.3688799463447351,-0.08838259844839438,0.1691546446006046
drax,,earnings22,main,ref,4,True,whisper,mbr,rover_cg,-0.547945205479452,-0.7949664952113397,-0.29482663771677986,0.13034863401377475,1.0,600,46,101,453,6,-0.7012622720897616,-0.4652518836769168,4.8055127361529926e-05
drax,,earnings22,main,ref,4,True,legacy,cm05,rover_cg,-0.269165586681288,-0.5544216355003742,0.019879298983474302,0.14858705611682665,0.967,600,60,89,451,6,-0.39082412914188613,-0.17078192576134132,0.07218268558938677
drax,,earnings22,main,ref,4,True,whisper,cm05,rover_cg,-0.6900050735667174,-0.9633597593427439,-0.40796539341202737,0.1413884771686617,1.0,600,45,112,443,6,-0.9332073605547767,-0.5228640593483742,1.3400848769286552e-06
drax,,earnings22,main,ref,4,True,legacy,conf,rover_c,-0.03987638321204267,-0.4198027074724421,0.3247223925367862,0.19242980199033527,0.596,600,88,79,433,6,-0.3208715463256461,0.3593977659057795,0.7807820043296352
drax,,earnings22,main,ref,4,True,whisper,conf,rover_c,-0.182648401826484,-0.5643685763456966,0.17251860876606753,0.18539563378186968,0.8475,600,71,76,453,6,-0.6241212359937524,0.23402761525860052,0.4055510953527087
drax,,earnings22,main,ref,4,True,legacy,conf,rover_freq,0.009969095803010667,-0.364464694638926,0.3820489883244465,0.19342884563051738,0.4865,600,84,71,445,6,-0.2859866539561487,0.413399857448325,0.6598257292354048
drax,,earnings22,main,ref,4,True,whisper,conf,rover_freq,0.010147133434804667,-0.37741683664496856,0.36914267528988726,0.1867351287464334,0.489,600,77,66,457,6,-0.39738195418419825,0.41120248944209825,0.6859896822210129
drax,,earnings22,main,ref,4,True,legacy,first,rover_cg,0.269165586681288,-0.19828041887110523,0.7324366982126698,0.24028672808672868,0.1255,600,121,95,384,6,-0.2119815668202765,1.1027910142954391,0.10393329090301814
drax,,earnings22,main,ref,4,True,whisper,first,rover_cg,-0.091324200913242,-0.5222236849763117,0.33702925622466834,0.21932568464576835,0.664,600,98,107,395,6,-0.37469501568490765,0.43929712460063897,0.9320154374175792
drax,,earnings22,main,ref,4,True,legacy,conf,mbr,-0.08972186222709601,-0.5284319000669948,0.29922194724815887,0.21027090962830794,0.6745,600,78,64,458,6,-0.3084809236672017,0.19627085377821393,0.9565016388156367
drax,,earnings22,main,ref,4,True,whisper,conf,mbr,-0.091324200913242,-0.5048996347189034,0.2795704058585908,0.20249481769807562,0.689,600,69,56,475,6,-0.39550704002531245,0.19876764062810576,0.9189348551221269
drax,,earnings22,main,ref,4,True,legacy,first,conf,0.568238460771608,0.13261251918239214,1.0132576960703348,0.22554316420033782,0.0055,600,106,68,426,6,0.20398251578436133,1.3223341016620163,0.0058450151549332184
drax,,earnings22,main,ref,4,True,whisper,first,conf,0.547945205479452,0.13355493478034314,0.9915735817575659,0.21452657954934695,0.0055,600,97,63,440,6,0.14280614066404856,1.4262879626214189,0.007657849859724114
drax,,earnings22,main,ref,4,True,legacy,rover_freq,rover_cg,-0.30904196989333066,-0.5354328594331343,-0.08214163370492766,0.11735837867071353,0.9955,600,40,71,489,6,-0.5108556832694764,-0.17904339670901184,0.00940773044534626
drax,,earnings22,main,ref,4,True,whisper,rover_freq,rover_cg,-0.6494165398274987,-0.8236910883025548,-0.46617571344513103,0.09284987279697975,1.0,600,12,75,513,6,-0.9097360747687393,-0.4622496147919877,1.5177539322603625e-11
drax,,fleurs-de,lowT,lowT,16,True,legacy,conf,rover_cg,0.6862281116895409,0.21352111070866536,1.179485843992596,0.24815344785398488,0.0035,200,38,19,143,154,0.16450944072097093,1.1786714031718282,0.01054612328562176
drax,,fleurs-de,lowT,lowT,16,True,whisper,conf,rover_cg,0.696445725264169,0.2625753106207869,1.1403847430239813,0.22718083950410004,0.0005,200,41,20,139,154,0.2615670084394579,1.1803424702128285,0.0032079912158346
drax,,fleurs-de,lowT,lowT,16,True,legacy,mbr,rover_cg,0.18930430667297682,-0.07328065652852678,0.47127857148420926,0.14090700901371866,0.107,200,17,10,173,154,-0.09657520684930612,0.4741645844543538,0.18394123956027786
drax,,fleurs-de,lowT,lowT,16,True,whisper,mbr,rover_cg,0.1440922190201729,-0.18928540799630483,0.44855534214818144,0.1611544747103438,0.1975,200,18,13,169,154,-0.1895869749337754,0.4920530459813807,0.3801304176700858
drax,,fleurs-de,lowT,lowT,16,True,legacy,cm05,rover_cg,0.14197823000473261,-0.1443730632500125,0.4318779156160581,0.14641403472603226,0.185,200,17,11,172,154,-0.14292378811654438,0.456001005053184,0.35441111871324305
drax,,fleurs-de,lowT,lowT,16,True,whisper,cm05,rover_cg,0.16810758885686838,-0.23792438002793886,0.6257110774325843,0.21470871734367097,0.2375,200,18,15,167,154,-0.2336707526593476,0.6329672243909844,0.6661790174134635
drax,,fleurs-de,lowT,lowT,16,True,legacy,conf,rover_c,0.709891150023663,0.25155283617164415,1.1962223617712107,0.24547320882751972,0.002,200,37,17,146,154,0.18522739607076957,1.223938846064828,0.006956002930402072
drax,,fleurs-de,lowT,lowT,16,True,whisper,conf,rover_c,0.74447646493756,0.31703469097797776,1.1859902279151868,0.21915480969820123,0.0,200,38,15,147,154,0.32034602300238657,1.202680305911218,0.0009298855047249977
drax,,fleurs-de,lowT,lowT,16,True,legacy,conf,rover_freq,0.6152389966871746,0.16431506461242493,1.0950669578039212,0.24042492090356635,0.006,200,33,17,150,154,0.13182748483608084,1.1083806137907093,0.01898884557194043
drax,,fleurs-de,lowT,lowT,16,True,whisper,conf,rover_freq,0.74447646493756,0.3032849104031527,1.211719570880643,0.2353426883535801,0.001,200,39,17,144,154,0.2632505596565162,1.2421509380615507,0.0020544255174875935
drax,,fleurs-de,lowT,lowT,16,True,legacy,first,rover_cg,1.7510648367250354,1.2135879018454223,2.311459922908134,0.28050619052785275,0.0,200,58,11,131,154,1.1721231826371628,2.3821091803722196,3.803008921261526e-08
drax,,fleurs-de,lowT,lowT,16,True,whisper,first,rover_cg,1.8011527377521614,1.2174273873688408,2.4159489749870806,0.3015894523473558,0.0,200,59,12,129,154,1.1787167816146205,2.431396917754594,4.9256017218166236e-08
drax,,fleurs-de,lowT,lowT,16,True,legacy,conf,mbr,0.49692380501656414,0.0,0.9885906150103095,0.2501847795062879,0.0295,200,30,18,152,154,0.0,0.9939347837116596,0.09152430690417043
drax,,fleurs-de,lowT,lowT,16,True,whisper,conf,mbr,0.5523535062439962,0.11894926172717532,1.0329612451730494,0.23517140878350976,0.008,200,34,17,149,154,0.07591394837702889,1.0738150423968906,0.02919375129033074
drax,,fleurs-de,lowT,lowT,16,True,legacy,first,conf,1.0648367250354946,0.47584829206402185,1.6497838225404355,0.29712019623871566,0.0,200,52,20,128,154,0.4854172875135279,1.634337927445335,0.0005752181769063504
drax,,fleurs-de,lowT,lowT,16,True,whisper,first,conf,1.1047070124879923,0.5096902074930938,1.7159349804918704,0.30628049110018196,0.0,200,47,20,133,154,0.5186368342341068,1.695895425128651,0.0004965347091580764
drax,,fleurs-de,lowT,lowT,16,True,legacy,rover_freq,rover_cg,0.07098911500236631,-0.16208490027975545,0.3090161469664582,0.11844498695474599,0.308,200,14,11,175,154,-0.1469210955511881,0.31271545283231716,0.5485062355001472
drax,,fleurs-de,lowT,lowT,16,True,whisper,rover_freq,rover_cg,-0.04803073967339097,-0.2991809938483588,0.1928651935302419,0.12607227577821767,0.6745,200,12,13,175,154,-0.3024518853944694,0.217510867791974,0.7054569861112734
drax,,fleurs-de,main,main,16,True,legacy,conf,rover_cg,1.7998244073748904,1.3940376302655921,2.2234779437071617,0.2133462184933179,0.0,546,172,57,317,300,1.3904127897408383,2.233349063558282,3.891652585895883e-15
drax,,fleurs-de,main,main,16,True,whisper,conf,rover_cg,1.83348095659876,1.4261504357902162,2.270747316464396,0.21719145447783628,0.0,546,162,50,334,300,1.4391469729982533,2.2676550747750372,2.157017391629192e-16
drax,,fleurs-de,main,main,16,True,legacy,mbr,rover_cg,0.5092186128182616,0.2717537530123208,0.7570598579408316,0.12398895043790097,0.0,546,77,38,431,300,0.2742345634388778,0.768579850199862,3.8483727533984545e-05
drax,,fleurs-de,main,main,16,True,whisper,mbr,rover_cg,0.6820194862710364,0.4314853521722946,0.9360517910537752,0.12896126522288406,0.0,546,79,29,438,300,0.4330514121842869,0.9577731767995356,1.099071660494553e-07
drax,,fleurs-de,main,main,16,True,legacy,cm05,rover_cg,0.6584723441615452,0.38941877936693975,0.9168401173224741,0.13734866940874432,0.0,546,88,42,416,300,0.39171615377321234,0.9423054007587324,2.292953702528423e-06
drax,,fleurs-de,main,main,16,True,whisper,cm05,rover_cg,0.9034543844109831,0.5829388770203269,1.2586587652370176,0.16963852663990484,0.0,546,91,36,419,300,0.5981355664348549,1.2595905874545763,1.9513139857646457e-08
drax,,fleurs-de,main,main,16,True,legacy,conf,rover_c,1.791044776119403,1.392890744291001,2.2027230464294654,0.20823341742640306,0.0,546,167,53,326,300,1.3934099754868365,2.2246097172134536,1.1014321542618225e-15
drax,,fleurs-de,main,main,16,True,whisper,conf,rover_c,1.8600531443755537,1.4569490073711338,2.2930279644642364,0.21529439199742295,0.0,546,163,47,336,300,1.4676420635031786,2.29337282696587,6.085188997292752e-17
drax,,fleurs-de,main,main,16,True,legacy,conf,rover_freq,1.694468832309043,1.285182322025158,2.112189393178518,0.21392009954185112,0.0,546,164,55,327,300,1.2907032903209208,2.1342164337182923,7.912527197691642e-14
drax,,fleurs-de,main,main,16,True,whisper,conf,rover_freq,1.8866253321523472,1.4835578460945478,2.312062002748073,0.21735024899073332,0.0,546,166,49,331,300,1.4819188253410445,2.328157184353964,2.915321584052754e-16
drax,,fleurs-de,main,main,16,True,legacy,first,rover_cg,4.670763827919227,4.135750271334837,5.240149415036218,0.2890118923433804,0.0,546,286,30,230,300,4.083255813005577,5.297591777589904,2.2751801740911897e-43
drax,,fleurs-de,main,main,16,True,whisper,first,rover_cg,4.844995571302038,4.306806680223184,5.4305413768060475,0.2907325135269671,0.0,546,286,28,232,300,4.220856203951238,5.514378127325101,3.2748922460536237e-45
drax,,fleurs-de,main,main,16,True,legacy,conf,mbr,1.2906057945566287,0.9099186990732517,1.7103778321927623,0.2044875203573313,0.0,546,128,51,367,300,0.9263479371241431,1.6965973865962287,1.2696611745006814e-09
drax,,fleurs-de,main,main,16,True,whisper,conf,mbr,1.1514614703277237,0.743021835429163,1.5620919452811934,0.20853504203613554,0.0,546,124,56,366,300,0.774452904017504,1.5454999758391934,1.3739389817010287e-07
drax,,fleurs-de,main,main,16,True,legacy,first,conf,2.870939420544337,2.3068274063175638,3.510784336679177,0.2952229055050863,0.0,546,225,76,245,300,2.3265920219580654,3.436920722300164,9.107002044504955e-21
drax,,fleurs-de,main,main,16,True,whisper,first,conf,3.011514614703277,2.393460727758859,3.6443936146887457,0.31504063298442153,0.0,546,230,75,241,300,2.425792563619444,3.6603859489839357,3.9141926851551506e-21
drax,,fleurs-de,main,main,16,True,legacy,rover_freq,rover_cg,0.10535557506584724,-0.062781281715213,0.2736437115734043,0.08680087426227193,0.1215,546,44,33,469,300,-0.07276739411729374,0.2742948861774563,0.21156293661858083
drax,,fleurs-de,main,main,16,True,whisper,rover_freq,rover_cg,-0.053144375553587246,-0.18987470563924796,0.08781598085132536,0.0731117298399396,0.777,546,22,27,497,300,-0.21380199725873417,0.09720513458642362,0.4529355475934509
drax,,fleurs-de,main,ref,4,True,legacy,conf,rover_cg,0.2721685689201054,0.009062532977129464,0.55013718036313,0.13833753973123014,0.019,546,79,58,409,300,-0.008492701136490225,0.5466476395127106,0.0650420338081989
drax,,fleurs-de,main,ref,4,True,whisper,conf,rover_cg,0.2391496899911426,-0.026724913455406757,0.5057282622116213,0.13806986683551353,0.04,546,84,63,399,300,-0.025911638487766148,0.5062543524297516,0.10401549025581
drax,,fleurs-de,main,ref,4,True,legacy,mbr,rover_cg,0.10535557506584724,-0.09758780714676406,0.2869460626612178,0.09698735905265073,0.1565,546,42,34,470,300,-0.08517658567115904,0.2908578157054158,0.33217447051838844
drax,,fleurs-de,main,ref,4,True,whisper,mbr,rover_cg,0.1682905225863596,-0.02658505884145231,0.3563846433179124,0.09785797316541742,0.048,546,48,38,460,300,-0.018132859984987888,0.36329341229660894,0.10015189188274258
drax,,fleurs-de,main,ref,4,True,legacy,cm05,rover_cg,0.09657594381035997,-0.08886164628011972,0.275382562659581,0.09419798556090886,0.177,546,47,37,462,300,-0.08144824372198142,0.27316245389084715,0.28581969829702214
drax,,fleurs-de,main,ref,4,True,whisper,cm05,rover_cg,-0.008857395925597875,-0.23421108435611582,0.20327911834555432,0.1073070494621334,0.5605,546,53,51,442,300,-0.22753726534901833,0.19047127051787496,0.8666243782262577
drax,,fleurs-de,main,ref,4,True,legacy,conf,rover_c,0.2897278314310799,0.04338819524687115,0.557691681865303,0.13581961959654462,0.0145,546,75,52,419,300,0.017889215755351642,0.5550393115052031,0.04278054166102438
drax,,fleurs-de,main,ref,4,True,whisper,conf,rover_c,0.29229406554472986,0.017893899572236634,0.552937372204145,0.13723482859496539,0.018,546,83,57,406,300,0.03588096828956259,0.5668331808525162,0.04626455896005709
drax,,fleurs-de,main,ref,4,True,legacy,conf,rover_freq,0.30728709394205445,0.051369050513836424,0.5811035843318211,0.13813811707792112,0.0095,546,77,54,415,300,0.033261116302949555,0.5856970380517863,0.027736267263305643
drax,,fleurs-de,main,ref,4,True,whisper,conf,rover_freq,0.36315323294951285,0.08996500527046984,0.621737771117921,0.13605021259859057,0.004,546,84,52,410,300,0.09168218478501974,0.6279783447801071,0.011702356092711646
drax,,fleurs-de,main,ref,4,True,legacy,first,rover_cg,0.8165057067603161,0.5019648937781039,1.1004436563191335,0.1585314000542073,0.0,546,120,50,376,300,0.49624273252815176,1.145005566713034,2.487936695894736e-07
drax,,fleurs-de,main,ref,4,True,whisper,first,rover_cg,0.8591674047829938,0.5370473205759095,1.168435821287139,0.1578344333889122,0.0,546,120,46,380,300,0.5610457169948024,1.1782307083787935,1.853321262205629e-08
drax,,fleurs-de,main,ref,4,True,legacy,conf,mbr,0.16681299385425813,-0.09391544626677878,0.46280676978240576,0.14062830092409073,0.1165,546,68,58,420,300,-0.11345663711913313,0.44754994820434596,0.281312599465808
drax,,fleurs-de,main,ref,4,True,whisper,conf,mbr,0.070859167404783,-0.21602257452968918,0.3560596721091,0.14454910825243145,0.3075,546,66,60,420,300,-0.19515741578724818,0.34620505063017143,0.8461843404620275
drax,,fleurs-de,main,ref,4,True,legacy,first,conf,0.5443371378402108,0.1860344366382008,0.8949044151093155,0.18204347867932655,0.0025,546,111,61,374,300,0.17901262391970035,0.9073128074352506,0.0006428437996663059
drax,,fleurs-de,main,ref,4,True,whisper,first,conf,0.6200177147918512,0.24685051313267345,0.9722969661520318,0.1847824826619205,0.0005,546,113,60,373,300,0.2667353213787805,0.9939886491202645,0.00017014137063894598
drax,,fleurs-de,main,ref,4,True,legacy,rover_freq,rover_cg,-0.03511852502194908,-0.18131882575540964,0.1074919708316318,0.07413548636878674,0.7075,546,30,30,486,300,-0.18378137594053687,0.11487286026040451,0.7095342703416655
drax,,fleurs-de,main,ref,4,True,whisper,rover_freq,rover_cg,-0.12400354295837024,-0.23312278577331227,-0.017676901807962754,0.053555023935183174,0.993,546,8,19,519,300,-0.22631360418087132,-0.02664274748203617,0.019196144139909402
drax,,fleurs-en,lowT,lowT,16,True,legacy,conf,rover_cg,0.27713625866050806,-0.2032925163647266,0.758837793533808,0.24077868219209206,0.1165,200,33,23,144,168,-0.1730537218429422,0.7279258446974338,0.2461629082710859
drax,,fleurs-en,lowT,lowT,16,True,whisper,conf,rover_cg,0.2333177788147457,-0.21058608195435358,0.7170946102243813,0.23536201633468914,0.162,200,33,24,143,168,-0.23910936704738245,0.6963343697100288,0.2482130789899235
drax,,fleurs-en,lowT,lowT,16,True,legacy,mbr,rover_cg,-0.27713625866050806,-0.5127011319714156,-0.045944270545730186,0.12012437521330946,0.993,200,7,20,173,168,-0.5044827401954657,-0.043435717029948105,0.028459736916310565
drax,,fleurs-en,lowT,lowT,16,True,whisper,mbr,rover_cg,-0.0699953336444237,-0.38075405514393357,0.28050654844841827,0.16663690411555288,0.693,200,11,17,172,168,-0.37700934637039957,0.26579046107971127,0.43147463377539796
drax,,fleurs-en,lowT,lowT,16,True,legacy,cm05,rover_cg,-0.20785219399538107,-0.462976374404532,0.023873044784117812,0.12546594944935957,0.9625,200,10,18,172,168,-0.4560762568726325,0.04376487449699334,0.1059975484249457
drax,,fleurs-en,lowT,lowT,16,True,whisper,cm05,rover_cg,-0.2333177788147457,-0.621712958184351,0.11934605060581598,0.19187413611742313,0.909,200,13,18,169,168,-0.629550402854499,0.11844208553353612,0.29479904764276
drax,,fleurs-en,lowT,lowT,16,True,legacy,conf,rover_c,0.3233256351039261,-0.16886345512692907,0.8049337749235606,0.2401750122134835,0.089,200,32,19,149,168,-0.13321639957926731,0.7627714329576314,0.15591562209347942
drax,,fleurs-en,lowT,lowT,16,True,whisper,conf,rover_c,0.3733084461035931,-0.07191487869540462,0.8655173405299714,0.23660723585874424,0.0535,200,32,18,150,168,-0.09233412498281279,0.8537002598764988,0.08628080227319077
drax,,fleurs-en,lowT,lowT,16,True,legacy,conf,rover_freq,0.5542725173210161,0.093279239278468,1.0214684709980886,0.23238513771197228,0.008,200,36,19,145,168,0.13075123701825406,0.9906170927058633,0.019920396741673067
drax,,fleurs-en,lowT,lowT,16,True,whisper,conf,rover_freq,0.5132991133924405,0.06749169564592498,1.0216315130262594,0.24160290707277174,0.016,200,36,18,146,168,0.04262059827933349,0.9990938661710036,0.024025308951144825
drax,,fleurs-en,lowT,lowT,16,True,legacy,first,rover_cg,0.7852193995381063,0.2540797762994401,1.3360783008388355,0.27872339366139987,0.0025,200,38,21,141,168,0.2088856642528109,1.3864185341140516,0.007096656568231661
drax,,fleurs-en,lowT,lowT,16,True,whisper,first,rover_cg,1.026598226784881,0.4692702945030692,1.6264435471633023,0.2936080657305609,0.0,200,39,19,142,168,0.5087024715631012,1.6027977581066561,0.0006094844962359729
drax,,fleurs-en,lowT,lowT,16,True,legacy,conf,mbr,0.5542725173210161,0.092686442992233,1.025870019128659,0.2406329252849912,0.012,200,35,17,148,168,0.11175826108650722,1.0117673257879292,0.02888644351641762
drax,,fleurs-en,lowT,lowT,16,True,whisper,conf,mbr,0.30331311245916937,-0.2108226618167323,0.8335711771431221,0.27000202948891555,0.1315,200,32,17,151,168,-0.23316062176165803,0.7965616539597073,0.12119671044112
drax,,fleurs-en,lowT,lowT,16,True,legacy,first,conf,0.5080831408775982,-0.09137903875201667,1.1038238003792837,0.29799763127698203,0.048,200,34,24,142,168,-0.07033218529617867,1.1166498075846731,0.08672882017433023
drax,,fleurs-en,lowT,lowT,16,True,whisper,first,conf,0.7932804479701353,0.1639086743706055,1.4343509546071058,0.31868795709686926,0.0055,200,36,24,140,168,0.19287584846258357,1.4291175175363158,0.026193004950862697
drax,,fleurs-en,lowT,lowT,16,True,legacy,rover_freq,rover_cg,-0.27713625866050806,-0.4882634485845953,-0.0691145264224746,0.11002592587815531,0.9945,200,5,16,179,168,-0.50421379799216,-0.07054759738357047,0.014305878435429615
drax,,fleurs-en,lowT,lowT,16,True,whisper,rover_freq,rover_cg,-0.2799813345776948,-0.489416402776445,-0.09040169686216983,0.10274281465552974,0.999,200,4,16,180,168,-0.4726004611484654,-0.09585430146177809,0.007290358091535636
drax,,fleurs-en,main,main,16,True,legacy,conf,rover_cg,1.7230955259975815,1.3236591558880826,2.1350487543268066,0.2027797953867079,0.0,600,185,56,359,345,1.2992813902294473,2.2083868436921534,2.8846473422306406e-17
drax,,fleurs-en,main,main,16,True,whisper,conf,rover_cg,1.6178034330852196,1.2146356448084763,2.0231435112379614,0.20389350527402308,0.0,600,175,53,372,345,1.1758340599904535,2.088478325571256,2.3741397277719953e-15
drax,,fleurs-en,main,main,16,True,legacy,mbr,rover_cg,0.5214631197097944,0.26428735246836443,0.7771986646596034,0.13153168025822354,0.0,600,83,46,471,345,0.23265641221026875,0.8378649636875111,0.00011661966645151988
drax,,fleurs-en,main,main,16,True,whisper,mbr,rover_cg,0.751936806926933,0.4844810750596509,1.0175911776676072,0.13783382188791637,0.0,600,95,35,470,345,0.4785418338410294,1.0596939122321054,6.822425694907078e-08
drax,,fleurs-en,main,main,16,True,legacy,cm05,rover_cg,0.8464328899637243,0.5591215542779323,1.1379256436496414,0.15041839872556773,0.0,600,107,44,449,345,0.5225619266781855,1.198109569216255,1.0504420857816288e-08
drax,,fleurs-en,main,main,16,True,whisper,cm05,rover_cg,0.9722011241075498,0.6566183374088912,1.2981728752505335,0.1662648736713038,0.0,600,120,47,433,345,0.6282146360490347,1.3469301643226297,3.275508231812406e-09
drax,,fleurs-en,main,main,16,True,legacy,conf,rover_c,1.7533252720677146,1.3547621941016907,2.1660241481274323,0.20140453442681555,0.0,600,186,54,360,345,1.3347163135329676,2.244201287486164,5.0031306079074086e-18
drax,,fleurs-en,main,main,16,True,whisper,conf,rover_c,1.6785660033419414,1.2696245194823945,2.0852508629421163,0.20218797301820512,0.0,600,178,49,373,345,1.2485688242313324,2.1588366105304093,1.256203275228527e-16
drax,,fleurs-en,main,main,16,True,legacy,conf,rover_freq,1.88180169286578,1.4684658378346775,2.2733301989344286,0.202213148291436,0.0,600,198,53,349,345,1.4539451706910138,2.3606366516662827,2.3753811706887353e-20
drax,,fleurs-en,main,main,16,True,whisper,conf,rover_freq,1.8228771077016557,1.438361170947361,2.222255722218035,0.19557312090698242,0.0,600,192,44,364,345,1.4020436327888688,2.2823080727530236,7.002137245982804e-20
drax,,fleurs-en,main,main,16,True,legacy,first,rover_cg,4.791414752116082,4.246967302314459,5.357687340907716,0.28415930460452404,0.0,600,330,42,228,345,4.202310108830139,5.407637702779006,9.752758025998927e-48
drax,,fleurs-en,main,main,16,True,whisper,first,rover_cg,5.149627829257177,4.557797339136127,5.73878471848454,0.2920266851249712,0.0,600,336,29,235,345,4.56805461215524,5.780736657368688,1.833267153710116e-51
drax,,fleurs-en,main,main,16,True,legacy,conf,mbr,1.2016324062877872,0.8528739110996517,1.5422457878383269,0.17537015821841462,0.0,600,155,56,389,345,0.8600880352244166,1.5742716577667681,4.295033835989248e-11
drax,,fleurs-en,main,main,16,True,whisper,conf,mbr,0.8658666261582865,0.5060030545556791,1.227495766672405,0.18204411891929578,0.0,600,143,63,394,345,0.5068036715784173,1.2319793759567546,1.7618014154171988e-06
drax,,fleurs-en,main,main,16,True,legacy,first,conf,3.0683192261185006,2.5624785899346474,3.6150835477476795,0.2643378164753504,0.0,600,269,77,254,345,2.5803501908388444,3.593244820518322,2.481014382212087e-26
drax,,fleurs-en,main,main,16,True,whisper,first,conf,3.531824396171958,2.9946919356342714,4.128024857883028,0.28363806070097297,0.0,600,273,70,257,345,2.987273622019724,4.141000976228198,1.2892856128234556e-30
drax,,fleurs-en,main,main,16,True,legacy,rover_freq,rover_cg,-0.1587061668681983,-0.3443738844841128,0.023090532392166338,0.09625389437669826,0.9605,600,49,63,488,345,-0.3410899431944829,0.0,0.09443672190533864
drax,,fleurs-en,main,main,16,True,whisper,rover_freq,rover_cg,-0.20507367461643627,-0.36034792763095025,-0.05417340932017597,0.07799691900732814,0.9945,600,32,54,514,345,-0.373569812437327,-0.04345539932890773,0.006981749610879357
drax,,fleurs-en,main,ref,4,True,legacy,conf,rover_cg,0.42321644498186217,0.18232565813532298,0.6803175006657465,0.12806294328213888,0.0005,600,88,59,453,345,0.18442253622665994,0.6851578467020899,0.0014464848605712302
drax,,fleurs-en,main,ref,4,True,whisper,conf,rover_cg,0.25064560230897764,0.0,0.5182804441247717,0.1302790693426504,0.0285,600,74,67,459,345,-0.015194619222330208,0.521448665054776,0.05999318003148791
drax,,fleurs-en,main,ref,4,True,legacy,mbr,rover_cg,0.037787182587666265,-0.11247265954565198,0.203868606248068,0.08295621872884891,0.3365,600,49,48,503,345,-0.11282833948891516,0.19264944590306066,0.6327610650059634
drax,,fleurs-en,main,ref,4,True,whisper,mbr,rover_cg,0.007595321282090233,-0.17583828429835244,0.19005625665196899,0.09475999656731147,0.4725,600,45,53,502,345,-0.1598859539019242,0.16780120742461943,0.8290421710267691
drax,,fleurs-en,main,ref,4,True,legacy,cm05,rover_cg,0.030229746070133012,-0.1293052094830843,0.1909045597679271,0.0823505086088505,0.366,600,45,48,507,345,-0.12847666355450998,0.1896983982965829,0.6750150530060868
drax,,fleurs-en,main,ref,4,True,whisper,cm05,rover_cg,-0.053167248974631626,-0.25122503624744646,0.15093285959276795,0.10108201489907336,0.7165,600,45,58,497,345,-0.25443059052843975,0.1484613994602317,0.7249634599579828
drax,,fleurs-en,main,ref,4,True,legacy,conf,rover_c,0.4836759371221282,0.24839493483417138,0.7440000794054143,0.12928699027307558,0.0005,600,88,50,462,345,0.24085950446323526,0.7472689655156846,0.00024884877415718695
drax,,fleurs-en,main,ref,4,True,whisper,conf,rover_c,0.3114081725656995,0.0532900973093989,0.575121619779435,0.13016594645125795,0.01,600,73,54,473,345,0.04543556867882455,0.5893878879106332,0.01986335606915028
drax,,fleurs-en,main,ref,4,True,legacy,conf,rover_freq,0.46856106408706166,0.224851696846754,0.7191532576598788,0.12581700905651738,0.0,600,79,48,473,345,0.22135876901673257,0.7257296314480898,0.00020039645067373836
drax,,fleurs-en,main,ref,4,True,whisper,conf,rover_freq,0.3949567066686921,0.13686053358746222,0.6629188839045113,0.13116666396398444,0.001,600,74,49,477,345,0.1320973692390753,0.667943665276262,0.0031812495591703356
drax,,fleurs-en,main,ref,4,True,legacy,first,rover_cg,0.40054413542926237,0.1603008233470927,0.6420898739262094,0.12652207594713846,0.0,600,96,62,442,345,0.1466340761760845,0.6501117775410287,0.0024185150623800646
drax,,fleurs-en,main,ref,4,True,whisper,first,rover_cg,0.44052863436123346,0.19753114011562073,0.689338885847029,0.12513473462631336,0.0,600,84,53,463,345,0.19703603919520096,0.6962944205921984,0.0004409012164015055
drax,,fleurs-en,main,ref,4,True,legacy,conf,mbr,0.3854292623941959,0.12478038575587712,0.6482994119074789,0.1320188184926743,0.0015,600,73,50,477,345,0.13907763645610008,0.6291842940433355,0.007002212130952859
drax,,fleurs-en,main,ref,4,True,whisper,conf,mbr,0.24305028102688744,-0.045902298676357096,0.5166016301837362,0.1435634878075569,0.0495,600,72,51,477,345,-0.02305051009587858,0.5142198913325418,0.11183715917860722
drax,,fleurs-en,main,ref,4,True,legacy,first,conf,-0.02267230955259976,-0.3043532115649248,0.25382196566998144,0.14218549208338246,0.582,600,79,73,448,345,-0.3313436094983436,0.2802427112164728,0.8472989631117795
drax,,fleurs-en,main,ref,4,True,whisper,first,conf,0.18988303205225582,-0.09873119806101494,0.47581489920675873,0.14345187567836976,0.0915,600,83,66,451,345,-0.1295633106437739,0.497402111787578,0.12400875149353667
drax,,fleurs-en,main,ref,4,True,legacy,rover_freq,rover_cg,-0.04534461910519952,-0.17499909669435298,0.08371290890551455,0.06713454356794035,0.7705,600,31,34,535,345,-0.1810184693035216,0.09442834106161384,0.5608736635384809
drax,,fleurs-en,main,ref,4,True,whisper,rover_freq,rover_cg,-0.14431110435971442,-0.24520370385991072,-0.038647121926105345,0.0521691802083152,0.998,600,11,29,560,345,-0.24624323724493236,-0.038591723090148564,0.006846809025786659
drax,,fleurs-es,lowT,lowT,16,True,legacy,conf,rover_cg,0.29850746268656714,0.0,0.6236098461517136,0.15544158342423767,0.0255,200,27,16,157,169,-0.01936362776525684,0.6004906658414539,0.06403581360063783
drax,,fleurs-es,lowT,lowT,16,True,whisper,conf,rover_cg,0.26326447954637505,-0.020379465980764552,0.5647129995373825,0.14822507742554003,0.04,200,25,15,160,169,-0.02070425543687359,0.5554868266320225,0.07812664860544714
drax,,fleurs-es,lowT,lowT,16,True,legacy,mbr,rover_cg,0.03980099502487562,-0.11888427214005949,0.20100805718051237,0.08021461258624579,0.354,200,9,7,184,169,-0.10483672064890066,0.204005661110993,0.6170750774519738
drax,,fleurs-es,lowT,lowT,16,True,whisper,mbr,rover_cg,0.060753341433778855,-0.1011833757469235,0.2240394391045341,0.0838857244670263,0.271,200,10,7,183,169,-0.09636046837231596,0.22803837583995262,0.46685427082272546
drax,,fleurs-es,lowT,lowT,16,True,legacy,cm05,rover_cg,0.03980099502487562,-0.12046805257237778,0.21257686721671137,0.08431880132393559,0.3575,200,10,8,182,169,-0.1265714817022566,0.21066158361234413,0.6373518882339371
drax,,fleurs-es,lowT,lowT,16,True,whisper,cm05,rover_cg,0.02025111381125962,-0.1444953200896889,0.19609676186947905,0.08952410904584293,0.4595,200,10,9,181,169,-0.1449605524481302,0.19039184311994475,0.8185458083820434
drax,,fleurs-es,lowT,lowT,16,True,legacy,conf,rover_c,0.19900497512437812,-0.0833507134632937,0.5200234421959526,0.1533550064952716,0.097,200,22,15,163,169,-0.10283850913324916,0.49046344227181937,0.21891011497762425
drax,,fleurs-es,lowT,lowT,16,True,whisper,conf,rover_c,0.1822600243013366,-0.1010622122530673,0.4794283307374331,0.1457349914607974,0.114,200,21,14,165,169,-0.11822372796530867,0.47028069908688236,0.21704390775694227
drax,,fleurs-es,lowT,lowT,16,True,legacy,conf,rover_freq,0.23880597014925373,-0.05941243885725088,0.5556053365193148,0.15596334376876153,0.066,200,24,15,161,169,-0.08200334466398851,0.5536825104997721,0.14294478070951566
drax,,fleurs-es,lowT,lowT,16,True,whisper,conf,rover_freq,0.1822600243013366,-0.0996180707289151,0.47446664309288045,0.1459453598766048,0.114,200,23,15,162,169,-0.1316680037782561,0.4845719598434748,0.22067616520149036
drax,,fleurs-es,lowT,lowT,16,True,legacy,first,rover_cg,0.6567164179104478,0.3038361198069414,1.009383055133803,0.18350875246439174,0.0,200,39,17,144,169,0.30976440374675895,1.0311354074166081,0.0005836271941758006
drax,,fleurs-es,lowT,lowT,16,True,whisper,first,rover_cg,0.688537869582827,0.30589634112827824,1.0527063700664567,0.1907724345090472,0.0,200,39,17,144,169,0.3374187789283222,1.075279527053078,0.00047190054007551483
drax,,fleurs-es,lowT,lowT,16,True,legacy,conf,mbr,0.25870646766169153,-0.04047500342734623,0.578428793161531,0.15646612426494835,0.0485,200,25,15,160,169,-0.06240645824797866,0.5771413303996983,0.11405639188999937
drax,,fleurs-es,lowT,lowT,16,True,whisper,conf,mbr,0.2025111381125962,-0.09893644280156545,0.5152542002439707,0.1553307260245692,0.1,200,24,15,161,169,-0.1266130017775103,0.5117521121572773,0.2077488960958459
drax,,fleurs-es,lowT,lowT,16,True,legacy,first,conf,0.3582089552238806,0.0,0.7199914405988126,0.18373902149114413,0.029,200,33,21,146,169,-0.018964986310830337,0.7301543388735439,0.06570242299929749
drax,,fleurs-es,lowT,lowT,16,True,whisper,first,conf,0.425273390036452,0.04000421447382342,0.8210718536887333,0.19747420409464017,0.017,200,34,21,145,169,0.04046944556859571,0.8046783856690853,0.04221193418653275
drax,,fleurs-es,lowT,lowT,16,True,legacy,rover_freq,rover_cg,0.05970149253731343,-0.08030038538415324,0.2032665327672436,0.07300711076962131,0.2455,200,8,5,187,169,-0.07709061080122499,0.20341948230475487,0.40538055645894233
drax,,fleurs-es,lowT,lowT,16,True,whisper,rover_freq,rover_cg,0.08100445524503848,-0.061677948654988796,0.23590417090452465,0.07638103576159393,0.179,200,9,5,186,169,-0.05955446632025825,0.23184504058585031,0.28504940740261275
drax,,fleurs-es,main,main,16,True,legacy,conf,rover_cg,0.9263773768893223,0.6540851559297568,1.228548769231444,0.14722225084895812,0.0,400,100,33,267,269,0.6274977534841423,1.20958094572501,9.113414454312688e-10
drax,,fleurs-es,main,main,16,True,whisper,conf,rover_cg,0.8910891089108911,0.6112394355827849,1.1913296549427186,0.14756927163628727,0.0,400,97,34,269,269,0.6007820250595785,1.19457108590002,8.161610322804152e-09
drax,,fleurs-es,main,main,16,True,legacy,mbr,rover_cg,0.1657727937591419,0.03851338340073175,0.3133791910716001,0.07014944169223918,0.0065,400,30,16,354,269,0.02890098534940889,0.30793208038974657,0.021495560525585225
drax,,fleurs-es,main,main,16,True,whisper,mbr,rover_cg,0.19801980198019803,0.049756336630865615,0.35382948123341335,0.07772405433632158,0.003,400,31,16,353,269,0.0479039041313383,0.35766329940397984,0.010465238444944595
drax,,fleurs-es,main,main,16,True,legacy,cm05,rover_cg,0.3315455875182838,0.12821688049964997,0.5297273400901293,0.09871660406479246,0.0005,400,48,21,331,269,0.1436456428207385,0.5228393190892394,0.0006555853235444467
drax,,fleurs-es,main,main,16,True,whisper,cm05,rover_cg,0.39603960396039606,0.1883468293135744,0.6120489840048852,0.10752139613293997,0.0,400,49,21,330,269,0.19584049374025725,0.6067252723311425,0.0003563822669038804
drax,,fleurs-es,main,main,16,True,legacy,conf,rover_c,0.916626036079961,0.6510446047421672,1.2106572156648832,0.14179241077446902,0.0,400,93,27,280,269,0.6156273716269093,1.2006170613870373,4.92856877223889e-10
drax,,fleurs-es,main,main,16,True,whisper,conf,rover_c,0.9207920792079208,0.6532015472135857,1.218829429246163,0.1442769168090606,0.0,400,94,29,277,269,0.6314477232159812,1.2161967144769859,1.7578482617053319e-09
drax,,fleurs-es,main,main,16,True,legacy,conf,rover_freq,0.8678693320331545,0.5991340250938147,1.1641182212373717,0.14416273685584152,0.0,400,92,30,278,269,0.576546734142406,1.1574419980580544,4.068519850124699e-09
drax,,fleurs-es,main,main,16,True,whisper,conf,rover_freq,0.8910891089108911,0.6142088444785797,1.1947354136116008,0.14937247557045147,0.0,400,93,31,276,269,0.6011277741022419,1.1947683397557267,1.0168063737357203e-08
drax,,fleurs-es,main,main,16,True,legacy,first,rover_cg,3.5202340321794248,3.0624020996467562,4.0098870734668814,0.24532630762402016,0.0,400,203,23,174,269,3.000610207972877,4.021230342329757,7.800522723370839e-32
drax,,fleurs-es,main,main,16,True,whisper,first,rover_cg,3.3564356435643563,2.9064775449148907,3.8659404498025656,0.24755662017156468,0.0,400,191,25,184,269,2.842105840193462,3.8759874668381107,4.5013692580073886e-29
drax,,fleurs-es,main,main,16,True,legacy,conf,mbr,0.7606045831301804,0.5076923041782565,1.0360731745587344,0.13350372104917205,0.0,400,84,29,287,269,0.49410420532568244,1.0220430164395433,3.4467957627271597e-08
drax,,fleurs-es,main,main,16,True,whisper,conf,mbr,0.693069306930693,0.4265261298325413,0.9734776783653187,0.13797262304118937,0.0,400,79,31,290,269,0.4310631418509974,0.9801290440428309,1.4807781581315508e-06
drax,,fleurs-es,main,main,16,True,legacy,first,conf,2.5938566552901023,2.128684057112717,3.115629903989414,0.2551073738825932,0.0,400,167,50,183,269,2.0820832172030843,3.101556675748032,9.754920608931928e-20
drax,,fleurs-es,main,main,16,True,whisper,first,conf,2.4653465346534653,1.996842222421155,2.985406327279525,0.25724508003519625,0.0,400,161,52,187,269,1.9461999045112488,2.9821181453046703,4.419095882834062e-18
drax,,fleurs-es,main,main,16,True,legacy,rover_freq,rover_cg,0.05850804485616772,-0.07743353607510349,0.19845650839727805,0.06957456657117833,0.219,400,28,21,351,269,-0.08629286374397176,0.19616209776111643,0.40538055645894233
drax,,fleurs-es,main,main,16,True,whisper,rover_freq,rover_cg,0.0,-0.12086419085650413,0.11350224040656781,0.061154835205817326,0.5145,400,19,19,362,269,-0.11966613195741468,0.12503732553135444,1.0
drax,,fleurs-es,main,ref,4,True,legacy,conf,rover_cg,0.3607996099463676,0.17476699597705717,0.5586605868714536,0.09774079172078157,0.0,400,57,25,318,269,0.16152254342712702,0.549532938533025,0.0002674500647020094
drax,,fleurs-es,main,ref,4,True,whisper,conf,rover_cg,0.21782178217821782,0.039354294497941054,0.4075605942690881,0.09733788347376121,0.0095,400,50,31,319,269,0.020123209076331434,0.4062740351721567,0.024513950517332475
drax,,fleurs-es,main,ref,4,True,legacy,mbr,rover_cg,0.1560214529497806,0.009846381985787763,0.3117730894539152,0.07695276941739206,0.022,400,30,18,352,269,-0.009705732861601195,0.31041815075923646,0.03740708255219965
drax,,fleurs-es,main,ref,4,True,whisper,mbr,rover_cg,0.009900990099009901,-0.131110657281715,0.15755830400181287,0.07537958645350885,0.467,400,23,23,354,269,-0.14868268065955279,0.1698491553836622,0.8884487422476885
drax,,fleurs-es,main,ref,4,True,legacy,cm05,rover_cg,0.18527547537786446,0.030544569157567533,0.3376432553125932,0.07484970540395214,0.0055,400,31,16,353,269,0.027502767431850084,0.3459874110833364,0.012924932127068054
drax,,fleurs-es,main,ref,4,True,whisper,cm05,rover_cg,0.04950495049504951,-0.09863246551940374,0.2005741777659399,0.07823241802977147,0.274,400,26,23,351,269,-0.10483291705294977,0.2191163629307416,0.5148862515841877
drax,,fleurs-es,main,ref,4,True,legacy,conf,rover_c,0.3705509507557289,0.19735599499523038,0.5519798372112676,0.09058555877735922,0.0,400,51,18,331,269,0.19540791402051783,0.55108619404264,6.453171345553288e-05
drax,,fleurs-es,main,ref,4,True,whisper,conf,rover_c,0.25742574257425743,0.0799532946334537,0.4398779788142114,0.09229589014457365,0.002,400,47,24,329,269,0.06934658317526426,0.4411440438703981,0.005058516887335099
drax,,fleurs-es,main,ref,4,True,legacy,conf,rover_freq,0.3510482691370063,0.17065939151158882,0.5391381902265735,0.09370385317019185,0.0,400,55,23,322,269,0.16621810469780493,0.5407202984714629,0.00024219745965052696
drax,,fleurs-es,main,ref,4,True,whisper,conf,rover_freq,0.26732673267326734,0.08948812928750237,0.4549924732443765,0.09514087731532837,0.0015,400,49,24,327,269,0.07872966890993377,0.4602051396822766,0.004830966391509838
drax,,fleurs-es,main,ref,4,True,legacy,first,rover_cg,0.5948317893710385,0.3860573912198279,0.8102814560398738,0.10762259333611275,0.0,400,68,20,312,269,0.38697131375481786,0.8061326371963613,8.157065387425655e-08
drax,,fleurs-es,main,ref,4,True,whisper,first,rover_cg,0.49504950495049505,0.29798166623181044,0.6950889198379209,0.10226668621685323,0.0,400,63,22,315,269,0.2950105162195942,0.6976347817039656,2.613751522619089e-06
drax,,fleurs-es,main,ref,4,True,legacy,conf,mbr,0.20477815699658702,0.019208513230328187,0.3978014373859028,0.0983044766064225,0.016,400,47,27,326,269,0.0,0.3999824110220661,0.03974693209514161
drax,,fleurs-es,main,ref,4,True,whisper,conf,mbr,0.2079207920792079,0.029714664937114738,0.3939809562543665,0.09498692526717652,0.0145,400,46,26,328,269,0.010117411252486804,0.4039124308478521,0.031002297855402376
drax,,fleurs-es,main,ref,4,True,legacy,first,conf,0.2340321794246709,0.01880809225226856,0.45675480817169545,0.11560316836110328,0.022,400,53,36,311,269,0.018939409060311614,0.4515803649992079,0.04727523008084423
drax,,fleurs-es,main,ref,4,True,whisper,first,conf,0.27722772277227725,0.05963399957362116,0.49546529714770626,0.1138518675465062,0.0105,400,54,33,313,269,0.06038432776877797,0.5004133131870643,0.01702890885165727
drax,,fleurs-es,main,ref,4,True,legacy,rover_freq,rover_cg,0.009751340809361287,-0.07735541229807097,0.09739089820708367,0.0439125004101397,0.4615,400,11,10,379,269,-0.08021075613618393,0.09549776848538455,0.8272593465627113
drax,,fleurs-es,main,ref,4,True,whisper,rover_freq,rover_cg,-0.04950495049504951,-0.13147982110769751,0.029694812148953354,0.041062547660317465,0.912,400,6,11,383,269,-0.13223719551313368,0.030129557095510694,0.22525290636065332
drax,,fleurs-fr,lowT,lowT,16,True,legacy,conf,rover_cg,0.7161857990587273,0.23176072682296392,1.222640050432748,0.25185909232848885,0.0025,200,44,26,130,166,0.2465382576072999,1.1970643210114231,0.005779206553605502
drax,,fleurs-fr,lowT,lowT,16,True,whisper,conf,rover_cg,0.4309500489715965,0.0,0.8986680610418549,0.22790360421665984,0.0275,200,34,27,139,166,0.018042190969652136,0.884989854553515,0.09884619068116887
drax,,fleurs-fr,lowT,lowT,16,True,legacy,mbr,rover_cg,0.061387354205033766,-0.18605144087938078,0.30827727580203823,0.12667311983428875,0.339,200,14,13,173,166,-0.18732348033829158,0.32487700570603073,0.6120297162709416
drax,,fleurs-fr,lowT,lowT,16,True,whisper,mbr,rover_cg,-0.039177277179236046,-0.28778460239017845,0.19994211150881,0.12451810309308171,0.633,200,13,15,172,166,-0.28768150183678454,0.2020620433514818,0.757558090902135
drax,,fleurs-fr,lowT,lowT,16,True,legacy,cm05,rover_cg,-0.1023122570083896,-0.432561617206392,0.22063994246314153,0.16882098095532494,0.729,200,15,22,163,166,-0.4541546793504448,0.24913748663236943,0.5742765064281249
drax,,fleurs-fr,lowT,lowT,16,True,whisper,cm05,rover_cg,-0.23506366307541626,-0.5725102992011205,0.100712680064707,0.17331660391225603,0.9205,200,13,24,163,166,-0.5877831168666556,0.09630385932690468,0.20180111146937818
drax,,fleurs-fr,lowT,lowT,16,True,legacy,conf,rover_c,0.6957233476570494,0.22351143614770388,1.191478060406701,0.2494990333542683,0.0035,200,45,27,128,166,0.22061220425405922,1.185204118840593,0.007652114727515645
drax,,fleurs-fr,lowT,lowT,16,True,whisper,conf,rover_c,0.41136141038197843,-0.019425719592977564,0.8649523393041805,0.22449003253610617,0.0295,200,34,27,139,166,0.0,0.8701562612997917,0.10119665699562531
drax,,fleurs-fr,lowT,lowT,16,True,legacy,conf,rover_freq,0.6547984448536934,0.2020518526566786,1.1298522163428,0.2404713448793506,0.0035,200,45,27,128,166,0.19034982839799708,1.117348583180586,0.008251764220252207
drax,,fleurs-fr,lowT,lowT,16,True,whisper,conf,rover_freq,0.5484818805093046,0.10203739888654172,0.9918104641320031,0.22289009184780526,0.0085,200,38,25,137,166,0.12357166250862173,1.0068211816551256,0.021950560906465397
drax,,fleurs-fr,lowT,lowT,16,True,legacy,first,rover_cg,1.0845099242889298,0.5379431372141804,1.6433687293578974,0.2849924592890865,0.001,200,62,24,114,166,0.5171008766777166,1.6164211795129684,1.0304963665109035e-05
drax,,fleurs-fr,lowT,lowT,16,True,whisper,first,rover_cg,0.940254652301665,0.4047654954003921,1.4604549427384659,0.2657745195543676,0.001,200,61,21,118,166,0.3971287727962005,1.4537181596405429,2.7142379983500017e-05
drax,,fleurs-fr,lowT,lowT,16,True,legacy,conf,mbr,0.6547984448536934,0.1819691369164402,1.172852930818741,0.24956539437265984,0.0035,200,43,27,130,166,0.16641705232137022,1.1507580790212444,0.009545667613993468
drax,,fleurs-fr,lowT,lowT,16,True,whisper,conf,mbr,0.4701273261508325,0.019388843230083674,0.9422807192998376,0.23755977141403903,0.024,200,35,30,135,166,0.03864715632909974,0.967628205914253,0.05509581999830012
drax,,fleurs-fr,lowT,lowT,16,True,legacy,first,conf,0.3683241252302026,-0.1914415939728534,0.9130257768419664,0.29033631548057437,0.119,200,48,28,124,166,-0.17414511768973512,0.8857209289324945,0.07510474877111656
drax,,fleurs-fr,lowT,lowT,16,True,whisper,first,conf,0.5093046033300686,-0.059708860960490336,1.053323602043369,0.2898984504455053,0.04,200,50,24,126,166,-0.03913622744325407,1.0460908332999845,0.026472389428611756
drax,,fleurs-fr,lowT,lowT,16,True,legacy,rover_freq,rover_cg,0.061387354205033766,-0.12343584275745832,0.2529550976679698,0.09704848316235624,0.2975,200,13,10,177,166,-0.13614546502471317,0.25689574388332287,0.5316145768816123
drax,,fleurs-fr,lowT,lowT,16,True,whisper,rover_freq,rover_cg,-0.11753183153770813,-0.27923493546338946,0.04047211397391316,0.08311759765639373,0.9365,200,6,12,182,166,-0.2841557853973169,0.03843829400684189,0.15729920705028505
drax,,fleurs-fr,main,main,16,True,legacy,conf,rover_cg,1.5548069448043536,1.1621608651993178,1.9505237255334502,0.20312525295074454,0.0,468,166,69,233,278,1.1725223062638919,1.9894949870125866,1.4984609776508693e-12
drax,,fleurs-fr,main,main,16,True,whisper,conf,rover_cg,1.361947998349154,0.9766097887233328,1.750149481279134,0.19607340702403975,0.0,468,158,67,243,278,0.9533030494895097,1.7817045361380657,8.475376974613367e-11
drax,,fleurs-fr,main,main,16,True,legacy,mbr,rover_cg,0.5960093288416688,0.34255087108553733,0.8553674699002675,0.135308002518129,0.0,468,95,50,323,278,0.3395044908812855,0.8604616767129192,2.2713588496327246e-05
drax,,fleurs-fr,main,main,16,True,whisper,mbr,rover_cg,0.6273215022699133,0.36097159784210037,0.879396307992686,0.13119981104216424,0.0,468,87,37,344,278,0.38225557073756156,0.879868827692638,5.062832241504443e-06
drax,,fleurs-fr,main,main,16,True,legacy,cm05,rover_cg,0.7342143906020558,0.4339016153883354,1.0410884702332681,0.1548182402020208,0.0,468,105,58,305,278,0.4387343717576261,1.0582553527653575,7.652091467366483e-06
drax,,fleurs-fr,main,main,16,True,whisper,cm05,rover_cg,0.6933553446141147,0.39466499479482303,0.9985405909624365,0.15178896871098935,0.0,468,92,48,328,278,0.3946712179218759,1.0184967845080324,8.660261494192199e-06
drax,,fleurs-fr,main,main,16,True,legacy,conf,rover_c,1.6152716593245227,1.2272619919734415,2.0065275665690105,0.20108727024867662,0.0,468,166,63,239,278,1.2200585190758557,2.046057058841427,1.7974779004258354e-13
drax,,fleurs-fr,main,main,16,True,whisper,conf,rover_c,1.370202228642179,0.9953883331614738,1.7539729535063875,0.19295277511647588,0.0,468,156,64,248,278,0.9680595971417126,1.783731189262332,4.234396698941042e-11
drax,,fleurs-fr,main,main,16,True,legacy,conf,rover_freq,1.6584607411246437,1.2615513791979234,2.077238805529122,0.20535687425898083,0.0,468,166,62,240,278,1.2574338128129339,2.0991412499893447,2.2630248237611363e-13
drax,,fleurs-fr,main,main,16,True,whisper,conf,rover_freq,1.4444903012794057,1.0729326230858047,1.8328873584175804,0.19410468609012368,0.0,468,163,63,242,278,1.0498238776131186,1.858237155788434,7.528937929431057e-12
drax,,fleurs-fr,main,main,16,True,legacy,first,rover_cg,4.9408309579338345,4.367754611456313,5.534842676820007,0.29278937450774983,0.0,468,277,25,166,278,4.311498017821688,5.600860013815654,5.77404841146621e-42
drax,,fleurs-fr,main,main,16,True,whisper,first,rover_cg,4.770945109368552,4.236722015796331,5.317440526155775,0.2796050189610237,0.0,468,277,26,165,278,4.172798875434562,5.3953971227574105,6.73564985200261e-43
drax,,fleurs-fr,main,main,16,True,legacy,conf,mbr,0.9587976159626846,0.59494817579644,1.3318751788496572,0.19017029660713053,0.0,468,129,62,277,278,0.6023516961001827,1.3492360117116002,3.330294153251313e-06
drax,,fleurs-fr,main,main,16,True,whisper,conf,mbr,0.7346264960792406,0.37979670118910624,1.1056148209747392,0.18681556336114177,0.0,468,118,71,279,278,0.37343823533236536,1.1099569852010474,0.00026605934253560965
drax,,fleurs-fr,main,main,16,True,legacy,first,conf,3.386024013129481,2.8145094544252025,3.978401699841787,0.2919659036995751,0.0,468,234,56,178,278,2.787201912255624,3.9971402967000773,3.775274801706888e-24
drax,,fleurs-fr,main,main,16,True,whisper,first,conf,3.4089971110193975,2.8522935008285613,3.958932393193389,0.2846205341205731,0.0,468,236,51,181,278,2.815454712590036,4.041437172928651,5.513215417728562e-26
drax,,fleurs-fr,main,main,16,True,legacy,rover_freq,rover_cg,-0.10365379632029023,-0.2821466094712751,0.07821260051221414,0.09187045553107305,0.8735,468,43,50,375,278,-0.2774730789864887,0.05553368482728601,0.25164426462643397
drax,,fleurs-fr,main,main,16,True,whisper,rover_freq,rover_cg,-0.08254230293025175,-0.2112909191201005,0.041854585056464104,0.06709534206043906,0.9045,468,25,31,412,278,-0.2300035573147675,0.05051849220477072,0.2600820296155698
drax,,fleurs-fr,main,ref,4,True,legacy,conf,rover_cg,0.17275632720048373,-0.1479186986714595,0.490450052325982,0.16364206320171243,0.156,468,75,77,316,278,-0.14604394896801826,0.49538398142954987,0.3859472468257382
drax,,fleurs-fr,main,ref,4,True,whisper,conf,rover_cg,0.0660338423442014,-0.24364519735012688,0.3509037571831033,0.15254451673858588,0.3545,468,77,85,306,278,-0.2527967925712325,0.3842551187692283,0.7752398753059928
drax,,fleurs-fr,main,ref,4,True,legacy,mbr,rover_cg,0.21594540900060466,0.0,0.42114319897479024,0.10505678184032101,0.0295,468,55,39,374,278,0.008653344970120127,0.4263191706525982,0.03361945445812014
drax,,fleurs-fr,main,ref,4,True,whisper,mbr,rover_cg,0.140321914981428,-0.050358809960634354,0.31630621841942663,0.09390840052381869,0.0755,468,50,40,378,278,-0.055254108181879154,0.3548249587173835,0.13085352756780516
drax,,fleurs-fr,main,ref,4,True,legacy,cm05,rover_cg,0.16411851084045953,-0.04332783799061688,0.3645450956705032,0.10541284099103002,0.0665,468,55,42,371,278,-0.041826842406791,0.3602408913256249,0.09040420730917244
drax,,fleurs-fr,main,ref,4,True,whisper,cm05,rover_cg,0.0660338423442014,-0.14363507365369246,0.2583742994493041,0.10425768284849933,0.277,468,56,46,366,278,-0.1327027529019783,0.2703849855575466,0.46640330806483976
drax,,fleurs-fr,main,ref,4,True,legacy,conf,rover_c,0.23322104172065303,-0.08861319109462468,0.5340735050136428,0.1602461257231388,0.0835,468,74,71,323,278,-0.0755756922810694,0.5383872108071627,0.1883461934793409
drax,,fleurs-fr,main,ref,4,True,whisper,conf,rover_c,0.12381345439537764,-0.18306973151452818,0.40819975055405067,0.15221579340948183,0.224,468,77,80,311,278,-0.18750583065961215,0.4298959491500445,0.4809992204086868
drax,,fleurs-fr,main,ref,4,True,legacy,conf,rover_freq,0.1295672454003628,-0.19718158750285264,0.4351815305571771,0.16075359423675253,0.227,468,70,77,321,278,-0.1893329369764618,0.4446714162246167,0.6316246881138557
drax,,fleurs-fr,main,ref,4,True,whisper,conf,rover_freq,0.18984729673957904,-0.11190429661305958,0.4733590600481893,0.15054069327243833,0.126,468,80,78,310,278,-0.11741896472485316,0.4920917068822467,0.2643542966204303
drax,,fleurs-fr,main,ref,4,True,legacy,first,rover_cg,0.5528202470415479,0.21886747705594153,0.9152942651138284,0.1796286692561591,0.001,468,108,69,291,278,0.19212545501044526,0.8957654068020837,0.0022952323378567746
drax,,fleurs-fr,main,ref,4,True,whisper,first,rover_cg,0.3054065208419315,0.008322593641033533,0.606071782491748,0.150373577335162,0.022,468,90,65,313,278,0.008352472593532015,0.5911015951002827,0.04928187969543626
drax,,fleurs-fr,main,ref,4,True,legacy,conf,mbr,-0.04318908180012093,-0.35874307813767176,0.2545624343203281,0.16149377125853365,0.6175,468,57,68,343,278,-0.3656212651654236,0.2830352695782429,0.5449540649087374
drax,,fleurs-fr,main,ref,4,True,whisper,conf,mbr,-0.07428807263722657,-0.3606073870813453,0.19688446388993283,0.14664645126686268,0.7055,468,58,71,339,278,-0.37372489080594185,0.2171445457108076,0.4158536898993608
drax,,fleurs-fr,main,ref,4,True,legacy,first,conf,0.3800639198410642,-0.017334848112276056,0.8126654816301772,0.20318069503370212,0.031,468,96,66,306,278,-0.017423817581058928,0.7675678767556315,0.048736950130656854
drax,,fleurs-fr,main,ref,4,True,whisper,first,conf,0.23937267849773008,-0.12741520152772803,0.6272946829451161,0.18998030750226771,0.1025,468,89,66,313,278,-0.13838070167957003,0.6186350255879502,0.15231631368056
drax,,fleurs-fr,main,ref,4,True,legacy,rover_freq,rover_cg,0.04318908180012093,-0.11146431980803376,0.20599222841787856,0.08211452756312584,0.314,468,40,33,395,278,-0.12479667877823633,0.21208427096864962,0.5955093846455064
drax,,fleurs-fr,main,ref,4,True,whisper,rover_freq,rover_cg,-0.12381345439537764,-0.21645066697518617,-0.03302558220518179,0.0466833200535375,0.998,468,7,20,441,278,-0.22424717512976938,-0.0345659396494043,0.008993828863807875
drax,,fleurs-it,lowT,lowT,16,True,legacy,conf,rover_cg,0.4565262502593899,0.08402438574258402,0.8300563435604937,0.18649602119230516,0.0085,200,31,15,154,160,0.10736431493111787,0.8210550560258045,0.007538767171280947
drax,,fleurs-it,lowT,lowT,16,True,whisper,conf,rover_cg,0.4142502071251036,0.08360550658198719,0.7472731262227308,0.1695993675934457,0.005,200,30,17,153,160,0.08402482331844872,0.7480971927352656,0.013379644690975693
drax,,fleurs-it,lowT,lowT,16,True,legacy,mbr,rover_cg,-0.0622535795808259,-0.2575713912297548,0.1286126965749816,0.09951245321840335,0.7725,200,6,11,183,160,-0.2467816225227304,0.14285367749588154,0.5532021266833999
drax,,fleurs-it,lowT,lowT,16,True,whisper,mbr,rover_cg,0.0,-0.24633080056368,0.2317506316103771,0.12521436685843837,0.5265,200,11,13,176,160,-0.24198915466054746,0.24411312502922755,0.9632093763955516
drax,,fleurs-it,lowT,lowT,16,True,legacy,cm05,rover_cg,0.0,-0.18565796872983387,0.19866502046743753,0.0962753778536765,0.5525,200,7,9,184,160,-0.1821161930397471,0.19698612077015024,0.9775961140178585
drax,,fleurs-it,lowT,lowT,16,True,whisper,cm05,rover_cg,0.1035625517812759,-0.16086484300260526,0.3702332714184673,0.13573799428215172,0.2485,200,13,10,177,160,-0.14202024144970687,0.36330844270359564,0.49760812912041463
drax,,fleurs-it,lowT,lowT,16,True,legacy,conf,rover_c,0.47727744345299855,0.10581898650441066,0.8538494516559928,0.18575962560254888,0.0065,200,31,14,155,160,0.1398031017724414,0.8388550029958057,0.005115730637445165
drax,,fleurs-it,lowT,lowT,16,True,whisper,conf,rover_c,0.4763877381938691,0.14343090378227794,0.8466529699238384,0.17711897364707943,0.0025,200,30,16,154,160,0.1271079076958314,0.8228925014804713,0.007196590341222813
drax,,fleurs-it,lowT,lowT,16,True,legacy,conf,rover_freq,0.5187798298402159,0.14153425682775653,0.9159857344189799,0.19440768609338435,0.0055,200,32,13,155,160,0.13133328063862582,0.8922028566771361,0.004716861697479506
drax,,fleurs-it,lowT,lowT,16,True,whisper,conf,rover_freq,0.4763877381938691,0.13847349515463148,0.8474663890874934,0.1798581492566613,0.004,200,28,13,159,160,0.1252557389517727,0.8327674935102092,0.008435330867276268
drax,,fleurs-it,lowT,lowT,16,True,legacy,first,rover_cg,0.8923013073251712,0.4980234714460612,1.2811032408633076,0.19872478971757312,0.0,200,44,13,143,160,0.5323287682241076,1.300322346901972,1.9404104968210416e-05
drax,,fleurs-it,lowT,lowT,16,True,whisper,first,rover_cg,0.9113504556752279,0.48737984381628235,1.3493276363249576,0.21915988807660722,0.0,200,46,16,138,160,0.4936173165417316,1.36695259752947,7.479317501510668e-05
drax,,fleurs-it,lowT,lowT,16,True,legacy,conf,mbr,0.5187798298402159,0.12792663789006137,0.9194217773102651,0.19580613516387071,0.005,200,33,14,153,160,0.12749638614325798,0.8806562840400998,0.005166873309753714
drax,,fleurs-it,lowT,lowT,16,True,whisper,conf,mbr,0.4142502071251036,0.04323806073339864,0.8073607091174376,0.19563007398283483,0.016,200,30,18,152,160,0.041935100382438535,0.7974620982617769,0.036632568701751266
drax,,fleurs-it,lowT,lowT,16,True,legacy,first,conf,0.4357750570657813,-0.06349834694470342,0.9684873858199213,0.26435813233072725,0.048,200,39,24,137,160,0.0,0.9429979759306099,0.12092183138653671
drax,,fleurs-it,lowT,lowT,16,True,whisper,first,conf,0.4971002485501243,0.020781379883624274,0.9676918223092903,0.2437987159652573,0.022,200,41,21,138,160,0.09919318830665841,0.9438445905687839,0.03133238356654595
drax,,fleurs-it,lowT,lowT,16,True,legacy,rover_freq,rover_cg,-0.0622535795808259,-0.2145922746781116,0.10086452439320502,0.08010768274768021,0.829,200,4,8,188,160,-0.2153835817806939,0.10406261110557953,0.4385780260809998
drax,,fleurs-it,lowT,lowT,16,True,whisper,rover_freq,rover_cg,-0.06213753106876554,-0.24984295178991273,0.12362990188664531,0.0944252865128773,0.776,200,6,9,185,160,-0.26387289577374,0.12684060252419702,0.5184271239077466
drax,,fleurs-it,main,main,16,True,legacy,conf,rover_cg,1.2189995796553175,0.8899925616812198,1.5534474641581153,0.16894208874879135,0.0,400,108,26,266,262,0.8791391487316053,1.5714269740788553,2.0730666725736406e-11
drax,,fleurs-it,main,main,16,True,whisper,conf,rover_cg,1.0070282177698522,0.6983715014668667,1.309528705569641,0.15919157887876334,0.0,400,97,30,273,262,0.6873155927939324,1.3456846195253016,1.7025844164170103e-09
drax,,fleurs-it,main,main,16,True,legacy,mbr,rover_cg,0.4833963850357293,0.27194654377683325,0.7178458025162306,0.1117936296058946,0.0,400,55,19,326,262,0.27008054259168884,0.6987180836659371,2.9597084612625074e-05
drax,,fleurs-it,main,main,16,True,whisper,mbr,rover_cg,0.4615545998111822,0.2452176102322921,0.6722741520209573,0.10762079140655688,0.0,400,54,21,325,262,0.23937100085490517,0.6837203535004097,3.5773796354034e-05
drax,,fleurs-it,main,main,16,True,legacy,cm05,rover_cg,0.5674653215636822,0.30767145426961806,0.8334620226692921,0.13437824603375914,0.0,400,61,23,316,262,0.3062177948497898,0.8559410514300047,3.302351410317778e-05
drax,,fleurs-it,main,main,16,True,whisper,cm05,rover_cg,0.39861533620056644,0.1609980027354776,0.6425482634552863,0.1235264236509212,0.0005,400,54,28,318,262,0.13971960122301405,0.675207712224309,0.0011059881122446368
drax,,fleurs-it,main,main,16,True,legacy,conf,rover_c,1.2610340479192939,0.9397959357328437,1.5809022318457429,0.16694021318390515,0.0,400,105,20,275,262,0.9275597134693122,1.621515859761947,4.053001365695509e-12
drax,,fleurs-it,main,main,16,True,whisper,conf,rover_c,1.0699674813804678,0.756432471401968,1.382007068425699,0.1597182968076955,0.0,400,99,25,276,262,0.7510724241405778,1.403816762695847,2.3699377366095557e-10
drax,,fleurs-it,main,main,16,True,legacy,conf,rover_freq,1.0718789407313998,0.7459150531520158,1.3971599302198574,0.16812377684313196,0.0,400,100,26,274,262,0.7297379403836548,1.4442949220366506,6.111198163605794e-10
drax,,fleurs-it,main,main,16,True,whisper,conf,rover_freq,1.0070282177698522,0.7081641419370821,1.3101115499905676,0.15599368802003916,0.0,400,99,23,278,262,0.6857418086698319,1.3335014763768915,4.1669923185705155e-10
drax,,fleurs-it,main,main,16,True,legacy,first,rover_cg,4.602774274905422,3.971850101286411,5.232435995234472,0.32995674752045007,0.0,400,221,21,158,262,3.969765151126198,5.305698768700737,4.891551551910754e-34
drax,,fleurs-it,main,main,16,True,whisper,first,rover_cg,4.248400293716563,3.672337450021284,4.853106685446166,0.3034532385678912,0.0,400,219,21,160,262,3.6852331302560972,4.86880651543925,1.8373458922818681e-34
drax,,fleurs-it,main,main,16,True,legacy,conf,mbr,0.735603194619588,0.4083895565833962,1.0615316480077641,0.16446595521983629,0.0,400,79,25,296,262,0.3997780460048631,1.085135964939499,3.483371976927253e-06
drax,,fleurs-it,main,main,16,True,whisper,conf,mbr,0.5454736179586699,0.25338978408182583,0.8378772864004458,0.15327946489659106,0.0005,400,74,28,298,262,0.2344146563587067,0.8659320174205488,0.00029524664507332346
drax,,fleurs-it,main,main,16,True,legacy,first,conf,3.383774695250105,2.729652965564269,4.065828050944978,0.34101698293220056,0.0,400,183,35,182,262,2.7441915755040998,4.092820504432009,5.037651848660291e-22
drax,,fleurs-it,main,main,16,True,whisper,first,conf,3.2413720759467113,2.6483887841978433,3.8610139345893884,0.3160174530948956,0.0,400,185,36,179,262,2.678790275892904,3.8809717650164823,2.0774856145494121e-22
drax,,fleurs-it,main,main,16,True,legacy,rover_freq,rover_cg,0.1471206389239176,-0.010394425381468876,0.3134550691941161,0.08171587438915014,0.0385,400,30,18,352,262,-0.01072732609983348,0.2964327653622205,0.07055411887103119
drax,,fleurs-it,main,main,16,True,whisper,rover_freq,rover_cg,0.0,-0.1259988035533407,0.126085540498288,0.06508734277009208,0.5125,400,20,20,360,262,-0.13155234381342684,0.12563176168021742,1.0
drax,,fleurs-it,main,ref,4,True,legacy,conf,rover_cg,0.30474989491382937,0.020943313273465925,0.5916591642011654,0.1478237081927545,0.02,400,55,40,305,262,0.020859244475780313,0.6171798724051215,0.027790218287561633
drax,,fleurs-it,main,ref,4,True,whisper,conf,rover_cg,0.19930766810028322,-0.10348389993849053,0.4918431390289164,0.15005908332304388,0.1015,400,51,46,303,262,-0.09372444759703877,0.49839618310297173,0.19319567511288027
drax,,fleurs-it,main,ref,4,True,legacy,mbr,rover_cg,0.08406893652795293,-0.10618425785380414,0.2869440775736504,0.09937367033556592,0.2045,400,32,30,338,262,-0.11639072394527288,0.28822642996997205,0.36490377404613694
drax,,fleurs-it,main,ref,4,True,whisper,mbr,rover_cg,0.0,-0.18922227151142773,0.20067604878996206,0.10056537575701019,0.526,400,27,31,342,262,-0.2077116231071794,0.19443457963419553,0.8734148038554989
drax,,fleurs-it,main,ref,4,True,legacy,cm05,rover_cg,0.021017234131988232,-0.16363524364148913,0.21254720202040644,0.09587751397286308,0.4415,400,24,30,346,262,-0.17295538828956744,0.21263717723425635,0.8090866409946352
drax,,fleurs-it,main,ref,4,True,whisper,cm05,rover_cg,-0.07342914087905171,-0.26862973707537446,0.11527015329449386,0.09773978908750301,0.7975,400,24,35,341,262,-0.27520236237579815,0.1218999493010299,0.4465596004505964
drax,,fleurs-it,main,ref,4,True,legacy,conf,rover_c,0.3362757461118117,0.043139476537943776,0.6102305171830587,0.14617012172801244,0.011,400,51,34,315,262,0.06274494222719552,0.6360813919563285,0.012908314789156303
drax,,fleurs-it,main,ref,4,True,whisper,conf,rover_c,0.27273680897933494,-0.010454292576092438,0.5510297502271819,0.14525373524380178,0.037,400,47,35,318,262,0.0,0.5562661697926976,0.054820376291484486
drax,,fleurs-it,main,ref,4,True,legacy,conf,rover_freq,0.273224043715847,-0.010242942667915781,0.5544733202870189,0.14488357150011977,0.0315,400,51,38,311,262,-0.020937773144493015,0.5765148902053665,0.04521691118840359
drax,,fleurs-it,main,ref,4,True,whisper,conf,rover_freq,0.2832266862477709,0.010203339040121936,0.548643296154238,0.13973687392311454,0.0245,400,48,34,318,262,0.021568599299420278,0.5703442908219701,0.0431953099719032
drax,,fleurs-it,main,ref,4,True,legacy,first,rover_cg,0.6305170239596469,0.34859512099386925,0.9514970660284932,0.15261914179333597,0.0,400,77,35,288,262,0.3235943029954208,0.9424667863091165,3.653498252202126e-05
drax,,fleurs-it,main,ref,4,True,whisper,first,rover_cg,0.514003986153362,0.23549525419254716,0.8183410353559438,0.14807616747458732,0.0,400,71,36,293,262,0.22196528397569484,0.8281240103082003,0.0004607455350234099
drax,,fleurs-it,main,ref,4,True,legacy,conf,mbr,0.22068095838587642,-0.0739203705887503,0.5020933633487861,0.14967771772601351,0.0715,400,50,37,313,262,-0.08052889212001368,0.5392076134262708,0.1611350961312038
drax,,fleurs-it,main,ref,4,True,whisper,conf,mbr,0.19930766810028322,-0.08653141461368426,0.4872429760446608,0.1500845518504921,0.098,400,47,38,315,262,-0.08988764920823583,0.5170701742663069,0.21073967683862926
drax,,fleurs-it,main,ref,4,True,legacy,first,conf,0.32576712904581756,0.021139079494503388,0.6650697754233548,0.1655302654817111,0.0195,400,64,37,299,262,-0.009878304210679832,0.6519529209641753,0.026833484610753813
drax,,fleurs-it,main,ref,4,True,whisper,first,conf,0.3146963180530788,0.0,0.6546524176069946,0.168424844532877,0.028,400,67,39,294,262,-0.030812482987088732,0.6466142670224589,0.040382594027726364
drax,,fleurs-it,main,ref,4,True,legacy,rover_freq,rover_cg,0.031525851197982346,-0.09438398460672588,0.16061814165376262,0.06568979894462862,0.3195,400,21,18,361,262,-0.10114351138231067,0.16982489046702315,0.6309540411841708
drax,,fleurs-it,main,ref,4,True,whisper,rover_freq,rover_cg,-0.08391901814748767,-0.1951775791506599,0.02124066747524175,0.05586396572473576,0.9395,400,11,19,370,262,-0.20130108425091928,0.03111170015665165,0.14412703481601521
drax,,fleurs-pt,lowT,lowT,16,True,legacy,conf,rover_cg,1.0326659641728135,0.476257588437514,1.6139870247647152,0.29141895412357016,0.0005,200,63,30,107,163,0.4516660855096135,1.5838723857415964,0.0010373724364327187
drax,,fleurs-pt,lowT,lowT,16,True,whisper,conf,rover_cg,1.117798796216681,0.5453788094776505,1.707023456009526,0.28928574183585337,0.0,200,64,28,108,163,0.5439040849277286,1.6768713895993343,0.00018084034163053108
drax,,fleurs-pt,lowT,lowT,16,True,legacy,mbr,rover_cg,-0.06322444678609063,-0.3706531758887335,0.2426167363389295,0.1580101772120861,0.67,200,19,23,158,163,-0.42038002091209925,0.2568644692331882,0.7878995901092618
drax,,fleurs-pt,lowT,lowT,16,True,whisper,mbr,rover_cg,0.04299226139294927,-0.2762227569542279,0.3674881106787722,0.16258641153495357,0.4,200,21,19,160,163,-0.29180806353047656,0.37648237344715546,0.7987810544319379
drax,,fleurs-pt,lowT,lowT,16,True,legacy,cm05,rover_cg,-0.06322444678609063,-0.37825364540063594,0.2585176274396021,0.1612879139405293,0.6665,200,23,26,151,163,-0.39841829332053513,0.2519579621082014,0.7033407865179662
drax,,fleurs-pt,lowT,lowT,16,True,whisper,cm05,rover_cg,0.021496130696474634,-0.3330300114507639,0.40869443822257484,0.1864865433237844,0.47,200,28,23,149,163,-0.3357514843190674,0.38366864857233823,0.8622780515397577
drax,,fleurs-pt,lowT,lowT,16,True,legacy,conf,rover_c,1.1169652265542676,0.590191284176959,1.694334121511409,0.29209233753383856,0.0,200,61,27,112,163,0.5552600249691398,1.6802243990950532,0.0003307066539200028
drax,,fleurs-pt,lowT,lowT,16,True,whisper,conf,rover_c,1.2252794496990542,0.675780874615677,1.8050085499356667,0.28612850134986956,0.0,200,64,25,111,163,0.6628526232211568,1.7699218113867192,3.194663481705098e-05
drax,,fleurs-pt,lowT,lowT,16,True,legacy,conf,rover_freq,1.2434141201264488,0.6885292230300484,1.8091092593446676,0.2942690320765111,0.0,200,66,29,105,163,0.6868205851275649,1.8028284059092472,6.318897409576991e-05
drax,,fleurs-pt,lowT,lowT,16,True,whisper,conf,rover_freq,1.3327601031814273,0.7942982837945751,1.8835290052003626,0.2738041781657108,0.0,200,67,24,109,163,0.7913041611096817,1.8594179940017244,5.019889757742584e-06
drax,,fleurs-pt,lowT,lowT,16,True,legacy,first,rover_cg,1.4963119072708113,0.8633214863532013,2.117159691889646,0.3236614024566628,0.0,200,64,28,108,163,0.8533291979351771,2.1503605155144885,1.579592541714582e-05
drax,,fleurs-pt,lowT,lowT,16,True,whisper,first,rover_cg,1.6766981943250214,1.083406948426941,2.302066937528043,0.31839464864038425,0.0,200,65,21,114,163,1.0396870536718124,2.334732649453692,9.133181081838445e-07
drax,,fleurs-pt,lowT,lowT,16,True,legacy,conf,mbr,1.095890410958904,0.5161737502228932,1.721728667245046,0.30918629186093544,0.0005,200,64,31,105,163,0.4791383308672889,1.695310832766341,0.000964914619633508
drax,,fleurs-pt,lowT,lowT,16,True,whisper,conf,mbr,1.0748065348237317,0.4610742202864969,1.7084306995401346,0.3099357357428571,0.0,200,64,27,109,163,0.4345413857200914,1.6776103533061315,0.0008087932656192279
drax,,fleurs-pt,lowT,lowT,16,True,legacy,first,conf,0.4636459430979979,-0.27250192095017045,1.1487108729269984,0.36508007649493696,0.1145,200,55,46,99,163,-0.22312486394016123,1.21280240261298,0.23720737443050555
drax,,fleurs-pt,lowT,lowT,16,True,whisper,first,conf,0.5588993981083406,-0.1757663139835918,1.2321776497373256,0.363605606635298,0.0725,200,53,45,102,163,-0.12288638997775107,1.295004139618882,0.2123275729330022
drax,,fleurs-pt,lowT,lowT,16,True,legacy,rover_freq,rover_cg,-0.2107481559536354,-0.45182892062075464,0.04190266294707993,0.12552546231234046,0.955,200,13,23,164,163,-0.4645070661863764,0.041399939324478045,0.09558070454562939
drax,,fleurs-pt,lowT,lowT,16,True,whisper,rover_freq,rover_cg,-0.21496130696474636,-0.461137559187009,0.02177500153644518,0.12264139433711312,0.9685,200,10,18,172,163,-0.4631953420253352,0.02182500749890496,0.08540673436126359
drax,,fleurs-pt,main,main,16,True,legacy,conf,rover_cg,2.681136291094797,2.2090196129743864,3.1603454217198776,0.2483158517845007,0.0,400,173,35,192,261,2.196661326420682,3.1581592316853175,2.8355313074701724e-22
drax,,fleurs-pt,main,main,16,True,whisper,conf,rover_cg,2.479517033203967,1.9951979584632937,2.9876449402943135,0.251022999364209,0.0,400,163,37,200,261,2.00838237711071,2.9819045801001707,2.657781567802055e-19
drax,,fleurs-pt,main,main,16,True,legacy,mbr,rover_cg,1.1384189807426321,0.8315124373611156,1.430423064500059,0.154295809548327,0.0,400,102,22,276,261,0.829618087623477,1.4461442760413625,1.9471179701731535e-11
drax,,fleurs-pt,main,main,16,True,whisper,mbr,rover_cg,1.0780508840017249,0.7617972458289515,1.3886555962218894,0.15694790007203252,0.0,400,101,28,271,261,0.7644495826864217,1.3887790142983176,6.045661829154815e-11
drax,,fleurs-pt,main,main,16,True,legacy,cm05,rover_cg,1.5959144589849985,1.1812587976344877,2.0136016209205976,0.2109346562313503,0.0,400,124,34,242,261,1.2057694440185749,2.035855173260906,5.055896457504165e-13
drax,,fleurs-pt,main,main,16,True,whisper,cm05,rover_cg,1.4445881845623114,1.0522679852626973,1.8388244444052213,0.2055184787146454,0.0,400,118,36,246,261,1.0543150031786395,1.870961135588962,8.728062117904744e-12
drax,,fleurs-pt,main,main,16,True,legacy,conf,rover_c,2.6492180019150973,2.1705434803479866,3.1282555130467067,0.24766580185444326,0.0,400,170,35,195,261,2.170442580006811,3.1257534272849763,7.588404258046348e-22
drax,,fleurs-pt,main,main,16,True,whisper,conf,rover_c,2.46873652436395,1.990802391423055,2.9735628326911536,0.25029756617302507,0.0,400,162,36,202,261,1.9950515737116765,2.9669488733926936,2.756511113323152e-19
drax,,fleurs-pt,main,main,16,True,legacy,conf,rover_freq,2.723694010001064,2.244833255041039,3.213496252226799,0.2515282823722468,0.0,400,174,38,188,261,2.2212698491486713,3.2288883112261,1.0681500306681589e-21
drax,,fleurs-pt,main,main,16,True,whisper,conf,rover_freq,2.6304441569642085,2.1294692746690904,3.1362728401784077,0.2572280578201589,0.0,400,167,36,197,261,2.1579311277534527,3.1466115047165415,6.437440594027334e-20
drax,,fleurs-pt,main,main,16,True,legacy,first,rover_cg,7.277369932971593,6.475311207514668,8.048136619764787,0.40992175900192884,0.0,400,273,20,107,261,6.410519378368806,8.178035193621845,1.5440341107569637e-43
drax,,fleurs-pt,main,main,16,True,whisper,first,rover_cg,6.867184131090988,6.0761028476583,7.641961018184412,0.40301914453978077,0.0,400,265,27,108,261,6.0300375337381915,7.755723221199438,1.5591447938240046e-41
drax,,fleurs-pt,main,main,16,True,legacy,conf,mbr,1.5427173103521652,1.1476086157368997,1.9656058606597604,0.20937813180218134,0.0,400,129,40,231,261,1.1259520918423667,1.933653477333251,1.5277612493560618e-11
drax,,fleurs-pt,main,main,16,True,whisper,conf,mbr,1.4014661492022424,0.9955558406954452,1.8439761673096593,0.2132547425941552,0.0,400,117,40,243,261,1.0033571068438962,1.8102884051482984,8.916206995045233e-10
drax,,fleurs-pt,main,main,16,True,legacy,first,conf,4.596233641876795,3.815895729253202,5.367748232243139,0.40160975006523353,0.0,400,210,54,136,261,3.7539942816519902,5.459808010403473,7.061617926987809e-24
drax,,fleurs-pt,main,main,16,True,whisper,first,conf,4.387667097887021,3.614929888253026,5.164763404088798,0.3955225558887509,0.0,400,206,53,141,261,3.553399531174997,5.228702475878073,7.432741113528823e-23
drax,,fleurs-pt,main,main,16,True,legacy,rover_freq,rover_cg,-0.042557718906266626,-0.24689902471673802,0.1591818225389602,0.10563275560357753,0.677,400,36,39,325,261,-0.2515990727969067,0.15959216168675308,0.7512411093252407
drax,,fleurs-pt,main,main,16,True,whisper,rover_freq,rover_cg,-0.15092712376024148,-0.3253400337372533,0.032574430948191097,0.0909949945473411,0.954,400,25,37,338,261,-0.33402095276013843,0.02211514995531367,0.08911587400107351
drax,,fleurs-pt,main,ref,4,True,legacy,conf,rover_cg,0.5532503457814661,0.21151822103127976,0.8810567484461301,0.1749905912543953,0.0,400,92,52,256,261,0.21857440468072337,0.8965429786392619,0.0006601574254212571
drax,,fleurs-pt,main,ref,4,True,whisper,conf,rover_cg,0.5282449331608452,0.2014676079796205,0.855952109887965,0.1712332862156229,0.0015,400,90,52,258,261,0.1871984826439625,0.886077250171584,0.0009227006657414079
drax,,fleurs-pt,main,ref,4,True,legacy,mbr,rover_cg,0.15959144589849983,-0.11581840258737423,0.43168988186206503,0.13656734718870528,0.1325,400,60,47,293,261,-0.11354152645039708,0.43707640832453437,0.2717421022577655
drax,,fleurs-pt,main,ref,4,True,whisper,mbr,rover_cg,0.22639068564036222,-0.021347223354821084,0.48243460687508793,0.12889270670180492,0.036,400,53,36,311,261,-0.02163779393570667,0.48310216869646183,0.10057356953702723
drax,,fleurs-pt,main,ref,4,True,legacy,cm05,rover_cg,0.2553463134375997,0.010072314049586792,0.5147427574600417,0.13009036381992323,0.025,400,60,39,301,261,0.0,0.5088558420111452,0.02450361448632977
drax,,fleurs-pt,main,ref,4,True,whisper,cm05,rover_cg,0.24795170332039673,-0.011397711600011191,0.5271821790188695,0.1393905038586977,0.0335,400,58,40,302,261,-0.011007427525114771,0.539953224189025,0.049833487664071176
drax,,fleurs-pt,main,ref,4,True,legacy,conf,rover_c,0.5851686349611661,0.25286781242762957,0.914822364255756,0.17243353529640654,0.0005,400,90,48,262,261,0.24671367861214388,0.9374836497942427,0.0002997149427993336
drax,,fleurs-pt,main,ref,4,True,whisper,conf,rover_c,0.4851228978007762,0.1461058344640434,0.8067448753702856,0.16640800050328444,0.001,400,83,48,269,261,0.1446479115154425,0.8255624146261499,0.001690913107540987
drax,,fleurs-pt,main,ref,4,True,legacy,conf,rover_freq,0.5851686349611661,0.22145891008842492,0.917932013080391,0.17795933804335154,0.0005,400,89,50,261,261,0.24677913061932302,0.9599349075321947,0.0006587233273378503
drax,,fleurs-pt,main,ref,4,True,whisper,conf,rover_freq,0.6360500215610176,0.2840638543184338,0.9693587025473598,0.17355415315914016,0.0,400,88,47,265,261,0.2922504118233916,0.9955516297139518,0.0001218717579000272
drax,,fleurs-pt,main,ref,4,True,legacy,first,rover_cg,1.117140121289499,0.7631108141153387,1.4387149977222844,0.1725273078211828,0.0,400,121,43,236,261,0.7720782601854885,1.4429006965209406,9.475005468184655e-10
drax,,fleurs-pt,main,ref,4,True,whisper,first,rover_cg,1.0888313928417421,0.7822600833468317,1.3907195692540317,0.159388784423206,0.0,400,108,29,263,261,0.76884568793865,1.4118269690013354,2.8116144196938246e-10
drax,,fleurs-pt,main,ref,4,True,legacy,conf,mbr,0.39365889988296626,0.031074776091617077,0.7398869215218973,0.1818734632150426,0.018,400,71,46,283,261,0.04226205571111406,0.7544999055000848,0.014222393692089962
drax,,fleurs-pt,main,ref,4,True,whisper,conf,mbr,0.30185424752048295,-0.043536816336061816,0.6542259173515307,0.18117513308536196,0.05,400,66,46,288,261,-0.07522877616628033,0.6703273178002269,0.053498430561890686
drax,,fleurs-pt,main,ref,4,True,legacy,first,conf,0.5638897755080328,0.1903904876912125,0.9549802599730854,0.19628052416228856,0.002,400,97,58,245,261,0.17243170979489575,0.9728544031837887,0.00733672179884019
drax,,fleurs-pt,main,ref,4,True,whisper,first,conf,0.5605864596808969,0.17305539161127573,0.9357777986821714,0.19634191305644114,0.001,400,93,58,249,261,0.16293403474466828,0.953218618106514,0.006740466520935763
drax,,fleurs-pt,main,ref,4,True,legacy,rover_freq,rover_cg,-0.031918289179699966,-0.21881175824657714,0.14739912535580127,0.09365239003112548,0.6605,400,34,34,332,261,-0.2320401747649826,0.15864429194700636,0.7252832417005042
drax,,fleurs-pt,main,ref,4,True,whisper,rover_freq,rover_cg,-0.10780508840017249,-0.22656410248647244,0.0,0.06024229936721034,0.977,400,9,18,373,261,-0.2260526759777563,0.0,0.06788915486182905
drax,,gigaspeech,lowT,lowT,16,True,legacy,conf,rover_cg,0.5851063829787234,-0.028962571367722297,1.236741416756172,0.32383074262168227,0.0325,200,35,26,139,83,-0.02592229790691892,1.1945478409697226,0.14468664097524606
drax,,gigaspeech,lowT,lowT,16,True,whisper,conf,rover_cg,0.8,0.2364470675951171,1.3563574230279392,0.28724763730360914,0.003,200,38,21,141,83,0.25971190688641616,1.3663564395124879,0.01045565247401596
drax,,gigaspeech,lowT,lowT,16,True,legacy,mbr,rover_cg,-0.18617021276595744,-0.4965724860083047,0.10873483582302462,0.1554276247328244,0.906,200,12,17,171,83,-0.4547852199247694,0.07947310866582763,0.23389019752943674
drax,,gigaspeech,lowT,lowT,16,True,whisper,mbr,rover_cg,0.05161290322580645,-0.22547554066525352,0.35808152001726445,0.15259489301061246,0.402,200,13,12,175,83,-0.2371761031075912,0.31656960146168767,0.7245179908306631
drax,,gigaspeech,lowT,lowT,16,True,legacy,cm05,rover_cg,-0.0797872340425532,-0.3757409060898273,0.2337947582133627,0.15855207149551137,0.715,200,14,18,168,83,-0.3841012580858758,0.21201347736560852,0.6120898800892568
drax,,gigaspeech,lowT,lowT,16,True,whisper,cm05,rover_cg,0.07741935483870968,-0.2628380931908092,0.42541092796287666,0.17951860602122,0.351,200,17,15,168,83,-0.310271138372929,0.43408842073610465,0.6565736867184698
drax,,gigaspeech,lowT,lowT,16,True,legacy,conf,rover_c,0.7712765957446809,0.18268677214813564,1.418631538747259,0.3247971558943647,0.0065,200,37,20,143,83,0.15642546860618575,1.3994199974920882,0.04571603393707203
drax,,gigaspeech,lowT,lowT,16,True,whisper,conf,rover_c,0.9290322580645162,0.3961338996003329,1.4642173608745674,0.27807309389121887,0.0005,200,40,15,145,83,0.43960621161652963,1.4294241249032251,0.002638735061517558
drax,,gigaspeech,lowT,lowT,16,True,legacy,conf,rover_freq,0.824468085106383,0.1848637953566476,1.4860048472867846,0.32807154334047633,0.004,200,37,18,145,83,0.2422513376662882,1.4260857592974412,0.027449394262388276
drax,,gigaspeech,lowT,lowT,16,True,whisper,conf,rover_freq,0.9548387096774194,0.39411252234942706,1.525176606328809,0.29252079204068665,0.0,200,37,15,148,83,0.4713936466411385,1.4559544248003118,0.002068229087961009
drax,,gigaspeech,lowT,lowT,16,True,legacy,first,rover_cg,0.9308510638297872,0.2879998331122726,1.5805037423267143,0.3319695642913535,0.003,200,42,21,137,83,0.1820251542231879,1.7333041084718106,0.010191007200865698
drax,,gigaspeech,lowT,lowT,16,True,whisper,first,rover_cg,1.1096774193548387,0.5604296870332086,1.6605324563920574,0.2853980379894961,0.0,200,42,16,142,83,0.4431522949399975,1.8446215039775848,0.00023662657180511694
drax,,gigaspeech,lowT,lowT,16,True,legacy,conf,mbr,0.7712765957446809,0.1407632906748583,1.4286737617683172,0.3330567460746463,0.0085,200,36,18,146,83,0.16206037549816657,1.3994468212473359,0.05542229334224718
drax,,gigaspeech,lowT,lowT,16,True,whisper,conf,mbr,0.7483870967741936,0.20265749704624317,1.327953670411677,0.2887868578440006,0.0055,200,37,18,145,83,0.22250817733155084,1.2591729186402336,0.016698803551178767
drax,,gigaspeech,lowT,lowT,16,True,legacy,first,conf,0.34574468085106386,-0.3904595462539633,1.1276366062981664,0.3868604641111332,0.1985,200,34,31,135,83,-0.4841410272096679,1.1179473919364518,0.23808448413623495
drax,,gigaspeech,lowT,lowT,16,True,whisper,first,conf,0.3096774193548387,-0.3392974071090801,1.0125970865813338,0.34385155141445184,0.197,200,31,29,140,83,-0.4776824305521012,1.0974718488972002,0.5011691108456633
drax,,gigaspeech,lowT,lowT,16,True,legacy,rover_freq,rover_cg,-0.2393617021276596,-0.5362002209207332,0.02761339462230597,0.147497677567564,0.9645,200,9,16,175,83,-0.4849606213082477,0.0,0.10466981064657119
drax,,gigaspeech,lowT,lowT,16,True,whisper,rover_freq,rover_cg,-0.15483870967741936,-0.3923697227993147,0.07798538095694947,0.11921395295850311,0.923,200,6,13,181,83,-0.3720936001800003,0.06119194328937979,0.2008251226951454
drax,,gigaspeech,main,main,16,True,legacy,conf,rover_cg,1.6086264804666786,1.1628052274545106,2.03868919149949,0.22129920203882825,0.0,600,167,68,365,117,1.1301909893875908,2.0727076351731437,1.5081208749181874e-12
drax,,gigaspeech,main,main,16,True,whisper,conf,rover_cg,1.665521978021978,0.9516949438413624,2.2608316639133474,0.33532439645080686,0.0,600,174,54,372,117,0.9534845961065631,2.295431438717429,2.2130968938494901e-16
drax,,gigaspeech,main,main,16,True,legacy,mbr,rover_cg,0.5391550291674032,0.2697132262149734,0.8141475232036851,0.13906997156129863,0.0,600,89,44,467,117,0.30552284323667167,0.7660474229236443,0.0001391628050061696
drax,,gigaspeech,main,main,16,True,whisper,mbr,rover_cg,1.0044642857142858,0.6830701557557666,1.3261084831050394,0.16331004909172545,0.0,600,112,32,456,117,0.7212031783511984,1.2757481737910832,5.679984121147446e-10
drax,,gigaspeech,main,main,16,True,legacy,cm05,rover_cg,0.7336043839490897,0.40513643018672546,1.069638403094614,0.16663249832653246,0.0,600,105,57,438,117,0.4201005358309309,1.0582592883743456,3.9550478804927e-05
drax,,gigaspeech,main,main,16,True,whisper,cm05,rover_cg,0.9100274725274725,0.24359846077714567,1.431361552143283,0.30387356630170065,0.005,600,119,46,435,117,0.23395494696547822,1.431878482134692,1.0034585660779699e-09
drax,,gigaspeech,main,main,16,True,legacy,conf,rover_c,1.5997878734311473,1.1530674354522898,2.0386001953343005,0.22345844275303353,0.0,600,166,66,368,117,1.1216036677456092,2.0814294467391945,2.2607323309422183e-12
drax,,gigaspeech,main,main,16,True,whisper,conf,rover_c,1.614010989010989,0.9101700238988119,2.2056938218193274,0.33461178749239573,0.0,600,168,55,377,117,0.8973332169287458,2.245057255677164,1.2196513781808175e-15
drax,,gigaspeech,main,main,16,True,legacy,conf,rover_freq,1.626303694537741,1.1593206990804972,2.0672608904064744,0.23246322604433178,0.0,600,163,66,371,117,1.157085031499362,2.1148371569030116,4.191122779622792e-12
drax,,gigaspeech,main,main,16,True,whisper,conf,rover_freq,1.5367445054945055,0.8358392709361141,2.133275917086111,0.3355427473383431,0.0,600,167,54,379,117,0.8353233937862976,2.1732770689709695,5.131218546016387e-14
drax,,gigaspeech,main,main,16,True,legacy,first,rover_cg,6.47869895704437,5.56480062972985,7.443386439629139,0.4722368100019256,0.0,600,312,42,246,117,5.249376538686881,7.894999692123572,9.413244450496502e-44
drax,,gigaspeech,main,main,16,True,whisper,first,rover_cg,6.395947802197802,5.3416208073922125,7.409363117490463,0.5231457139402398,0.0,600,315,28,257,117,5.1992019429756375,7.691176366681492,2.655427829973834e-47
drax,,gigaspeech,main,main,16,True,legacy,conf,mbr,1.0694714512992753,0.605849916555017,1.5170207209438011,0.23361200630601256,0.0,600,133,66,401,117,0.6035549262342512,1.5613904426116705,1.2510661953925532e-06
drax,,gigaspeech,main,main,16,True,whisper,conf,mbr,0.6610576923076923,-0.043334418061752054,1.2319623988009627,0.3322736918309197,0.0355,600,124,63,413,117,-0.03563263737153031,1.2554578886180143,1.7008566717827994e-05
drax,,gigaspeech,main,main,16,True,legacy,first,conf,4.8700724765776915,3.951093225267105,5.815956015942214,0.47429770444601166,0.0,600,257,77,266,117,3.6394513648739344,6.252668532676535,2.745335194733003e-24
drax,,gigaspeech,main,main,16,True,whisper,first,conf,4.730425824175824,3.8669059155730103,5.63494698783817,0.44646258772949626,0.0,600,256,71,273,117,3.650111684549027,5.949544472879373,3.9588530634425604e-27
drax,,gigaspeech,main,main,16,True,legacy,rover_freq,rover_cg,-0.0176772140710624,-0.21636730253165837,0.17733004338295033,0.1014511867018555,0.5945,600,44,51,505,117,-0.21471769574617536,0.1838324167267054,0.7487832489807015
drax,,gigaspeech,main,main,16,True,whisper,rover_freq,rover_cg,0.12877747252747251,-0.05956324239479736,0.3049432808195799,0.0917059057503329,0.0845,600,49,39,512,117,-0.04748722443251296,0.29868160709497343,0.12717291416693344
drax,,gigaspeech,main,ref,4,True,legacy,conf,rover_cg,0.265158211065936,-0.07054958200656651,0.600986406482185,0.16946366270250093,0.0565,600,85,64,451,117,-0.11595107065789644,0.6283004836432411,0.05712237440163508
drax,,gigaspeech,main,ref,4,True,whisper,conf,rover_cg,0.10302197802197802,-0.23521263357378178,0.4310401732332214,0.1716231387602557,0.2785,600,80,66,454,117,-0.27500100050645354,0.4731337294925911,0.15381093251107678
drax,,gigaspeech,main,ref,4,True,legacy,mbr,rover_cg,-0.1414177125684992,-0.35589092349008283,0.06390436510591481,0.10889514095221169,0.9085,600,49,66,485,117,-0.3652205682127621,0.09461388638157242,0.1767324851941573
drax,,gigaspeech,main,ref,4,True,whisper,mbr,rover_cg,0.034340659340659344,-0.17222197198804787,0.23472669725660097,0.10225091254101443,0.3735,600,48,51,501,117,-0.1520844863634791,0.24460316065128487,0.5765143377215882
drax,,gigaspeech,main,ref,4,True,legacy,cm05,rover_cg,-0.0618702492487184,-0.31002450718495406,0.17718704415532902,0.12382077777387418,0.7035,600,52,65,483,117,-0.30061864370072905,0.1823153182759718,0.3746167464189374
drax,,gigaspeech,main,ref,4,True,whisper,cm05,rover_cg,0.08585164835164835,-0.15436388872628132,0.30485553344255595,0.11638199568561917,0.2435,600,54,52,494,117,-0.17001906315575321,0.3492153031595756,0.40194778196199465
drax,,gigaspeech,main,ref,4,True,legacy,conf,rover_c,0.40657592363443523,0.08040345418421384,0.7405749271022464,0.16810097364071033,0.009,600,83,50,467,117,0.025778071684978643,0.755857799470593,0.003523787419302044
drax,,gigaspeech,main,ref,4,True,whisper,conf,rover_c,0.1974587912087912,-0.13286765589910815,0.5197855232297284,0.1686639850190229,0.1225,600,75,51,474,117,-0.16241156468636028,0.5473483676319549,0.03357538300070192
drax,,gigaspeech,main,ref,4,True,legacy,conf,rover_freq,0.3800601025278416,0.043893880001548244,0.7085226489145277,0.16807479505685402,0.016,600,81,52,467,117,0.007783188313243406,0.7195507020134825,0.005021809854268463
drax,,gigaspeech,main,ref,4,True,whisper,conf,rover_freq,0.20604395604395603,-0.11507201597849,0.5190721720198554,0.16595885227633808,0.1105,600,75,49,476,117,-0.1441663002252942,0.5413835314157976,0.025022460377295875
drax,,gigaspeech,main,ref,4,True,legacy,first,rover_cg,0.397737316598904,0.05508487969043258,0.7526498572975636,0.1758357182694104,0.0125,600,97,73,430,117,0.008697163933847283,0.7578754268786971,0.013843006179592988
drax,,gigaspeech,main,ref,4,True,whisper,first,rover_cg,0.3090659340659341,-0.008638903679559044,0.6174915471070238,0.1604571894310731,0.0295,600,85,61,454,117,-0.061317582772236194,0.6332872638941238,0.006083072880002361
drax,,gigaspeech,main,ref,4,True,legacy,conf,mbr,0.40657592363443523,0.07393446774762183,0.7544272660677979,0.17088702946381168,0.0085,600,71,36,493,117,0.0,0.7710323770369536,0.002613328440729245
drax,,gigaspeech,main,ref,4,True,whisper,conf,mbr,0.06868131868131869,-0.2765071621786331,0.4039926915963896,0.1702917511296713,0.35,600,64,47,489,117,-0.3140658669390658,0.387895850386555,0.25444542569944817
drax,,gigaspeech,main,ref,4,True,legacy,first,conf,0.132579105532968,-0.20091019609037225,0.473310867595779,0.17414031539978583,0.227,600,80,67,453,117,-0.2162259821295648,0.4701458220528051,0.4694363024994539
drax,,gigaspeech,main,ref,4,True,whisper,first,conf,0.20604395604395603,-0.13365543810732017,0.5604013459087315,0.177478202974901,0.119,600,82,60,458,117,-0.15723559747521668,0.5127851364173729,0.18084645218690598
drax,,gigaspeech,main,ref,4,True,legacy,rover_freq,rover_cg,-0.1149018914619056,-0.26245203482071555,0.026836091865177197,0.0752943961637308,0.936,600,29,42,529,117,-0.2606001417339495,0.04023365705213389,0.12287538847933085
drax,,gigaspeech,main,ref,4,True,whisper,rover_freq,rover_cg,-0.10302197802197802,-0.21298983074041397,0.0,0.056335187841702015,0.976,600,14,27,559,117,-0.21394086102658075,0.009229818778956142,0.07044042927208799
drax,,ls-dev-clean,main,main,16,True,legacy,conf,rover_cg,0.4234484583829562,0.15743229066516687,0.7176489609098247,0.14235632282214644,0.0015,400,46,25,329,40,0.12695236365818,0.7059770492828162,0.0030377934144819214
drax,,ls-dev-clean,main,main,16,True,whisper,conf,rover_cg,0.8560516264980903,0.34617498833380506,1.5380359110381763,0.30352773252229065,0.0,400,53,24,323,40,0.3902143166849049,1.447309128341016,0.0003617005304499083
drax,,ls-dev-clean,main,main,16,True,legacy,mbr,rover_cg,0.03969829297340215,-0.09519923840609275,0.1778379750680398,0.07152202646001082,0.305,400,13,10,377,40,-0.08359129060111264,0.17251733073657463,0.5798616147455506
drax,,ls-dev-clean,main,main,16,True,whisper,mbr,rover_cg,0.026340050046095086,-0.11167218889847683,0.16563033093801344,0.0705945648817196,0.3615,400,10,9,381,40,-0.11150956345713298,0.1817097655583509,0.6963890414620633
drax,,ls-dev-clean,main,main,16,True,legacy,cm05,rover_cg,0.11909487892020643,-0.025786983500074655,0.26092373139849484,0.07273669763829169,0.0585,400,17,8,375,40,0.0,0.2557190501295486,0.1078926767172823
drax,,ls-dev-clean,main,main,16,True,whisper,cm05,rover_cg,0.605821151060187,0.16018494790508944,1.2475247507040956,0.2824745937122155,0.0005,400,25,8,367,40,0.19174814737506685,1.2397201346942768,0.0047443814393744906
drax,,ls-dev-clean,main,main,16,True,legacy,conf,rover_c,0.41021569405848884,0.1430855216170877,0.7002957571658209,0.1407882290320413,0.0015,400,44,24,332,40,0.11525224053958684,0.7025852581569373,0.0035918267940801833
drax,,ls-dev-clean,main,main,16,True,whisper,conf,rover_c,0.8692216515211378,0.36748064230855154,1.5470443048801346,0.3033703329838519,0.0,400,53,26,321,40,0.4045452376976838,1.452270416778996,0.0002052072698607075
drax,,ls-dev-clean,main,main,16,True,legacy,conf,rover_freq,0.3572846367606193,0.09346095438109098,0.6376058435678703,0.13688947924858386,0.0045,400,39,24,337,40,0.09263351691905429,0.624842367695084,0.0075998311493272255
drax,,ls-dev-clean,main,main,16,True,whisper,conf,rover_freq,0.8165415514289477,0.31064934826217566,1.5032426993863728,0.3034400608526442,0.0005,400,50,24,326,40,0.353283128868833,1.3895206747542166,0.00047758018682283337
drax,,ls-dev-clean,main,main,16,True,legacy,first,rover_cg,2.5406907502977374,1.9972890479002106,3.1292923780638295,0.2888113792550152,0.0,400,137,20,243,40,1.9484232143104052,3.209946063474768,8.316204656652413e-19
drax,,ls-dev-clean,main,main,16,True,whisper,first,rover_cg,2.515474779402081,1.964769453621384,3.091108967877135,0.28076582888366697,0.0,400,130,16,254,40,1.963841227953306,3.1145993899138067,4.843562108240594e-19
drax,,ls-dev-clean,main,main,16,True,legacy,conf,mbr,0.38375016540955403,0.11433490342834769,0.6829905872089839,0.1418509525435945,0.0025,400,41,24,335,40,0.09640705054854724,0.670798459199897,0.007258598254257634
drax,,ls-dev-clean,main,main,16,True,whisper,conf,mbr,0.8297115764519952,0.31418715823648,1.5207128488810655,0.3062789273732941,0.0005,400,49,23,328,40,0.32879118765431864,1.4601208417643412,0.0008667936695308137
drax,,ls-dev-clean,main,main,16,True,legacy,first,conf,2.117242291914781,1.5485789811059705,2.7195772089806005,0.29030663426763514,0.0,400,122,29,249,40,1.4944813106169543,2.8026657856153308,1.67273126211627e-13
drax,,ls-dev-clean,main,main,16,True,whisper,first,conf,1.6594231529039905,0.9032876405676369,2.4051906449763734,0.37394242060150695,0.0,400,117,32,251,40,0.9180212256918222,2.357080085743702,1.1419674931485579e-11
drax,,ls-dev-clean,main,main,16,True,legacy,rover_freq,rover_cg,0.0661638216223369,-0.06580880718881624,0.19944886674169846,0.06662509660619051,0.181,400,14,8,378,40,-0.03612718815661088,0.17820700790223026,0.31731050786291415
drax,,ls-dev-clean,main,main,16,True,whisper,rover_freq,rover_cg,0.039510075069142635,-0.0782318164247177,0.16118525141714507,0.06150156522872636,0.294,400,7,5,388,40,-0.07184094336096944,0.1652168093367831,0.5093636485660342
drax,,ls-dev-clean,main,ref,4,True,legacy,conf,rover_cg,0.23818975784041285,0.05189541872868458,0.4274652943068295,0.09407088149011539,0.0075,400,25,12,363,40,0.06525307746631873,0.40893618934133324,0.01172295505828772
drax,,ls-dev-clean,main,ref,4,True,whisper,conf,rover_cg,0.06585012511523772,-0.12521964350819226,0.25405178340943596,0.09537797576373024,0.27,400,20,15,365,40,-0.12005604702761136,0.2466054360043645,0.50841989578268
drax,,ls-dev-clean,main,ref,4,True,legacy,mbr,rover_cg,0.11909487892020643,-0.012669895978993075,0.2468797147167741,0.06522908870345911,0.0365,400,15,7,378,40,0.011776794896590384,0.24130580764851317,0.07186063822585158
drax,,ls-dev-clean,main,ref,4,True,whisper,mbr,rover_cg,0.013170025023047543,-0.14333183693355772,0.16996567056290748,0.0782689298588823,0.46,400,12,11,377,40,-0.11455906714282535,0.1452290569972902,0.8702656264449173
drax,,ls-dev-clean,main,ref,4,True,legacy,cm05,rover_cg,0.10586211459573905,-0.012826642703820569,0.23215272786720037,0.06183507984366155,0.041,400,13,6,381,40,0.012675196391931471,0.2106539064186792,0.0880815116621903
drax,,ls-dev-clean,main,ref,4,True,whisper,cm05,rover_cg,0.0,-0.15793221037739918,0.14725081946119623,0.07647038572791968,0.534,400,12,10,378,40,-0.12364723878212142,0.1276010684768797,0.9583854030125216
drax,,ls-dev-clean,main,ref,4,True,legacy,conf,rover_c,0.23818975784041285,0.07086805948429181,0.41467563395359813,0.08699736183724532,0.003,400,21,8,371,40,0.07038809694856638,0.40427883519250946,0.006280934126405843
drax,,ls-dev-clean,main,ref,4,True,whisper,conf,rover_c,0.09219017516133281,-0.07972314489576075,0.2649169924328452,0.08785431783692582,0.159,400,18,12,370,40,-0.07770638698272841,0.24865142505271096,0.3027871441037584
drax,,ls-dev-clean,main,ref,4,True,legacy,conf,rover_freq,0.17202593621807596,0.0,0.35380417701431305,0.09212064811521094,0.032,400,20,11,369,40,-0.013878338452588512,0.3461152658791597,0.06057505960617334
drax,,ls-dev-clean,main,ref,4,True,whisper,conf,rover_freq,0.10536020018438035,-0.0665074921837404,0.2744606126783124,0.0868647843864387,0.1305,400,18,11,371,40,-0.06626181826149616,0.25900131981918184,0.23557226723969282
drax,,ls-dev-clean,main,ref,4,True,legacy,first,rover_cg,0.44991398703189095,0.25239539667248156,0.6611719595131906,0.10373529115447443,0.0,400,35,8,357,40,0.28244566374122937,0.6538468511363007,2.2527966139570073e-05
drax,,ls-dev-clean,main,ref,4,True,whisper,first,rover_cg,0.3029105755300935,0.10157299405164007,0.5284591792990746,0.10714802116693392,0.003,400,29,11,360,40,0.11727671081138315,0.4991290803999927,0.005581091567955695
drax,,ls-dev-clean,main,ref,4,True,legacy,conf,mbr,0.11909487892020643,-0.08215625056786174,0.3193827297128926,0.10271666915099407,0.1395,400,19,12,369,40,-0.08568431688770378,0.3166494505012675,0.2694318708439679
drax,,ls-dev-clean,main,ref,4,True,whisper,conf,mbr,0.05268010009219017,-0.14976991633431017,0.2530378917132534,0.10345880353926287,0.322,400,16,13,371,40,-0.14683217772966284,0.23065840036607604,0.6298443845230279
drax,,ls-dev-clean,main,ref,4,True,legacy,first,conf,0.2117242291914781,0.0,0.42459111240518266,0.10626193058674907,0.028,400,25,14,361,40,0.0,0.464739662675996,0.047169305668790414
drax,,ls-dev-clean,main,ref,4,True,whisper,first,conf,0.2370604504148558,0.03882867008377145,0.44381650609565787,0.10150105933436813,0.0125,400,24,12,364,40,0.061496653796129425,0.44819927971188467,0.01851485359299435
drax,,ls-dev-clean,main,ref,4,True,legacy,rover_freq,rover_cg,0.0661638216223369,-0.02696208178882258,0.16302188236475432,0.0500135130054972,0.111,400,10,5,385,40,-0.013600446979015095,0.15129022667684786,0.19670560245894686
drax,,ls-dev-clean,main,ref,4,True,whisper,rover_freq,rover_cg,-0.039510075069142635,-0.1367769455828994,0.049973386786167084,0.04648433694958904,0.8505,400,4,6,390,40,-0.12852421143300888,0.04005824060915849,0.40538055645894233
drax,,ls-dev-other,main,main,16,True,legacy,conf,rover_cg,1.284885327438519,0.8580749889277328,1.7714660075323378,0.23323187527534234,0.0,400,74,20,306,33,0.7674731858641376,1.936760742406642,1.2766381583902734e-08
drax,,ls-dev-other,main,main,16,True,whisper,conf,rover_cg,1.3938234490297896,0.9324712718907843,1.939790783746236,0.2556790394256171,0.0,400,77,19,304,33,0.8446139094127567,2.064504530476701,8.184225346304885e-10
drax,,ls-dev-other,main,main,16,True,legacy,mbr,rover_cg,0.3177673390439348,0.05676678350128637,0.591970648394329,0.13224939549064116,0.0085,400,32,18,350,33,-0.013945449731112728,0.6862430094023665,0.022863575512430765
drax,,ls-dev-other,main,main,16,True,whisper,mbr,rover_cg,0.38261820169445204,0.12009087755084846,0.6812790052901757,0.1425799200867505,0.001,400,35,16,349,33,0.0466545919335719,0.7601531164332858,0.009275778155654299
drax,,ls-dev-other,main,main,16,True,legacy,cm05,rover_cg,0.5388228792484112,0.2868823077078058,0.7914879098218932,0.13335026008269432,0.0,400,44,16,340,33,0.19958339791441704,0.9169086508929253,0.00014581291610196194
drax,,ls-dev-other,main,main,16,True,whisper,cm05,rover_cg,0.6969117245148948,0.41470832181365774,1.0179448670802567,0.1511279692363312,0.0,400,48,13,339,33,0.3476041954987805,1.0742109311478283,2.787785392920134e-06
drax,,ls-dev-other,main,main,16,True,legacy,conf,rover_c,1.340149212489638,0.9106253622214727,1.8415762687429593,0.2315500823831167,0.0,400,75,17,308,33,0.796980116871521,2.009684771521856,1.710724267969322e-09
drax,,ls-dev-other,main,main,16,True,whisper,conf,rover_c,1.4074883848045914,0.935312009085212,1.9647623045308737,0.2590512080209795,0.0,400,75,19,306,33,0.8565154305200569,2.083621596907938,1.036862471470129e-09
drax,,ls-dev-other,main,main,16,True,legacy,conf,rover_freq,1.409229068803537,0.9459932372629578,1.939123471778285,0.25577522084573545,0.0,400,73,17,310,33,0.8098504344107161,2.163603141609405,1.901120879353251e-09
drax,,ls-dev-other,main,main,16,True,whisper,conf,rover_freq,1.4074883848045914,0.9454655498140669,1.9459712385055483,0.25758535491441625,0.0,400,73,18,309,33,0.8665352985632674,2.0752112999267207,3.0145142694023826e-09
drax,,ls-dev-other,main,main,16,True,legacy,first,rover_cg,4.517822602928986,3.6946699562810337,5.424235242611291,0.43964011056138824,0.0,400,151,13,236,33,3.2110684030863705,6.191175464638552,2.637166738982168e-24
drax,,ls-dev-other,main,main,16,True,whisper,first,rover_cg,4.427439191035802,3.616399771787622,5.384210969177086,0.45554981715425763,0.0,400,157,14,229,33,3.118993262630674,6.123434983489773,2.2336144018647842e-24
drax,,ls-dev-other,main,main,16,True,legacy,conf,mbr,0.9671179883945842,0.5895539770979137,1.367585399071488,0.20011942071293962,0.0,400,62,17,321,33,0.6064453773146612,1.3611849950623263,3.821392518357851e-06
drax,,ls-dev-other,main,main,16,True,whisper,conf,mbr,1.0112052473353375,0.6256758894929162,1.4494889895297147,0.20944600943842953,0.0,400,63,21,316,33,0.654978477343681,1.3875492775562397,1.5121836560966273e-06
drax,,ls-dev-other,main,main,16,True,legacy,first,conf,3.232937275490467,2.4647342004852564,4.056196541726349,0.4090420985238124,0.0,400,129,32,239,33,2.265969553555309,4.352893926597222,6.824403176066688e-15
drax,,ls-dev-other,main,main,16,True,whisper,first,conf,3.0336157420060124,2.2341469342042672,3.908170094477907,0.41871310501673353,0.0,400,134,36,230,33,2.0302410456225943,4.18291508416869,2.7103556891812283e-13
drax,,ls-dev-other,main,main,16,True,legacy,rover_freq,rover_cg,-0.12434374136501795,-0.3382335532272325,0.08492606064024699,0.11087083536506966,0.8865,400,18,21,361,33,-0.35216508116151135,0.07711440375450666,0.3262760391985431
drax,,ls-dev-other,main,main,16,True,whisper,rover_freq,rover_cg,-0.013664935774801858,-0.1556778195814381,0.13457410873640183,0.0750750485818467,0.608,400,13,15,372,33,-0.17999136390452702,0.1422033639116666,0.8574624419592412
drax,,ls-dev-other,main,ref,4,True,legacy,conf,rover_cg,0.06907985631389886,-0.20308550494802668,0.34428598753990547,0.13982593997644235,0.324,400,30,22,348,33,-0.2573869308048602,0.3519534500269615,0.42934416315838864
drax,,ls-dev-other,main,ref,4,True,whisper,conf,rover_cg,0.027329871549603715,-0.22500533100519884,0.2939860690022686,0.13254329742972096,0.422,400,29,26,345,33,-0.2963963155896348,0.31851275179427524,0.85771055283192
drax,,ls-dev-other,main,ref,4,True,legacy,mbr,rover_cg,-0.013815971262779773,-0.20807608629165972,0.1882156818691029,0.10117426895875671,0.5655,400,18,20,362,33,-0.2311180418339442,0.19334882798629455,0.9056536969136655
drax,,ls-dev-other,main,ref,4,True,whisper,mbr,rover_cg,-0.013664935774801858,-0.19693360952606456,0.17193727245437093,0.09409293048527845,0.5665,400,17,18,365,33,-0.20644177798739732,0.17896642169897944,0.8858640251089958
drax,,ls-dev-other,main,ref,4,True,legacy,cm05,rover_cg,0.0,-0.21157586276228937,0.20954114495469117,0.10783250189320762,0.519,400,20,22,358,33,-0.24131108054763245,0.24262973739613294,0.9729123120625321
drax,,ls-dev-other,main,ref,4,True,whisper,cm05,rover_cg,-0.05465974309920743,-0.2545808798022815,0.16391594992662797,0.10784359817363996,0.7085,400,21,24,355,33,-0.3192432597304901,0.18891603891885372,0.6027877664555961
drax,,ls-dev-other,main,ref,4,True,legacy,conf,rover_c,0.08289582757667864,-0.191443176037215,0.35326576801553977,0.14194683805492125,0.276,400,28,19,353,33,-0.22435699190763364,0.3636481853647003,0.3347242218815524
drax,,ls-dev-other,main,ref,4,True,whisper,conf,rover_c,0.10931948619841486,-0.1281580411327708,0.3686068316518645,0.12635258803673174,0.1985,400,26,18,356,33,-0.16432286209261157,0.3651534260523453,0.3485773442470189
drax,,ls-dev-other,main,ref,4,True,legacy,conf,rover_freq,0.11052777010223819,-0.15619246263741313,0.3832759976332071,0.14094848737795895,0.2185,400,29,18,353,33,-0.18545797190032737,0.38509735188277033,0.24113602143842927
drax,,ls-dev-other,main,ref,4,True,whisper,conf,rover_freq,0.12298442197321673,-0.12443659369867692,0.388090252114642,0.12955802373276784,0.169,400,27,17,356,33,-0.15973252228460025,0.3804841424889847,0.26718933970338643
drax,,ls-dev-other,main,ref,4,True,legacy,first,rover_cg,0.22105554020447638,-0.05432938161404133,0.4897459664128608,0.140248514585558,0.068,400,35,25,340,33,-0.11300791484172823,0.5549207575739327,0.08442483476033202
drax,,ls-dev-other,main,ref,4,True,whisper,first,rover_cg,0.20497403662202787,-0.042111206032017234,0.44888433086900725,0.12973504500371685,0.0685,400,32,23,345,33,-0.14217082409824155,0.5171680905179367,0.10525240867141447
drax,,ls-dev-other,main,ref,4,True,legacy,conf,mbr,0.08289582757667864,-0.16630404271586,0.32918850170300795,0.12738342879460834,0.2725,400,23,16,361,33,-0.18527556048667926,0.3092978997924223,0.3313870962476151
drax,,ls-dev-other,main,ref,4,True,whisper,conf,mbr,0.04099480732440557,-0.17416044823425647,0.27099446241935166,0.11365594889018363,0.3855,400,20,16,364,33,-0.19740146329040678,0.23887807793362556,0.6859390430693006
drax,,ls-dev-other,main,ref,4,True,legacy,first,conf,0.1519756838905775,-0.15045884410266258,0.48145265085339467,0.15958660787861462,0.1845,400,24,22,354,33,-0.22611334036456437,0.48782467439630217,0.4434956441458189
drax,,ls-dev-other,main,ref,4,True,whisper,first,conf,0.17764416507242417,-0.09541946259592882,0.4646629445063444,0.14323979475046172,0.1145,400,24,19,357,33,-0.22288667055150974,0.5178660744548901,0.2684475788428362
drax,,ls-dev-other,main,ref,4,True,legacy,rover_freq,rover_cg,-0.04144791378833932,-0.18961423794550214,0.09868226080500615,0.07484383405749333,0.738,400,13,16,371,33,-0.19253467651028955,0.10725323976608957,0.5774686624272996
drax,,ls-dev-other,main,ref,4,True,whisper,rover_freq,rover_cg,-0.09565455042361301,-0.2246569665873897,0.014063115695636494,0.06308639137468494,0.9615,400,6,12,382,33,-0.21469034624107167,0.0,0.12663045794761726
drax,,ls-tc-babble0,lowT,lowT,16,True,legacy,conf,rover_cg,0.36185060739209096,-1.3158061292471686,1.8203134108402923,0.8001430389587484,0.319,200,69,33,98,40,-1.1764705882352942,1.7097373028669316,0.01059665069596307
drax,,ls-tc-babble0,lowT,lowT,16,True,whisper,conf,rover_cg,0.3067484662576687,-1.3752558312475798,1.7445497832652646,0.8084409434779669,0.341,200,67,32,101,40,-1.3734479587814903,1.7562725757439241,0.01089026349690897
drax,,ls-tc-babble0,lowT,lowT,16,True,legacy,mbr,rover_cg,1.059705350219695,0.5312995122211739,1.5760451999177716,0.2731547515688321,0.0005,200,47,20,133,40,0.5143618789734107,1.6002144772117952,0.000201431539260038
drax,,ls-tc-babble0,lowT,lowT,16,True,whisper,mbr,rover_cg,0.9458077709611452,0.4212525857366516,1.4144247934570513,0.25467715499234783,0.0005,200,44,16,140,40,0.35997777475138754,1.5105548386042857,0.000498346556146888
drax,,ls-tc-babble0,lowT,lowT,16,True,legacy,cm05,rover_cg,0.8270871026104937,-0.47217470406838036,1.8028056579808016,0.5926133512141969,0.094,200,54,23,123,40,-0.5845104724792985,1.931728800205323,0.0002823089212585098
drax,,ls-tc-babble0,lowT,lowT,16,True,whisper,cm05,rover_cg,0.6390593047034765,-0.6563527429611883,1.5803878644641292,0.5819764244357483,0.139,200,49,20,131,40,-0.7939314750290359,1.6827622071784014,0.0009476086508494064
drax,,ls-tc-babble0,lowT,lowT,16,True,legacy,conf,rover_c,0.4652364952184027,-1.1951981548076558,1.8922201610895615,0.7987187829001828,0.274,200,71,31,98,40,-1.096702905505582,1.8159895741036083,0.004427470014438596
drax,,ls-tc-babble0,lowT,lowT,16,True,whisper,conf,rover_c,0.434560327198364,-1.2195820678604035,1.8962372101569165,0.8070391828028841,0.2905,200,69,30,101,40,-1.254279025011176,1.8755409690163178,0.004156578753289236
drax,,ls-tc-babble0,lowT,lowT,16,True,legacy,conf,rover_freq,0.41354355130524684,-1.3011988920323119,1.8464108910891077,0.8072773370922923,0.2955,200,68,28,104,40,-1.241101205300592,1.9090584186500366,0.008302492601576214
drax,,ls-tc-babble0,lowT,lowT,16,True,whisper,conf,rover_freq,0.5368098159509203,-1.1504358296665635,1.9889968523695845,0.8112144335176945,0.247,200,69,27,104,40,-1.0575850532267623,1.9583844082448443,0.003461772064554899
drax,,ls-tc-babble0,lowT,lowT,16,True,legacy,first,rover_cg,-0.36185060739209096,-2.608898821617229,1.5876590876590857,1.0720501943854497,0.619,200,78,41,81,40,-2.2405499511345375,1.4138717857519092,0.05184558287223297
drax,,ls-tc-babble0,lowT,lowT,16,True,whisper,first,rover_cg,-0.4601226993865031,-2.679994381816204,1.4875867761826453,1.054347887451376,0.6525,200,75,40,85,40,-2.3812564821572617,1.3551551342224697,0.04772622149390097
drax,,ls-tc-babble0,lowT,lowT,16,True,legacy,conf,mbr,-0.6978547428276041,-2.5486091768274717,0.8881376920828652,0.8822257591874976,0.7765,200,59,35,106,40,-2.4695859394611457,0.8729627020708588,0.30039504201947176
drax,,ls-tc-babble0,lowT,lowT,16,True,whisper,conf,mbr,-0.6390593047034765,-2.5039552427133613,0.9505798590175871,0.8858705041860198,0.751,200,58,36,106,40,-2.4326416536954327,0.8908501916502077,0.2646146595477472
drax,,ls-tc-babble0,lowT,lowT,16,True,legacy,first,conf,-0.7237012147841819,-2.449778939479399,0.8848316983482034,0.8634948947781735,0.791,200,57,45,98,40,-2.46518752727317,0.9400827641530166,0.6671878613915492
drax,,ls-tc-babble0,lowT,lowT,16,True,whisper,first,conf,-0.7668711656441718,-2.5037589986662825,0.8091681124618437,0.8647912971403724,0.8045,200,58,47,95,40,-2.4954063000214526,0.8761748283190796,0.5778208468224049
drax,,ls-tc-babble0,lowT,lowT,16,True,legacy,rover_freq,rover_cg,-0.051692943913155855,-0.46049396998004455,0.3508224158509766,0.20350492551644936,0.633,200,19,24,157,40,-0.40955307507937105,0.3491874490599376,0.7088509668153167
drax,,ls-tc-babble0,lowT,lowT,16,True,whisper,rover_freq,rover_cg,-0.23006134969325154,-0.5652729772248762,0.09927794918183716,0.16667662017176363,0.9295,200,14,24,162,40,-0.5851867084306254,0.11483130746959036,0.15985367483762747
drax,,ls-tc-babble0,main,main,16,True,legacy,conf,rover_cg,5.956875576810135,4.96306813652813,6.972869965764229,0.5059793914371171,0.0,600,343,77,180,40,4.591091226292786,7.150083757266039,6.450877901466818e-33
drax,,ls-tc-babble0,main,main,16,True,whisper,conf,rover_cg,6.1735585323238205,5.209938908633825,7.1365972888230775,0.49152171797657357,0.0,600,341,78,181,40,4.869391136083846,7.30934867406789,7.93503265745299e-35
drax,,ls-tc-babble0,main,main,16,True,legacy,mbr,rover_cg,4.270492490980787,3.752106373882399,4.804724667921553,0.27104119708170393,0.0,600,278,49,273,40,3.6232067400935137,4.919034999705364,8.482388068681838e-38
drax,,ls-tc-babble0,main,main,16,True,whisper,mbr,rover_cg,4.667609618104668,4.141496922456961,5.21728570714661,0.27244962773365083,0.0,600,294,41,265,40,4.0408201800023065,5.300959070272959,1.857911434795957e-42
drax,,ls-tc-babble0,main,main,16,True,legacy,cm05,rover_cg,4.304052353385351,3.5269095106561594,5.07550784157187,0.3853377043918108,0.0,600,307,72,221,40,3.528289821653077,5.129767585239718,1.317898739991165e-29
drax,,ls-tc-babble0,main,main,16,True,whisper,cm05,rover_cg,4.5844080206339965,3.810563325767638,5.312429777327345,0.3834598625594126,0.0,600,304,68,228,40,3.7702257140359783,5.452575409672018,2.8272887087820297e-31
drax,,ls-tc-babble0,main,main,16,True,legacy,conf,rover_c,5.956875576810135,4.967239863339544,6.966599528462976,0.506627600087313,0.0,600,342,77,181,40,4.596964374620074,7.1496668536039385,7.389478912316839e-33
drax,,ls-tc-babble0,main,main,16,True,whisper,conf,rover_c,6.181878692070888,5.216066896389453,7.150588226426582,0.4911095295912909,0.0,600,339,76,185,40,4.871134526484259,7.3170913151476125,5.065965081695487e-35
drax,,ls-tc-babble0,main,main,16,True,legacy,conf,rover_freq,6.8629918617333665,5.840380845202182,7.864450145892447,0.5171469843436405,0.0,600,366,66,168,40,5.455643092623457,8.101809876166856,5.050061639303283e-39
drax,,ls-tc-babble0,main,main,16,True,whisper,conf,rover_freq,6.764289874365588,5.754580444707504,7.741196593100744,0.5106389972567639,0.0,600,361,65,174,40,5.40045929299057,7.970998400216041,1.0188700729738255e-38
drax,,ls-tc-babble0,main,main,16,True,legacy,first,rover_cg,16.93934054870375,15.441680577818273,18.53043601750386,0.7958736378852754,0.0,600,475,31,94,40,15.031697140053518,18.890778282568938,1.3604350535037617e-73
drax,,ls-tc-babble0,main,main,16,True,whisper,first,rover_cg,17.031367002246444,15.559972069045592,18.5342179291943,0.7769529921301931,0.0,600,478,33,89,40,15.344556511063146,18.85677196199077,1.939781051562018e-74
drax,,ls-tc-babble0,main,main,16,True,legacy,conf,mbr,1.686383085829348,0.6371268939571987,2.707437101820239,0.5281242378150856,0.001,600,217,107,276,40,0.39713992392839215,2.805142390389362,6.907224665677142e-07
drax,,ls-tc-babble0,main,main,16,True,whisper,conf,mbr,1.5059489142191531,0.4590164768817014,2.523846289632882,0.523243019957005,0.0025,600,213,110,277,40,0.21569540152106004,2.597608528439075,3.721546386469477e-06
drax,,ls-tc-babble0,main,main,16,True,legacy,first,conf,10.982464971893615,9.412085819783888,12.598462341990114,0.8195801039588105,0.0,600,362,92,146,40,8.915259579287152,13.155185692957017,2.0894703492979522e-39
drax,,ls-tc-babble0,main,main,16,True,whisper,first,conf,10.857808469922622,9.306360674380162,12.443951588505234,0.8075041949771087,0.0,600,358,94,148,40,8.894294406849939,12.914920437261491,8.890853914116403e-39
drax,,ls-tc-babble0,main,main,16,True,legacy,rover_freq,rover_cg,-0.9061162849232318,-1.2741787455105182,-0.5391892581181589,0.18655702078477818,1.0,600,96,160,344,40,-1.2996405326105915,-0.5271375608264885,3.04355250209841e-06
drax,,ls-tc-babble0,main,main,16,True,whisper,rover_freq,rover_cg,-0.5907313420417672,-0.8472461704783272,-0.33838226426238444,0.13128649588509939,1.0,600,54,110,436,40,-0.8814208775577489,-0.29813509479392725,6.193385128005263e-06
drax,,ls-tc-babble0,main,ref,4,True,legacy,conf,rover_cg,0.41110831445591073,-0.23625253360542772,1.0405108376598207,0.31925089880749274,0.1025,600,170,112,318,40,-0.2030762152111507,0.9799818637780873,0.0027689278583608256
drax,,ls-tc-babble0,main,ref,4,True,whisper,conf,rover_cg,-0.016640319494134286,-0.6356097229746842,0.6005947249837719,0.3189791111205984,0.536,600,166,129,305,40,-0.6156340759863558,0.5496501036069354,0.11804576006259011
drax,,ls-tc-babble0,main,ref,4,True,legacy,mbr,rover_cg,0.9396761473277959,0.6068948461889367,1.2914230981409465,0.1727806910367083,0.0,600,147,83,370,40,0.570586966766169,1.3026493319683023,2.1833871283230378e-07
drax,,ls-tc-babble0,main,ref,4,True,whisper,mbr,rover_cg,0.6156918212829686,0.30742472187170045,0.9279812853809333,0.15855371000160326,0.0,600,129,78,393,40,0.2890713312825454,0.9269411664484655,0.00017522714294345335
drax,,ls-tc-babble0,main,ref,4,True,legacy,cm05,rover_cg,0.7886567665072574,0.37591947942547266,1.2077128728025095,0.21542137762154484,0.0,600,151,79,370,40,0.4778541196417413,1.092733136473283,6.004964054715421e-06
drax,,ls-tc-babble0,main,ref,4,True,whisper,cm05,rover_cg,0.44096846659455863,-0.0001992349378386881,0.8751782347992549,0.22296718358276874,0.026,600,146,97,357,40,0.13791165385673357,0.7598915311225669,0.008887792239299492
drax,,ls-tc-babble0,main,ref,4,True,legacy,conf,rover_c,0.41949828005705175,-0.2184916167562274,1.049298941950352,0.318181428224008,0.0955,600,167,110,323,40,-0.19550901946852292,0.9995306568746385,0.0025113823021280153
drax,,ls-tc-babble0,main,ref,4,True,whisper,conf,rover_c,0.0,-0.6255885300335402,0.6168128801059356,0.3180406256699981,0.5135,600,163,125,312,40,-0.5935670061806563,0.5705252196155742,0.10957139332539678
drax,,ls-tc-babble0,main,ref,4,True,legacy,conf,rover_freq,0.4950079704673211,-0.16231551582897308,1.1272376027585784,0.32889552629831076,0.068,600,168,110,322,40,-0.10639932565221799,1.0646109223424514,0.0024361445665666086
drax,,ls-tc-babble0,main,ref,4,True,whisper,conf,rover_freq,0.40768782760629,-0.2209296533321958,1.0325952232971056,0.32403764168312255,0.1035,600,175,112,313,40,-0.20554926603002174,0.9848117897402344,0.0021200217547963965
drax,,ls-tc-babble0,main,ref,4,True,legacy,first,rover_cg,0.5872975920798724,-0.059128422455432025,1.247758282637191,0.32770081941770507,0.0425,600,193,112,295,40,0.12186691077580157,1.0635668594030538,0.00014309894789818971
drax,,ls-tc-babble0,main,ref,4,True,whisper,first,rover_cg,0.2496047924120143,-0.3798440082714136,0.8926557561174564,0.32165104590096366,0.22,600,170,102,328,40,-0.21329310548366778,0.6831731142665073,0.002938753433505754
drax,,ls-tc-babble0,main,ref,4,True,legacy,conf,mbr,-0.5285678328718852,-1.2634760921537664,0.18157494163310806,0.3702681711898916,0.923,600,120,111,369,40,-1.2711723134130841,0.1799328313835277,0.9595023685373142
drax,,ls-tc-babble0,main,ref,4,True,whisper,conf,mbr,-0.6323321407771029,-1.3444581488548493,0.04983284250673097,0.3602615745145008,0.9655,600,120,115,365,40,-1.3634830044981552,0.07812992912931857,0.9788263257861755
drax,,ls-tc-babble0,main,ref,4,True,legacy,first,conf,0.17618927762396175,-0.37353952492297976,0.7426456957159252,0.28394169538310465,0.26,600,130,113,357,40,-0.341932776545467,0.7214220962632161,0.2952598087681325
drax,,ls-tc-babble0,main,ref,4,True,whisper,first,conf,0.2662451119061486,-0.26856872213346333,0.8078726665507137,0.27495496477437825,0.157,600,133,112,355,40,-0.2603229022690945,0.8261064643762519,0.16560641233608886
drax,,ls-tc-babble0,main,ref,4,True,legacy,rover_freq,rover_cg,-0.08389965601141035,-0.3308810901338933,0.16257581799483703,0.12458458247163942,0.775,600,67,80,453,40,-0.31493173279445674,0.13074806283222462,0.5114398572382088
drax,,ls-tc-babble0,main,ref,4,True,whisper,rover_freq,rover_cg,-0.4243281471004243,-0.6091456933137959,-0.23656748462058638,0.09405103333219726,1.0,600,26,70,504,40,-0.6213366986834428,-0.2441799555642671,9.021948105412085e-06
drax,,ls-tc-babble10,lowT,lowT,16,True,legacy,conf,rover_cg,0.41354355130524684,0.025471122374578825,0.7994120920513682,0.19952714233152025,0.023,200,25,14,161,40,0.027420060719689835,0.8191508095867934,0.036426538627777415
drax,,ls-tc-babble10,lowT,lowT,16,True,whisper,conf,rover_cg,0.5112474437627812,0.09732731415535398,0.9121263214343611,0.2052229558274358,0.0085,200,26,13,161,40,0.09676860835357193,0.9538016657240129,0.012307990330256362
drax,,ls-tc-babble10,lowT,lowT,16,True,legacy,mbr,rover_cg,0.10338588782631171,-0.026393583955113317,0.24753395641993545,0.07193254480913511,0.1045,200,6,2,192,40,-0.02732502720250353,0.24346110916058494,0.15729920705028505
drax,,ls-tc-babble10,lowT,lowT,16,True,whisper,mbr,rover_cg,0.20449897750511248,0.026830871789093425,0.4032487227957531,0.09582723145081809,0.014,200,9,2,189,40,0.050979769420821275,0.3644706609274898,0.032509444645719525
drax,,ls-tc-babble10,lowT,lowT,16,True,legacy,cm05,rover_cg,0.10338588782631171,-0.026783090568478166,0.2467101032611467,0.07176856787072597,0.0975,200,6,2,192,40,-0.04970333510259666,0.26022015312259095,0.15729920705028505
drax,,ls-tc-babble10,lowT,lowT,16,True,whisper,cm05,rover_cg,0.15337423312883436,0.0,0.3125396381976321,0.08065758924910224,0.03,200,8,2,190,40,0.023125001466417335,0.30529386453202,0.05777957112359726
drax,,ls-tc-babble10,lowT,lowT,16,True,legacy,conf,rover_c,0.41354355130524684,0.02643929327683654,0.8117809764426828,0.19945621480882117,0.0195,200,24,12,164,40,0.025726199222366717,0.8112484460954611,0.03992740622142903
drax,,ls-tc-babble10,lowT,lowT,16,True,whisper,conf,rover_c,0.434560327198364,0.05055969770358298,0.8455409010054885,0.20341645031597338,0.0185,200,23,13,164,40,0.02473869724823402,0.8859991152922421,0.02721635763876779
drax,,ls-tc-babble10,lowT,lowT,16,True,legacy,conf,rover_freq,0.36185060739209096,-0.05121934706991247,0.7808986148028157,0.20892712994450652,0.0435,200,23,14,163,40,-0.04994860202067194,0.792410081315767,0.07500818392854484
drax,,ls-tc-babble10,lowT,lowT,16,True,whisper,conf,rover_freq,0.35787321063394684,-0.054863210429903275,0.7872051285538438,0.2136033085729005,0.048,200,21,14,165,40,-0.05636148553995579,0.8146296495241464,0.07226673626558017
drax,,ls-tc-babble10,lowT,lowT,16,True,legacy,first,rover_cg,0.6203153269578703,0.2383380043963825,1.0565586891001593,0.21188451841902686,0.001,200,22,9,169,40,0.2773689818844356,1.0038868699007837,0.003862120381239021
drax,,ls-tc-babble10,lowT,lowT,16,True,whisper,first,rover_cg,0.7413087934560327,0.3213618700157641,1.1898702563038326,0.2254600333749494,0.0005,200,24,7,169,40,0.32420456750090076,1.1685276551545054,0.001322612653139202
drax,,ls-tc-babble10,lowT,lowT,16,True,legacy,conf,mbr,0.31015766347893514,-0.0793451386680901,0.7108074137540812,0.20195816183835635,0.07,200,21,15,164,40,-0.07539867465533087,0.7274137418426446,0.10340484330658413
drax,,ls-tc-babble10,lowT,lowT,16,True,whisper,conf,mbr,0.3067484662576687,-0.080045362513761,0.6935998080549172,0.19875549759075395,0.068,200,20,15,165,40,-0.05155574189505378,0.7006309250529681,0.10056594577634716
drax,,ls-tc-babble10,lowT,lowT,16,True,legacy,first,conf,0.20677177565262342,-0.2568334927685815,0.7125435271553435,0.24881759953472676,0.2165,200,21,17,162,40,-0.24125421382805348,0.6611730558143569,0.5773830544494964
drax,,ls-tc-babble10,lowT,lowT,16,True,whisper,first,conf,0.23006134969325154,-0.24957979442832373,0.7510095134736783,0.26376416617271925,0.196,200,22,18,160,40,-0.23888216560509554,0.688216470622567,0.5026749865155679
drax,,ls-tc-babble10,lowT,lowT,16,True,legacy,rover_freq,rover_cg,0.051692943913155855,-0.10562590018902879,0.20487475438009833,0.08151784772196694,0.327,200,6,4,190,40,-0.1328471406367644,0.2203669288619063,0.5270892568655381
drax,,ls-tc-babble10,lowT,lowT,16,True,whisper,rover_freq,rover_cg,0.15337423312883436,0.025405376462146564,0.2911016045649207,0.07132816594859423,0.0155,200,7,1,192,40,0.02521704457635201,0.29561995370753835,0.03389485352468924
drax,,ls-tc-babble10,main,main,16,True,legacy,conf,rover_cg,1.1913751153620271,0.852022846565258,1.5221161485472832,0.17054121066140018,0.0,600,122,38,440,40,0.842711284136998,1.5699667032127111,3.860791265033423e-12
drax,,ls-tc-babble10,main,main,16,True,whisper,conf,rover_cg,1.0816207671187288,0.7642354415469197,1.3864705914081619,0.15836697283951992,0.0,600,118,44,438,40,0.7619469289291887,1.403295031498157,9.371359504584926e-11
drax,,ls-tc-babble10,main,main,16,True,legacy,mbr,rover_cg,0.025169896803423106,-0.12656622892854968,0.18427351470281275,0.08025645782523724,0.411,600,34,33,533,40,-0.13033011417399415,0.19806672910952589,0.8177107095194536
drax,,ls-tc-babble10,main,main,16,True,whisper,mbr,rover_cg,0.09984191696480572,-0.06059450865615353,0.2755380994015332,0.0853557440232757,0.1295,600,35,29,536,40,-0.057946409747474656,0.28265848197812404,0.24137484607406534
drax,,ls-tc-babble10,main,main,16,True,legacy,cm05,rover_cg,0.3355986240456414,0.11617317403018715,0.5379055138263824,0.1065906636268667,0.001,600,60,31,509,40,0.08209840403694521,0.6008192526409579,0.0024383654267110203
drax,,ls-tc-babble10,main,main,16,True,whisper,cm05,rover_cg,0.37440718861802147,0.14711713360220047,0.5834964685716434,0.11182256851795416,0.0005,600,64,36,500,40,0.13864897551393401,0.6327169895039788,0.0010827342567163577
drax,,ls-tc-babble10,main,main,16,True,legacy,conf,rover_c,1.2333249433677322,0.9039537187275497,1.5630284062132753,0.16654154416850547,0.0,600,118,28,454,40,0.8911504355960033,1.5894260026400122,9.229170599682702e-14
drax,,ls-tc-babble10,main,main,16,True,whisper,conf,rover_c,1.1731425243364673,0.8624899975254103,1.4690661179861975,0.15358096939849203,0.0,600,117,32,451,40,0.8507897638553116,1.4840127554029268,4.858944407828491e-13
drax,,ls-tc-babble10,main,main,16,True,legacy,conf,rover_freq,1.2333249433677322,0.8804272614209161,1.5762110628618113,0.1785193307969572,0.0,600,116,32,452,40,0.894572362556591,1.5765134697468235,8.482691425931813e-13
drax,,ls-tc-babble10,main,main,16,True,whisper,conf,rover_freq,1.156502204842333,0.8286783676154853,1.4640848281075314,0.1616634341829321,0.0,600,118,32,450,40,0.8438480842019046,1.4675186409907282,1.996894509133395e-12
drax,,ls-tc-babble10,main,main,16,True,legacy,first,rover_cg,4.010403557345415,3.495104176524334,4.52081818472398,0.2645640973323913,0.0,600,260,25,315,40,3.463234700292172,4.625386208098211,3.6609872672387884e-40
drax,,ls-tc-babble10,main,main,16,True,whisper,first,rover_cg,3.8355936433979534,3.3512903314363167,4.327313669168044,0.2453682598277388,0.0,600,251,20,329,40,3.3344294517299375,4.389398748620669,9.141389687373436e-41
drax,,ls-tc-babble10,main,main,16,True,legacy,conf,mbr,1.1662052185586038,0.8262222333275031,1.5038534520632716,0.17458943117166117,0.0,600,109,30,461,40,0.8242696220921844,1.5083567396327602,1.312639772534298e-11
drax,,ls-tc-babble10,main,main,16,True,whisper,conf,mbr,0.981778850153923,0.6604516491649355,1.2882120497680027,0.1572337387613185,0.0,600,109,35,456,40,0.6300929308004152,1.3249073940496927,2.224134286510933e-09
drax,,ls-tc-babble10,main,main,16,True,legacy,first,conf,2.819028441983388,2.3212228852487726,3.343602198630915,0.26272698422611274,0.0,600,217,55,328,40,2.271596089706888,3.446819909389361,1.16200958638001e-23
drax,,ls-tc-babble10,main,main,16,True,whisper,first,conf,2.7539728762792244,2.2732994037163023,3.2620289822984816,0.25370966384294386,0.0,600,216,51,333,40,2.272665165911193,3.3257763079409357,1.6314727139355016e-24
drax,,ls-tc-babble10,main,main,16,True,legacy,rover_freq,rover_cg,-0.041949828005705174,-0.1839264736945085,0.0913173779424899,0.07041988480616793,0.7485,600,29,32,539,40,-0.1757665051939318,0.10155739881970535,0.5525702328624491
drax,,ls-tc-babble10,main,main,16,True,whisper,rover_freq,rover_cg,-0.0748814377236043,-0.18954212965972655,0.0335166722789467,0.058033266378395135,0.919,600,16,26,558,40,-0.1868497176516344,0.034058425143370465,0.2128185547837116
drax,,ls-tc-babble10,main,ref,4,True,legacy,conf,rover_cg,0.17618927762396175,-0.008360859632492756,0.3746376698050102,0.09790327150765935,0.035,600,43,30,527,40,-0.03356839165969246,0.38948995946956544,0.08450922886876196
drax,,ls-tc-babble10,main,ref,4,True,whisper,conf,rover_cg,0.09984191696480572,-0.09042532547056908,0.2963054525477269,0.09688239884512796,0.1555,600,42,39,519,40,-0.09486644789234566,0.29393091072551786,0.36543746826651646
drax,,ls-tc-babble10,main,ref,4,True,legacy,mbr,rover_cg,-0.05033979360684621,-0.18418023575048936,0.08976318181915495,0.06983854864000903,0.776,600,27,32,541,40,-0.168799537276174,0.07858632857863096,0.4656427708491019
drax,,ls-tc-babble10,main,ref,4,True,whisper,mbr,rover_cg,-0.06656127797653714,-0.19126624265832282,0.06535743153534444,0.0654765224826361,0.8505,600,22,29,549,40,-0.17883694879984804,0.04174023408416495,0.30122453659661774
drax,,ls-tc-babble10,main,ref,4,True,legacy,cm05,rover_cg,-0.12584948401711554,-0.250772485743142,0.0,0.06525632599714805,0.976,600,18,31,551,40,-0.27856507796804386,0.008494968046250646,0.0547783175990755
drax,,ls-tc-babble10,main,ref,4,True,whisper,cm05,rover_cg,-0.16640319494134287,-0.29540984867614734,-0.02622518793999645,0.06796432916122293,0.994,600,20,39,541,40,-0.29481794282889706,-0.03969443275406875,0.01543286056922945
drax,,ls-tc-babble10,main,ref,4,True,legacy,conf,rover_c,0.27686886483765416,0.10024034478743522,0.45963297772252515,0.09148880923491493,0.0,600,41,18,541,40,0.07447586186376375,0.4830937655404547,0.0030337222712069276
drax,,ls-tc-babble10,main,ref,4,True,whisper,conf,rover_c,0.19968383392961145,0.026195851273235524,0.38631238340120594,0.09092961619936434,0.0135,600,38,24,538,40,0.008798897265662103,0.39086564682060954,0.03816760088496637
drax,,ls-tc-babble10,main,ref,4,True,legacy,conf,rover_freq,0.2600889336353721,0.08578077540423582,0.442388421801229,0.090120481717404,0.0025,600,45,22,533,40,0.06710437866091348,0.446705524446836,0.005151237988530718
drax,,ls-tc-babble10,main,ref,4,True,whisper,conf,rover_freq,0.2080039936766786,0.042561787576757944,0.38161898811476647,0.08634593597044947,0.007,600,38,23,539,40,0.03306039409762814,0.3895350731457975,0.02010208747228576
drax,,ls-tc-babble10,main,ref,4,True,legacy,first,rover_cg,0.3607685208490645,0.15582771262916728,0.5674661635986131,0.10765159588606751,0.0005,600,59,32,509,40,0.12241048603868437,0.6341629073308559,0.0009449870243855433
drax,,ls-tc-babble10,main,ref,4,True,whisper,first,rover_cg,0.3078459106414843,0.1271151467716549,0.49163674371271915,0.09214587403416924,0.0,600,48,26,526,40,0.10126925126235954,0.5307504734707863,0.0011592328481515913
drax,,ls-tc-babble10,main,ref,4,True,legacy,conf,mbr,0.22652907123080795,0.05004311518470413,0.4081350331945691,0.0930885959728493,0.0065,600,40,22,538,40,0.03364745506349473,0.41957010099124936,0.020797377188569766
drax,,ls-tc-babble10,main,ref,4,True,whisper,conf,mbr,0.16640319494134287,-0.008694329284157849,0.3494257504966614,0.09183771018887844,0.0375,600,35,25,540,40,-0.03420536824215225,0.35959609139202037,0.10334953729439318
drax,,ls-tc-babble10,main,ref,4,True,legacy,first,conf,0.18457924322510277,-0.040580621852394645,0.4167653908478277,0.11539206928320508,0.0585,600,52,36,512,40,-0.07038298722202815,0.4521425177818733,0.11411915780557041
drax,,ls-tc-babble10,main,ref,4,True,whisper,first,conf,0.2080039936766786,-0.01660162662167633,0.4186564447394906,0.11471446994729627,0.0355,600,51,32,517,40,-0.025160983716988543,0.45311969379431544,0.0697761906404136
drax,,ls-tc-babble10,main,ref,4,True,legacy,rover_freq,rover_cg,-0.08389965601141035,-0.19961036181116643,0.024919549393792553,0.05611621017933517,0.948,600,17,27,556,40,-0.20023110006212483,0.03379627317352033,0.13166801602281422
drax,,ls-tc-babble10,main,ref,4,True,whisper,rover_freq,rover_cg,-0.10816207671187286,-0.19334804046085058,-0.024790827806184256,0.04238283239782411,0.9975,600,7,20,573,40,-0.1889101930608083,-0.02465763575852472,0.01235458501787194
drax,,ls-tc-babble5,lowT,lowT,16,True,legacy,conf,rover_cg,0.8012406306539157,0.2777146985962015,1.3389902564573948,0.27431752137155146,0.0025,200,38,20,142,40,0.22526596184011255,1.3845902307124118,0.005010088108075834
drax,,ls-tc-babble5,lowT,lowT,16,True,whisper,conf,rover_cg,0.7668711656441718,0.2610391698965885,1.2951042078137047,0.26666062857341855,0.004,200,38,20,142,40,0.24080922577966526,1.30070934580525,0.00826535716009647
drax,,ls-tc-babble5,lowT,lowT,16,True,legacy,mbr,rover_cg,0.0,-0.2513329618591431,0.27510884450611706,0.13401051525805055,0.541,200,12,13,175,40,-0.2744106593349561,0.2905424608766016,1.0
drax,,ls-tc-babble5,lowT,lowT,16,True,whisper,mbr,rover_cg,-0.05112474437627812,-0.34501844384365116,0.24612658435598447,0.15166604882037604,0.6625,200,9,13,178,40,-0.34318901795142553,0.24007059137569353,0.6219484783805422
drax,,ls-tc-babble5,lowT,lowT,16,True,legacy,cm05,rover_cg,0.18092530369604548,-0.10970729176714895,0.47692127928158246,0.1519143622762231,0.137,200,19,13,168,40,-0.1323194604025703,0.4934583610697073,0.23672357063785732
drax,,ls-tc-babble5,lowT,lowT,16,True,whisper,cm05,rover_cg,0.10224948875255624,-0.2462193632804325,0.4352663323448332,0.17457856095012894,0.3185,200,17,15,168,40,-0.20813556374859737,0.4126582943319947,0.6280145973073361
drax,,ls-tc-babble5,lowT,lowT,16,True,legacy,conf,rover_c,0.8012406306539157,0.2506445060753355,1.3566840076866433,0.2826108172772741,0.0025,200,36,17,147,40,0.21526361480153913,1.4000208896534774,0.008129349872823237
drax,,ls-tc-babble5,lowT,lowT,16,True,whisper,conf,rover_c,0.843558282208589,0.32712845559239234,1.3754983781592103,0.268384406581709,0.0015,200,38,16,146,40,0.32537520060666986,1.3774556613773858,0.003027003381297434
drax,,ls-tc-babble5,lowT,lowT,16,True,legacy,conf,rover_freq,0.8012406306539157,0.2612242970440858,1.3517250359751185,0.2797608809818679,0.0035,200,36,15,149,40,0.20691063780005992,1.4237104118132435,0.009373209976717183
drax,,ls-tc-babble5,lowT,lowT,16,True,whisper,conf,rover_freq,0.869120654396728,0.34533811165231987,1.4040188058702099,0.27123337959544586,0.001,200,37,15,148,40,0.31535568679954934,1.4484406557467178,0.002695617140075434
drax,,ls-tc-babble5,lowT,lowT,16,True,legacy,first,rover_cg,1.033858878263117,0.4671593536534015,1.5641794775211566,0.28146591052546566,0.0,200,45,16,139,40,0.5872529950669486,1.5023795129233057,0.00047629989121313727
drax,,ls-tc-babble5,lowT,lowT,16,True,whisper,first,rover_cg,0.9969325153374233,0.45939055929828027,1.4954533025779801,0.26274318571921274,0.0005,200,46,16,138,40,0.6021942777322296,1.4226844819513278,0.00026895499859331076
drax,,ls-tc-babble5,lowT,lowT,16,True,legacy,conf,mbr,0.8012406306539157,0.23710457525115392,1.3797526223686063,0.2865051917383004,0.004,200,35,16,149,40,0.20958378418070958,1.4052346868093804,0.010096873771995354
drax,,ls-tc-babble5,lowT,lowT,16,True,whisper,conf,mbr,0.8179959100204499,0.270109695203729,1.382047682864125,0.2832329162330857,0.0035,200,35,18,147,40,0.2375244065104697,1.393511811469745,0.005476148104967585
drax,,ls-tc-babble5,lowT,lowT,16,True,legacy,first,conf,0.23261824760920136,-0.4261184304953765,0.8249663308065478,0.318017684461417,0.269,200,35,26,139,40,-0.2905479489920023,0.8360714867753772,0.4230244902106254
drax,,ls-tc-babble5,lowT,lowT,16,True,whisper,first,conf,0.23006134969325154,-0.3852695024683525,0.7934364442079973,0.3060977185076915,0.2605,200,34,26,140,40,-0.27201506707362644,0.8239394959838318,0.3836415186547255
drax,,ls-tc-babble5,lowT,lowT,16,True,legacy,rover_freq,rover_cg,0.0,-0.20605427554519676,0.21713562699952793,0.10819007580339962,0.548,200,9,9,182,40,-0.2615813730435369,0.2606321844946586,1.0
drax,,ls-tc-babble5,lowT,lowT,16,True,whisper,rover_freq,rover_cg,-0.10224948875255624,-0.3040322293198569,0.0984913606029429,0.10302621173885866,0.8645,200,6,10,184,40,-0.32903628003722935,0.13147601570951697,0.31731050786291415
drax,,ls-tc-babble5,main,main,16,True,legacy,conf,rover_cg,2.4750398523366055,2.0051847027788234,2.9295888490833866,0.23513809946183306,0.0,600,206,62,332,40,1.9508071969979965,3.0273123069194283,1.7790952624344286e-21
drax,,ls-tc-babble5,main,main,16,True,whisper,conf,rover_cg,2.5210084033613445,2.037998446662344,2.9798726274930507,0.23981904645630228,0.0,600,204,56,340,40,1.9199224938519417,3.121068637764713,6.164442812022949e-22
drax,,ls-tc-babble5,main,main,16,True,legacy,mbr,rover_cg,0.696367144894706,0.4099752896611323,0.972432613129988,0.14375856445344165,0.0,600,111,56,433,40,0.3902505337181363,1.0063967125824909,6.526319156879643e-06
drax,,ls-tc-babble5,main,main,16,True,whisper,mbr,rover_cg,0.923537731924453,0.6424595482919703,1.2105939763052467,0.14410377103350955,0.0,600,117,43,440,40,0.6016198257003348,1.2804044185751904,9.321077753039638e-10
drax,,ls-tc-babble5,main,main,16,True,legacy,cm05,rover_cg,1.2333249433677322,0.8563870753639019,1.601357164284643,0.1927638789050497,0.0,600,140,55,405,40,0.8257362125295827,1.680898873236208,5.089544715993919e-10
drax,,ls-tc-babble5,main,main,16,True,whisper,cm05,rover_cg,1.4227473167484816,1.0575357078076306,1.783991521605899,0.18779060086463426,0.0,600,146,47,407,40,0.947089392034952,1.9140900186273442,4.25984873811724e-13
drax,,ls-tc-babble5,main,main,16,True,legacy,conf,rover_c,2.4834298179377465,2.020501305007684,2.932153428837008,0.23489434927944533,0.0,600,204,58,338,40,1.958152819450274,3.0457610062984277,9.023425614860935e-22
drax,,ls-tc-babble5,main,main,16,True,whisper,conf,rover_c,2.5626092020966804,2.086202205758153,3.026239690325958,0.2384032003991364,0.0,600,203,52,345,40,1.974722200282448,3.15138137303906,9.807474189840434e-23
drax,,ls-tc-babble5,main,main,16,True,legacy,conf,rover_freq,2.819028441983388,2.3285063748637245,3.3162505017054786,0.253809458593822,0.0,600,213,50,337,40,2.214372536916981,3.4734593424719917,3.452967371811245e-24
drax,,ls-tc-babble5,main,main,16,True,whisper,conf,rover_freq,2.6374906398202844,2.152561791474116,3.1054891910882185,0.24250509599601525,0.0,600,203,49,348,40,2.0657160833991655,3.2504590520020535,1.8305587097816434e-23
drax,,ls-tc-babble5,main,main,16,True,legacy,first,rover_cg,7.097910898565316,6.365441665869634,7.812041784412852,0.3793979208158777,0.0,600,364,35,201,40,6.143273456308599,8.099280334247943,5.229756245096639e-56
drax,,ls-tc-babble5,main,main,16,True,whisper,first,rover_cg,7.105416423995341,6.380365597521054,7.839000597128513,0.3786348456123779,0.0,600,368,28,204,40,6.1559090748081875,8.13576719420249,4.7503799998125455e-57
drax,,ls-tc-babble5,main,main,16,True,legacy,conf,mbr,1.7786727074418995,1.3290760242628639,2.217522002415268,0.2248031657967847,0.0,600,174,62,364,40,1.3457061910600314,2.202952750959389,8.349866997229116e-15
drax,,ls-tc-babble5,main,main,16,True,whisper,conf,mbr,1.5974706714368916,1.1498831534906748,2.0354191634725702,0.2248907616817442,0.0,600,168,63,369,40,1.1653416808310069,2.0009129911400083,3.072438667459005e-12
drax,,ls-tc-babble5,main,main,16,True,legacy,first,conf,4.622871046228711,3.8700039988854127,5.336038727578044,0.37611561844676883,0.0,600,295,79,226,40,3.813336636641112,5.421031050404578,2.9074889798991596e-30
drax,,ls-tc-babble5,main,main,16,True,whisper,first,conf,4.5844080206339965,3.8365888130219763,5.324838464177048,0.3802098642900927,0.0,600,294,74,232,40,3.840012536732299,5.349933746323302,4.937274520180092e-31
drax,,ls-tc-babble5,main,main,16,True,legacy,rover_freq,rover_cg,-0.34398858964678247,-0.5522247554936104,-0.1577961513878644,0.09890111790359567,1.0,600,40,75,485,40,-0.5375710587602989,-0.15860779460376884,0.0006576085990098082
drax,,ls-tc-babble5,main,main,16,True,whisper,rover_freq,rover_cg,-0.11648223645894001,-0.2617588173386758,0.02523002732602887,0.0735262284281754,0.9515,600,31,44,525,40,-0.26157883626983625,0.025454888645603566,0.11292366071592867
drax,,ls-tc-babble5,main,ref,4,True,legacy,conf,rover_cg,0.5033979360684622,0.2512103990467212,0.7543676082594537,0.1300021188512977,0.0005,600,96,52,452,40,0.29913821358678133,0.7155172945540553,0.00013139271800936445
drax,,ls-tc-babble5,main,ref,4,True,whisper,conf,rover_cg,0.37440718861802147,0.09977762391797665,0.6644192360912919,0.14296485911575996,0.004,600,92,67,441,40,0.15237070476347928,0.6137504658282338,0.007074548777830873
drax,,ls-tc-babble5,main,ref,4,True,legacy,mbr,rover_cg,0.025169896803423106,-0.13417415953004086,0.19347490536564882,0.08412956992515347,0.396,600,43,45,512,40,-0.1366255527988721,0.17168434886579956,0.7508060042687157
drax,,ls-tc-babble5,main,ref,4,True,whisper,mbr,rover_cg,-0.10816207671187286,-0.282311669192376,0.0718693707056235,0.08994832236149249,0.89,600,35,53,512,40,-0.2833469357936044,0.06038305812328007,0.2512293263448834
drax,,ls-tc-babble5,main,ref,4,True,legacy,cm05,rover_cg,0.20974914002852588,0.03327801672675751,0.3959970650654126,0.09441233101316641,0.009,600,51,35,514,40,0.05614300371274733,0.3759900518753256,0.026532972960088323
drax,,ls-tc-babble5,main,ref,4,True,whisper,cm05,rover_cg,0.08320159747067143,-0.1360137210293164,0.3137314793109422,0.11276341545841384,0.237,600,50,51,499,40,-0.10936306783901577,0.3023373957191516,0.4522555096546279
drax,,ls-tc-babble5,main,ref,4,True,legacy,conf,rover_c,0.5285678328718852,0.27929985919594624,0.7732425589939115,0.12719744223500923,0.0,600,93,45,462,40,0.3305427200068721,0.7382353404136023,5.460172045447583e-05
drax,,ls-tc-babble5,main,ref,4,True,whisper,conf,rover_c,0.4908894250769615,0.21661479063350653,0.7720150381372293,0.1388976744765136,0.0,600,92,52,456,40,0.25579727494694043,0.7422062783744302,0.00034079401247151726
drax,,ls-tc-babble5,main,ref,4,True,legacy,conf,rover_freq,0.5201778672707442,0.2493078578108893,0.7967269602863931,0.13812580316982673,0.0,600,91,50,459,40,0.27322803560273184,0.7857744783406769,0.00030120243667410744
drax,,ls-tc-babble5,main,ref,4,True,whisper,conf,rover_freq,0.5324902238122972,0.2566826029757891,0.8037525197131115,0.13776914079233948,0.0,600,93,47,460,40,0.2710217623181131,0.8025718711661495,0.00011932297099547578
drax,,ls-tc-babble5,main,ref,4,True,legacy,first,rover_cg,0.5789076264787314,0.32494991649151445,0.8286972320707057,0.12677419791288552,0.0,600,109,57,434,40,0.29589121802551366,0.8423902264702272,6.285967261049536e-06
drax,,ls-tc-babble5,main,ref,4,True,whisper,first,rover_cg,0.3993676678592229,0.15964797788858764,0.6364704205928639,0.12146217333711265,0.001,600,94,59,447,40,0.11966758074834105,0.6775175348621638,0.0010122272240746034
drax,,ls-tc-babble5,main,ref,4,True,legacy,conf,mbr,0.47822803926503904,0.20675416544574463,0.7422993617646646,0.1375221158194074,0.001,600,92,49,459,40,0.24040968749810157,0.7315927583451247,0.0013456488491595197
drax,,ls-tc-babble5,main,ref,4,True,whisper,conf,mbr,0.48256926532989436,0.2072170315735894,0.7521329209576647,0.14172490350785755,0.001,600,89,45,466,40,0.20470263969214392,0.764733408950953,0.001447656951683607
drax,,ls-tc-babble5,main,ref,4,True,legacy,first,conf,0.07550969041026932,-0.2421089198273884,0.3869325268847637,0.15785268757443846,0.3355,600,83,73,444,40,-0.2758031105541408,0.3960966792918449,0.46614299563034933
drax,,ls-tc-babble5,main,ref,4,True,whisper,first,conf,0.02496047924120143,-0.2943434250290034,0.3315752073205636,0.1582359967389483,0.459,600,75,70,455,40,-0.37079733716498137,0.3874261867809792,0.5807086121417978
drax,,ls-tc-babble5,main,ref,4,True,legacy,rover_freq,rover_cg,-0.01677993120228207,-0.14709858917392943,0.10966230887685281,0.06586393417022113,0.6295,600,31,32,537,40,-0.16383008510004246,0.12675368271444365,0.8055405886674938
drax,,ls-tc-babble5,main,ref,4,True,whisper,rover_freq,rover_cg,-0.15808303519427572,-0.2699661894992671,-0.05023075677962372,0.055945790351118345,0.9985,600,11,31,558,40,-0.28024592534241816,-0.03957694810845049,0.00462068396335992
drax,,ls-tc-white5,lowT,lowT,16,True,legacy,conf,rover_cg,0.8787800465236495,0.39838525569072764,1.3835338057714546,0.24407572656892076,0.0,200,44,19,137,40,0.34327284774394834,1.453347481401106,0.0007073451098345851
drax,,ls-tc-white5,lowT,lowT,16,True,whisper,conf,rover_cg,0.869120654396728,0.43791155273117127,1.362735381565907,0.2404022569823567,0.0,200,41,18,141,40,0.34297917415285095,1.4368065409536181,0.0006053068408135108
drax,,ls-tc-white5,lowT,lowT,16,True,legacy,mbr,rover_cg,0.07753941586973379,-0.15238496127897588,0.30389266945155624,0.1185578523605006,0.296,200,12,9,179,40,-0.1119094055335666,0.25629034582179966,0.5126907602619233
drax,,ls-tc-white5,lowT,lowT,16,True,whisper,mbr,rover_cg,-0.02556237218813906,-0.22114383752314787,0.15818926268149838,0.0972674358040081,0.6725,200,7,8,185,40,-0.19560004701373923,0.13131637148530292,0.7962534147376392
drax,,ls-tc-white5,lowT,lowT,16,True,legacy,cm05,rover_cg,0.15507883173946757,-0.08086580836336327,0.3980690841931899,0.12282237885403292,0.1195,200,12,7,181,40,-0.05604432384618143,0.35087939201224416,0.2008251226951454
drax,,ls-tc-white5,lowT,lowT,16,True,whisper,cm05,rover_cg,0.02556237218813906,-0.19856166920905857,0.2483253562546206,0.11252315997362798,0.4545,200,8,8,184,40,-0.16900439663989278,0.21682962722445082,0.8185458083820434
drax,,ls-tc-white5,lowT,lowT,16,True,legacy,conf,rover_c,0.8270871026104937,0.36358704586552687,1.3040190268598297,0.24169919610187324,0.0,200,40,18,142,40,0.28479896512209263,1.4207791904522233,0.0012625991490639729
drax,,ls-tc-white5,lowT,lowT,16,True,whisper,conf,rover_c,0.9202453987730062,0.48138644641308126,1.426302469753386,0.2448973137905584,0.0,200,39,17,144,40,0.3817529388961234,1.4995377021735543,0.0003805801764930803
drax,,ls-tc-white5,lowT,lowT,16,True,legacy,conf,rover_freq,0.8012406306539157,0.31014720700876064,1.316612858973732,0.25857773644328,0.0,200,40,20,140,40,0.2702213214018956,1.3668410753794096,0.003765231288904816
drax,,ls-tc-white5,lowT,lowT,16,True,whisper,conf,rover_freq,0.9202453987730062,0.4646933433907137,1.4285799339978906,0.2511573725690853,0.0,200,41,18,141,40,0.3647964875686935,1.501671503630706,0.0006090971731319098
drax,,ls-tc-white5,lowT,lowT,16,True,legacy,first,rover_cg,0.9821659343499612,0.5284971370118651,1.450559002487785,0.23372908582742224,0.0,200,37,12,151,40,0.5482814316479578,1.4355692384709058,0.00014301574860528418
drax,,ls-tc-white5,lowT,lowT,16,True,whisper,first,rover_cg,0.9202453987730062,0.46570594472198656,1.383354163843254,0.2352409599787854,0.0,200,36,13,151,40,0.49474923652239433,1.3632629011621369,0.0003768331006619833
drax,,ls-tc-white5,lowT,lowT,16,True,legacy,conf,mbr,0.8012406306539157,0.31287088643232,1.3411144972271631,0.26454743835628225,0.0,200,40,19,141,40,0.2546624725031515,1.389212843150986,0.003002551554917778
drax,,ls-tc-white5,lowT,lowT,16,True,whisper,conf,mbr,0.8946830265848671,0.43307757168395694,1.4131302767635638,0.25619094199373815,0.0,200,41,18,141,40,0.339580536817721,1.4812864429017447,0.0011117785509944058
drax,,ls-tc-white5,lowT,lowT,16,True,legacy,first,conf,0.10338588782631171,-0.4510204364935168,0.6517331867011882,0.2738846259820293,0.3685,200,33,31,136,40,-0.4179965679385123,0.6585845606104784,0.75636951451687
drax,,ls-tc-white5,lowT,lowT,16,True,whisper,first,conf,0.05112474437627812,-0.49569202133826945,0.5978465982391417,0.27526709852434317,0.4505,200,33,32,135,40,-0.4132255126149292,0.5090673090311761,0.9096735613474242
drax,,ls-tc-white5,lowT,lowT,16,True,legacy,rover_freq,rover_cg,0.07753941586973379,-0.13312655472769308,0.3001909047802363,0.10873576877088331,0.273,200,10,7,183,40,-0.11347920696324951,0.25749437011364346,0.46685427082272546
drax,,ls-tc-white5,lowT,lowT,16,True,whisper,rover_freq,rover_cg,-0.05112474437627812,-0.24944967027586232,0.15092930399404766,0.10210290664035812,0.755,200,7,9,184,40,-0.24157282328531507,0.1325902948083626,0.6170750774519738
drax,,ls-tc-white5,main,main,16,True,legacy,conf,rover_cg,1.7451128450373354,1.3826391511623322,2.1393593242144657,0.19267200259967612,0.0,600,165,46,389,40,1.2589145444091452,2.243286974701551,1.9626155161438676e-16
drax,,ls-tc-white5,main,main,16,True,whisper,conf,rover_cg,1.847075463848906,1.4784099345377955,2.2352788720053756,0.19045102515797066,0.0,600,174,44,382,40,1.3452214658036163,2.360339327411033,1.9753984681964966e-18
drax,,ls-tc-white5,main,main,16,True,legacy,mbr,rover_cg,0.3859384176524876,0.1789383603947872,0.5901629438041591,0.10499224010618197,0.0005,600,67,35,498,40,0.12835684808388628,0.6433149269361222,0.00023842341162426145
drax,,ls-tc-white5,main,main,16,True,whisper,mbr,rover_cg,0.6073716615359015,0.38415977801160145,0.8230216510965537,0.11048713042088226,0.0,600,81,27,492,40,0.34927824360537657,0.8794062344017669,1.9796276065395919e-07
drax,,ls-tc-white5,main,main,16,True,legacy,cm05,rover_cg,0.8138266633106804,0.5406705595926052,1.1102853755053919,0.14801754601478756,0.0,600,98,44,458,40,0.42528653895390534,1.2194849150662423,3.3757352416117147e-07
drax,,ls-tc-white5,main,main,16,True,whisper,cm05,rover_cg,1.1481820450952658,0.8299692904415814,1.5006701682804098,0.17167662722562146,0.0,600,108,38,454,40,0.7257531790003446,1.5904717808902733,1.8014956329527838e-10
drax,,ls-tc-white5,main,main,16,True,legacy,conf,rover_c,1.8206225354476047,1.4594571745281901,2.2139157575833464,0.1915505205485363,0.0,600,167,40,393,40,1.321400401228364,2.334668780837647,3.9114405594205765e-18
drax,,ls-tc-white5,main,main,16,True,whisper,conf,rover_c,1.905316582078376,1.5436199886278188,2.2863070480100647,0.18875101790599413,0.0,600,176,40,384,40,1.4101558028976557,2.4149010336523697,8.367836122307008e-20
drax,,ls-tc-white5,main,main,16,True,legacy,conf,rover_freq,1.904522191459015,1.5256123346791293,2.30438449516157,0.19777440320175868,0.0,600,171,43,386,40,1.3813792659158772,2.4355051155673184,2.359563782045682e-18
drax,,ls-tc-white5,main,main,16,True,whisper,conf,rover_freq,1.8803561028371745,1.5085936146248484,2.257787089617311,0.19061627708547588,0.0,600,176,43,381,40,1.3706944453664296,2.401231695882208,4.722435793133053e-19
drax,,ls-tc-white5,main,main,16,True,legacy,first,rover_cg,4.882959979864083,4.308211893370471,5.493549193929224,0.3030738915909958,0.0,600,303,32,265,40,4.064842139956813,5.7535479854536655,6.251770488240222e-46
drax,,ls-tc-white5,main,main,16,True,whisper,first,rover_cg,5.058657126216823,4.454012570136043,5.72800866393848,0.3245856205526706,0.0,600,301,32,267,40,4.222018000741898,5.9403656803657405,4.183184621312477e-46
drax,,ls-tc-white5,main,main,16,True,legacy,conf,mbr,1.3591744273848476,1.0037455951970558,1.7468042941398372,0.188684735582243,0.0,600,142,44,414,40,0.9683348532041807,1.7549250044874236,1.0351141151178181e-11
drax,,ls-tc-white5,main,main,16,True,whisper,conf,mbr,1.2397038023130045,0.8949653730869074,1.6021031492964897,0.1821056563000493,0.0,600,143,47,410,40,0.8693156511349366,1.6098147970294638,1.8715298180135128e-10
drax,,ls-tc-white5,main,main,16,True,legacy,first,conf,3.1378471348267474,2.536270091471226,3.7335283196893867,0.30963509576148524,0.0,600,238,80,282,40,2.430641308966001,3.9067409167092646,2.9436709305315905e-22
drax,,ls-tc-white5,main,main,16,True,whisper,first,conf,3.2115816623679176,2.567921870282482,3.8640537918231472,0.33001132432160396,0.0,600,244,85,271,40,2.4879548543429886,3.9686741649638813,2.1380578341236205e-22
drax,,ls-tc-white5,main,main,16,True,legacy,rover_freq,rover_cg,-0.15940934642167967,-0.3143883372114281,-0.016671332979129067,0.07524927205692386,0.986,600,25,41,534,40,-0.3144467255375929,-0.007880698351116525,0.03438198487994012
drax,,ls-tc-white5,main,main,16,True,whisper,rover_freq,rover_cg,-0.03328063898826857,-0.1586013067145775,0.0915356731277718,0.06272980326102899,0.702,600,24,24,552,40,-0.16862309488993787,0.10711575524849005,0.5851257726374599
drax,,ls-tc-white5,main,ref,4,True,legacy,conf,rover_cg,0.26847889923651314,0.05153571624098478,0.4888618249096543,0.1085383082655118,0.0075,600,64,39,497,40,0.08407383177845498,0.4403593665389323,0.01370265417315933
drax,,ls-tc-white5,main,ref,4,True,whisper,conf,rover_cg,0.21632415342374572,-0.008653036565107897,0.44270465848057233,0.11743679296981618,0.0345,600,70,47,483,40,0.008379837290225246,0.4113009256390951,0.07263440841263451
drax,,ls-tc-white5,main,ref,4,True,legacy,mbr,rover_cg,0.058729759207987245,-0.1157746226906063,0.2187728274248806,0.08474203673430769,0.264,600,41,35,524,40,-0.07049783965337772,0.1878772150234939,0.49212385662604585
drax,,ls-tc-white5,main,ref,4,True,whisper,mbr,rover_cg,0.016640319494134286,-0.1287649940513935,0.1622552915671652,0.07529576645875874,0.431,600,31,30,539,40,-0.12396035930893695,0.17295930439116794,0.8191971181280916
drax,,ls-tc-white5,main,ref,4,True,legacy,cm05,rover_cg,0.12584948401711554,-0.04265166866002657,0.30084661205347424,0.08846553357242058,0.089,600,42,31,527,40,-0.033125819957782396,0.2827939608894985,0.14794065289188574
drax,,ls-tc-white5,main,ref,4,True,whisper,cm05,rover_cg,0.04160079873533572,-0.1365642638193823,0.2299265901453825,0.09600072838749839,0.358,600,46,41,513,40,-0.11847199588543401,0.21013752455217263,0.6067542507874037
drax,,ls-tc-white5,main,ref,4,True,legacy,conf,rover_c,0.2600889336353721,0.049894950147208315,0.47775157319285017,0.10927288392413072,0.009,600,61,38,501,40,0.0669625748073255,0.43258395878608935,0.018722814578412357
drax,,ls-tc-white5,main,ref,4,True,whisper,conf,rover_c,0.3078459106414843,0.07957295340304449,0.5307251911766069,0.11765749786544699,0.003,600,68,39,493,40,0.10526842606383269,0.4945205566790629,0.009129443954708603
drax,,ls-tc-white5,main,ref,4,True,legacy,conf,rover_freq,0.32720865844450037,0.10372706280507368,0.548792080158641,0.11649731457903047,0.0025,600,65,36,499,40,0.12992866780166992,0.5149894217300934,0.006385436699218456
drax,,ls-tc-white5,main,ref,4,True,whisper,conf,rover_freq,0.35776686912388717,0.12394459078017352,0.5816549620369489,0.11758235697830263,0.0005,600,71,38,491,40,0.15349733253317663,0.545199496491524,0.0031701353950142736
drax,,ls-tc-white5,main,ref,4,True,legacy,first,rover_cg,0.48661800486618007,0.2566689851496392,0.728463239454766,0.12265029673084604,0.0,600,87,43,470,40,0.23443478813575316,0.738197073561517,0.0001309405673836962
drax,,ls-tc-white5,main,ref,4,True,whisper,first,rover_cg,0.3910475081121558,0.18280459603989016,0.5987239987438324,0.10734979816324174,0.0,600,77,39,484,40,0.19291535941951482,0.5813502148164243,0.0005870966705447495
drax,,ls-tc-white5,main,ref,4,True,legacy,conf,mbr,0.20974914002852588,-0.0171632435636585,0.4450103596897576,0.11800419893084359,0.038,600,58,42,500,40,0.0,0.3951706615726731,0.1024837797876269
drax,,ls-tc-white5,main,ref,4,True,whisper,conf,mbr,0.19968383392961145,-0.033835866919737216,0.44257091978057683,0.12208393706935225,0.0545,600,60,46,494,40,-0.02520500255552666,0.3928182720317552,0.14283556991094948
drax,,ls-tc-white5,main,ref,4,True,legacy,first,conf,0.21813910562966693,-0.05095619118767306,0.4864933438357915,0.1362642548703356,0.0565,600,79,57,464,40,-0.0687409242478749,0.5271211046768083,0.10286183110834168
drax,,ls-tc-white5,main,ref,4,True,whisper,first,conf,0.17472335468841002,-0.09896474231499151,0.45467272261516684,0.1429904763980668,0.121,600,77,60,463,40,-0.09829951485974138,0.47303538057077693,0.19764669434230875
drax,,ls-tc-white5,main,ref,4,True,legacy,rover_freq,rover_cg,-0.058729759207987245,-0.18609893119778415,0.06632976677096666,0.06388492406001828,0.8465,600,23,27,550,40,-0.1750945719970388,0.04968614968968491,0.355668634308697
drax,,ls-tc-white5,main,ref,4,True,whisper,rover_freq,rover_cg,-0.14144271570014144,-0.22972712012051558,-0.05766501986698875,0.04532311910598102,0.9995,600,5,21,574,40,-0.22496438949818792,-0.06012092964562794,0.0015949936169505202
drax,,ls-test-clean,lowT,lowT,16,True,legacy,conf,rover_cg,0.0,-0.3053294879394852,0.29962516346492324,0.15390681392461453,0.533,200,12,12,176,40,-0.30136022407486857,0.30581399616963295,1.0
drax,,ls-test-clean,lowT,lowT,16,True,whisper,conf,rover_cg,-0.17893660531697342,-0.4716981132075472,0.10430588131167853,0.1461495509302672,0.9145,200,8,13,179,40,-0.4397503130363795,0.07118100920857666,0.22019413382398434
drax,,ls-test-clean,lowT,lowT,16,True,legacy,mbr,rover_cg,0.07753941586973379,-0.07989453976100079,0.23578726748755569,0.07974645332904305,0.215,200,6,3,191,40,-0.05251659107357828,0.21453760592454316,0.31731050786291415
drax,,ls-test-clean,lowT,lowT,16,True,whisper,mbr,rover_cg,0.05112474437627812,-0.09903686884352164,0.1995572399663195,0.07430732510277836,0.307,200,5,3,192,40,-0.07285577650685353,0.17817146988476726,0.47950012218695337
drax,,ls-test-clean,lowT,lowT,16,True,legacy,cm05,rover_cg,0.10338588782631171,-0.05487345820526319,0.2725864695807902,0.0832073763141225,0.1355,200,7,3,190,40,-0.027488765793278486,0.24963690015759427,0.2059032107320683
drax,,ls-test-clean,lowT,lowT,16,True,whisper,cm05,rover_cg,0.07668711656441718,-0.07776504329253583,0.22959623279998748,0.07801812784092887,0.212,200,6,3,191,40,-0.050754362249760564,0.21847031777541515,0.31731050786291415
drax,,ls-test-clean,lowT,lowT,16,True,legacy,conf,rover_c,0.0,-0.28268961440765966,0.28818632604111916,0.1461496335620788,0.537,200,11,12,177,40,-0.29666890270584784,0.30273599331833895,0.9868065678232905
drax,,ls-test-clean,lowT,lowT,16,True,whisper,conf,rover_c,-0.17893660531697342,-0.4484528812162922,0.08047619630277175,0.136339953655086,0.92,200,7,13,180,40,-0.42631781539713265,0.07019762468117076,0.19692411735101423
drax,,ls-test-clean,lowT,lowT,16,True,legacy,conf,rover_freq,-0.10338588782631171,-0.4323725028710389,0.215207327883384,0.16221875026773963,0.7645,200,10,12,178,40,-0.4478533240707235,0.2510859057126326,0.5059313835207008
drax,,ls-test-clean,lowT,lowT,16,True,whisper,conf,rover_freq,-0.2556237218813906,-0.5652895982717818,0.025990579352198135,0.15088030635597044,0.9675,200,6,12,182,40,-0.5454831175929836,0.04574985486571611,0.08930615242795382
drax,,ls-test-clean,lowT,lowT,16,True,legacy,first,rover_cg,0.2843111915223572,-0.048126042620131926,0.6142592656677163,0.16961964775742652,0.0535,200,17,8,175,40,-0.027918247900256123,0.6385798048792429,0.11773712551147379
drax,,ls-test-clean,lowT,lowT,16,True,whisper,first,rover_cg,0.20449897750511248,-0.10307154234021126,0.5243609550561796,0.1591985138601598,0.12,200,13,7,180,40,-0.1409771586947306,0.5478272046209018,0.2379581037127092
drax,,ls-test-clean,lowT,lowT,16,True,legacy,conf,mbr,-0.07753941586973379,-0.40193850020327454,0.2375802697988297,0.16161063668250525,0.7085,200,10,11,179,40,-0.42299116081926613,0.2756500279769084,0.5973065043266557
drax,,ls-test-clean,lowT,lowT,16,True,whisper,conf,mbr,-0.23006134969325154,-0.5429584751144618,0.051431414210810225,0.1498268569695529,0.9545,200,6,11,183,40,-0.5218715181438839,0.07032281988650184,0.11594999403537767
drax,,ls-test-clean,lowT,lowT,16,True,legacy,first,conf,0.2843111915223572,-0.10929036420414069,0.6727342656545393,0.19803086370505507,0.083,200,16,10,174,40,-0.1036558124081336,0.689536519366977,0.1640047143317036
drax,,ls-test-clean,lowT,lowT,16,True,whisper,first,conf,0.3834355828220859,0.0,0.7461264866156168,0.18402209226575683,0.028,200,16,7,177,40,0.04661938762272808,0.7160217266068635,0.04609692458392717
drax,,ls-test-clean,lowT,lowT,16,True,legacy,rover_freq,rover_cg,0.10338588782631171,-0.028166475463259375,0.25195987089404764,0.0743509850453413,0.111,200,6,2,192,40,-0.046249766379330044,0.255363339551698,0.15729920705028505
drax,,ls-test-clean,lowT,lowT,16,True,whisper,rover_freq,rover_cg,0.07668711656441718,-0.05367866844445137,0.20931449502878074,0.06886835361882067,0.18,200,5,2,193,40,-0.053595251290626304,0.21552887837938475,0.25683925795785656
drax,,ls-test-clean,main,main,16,True,legacy,conf,rover_cg,0.4027183488547697,0.16504973502622075,0.6525127863177246,0.12360787308216334,0.0,600,75,39,486,40,0.14965097512029185,0.6465734542989655,0.0010624012095870271
drax,,ls-test-clean,main,main,16,True,whisper,conf,rover_cg,0.3827273483650886,0.060157306998497,0.7110877292873803,0.16779244608489077,0.014,600,71,34,495,40,0.04245951973702658,0.6720496746272151,0.0009536537656386262
drax,,ls-test-clean,main,main,16,True,legacy,mbr,rover_cg,-0.025169896803423106,-0.16103674671449608,0.10360843807437983,0.06903334748340513,0.678,600,25,25,550,40,-0.17392950874989696,0.11985614749234623,0.6898611948018734
drax,,ls-test-clean,main,main,16,True,whisper,mbr,rover_cg,0.03328063898826857,-0.09058745494046845,0.15604637417245115,0.06238405410893178,0.3525,600,22,19,559,40,-0.10760439764509927,0.17854888703729743,0.5903022286706374
drax,,ls-test-clean,main,main,16,True,legacy,cm05,rover_cg,0.05033979360684621,-0.11539972237546864,0.2122044073504649,0.08377693472050383,0.304,600,38,30,532,40,-0.14029042059788108,0.2368921492813061,0.5554373184314985
drax,,ls-test-clean,main,main,16,True,whisper,cm05,rover_cg,0.10816207671187286,-0.17536563737296149,0.390625,0.1435589561269624,0.235,600,36,21,543,40,-0.20979876836858313,0.3861397877465333,0.06729291252763137
drax,,ls-test-clean,main,main,16,True,legacy,conf,rover_c,0.5117879016696032,0.2806351798816098,0.7509100168657115,0.11873893233981729,0.0,600,76,30,494,40,0.26828872287303895,0.7513454916641373,1.673964354348111e-05
drax,,ls-test-clean,main,main,16,True,whisper,conf,rover_c,0.4742491055828272,0.14662683604214208,0.7888776908373466,0.165936389215132,0.0035,600,73,27,500,40,0.13433447288020303,0.7642904403421401,3.74656189752795e-05
drax,,ls-test-clean,main,main,16,True,legacy,conf,rover_freq,0.5369577984730263,0.3051076310749104,0.7734175875253055,0.12174247923705979,0.0,600,77,31,492,40,0.30578375233177973,0.7553366791935736,1.8431771678908653e-05
drax,,ls-test-clean,main,main,16,True,whisper,conf,rover_freq,0.46592894583576006,0.14249492081811685,0.7928583403739972,0.16684360002595527,0.0045,600,74,27,499,40,0.1305444149010218,0.745531085041448,7.322336233897836e-05
drax,,ls-test-clean,main,main,16,True,legacy,first,rover_cg,2.827418407584529,2.348055949575287,3.3094001619896134,0.24994849476457892,0.0,600,201,25,374,40,2.2020952908563465,3.4938758483186225,6.2719069760503465e-30
drax,,ls-test-clean,main,main,16,True,whisper,first,rover_cg,2.820534154255762,2.3478791873918667,3.288935958534908,0.23828308874704304,0.0,600,202,18,380,40,2.280010918613239,3.4489832921266155,1.3369330706114618e-30
drax,,ls-test-clean,main,main,16,True,legacy,conf,mbr,0.4278882456581928,0.20183090357830374,0.6582999081773758,0.11766378302315682,0.0,600,71,30,499,40,0.22198377040136363,0.6269439220404658,0.0006724919315426146
drax,,ls-test-clean,main,main,16,True,whisper,conf,mbr,0.34944670937682004,0.007873062015503886,0.6766108195217858,0.1733554880758183,0.025,600,68,29,503,40,-0.016322566207091507,0.647927412133987,0.001485857972558159
drax,,ls-test-clean,main,main,16,True,legacy,first,conf,2.4247000587297594,1.9253607518142852,2.92710620963239,0.2547991989843205,0.0,600,189,43,368,40,1.795788176501246,3.114541042931267,5.5009352992785e-22
drax,,ls-test-clean,main,main,16,True,whisper,first,conf,2.437806805890673,1.9334036154524792,2.9578425351096533,0.26027214047094793,0.0,600,190,41,369,40,1.8555135830899887,3.0498379993936906,2.6322886655288267e-22
drax,,ls-test-clean,main,main,16,True,legacy,rover_freq,rover_cg,-0.13423944961825657,-0.26118775519790005,-0.008325652044850761,0.06456974514695082,0.984,600,17,29,554,40,-0.2690423428676193,0.0,0.034266601840716955
drax,,ls-test-clean,main,main,16,True,whisper,rover_freq,rover_cg,-0.08320159747067143,-0.18629603099617284,0.008046371040619414,0.0479968983453795,0.9725,600,9,17,574,40,-0.18831028682851317,0.0173740563638522,0.07623234517499287
drax,,ls-test-clean,main,ref,4,True,legacy,conf,rover_cg,0.09228962161255139,-0.048694778613329666,0.24223440458029824,0.07290719603990305,0.118,600,24,18,558,40,-0.052115368482172436,0.24652583829665561,0.2549662222687299
drax,,ls-test-clean,main,ref,4,True,whisper,conf,rover_cg,0.008320159747067143,-0.14229017198239752,0.15727765218655765,0.07539055435239266,0.4605,600,26,28,546,40,-0.11638939153487649,0.14352107870287023,0.9627387912999494
drax,,ls-test-clean,main,ref,4,True,legacy,mbr,rover_cg,0.041949828005705174,-0.06808061693354618,0.1623654076226286,0.05859743036431274,0.26,600,17,15,568,40,-0.0740380003993362,0.17484120999434438,0.5271107514178401
drax,,ls-test-clean,main,ref,4,True,whisper,mbr,rover_cg,-0.02496047924120143,-0.13777963534940776,0.08896941160748333,0.05587057927960675,0.69,600,15,18,567,40,-0.12336059815362403,0.07572095911274662,0.6604582587648853
drax,,ls-test-clean,main,ref,4,True,legacy,cm05,rover_cg,0.0,-0.10853371782161311,0.11230036949960319,0.05647120447885295,0.5345,600,13,16,571,40,-0.09678238889270234,0.12083717087362503,0.9158380126634272
drax,,ls-test-clean,main,ref,4,True,whisper,cm05,rover_cg,-0.04992095848240286,-0.16984281127587997,0.05997369530925306,0.06060430771796789,0.799,600,17,23,560,40,-0.1382898365802825,0.043265510001734224,0.41127107777795013
drax,,ls-test-clean,main,ref,4,True,legacy,conf,rover_c,0.058729759207987245,-0.0814317454039673,0.20323502035873256,0.07183383118676084,0.214,600,20,15,565,40,-0.07805171751497068,0.19660707788402457,0.4001524717357655
drax,,ls-test-clean,main,ref,4,True,whisper,conf,rover_c,0.04160079873533572,-0.10604011228143329,0.1836812036590421,0.07296499220817489,0.2885,600,25,20,555,40,-0.0933373079858594,0.17948512583300158,0.5643065053924263
drax,,ls-test-clean,main,ref,4,True,legacy,conf,rover_freq,0.07550969041026932,-0.07631196556374786,0.2255846408068315,0.07636124652967959,0.178,600,26,19,555,40,-0.07909312447177966,0.23923578752197294,0.3106238758459896
drax,,ls-test-clean,main,ref,4,True,whisper,conf,rover_freq,0.05824111822947001,-0.08346769787179162,0.20415266993703424,0.07274515292336628,0.2175,600,26,19,555,40,-0.07591455749449269,0.19637001996024828,0.41964376699583084
drax,,ls-test-clean,main,ref,4,True,legacy,first,rover_cg,0.21813910562966693,0.0756467832992863,0.36989352180823076,0.07455840599655698,0.002,600,34,16,550,40,0.0986902991359231,0.3468836741444521,0.004921016674573052
drax,,ls-test-clean,main,ref,4,True,whisper,first,rover_cg,0.11648223645894001,-0.008336068342570698,0.2434994347334551,0.06340043009089855,0.0385,600,27,16,557,40,0.0,0.23869247342030564,0.07835475587400993
drax,,ls-test-clean,main,ref,4,True,legacy,conf,mbr,0.05033979360684621,-0.10704412710046637,0.2056661087275516,0.0811128705428851,0.295,600,25,19,556,40,-0.1270303120141159,0.22449022283531414,0.5276421693448061
drax,,ls-test-clean,main,ref,4,True,whisper,conf,mbr,0.03328063898826857,-0.12645715791512957,0.19782879030678951,0.08322551308366168,0.361,600,26,21,553,40,-0.1413226576777379,0.20909357311016957,0.6916717571321346
drax,,ls-test-clean,main,ref,4,True,legacy,first,conf,0.12584948401711554,-0.0086671759634517,0.2598761041743498,0.07108361123314233,0.046,600,27,14,559,40,-0.017777657050557442,0.2643368217954089,0.09950509697986773
drax,,ls-test-clean,main,ref,4,True,whisper,first,conf,0.10816207671187286,-0.01685892593688743,0.238076512216674,0.0670958683271174,0.064,600,23,13,564,40,-0.016661677044836083,0.2416374344190085,0.12455093653751934
drax,,ls-test-clean,main,ref,4,True,legacy,rover_freq,rover_cg,0.01677993120228207,-0.058509104474433166,0.0996177412470654,0.040935781167708865,0.388,600,11,10,579,40,-0.03322010822084112,0.07149293843010425,0.6830913983096087
drax,,ls-test-clean,main,ref,4,True,whisper,rover_freq,rover_cg,-0.04992095848240286,-0.1201631654690089,0.017222388968535455,0.03532464859898899,0.9455,600,6,12,582,40,-0.10285377555946497,0.0,0.15729920705028505
drax,,ls-test-other,kscale,K64,16,False,legacy,conf,rover_cg,0.8958566629339306,0.3740877198246313,1.446782286097098,0.27402544114238236,0.0005,200,31,13,156,32,0.4166666666666667,1.4930019153608636,0.0021751978588799917
drax,,ls-test-other,kscale,K64,16,False,whisper,conf,rover_cg,1.3311148086522462,0.7352844681179559,2.009073629421258,0.3360284800197516,0.0,200,39,13,148,32,0.8542062498164137,1.9348144520360362,9.459653948365983e-05
drax,,ls-test-other,kscale,K64,16,False,legacy,mbr,rover_cg,0.3639417693169093,0.053418446817979526,0.7341145161229987,0.1780006043746113,0.016,200,19,9,172,32,0.0,0.791642523030929,0.04819348829319081
drax,,ls-test-other,kscale,K64,16,False,whisper,mbr,rover_cg,0.5546311702717692,0.1807839570090028,0.9727779628183548,0.20283233898793795,0.0005,200,21,8,171,32,0.18795107251949075,1.0079025711219782,0.007695334673649723
drax,,ls-test-other,kscale,K64,16,False,legacy,cm05,rover_cg,0.5879059350503919,0.1813885081364335,1.0307292912820007,0.21804236487594766,0.002,200,24,11,165,32,0.17592818694327364,1.0803473813194437,0.008182876859376994
drax,,ls-test-other,kscale,K64,16,False,whisper,cm05,rover_cg,0.9151414309484193,0.4151161757800192,1.5232649664117646,0.27971007455517005,0.0,200,28,9,163,32,0.46213064225643824,1.496920740285009,0.0005111228392275168
drax,,ls-test-other,kscale,K64,16,False,legacy,conf,rover_c,0.9518477043673013,0.43221258557893927,1.512169905522094,0.27366401828135206,0.0,200,32,12,156,32,0.45524039229000873,1.5488655653504462,0.0010309618789466504
drax,,ls-test-other,kscale,K64,16,False,whisper,conf,rover_c,1.3033832501386577,0.7250222865032097,1.9902981887813176,0.33219381891031696,0.0,200,36,11,153,32,0.824646363131776,1.864863730607474,9.659984750148453e-05
drax,,ls-test-other,kscale,K64,16,False,legacy,conf,rover_freq,0.9238521836506159,0.3882496047005067,1.5164361247596667,0.28492056774452595,0.0,200,31,13,156,32,0.4538342143020967,1.4856773412567401,0.0021747704462316032
drax,,ls-test-other,kscale,K64,16,False,whisper,conf,rover_freq,1.3865779256794233,0.7759218486703169,2.106636813002358,0.3352985022752134,0.0,200,39,11,150,32,0.8764434504576897,1.9524067458946097,3.565553277338498e-05
drax,,ls-test-other,kscale,K64,16,False,legacy,first,rover_cg,5.319148936170213,4.164360818068896,6.745463868740015,0.6550629317236571,0.0,200,90,7,103,32,3.9590535038697166,6.917446871015494,6.558192417642343e-16
drax,,ls-test-other,kscale,K64,16,False,whisper,first,rover_cg,5.518580144204105,4.328665169918702,6.923801830606554,0.6691429846372389,0.0,200,87,4,109,32,4.092298666485278,7.22731469790566,8.062851762487749e-16
drax,,ls-test-other,kscale,K64,16,False,legacy,conf,mbr,0.5319148936170213,0.057038586889093836,1.043786091777828,0.24800561957328476,0.016,200,26,15,159,32,0.16778054816092386,0.9653388417222558,0.03787592901208921
drax,,ls-test-other,kscale,K64,16,False,whisper,conf,mbr,0.776483638380477,0.18756302727697566,1.4484804207487012,0.3218947449446543,0.007,200,29,16,155,32,0.31926988031316555,1.3263507160884862,0.014163534196876456
drax,,ls-test-other,kscale,K64,16,False,legacy,first,conf,4.4232922732362825,3.209047933362596,5.783707735596661,0.6487875977383665,0.0,200,81,16,103,32,3.031127418694752,5.989813678900258,8.449719949787766e-12
drax,,ls-test-other,kscale,K64,16,False,whisper,first,conf,4.187465335551858,2.8370594142382997,5.677301501360652,0.7116898118295533,0.0,200,78,21,101,32,2.734306694229934,5.899536105522021,1.3594068479048795e-09
drax,,ls-test-other,kscale,K64,16,False,legacy,rover_freq,rover_cg,-0.027995520716685332,-0.25381965710581006,0.19417745190766053,0.11430072616429815,0.633,200,8,9,183,32,-0.24242282290809405,0.18064982791810064,0.8083651559145103
drax,,ls-test-other,kscale,K64,16,False,whisper,rover_freq,rover_cg,-0.05546311702717693,-0.25302754925057613,0.14101191893859175,0.10309436745690873,0.7415,200,6,8,186,32,-0.3262709325165629,0.23106845662677056,0.5929800980174267
drax,,ls-test-other,kscale,K64,64,True,legacy,conf,rover_cg,0.8958566629339306,0.3813112698513703,1.428696815180138,0.274658027881123,0.001,200,31,10,159,32,0.4139893871179415,1.4662148924763343,0.0015113349663173374
drax,,ls-test-other,kscale,K64,64,True,whisper,conf,rover_cg,1.192457016084304,0.6466823103858366,1.7788780211474868,0.2971251387933485,0.0,200,37,11,152,32,0.6026658090337336,1.8694389020707505,7.355086393018501e-05
drax,,ls-test-other,kscale,K64,64,True,legacy,mbr,rover_cg,0.027995520716685332,-0.2713888811969835,0.3500687490885535,0.15696012208246501,0.4715,200,7,10,183,32,-0.23118491913008232,0.312683200601394,0.9393963507970585
drax,,ls-test-other,kscale,K64,64,True,whisper,mbr,rover_cg,0.05546311702717693,-0.1765757550502876,0.28629711913998374,0.11865870993432186,0.363,200,10,8,182,32,-0.16442861057824062,0.3093548248603333,0.6373518882339371
drax,,ls-test-other,kscale,K64,64,True,legacy,cm05,rover_cg,0.0,-0.3819084955155125,0.4333696506859264,0.20936388303867826,0.532,200,8,13,179,32,-0.3791489932366295,0.40703407337447167,0.6693606387033763
drax,,ls-test-other,kscale,K64,64,True,whisper,cm05,rover_cg,0.19412090959511924,-0.13665216100344285,0.5760527205851265,0.1819630508470359,0.158,200,13,11,176,32,-0.16488431092664363,0.5410605549761175,0.2889013305357193
drax,,ls-test-other,kscale,K64,64,True,legacy,conf,rover_c,1.007838745800672,0.4883125526308641,1.532895711428783,0.27335105471864724,0.0,200,32,8,160,32,0.5065462057111753,1.614331773355061,0.00037174302926248665
drax,,ls-test-other,kscale,K64,64,True,whisper,conf,rover_c,1.2479201331114809,0.7073637933215038,1.8208103095583679,0.2873752919821188,0.0,200,36,8,156,32,0.6204596733528763,1.9562565437250778,2.3102667802441546e-05
drax,,ls-test-other,kscale,K64,64,True,legacy,conf,rover_freq,1.0918253079507279,0.5400975651304699,1.669074356541478,0.2959970197005807,0.0,200,33,9,158,32,0.528654697864568,1.7666582929092196,0.00017496569446706243
drax,,ls-test-other,kscale,K64,64,True,whisper,conf,rover_freq,1.3588463671658346,0.7955302280911108,1.9777158931846293,0.3058436175744248,0.0,200,39,8,153,32,0.7575578395114819,2.058361572111836,8.671362708840414e-06
drax,,ls-test-other,kscale,K64,64,True,legacy,first,rover_cg,5.403135498320268,4.223979839380049,6.8071264225730035,0.657741237877152,0.0,200,94,4,102,32,3.9743499560662303,7.127654357837283,1.526242418981118e-16
drax,,ls-test-other,kscale,K64,64,True,whisper,first,rover_cg,5.6295063782584585,4.38591112975572,7.105841663192549,0.6898070384507923,0.0,200,91,4,105,32,4.099819278000799,7.517955702346914,1.6639410520609196e-16
drax,,ls-test-other,kscale,K64,64,True,legacy,conf,mbr,0.8678611422172452,0.3686845082143275,1.4054920928122363,0.27272566966985207,0.0005,200,31,12,157,32,0.31234569921592764,1.5417649732281518,0.0023372741314116948
drax,,ls-test-other,kscale,K64,64,True,whisper,conf,mbr,1.136993899057127,0.6136339022762765,1.6937094599994313,0.27904557034144956,0.0,200,37,11,152,32,0.6181166467517657,1.7725939287657853,7.472513360819014e-05
drax,,ls-test-other,kscale,K64,64,True,legacy,first,conf,4.507278835386338,3.2706005985875226,5.849521495359953,0.6686581753567209,0.0,200,87,13,100,32,2.906946304638987,6.361081692794853,1.2206134900143155e-11
drax,,ls-test-other,kscale,K64,64,True,whisper,first,conf,4.437049362174154,3.2031919426043305,5.717391403436802,0.651966388996261,0.0,200,84,18,98,32,2.834495851588643,6.238627973407049,4.956672915005529e-11
drax,,ls-test-other,kscale,K64,64,True,legacy,rover_freq,rover_cg,-0.1959686450167973,-0.45418720844176885,0.07595250525726308,0.13402610554064537,0.942,200,5,12,183,32,-0.42260770227769023,0.0,0.1488093732118614
drax,,ls-test-other,kscale,K64,64,True,whisper,rover_freq,rover_cg,-0.16638935108153077,-0.3470247161357882,0.026927877726198528,0.094716815898797,0.973,200,3,9,188,32,-0.4317134844191124,0.05070516799875839,0.08326451666355039
drax,,ls-test-other,lowT,lowT,16,True,legacy,conf,rover_cg,0.4479283314669653,0.11122545622260752,0.7995698924731183,0.1805048805840835,0.0065,200,22,10,168,32,0.09070300132006122,0.8228360047504398,0.015179587116971512
drax,,ls-test-other,lowT,lowT,16,True,whisper,conf,rover_cg,0.49916805324459235,0.12107928543980996,0.9074640478318147,0.19960605822145855,0.005,200,22,9,169,32,0.11532948512389055,0.9362709278750722,0.015048097052080505
drax,,ls-test-other,lowT,lowT,16,True,legacy,mbr,rover_cg,-0.055991041433370664,-0.2579881316383798,0.16009128712221,0.10523502713567569,0.744,200,4,7,189,32,-0.29836989311591194,0.18402367901050015,0.5929800980174267
drax,,ls-test-other,lowT,lowT,16,True,whisper,mbr,rover_cg,-0.11092623405435385,-0.2866160190737793,0.056135235060253995,0.08745917873711011,0.9285,200,3,7,190,32,-0.2846901574207342,0.0632541131256869,0.2059032107320683
drax,,ls-test-other,lowT,lowT,16,True,legacy,cm05,rover_cg,0.027995520716685332,-0.16412616725648574,0.22866136265273745,0.1002165918484966,0.434,200,5,5,190,32,-0.175498910131542,0.26364752403597624,0.7815112949987133
drax,,ls-test-other,lowT,lowT,16,True,whisper,cm05,rover_cg,-0.05546311702717693,-0.3176491688816788,0.2210585959902132,0.1353309177164406,0.697,200,4,6,190,32,-0.31189482606852936,0.2229317117910487,0.5601694361688956
drax,,ls-test-other,lowT,lowT,16,True,legacy,conf,rover_c,0.3919372900335946,0.05275191574300078,0.7489701716438335,0.1824711656828406,0.019,200,23,12,165,32,0.05841729513429449,0.7277486278840621,0.03398285221207693
drax,,ls-test-other,lowT,lowT,16,True,whisper,conf,rover_c,0.4714364947310039,0.08877237098240828,0.8691549010223211,0.20120325663832417,0.008,200,23,9,168,32,0.09104139001302704,0.8881768300751476,0.025507256630893243
drax,,ls-test-other,lowT,lowT,16,True,legacy,conf,rover_freq,0.41993281075027994,0.054349502457843056,0.7916881287514841,0.192861991239219,0.016,200,23,11,166,32,0.027890711575856278,0.7953165117885488,0.03230363856301156
drax,,ls-test-other,lowT,lowT,16,True,whisper,conf,rover_freq,0.49916805324459235,0.11197973359227559,0.9031876646024253,0.20324897435434253,0.0055,200,24,9,167,32,0.11357930281886544,0.9276562829813471,0.01883794834946455
drax,,ls-test-other,lowT,lowT,16,True,legacy,first,rover_cg,0.6159014557670772,0.2085927441401083,1.0849296977931033,0.21881962360865867,0.001,200,25,11,164,32,0.2986646543740676,0.9706279623210743,0.005934591991198828
drax,,ls-test-other,lowT,lowT,16,True,whisper,first,rover_cg,0.5546311702717692,0.17152353348875307,0.9776913264053791,0.20697742238417488,0.0035,200,23,7,170,32,0.19248166646007925,0.9580764022010346,0.005437655738392973
drax,,ls-test-other,lowT,lowT,16,True,legacy,conf,mbr,0.503919372900336,0.13213107535253332,0.8769785321554285,0.19417006732118183,0.005,200,25,10,165,32,0.10722111696126234,0.9117921649987795,0.011286250231516482
drax,,ls-test-other,lowT,lowT,16,True,whisper,conf,mbr,0.6100942872989462,0.24396702198316336,1.0195777638102526,0.1983187407605275,0.0005,200,26,8,166,32,0.21783248581872744,1.0301545606821987,0.002851840616557384
drax,,ls-test-other,lowT,lowT,16,True,legacy,first,conf,0.167973124300112,-0.30120935822857436,0.6586004125488738,0.2447530297401996,0.2625,200,23,19,158,32,-0.21192876276611552,0.5848000729806315,0.49468621175691574
drax,,ls-test-other,lowT,lowT,16,True,whisper,first,conf,0.05546311702717693,-0.38621571462261733,0.47977252035668394,0.22361575253762392,0.423,200,20,17,163,32,-0.3329073898805054,0.4298511264912944,0.742050265599998
drax,,ls-test-other,lowT,lowT,16,True,legacy,rover_freq,rover_cg,0.027995520716685332,-0.13259434451383376,0.20842381654970696,0.08466234013591249,0.4455,200,3,3,194,32,-0.11952255876917241,0.21974768165225209,0.7388826803635273
drax,,ls-test-other,lowT,lowT,16,True,whisper,rover_freq,rover_cg,0.0,-0.1108739940165101,0.11105018795291147,0.055644236306036404,0.601,200,2,2,196,32,-0.10494632590636187,0.10998494874356339,1.0
drax,,ls-test-other,main,main,16,True,legacy,conf,rover_cg,1.4209090053636964,1.0508852697287023,1.7844051806658692,0.18936005204270692,0.0,600,136,48,416,33,0.9682315448726109,1.8634145960236503,2.039033340554663e-12
drax,,ls-test-other,main,main,16,True,whisper,conf,rover_cg,1.349841742692236,0.9740183787745985,1.7212526872886984,0.18676938567361173,0.0,600,128,42,430,33,0.8830200748045507,1.8449301159464426,1.3127153861057633e-11
drax,,ls-test-other,main,main,16,True,legacy,mbr,rover_cg,0.21642984849910604,0.02746819280221288,0.41043998721255553,0.09890039087422604,0.014,600,54,38,508,33,0.028706632727075472,0.4091365922909182,0.03249946108294014
drax,,ls-test-other,main,main,16,True,whisper,mbr,rover_cg,0.26065909514056973,0.04602981769587108,0.48120686409028984,0.11221627468598046,0.01,600,58,41,501,33,0.05683806770173794,0.47653500127645326,0.019635373038594493
drax,,ls-test-other,main,main,16,True,legacy,cm05,rover_cg,0.508139644302249,0.25274336983347573,0.7671531594921022,0.13125787142010983,0.0,600,73,42,485,33,0.2765737943188828,0.7284076734847381,0.00022517706276905852
drax,,ls-test-other,main,main,16,True,whisper,cm05,rover_cg,0.474771923291752,0.208519461480427,0.7428201078881902,0.13853444104869236,0.001,600,70,42,488,33,0.19584331907425964,0.7543386196109872,0.0010040182134677263
drax,,ls-test-other,main,main,16,True,legacy,conf,rover_c,1.5150089394937423,1.1515524204729095,1.889276080342222,0.18838717934749413,0.0,600,136,40,424,33,1.066516055921087,1.965061071666645,5.698550068857747e-14
drax,,ls-test-other,main,main,16,True,whisper,conf,rover_c,1.4522435300688885,1.0828467234001626,1.8209752514439002,0.18173932445636637,0.0,600,129,33,438,33,1.0051698092524854,1.921143672214883,1.6802137569750484e-13
drax,,ls-test-other,main,main,16,True,legacy,conf,rover_freq,1.3832690317116778,1.0107322322587045,1.766582563337202,0.19093179566262963,0.0,600,130,44,426,33,0.937245459690745,1.8411609937176876,1.0369856343488392e-11
drax,,ls-test-other,main,main,16,True,whisper,conf,rover_freq,1.4150065164773784,1.0665543420081691,1.7687005254939263,0.1831250809311546,0.0,600,132,38,430,33,0.9881787549731695,1.8725381882316017,7.940543295529426e-13
drax,,ls-test-other,main,main,16,True,legacy,first,rover_cg,4.526206831655218,3.9484893352269412,5.134178492949617,0.30942924271094724,0.0,600,267,26,307,33,3.605194167411111,5.493152479757964,1.6363167977466226e-40
drax,,ls-test-other,main,main,16,True,whisper,first,rover_cg,4.514987897970583,3.9238451574085347,5.143716790430376,0.309855652388918,0.0,600,266,27,307,33,3.5592461873335712,5.555666047909484,2.2513144972048564e-41
drax,,ls-test-other,main,main,16,True,legacy,conf,mbr,1.2044791568645903,0.8450337232675652,1.5694666592934166,0.18425567863633718,0.0,600,123,41,436,33,0.7469614330966301,1.6679401600318207,4.431937922258488e-10
drax,,ls-test-other,main,main,16,True,whisper,conf,mbr,1.0891826475516664,0.7177839340678132,1.4612633029555289,0.18670991297330136,0.0,600,122,45,433,33,0.6291583592515761,1.577991094553082,1.4195704513081428e-08
drax,,ls-test-other,main,main,16,True,legacy,first,conf,3.1052978262915216,2.5158233215700223,3.712084370825517,0.3089448449854901,0.0,600,220,65,315,33,2.2927432608228164,3.8943190921241215,2.4877206394726921e-23
drax,,ls-test-other,main,main,16,True,whisper,first,conf,3.1651461552783466,2.5781728582562664,3.782487367243932,0.31470862670357397,0.0,600,223,65,312,33,2.333525788503946,3.9982374484039878,1.8184499692556378e-23
drax,,ls-test-other,main,main,16,True,legacy,rover_freq,rover_cg,0.037639973652018446,-0.12308026396350204,0.19371725228062617,0.0809369935644413,0.343,600,32,31,537,33,-0.10169178145511694,0.18406807083502918,0.7189516903310387
drax,,ls-test-other,main,main,16,True,whisper,rover_freq,rover_cg,-0.06516477378514243,-0.2120635475397553,0.07596781948664662,0.07321332321189532,0.8235,600,21,31,548,33,-0.22028746228132057,0.097893883470523,0.3802618158673343
drax,,ls-test-other,main,ref,4,True,legacy,conf,rover_cg,0.2446598287381199,0.0096053693351429,0.4641972175829427,0.11679814193051903,0.0215,600,49,33,518,33,0.048671762518178424,0.4258490574603409,0.0449307716848228
drax,,ls-test-other,main,ref,4,True,whisper,conf,rover_cg,0.05585552038726494,-0.18476990656114634,0.29342282760414434,0.12306359024097663,0.3405,600,49,49,502,33,-0.16797322386047164,0.2558320336857267,0.6935634297465646
drax,,ls-test-other,main,ref,4,True,legacy,mbr,rover_cg,0.07527994730403689,-0.06921862470028459,0.22770722723455517,0.07429742009991319,0.17,600,27,21,552,33,-0.06801584972149642,0.21980472638489063,0.29803960875986035
drax,,ls-test-other,main,ref,4,True,whisper,mbr,rover_cg,0.02792776019363247,-0.13269015873822118,0.19200191025435467,0.08291877044554395,0.396,600,25,25,550,33,-0.11490433599512037,0.1749255866401791,0.6999586785485792
drax,,ls-test-other,main,ref,4,True,legacy,cm05,rover_cg,0.0,-0.15046126416074432,0.15020745762153268,0.0769129640694618,0.514,600,25,26,549,33,-0.12891300778913534,0.14108418505486198,0.9917495588585408
drax,,ls-test-other,main,ref,4,True,whisper,cm05,rover_cg,-0.12102029417240737,-0.30257053871585043,0.06696879660053966,0.09318264821856843,0.916,600,30,41,529,33,-0.2774615481722803,0.04954902791638319,0.22667152504324262
drax,,ls-test-other,main,ref,4,True,legacy,conf,rover_c,0.31052978262915215,0.0897285732444102,0.5222521052123673,0.11112799872196825,0.004,600,46,25,529,33,0.12406327484337987,0.4891364930879518,0.007163543817314252
drax,,ls-test-other,main,ref,4,True,whisper,conf,rover_c,0.16756656116179483,-0.055151408700124374,0.39075314326102434,0.11606018067171213,0.077,600,46,36,518,33,-0.045717579869678525,0.3681070398490449,0.16376619818318205
drax,,ls-test-other,main,ref,4,True,legacy,conf,rover_freq,0.2352498353251153,-0.009121638978503235,0.4595394325005094,0.11795044959280128,0.0285,600,49,33,518,33,0.060414489651070415,0.3965775563333292,0.05381662570683459
drax,,ls-test-other,main,ref,4,True,whisper,conf,rover_freq,0.1861850679575498,-0.03675569033594921,0.40917211828582567,0.11220246086461828,0.0515,600,46,34,520,33,-0.02740564469877799,0.3737917933324939,0.13154627785345369
drax,,ls-test-other,main,ref,4,True,legacy,first,rover_cg,0.5363696245412628,0.31699946001758667,0.7587633269339475,0.11254072640437157,0.0,600,63,21,516,33,0.34329292529253164,0.7533712126539482,1.788544037742438e-06
drax,,ls-test-other,main,ref,4,True,whisper,first,rover_cg,0.42822565630236453,0.23159973277386403,0.6244891607393486,0.10088802422694143,0.0,600,55,21,524,33,0.2641502866584916,0.6051303993992286,3.0775068534232606e-05
drax,,ls-test-other,main,ref,4,True,legacy,conf,mbr,0.169379881434083,-0.06635797511577625,0.3982779725198424,0.1198085191638769,0.0905,600,45,33,522,33,-0.02787681838555886,0.3541612365529192,0.18043489242896227
drax,,ls-test-other,main,ref,4,True,whisper,conf,mbr,0.02792776019363247,-0.2164580361834697,0.25581166926200566,0.12435192758363069,0.4365,600,41,34,525,33,-0.22472312093783414,0.2563285092055694,0.8425374403364823
drax,,ls-test-other,main,ref,4,True,legacy,first,conf,0.29170979580314294,-0.009557639963697628,0.5927469908074772,0.15245830783347714,0.0315,600,63,40,497,33,0.018304489432101955,0.5498378209220249,0.07024182850526152
drax,,ls-test-other,main,ref,4,True,whisper,first,conf,0.3723701359150996,0.074811166914799,0.6739064334799578,0.15527088225196156,0.008,600,63,38,499,33,0.09897412689506306,0.6779912247574001,0.019522191320534035
drax,,ls-test-other,main,ref,4,True,legacy,rover_freq,rover_cg,0.009409993413004612,-0.09526637129832953,0.11067303266252784,0.053453095536157395,0.468,600,16,15,569,33,-0.09752803392056907,0.12214374316625236,0.8574624419592412
drax,,ls-test-other,main,ref,4,True,whisper,rover_freq,rover_cg,-0.13032954757028486,-0.2334016997110473,-0.03695448843020067,0.05090626451604126,0.9985,600,6,18,576,33,-0.24398698226269563,-0.027202270419470487,0.010558707616726185
drax,,slr83,lowT,lowT,16,True,legacy,conf,rover_cg,0.7228044813877846,0.10860910186465624,1.3558494401509509,0.3160903074953435,0.012,200,25,14,161,24,0.25477930220107453,1.2653433350307492,0.022847316243201958
drax,,slr83,lowT,lowT,16,True,whisper,conf,rover_cg,0.6832074793239842,0.17842810408740759,1.1993230823714633,0.26618013861016326,0.0065,200,25,11,164,24,0.24689837620872102,1.1707366219673232,0.014070135473944244
drax,,slr83,lowT,lowT,16,True,legacy,mbr,rover_cg,0.14456089627755692,-0.18728909746458194,0.5106794632513831,0.17926568593201345,0.2455,200,10,8,182,24,-0.19321623707833993,0.48030489715373215,0.4052551845665353
drax,,slr83,lowT,lowT,16,True,whisper,mbr,rover_cg,0.1438331535418914,-0.13884188553357243,0.4378485814946487,0.14263109736793192,0.186,200,8,5,187,24,-0.11895030721385777,0.39486939091629286,0.31731050786291415
drax,,slr83,lowT,lowT,16,True,legacy,cm05,rover_cg,0.32526201662450305,-0.03616833155603853,0.7210782155619797,0.1952947418481805,0.0505,200,13,7,180,24,-0.071587609315871,0.8029543534115718,0.09034065995898632
drax,,slr83,lowT,lowT,16,True,whisper,cm05,rover_cg,0.25170801869830994,-0.03600331763237846,0.5772005772005772,0.15445341822341227,0.058,200,11,5,184,24,-0.0372683529177902,0.557215172976225,0.10829365589900912
drax,,slr83,lowT,lowT,16,True,legacy,conf,rover_c,0.7228044813877846,0.11482191318702593,1.3440372663995503,0.318068661477811,0.013,200,24,15,161,24,0.2469190077806744,1.2583637084423018,0.018827638714302406
drax,,slr83,lowT,lowT,16,True,whisper,conf,rover_c,0.5753326141675656,0.07020944223045246,1.114016949399224,0.26931635318422176,0.017,200,22,12,166,24,0.20092763556131824,1.0605403274250933,0.0393453143693326
drax,,slr83,lowT,lowT,16,True,legacy,conf,rover_freq,0.6505240332490061,0.0,1.3001093485130695,0.3269602388064957,0.026,200,24,13,163,24,0.06555727595362375,1.2384477102843225,0.0536236671757092
drax,,slr83,lowT,lowT,16,True,whisper,conf,rover_freq,0.5393743257820928,0.0,1.1055894619637539,0.28358384339692366,0.0345,200,22,11,167,24,0.13266998341625208,1.0363849991332312,0.07435047649378937
drax,,slr83,lowT,lowT,16,True,legacy,first,rover_cg,0.5782435851102277,0.07145409074669525,1.0963601909762763,0.2622833265222364,0.0205,200,24,12,164,24,0.16459218781623153,0.9747284878863822,0.02888098956142055
drax,,slr83,lowT,lowT,16,True,whisper,first,rover_cg,0.7910823444804027,0.3090544405081932,1.3396133581728962,0.2630992846663158,0.0005,200,25,9,166,24,0.40607311564738446,1.172217262107063,0.0031278608687749856
drax,,slr83,lowT,lowT,16,True,legacy,conf,mbr,0.5782435851102277,-0.07406045890970245,1.2186711187963346,0.33480520062038716,0.0465,200,24,14,162,24,0.03778615886629824,1.1864504113997973,0.09895928236644182
drax,,slr83,lowT,lowT,16,True,whisper,conf,mbr,0.5393743257820928,0.03339041095890416,1.047037029541159,0.2647197293671547,0.025,200,21,10,169,24,0.16816198431563914,1.0277732959957913,0.05310172691699605
drax,,slr83,lowT,lowT,16,True,legacy,first,conf,-0.14456089627755692,-0.7919580487615046,0.5125063473404707,0.3308085009723091,0.7,200,18,18,164,24,-0.7782937461891577,0.37275610414621446,0.5276388044635487
drax,,slr83,lowT,lowT,16,True,whisper,first,conf,0.10787486515641856,-0.5104601057784828,0.8118813175379359,0.33761275932110835,0.401,200,18,16,166,24,-0.48404963387566385,0.5990853151707365,0.9927799411654123
drax,,slr83,lowT,lowT,16,True,legacy,rover_freq,rover_cg,0.07228044813877846,-0.25308908175885036,0.4047617298222237,0.16476702127698292,0.38,200,9,8,183,24,-0.27391573010494025,0.4603566080323531,0.6547208460185769
drax,,slr83,lowT,lowT,16,True,whisper,rover_freq,rover_cg,0.1438331535418914,-0.07699827207952313,0.3928817579663443,0.12477684680126522,0.1445,200,8,4,188,24,-0.038505049539504003,0.3346125992606501,0.2482130789899235
drax,,slr83,main,main,16,True,legacy,conf,rover_cg,0.8222490931076178,0.46588890507628095,1.1810733896225012,0.18158513107418545,0.0,600,89,45,466,24,0.50071736783858,1.1440222457211988,1.4398588682979647e-05
drax,,slr83,main,main,16,True,whisper,conf,rover_cg,1.1173855580920342,0.7570030564374836,1.494114499732477,0.18829810196984914,0.0,600,101,39,460,24,0.7677374421773412,1.5162325985431941,7.2668387911985705e-09
drax,,slr83,main,main,16,True,legacy,mbr,rover_cg,0.16928657799274485,-0.06057026962538773,0.3955081038934103,0.11790261278873632,0.0915,600,42,33,525,24,-0.046037745520281836,0.3972761047476293,0.17137140886743074
drax,,slr83,main,main,16,True,whisper,mbr,rover_cg,0.576715126757179,0.3250202441495255,0.8312552377491768,0.13161993939188554,0.0,600,51,20,529,24,0.35595937109922443,0.82222229143308,1.5022171318712964e-05
drax,,slr83,main,main,16,True,legacy,cm05,rover_cg,0.18137847642079807,-0.0606303158647081,0.427876785114668,0.12481331214581873,0.083,600,44,32,524,24,-0.011726571603182063,0.382689807677232,0.17315398964917394
drax,,slr83,main,main,16,True,whisper,cm05,rover_cg,0.5286555328607473,0.2631122888979587,0.7932795491229317,0.13585319464602091,0.0,600,55,25,520,24,0.27421675700666626,0.8085267500586494,9.967658952306846e-05
drax,,slr83,main,main,16,True,legacy,conf,rover_c,0.9310761789600968,0.5841825911374442,1.2767130451547435,0.1766801966297545,0.0,600,90,38,472,24,0.6299317184308341,1.267649784471051,5.482423035571338e-07
drax,,slr83,main,main,16,True,whisper,conf,rover_c,1.1894749489366814,0.848964957695156,1.555953741562301,0.18077028016686336,0.0,600,101,31,468,24,0.8286716927800303,1.565482323135786,2.3280460588208685e-10
drax,,slr83,main,main,16,True,legacy,conf,rover_freq,0.8827085852478839,0.5234527281590167,1.2414955789675644,0.18549265840262272,0.0,600,94,43,463,24,0.5383184356359458,1.24635040275471,2.9847179939978374e-06
drax,,slr83,main,main,16,True,whisper,conf,rover_freq,1.0573110657214946,0.6942050412890257,1.4219471324710788,0.18538885469219984,0.0,600,97,37,466,24,0.7133046903545704,1.4429929053170514,2.9655631222674175e-08
drax,,slr83,main,main,16,True,legacy,first,rover_cg,4.256348246674728,3.635460634692806,4.879846992382979,0.31911518090925617,0.0,600,227,30,343,24,3.4904381461349945,5.128850824816219,1.305689754362745e-32
drax,,slr83,main,main,16,True,whisper,first,rover_cg,4.373423044575273,3.7558024666884724,5.021550273290077,0.32635883082169065,0.0,600,220,23,357,24,3.586374570051862,5.253741468919091,2.3909774528648324e-34
drax,,slr83,main,main,16,True,legacy,conf,mbr,0.652962515114873,0.2987893073968981,1.0172833632922096,0.18591491609609556,0.0005,600,84,42,474,24,0.29831153962975365,1.018507157464212,0.0002577334299989497
drax,,slr83,main,main,16,True,whisper,conf,mbr,0.5406704313348553,0.16683749122186045,0.9092600890315528,0.18742424209048508,0.0015,600,82,46,472,24,0.1780521343228591,0.9142178075860597,0.0027816110463597275
drax,,slr83,main,main,16,True,legacy,first,conf,3.43409915356711,2.7994552281739646,4.068268750873487,0.32159323278404195,0.0,600,192,44,364,24,2.6913580935129295,4.24780476164381,3.038459623434653e-22
drax,,slr83,main,main,16,True,whisper,first,conf,3.256037486483239,2.63294026756287,3.8788032631577076,0.31998841747941875,0.0,600,186,46,368,24,2.480967102119913,4.144850639535382,2.576964276547756e-20
drax,,slr83,main,main,16,True,legacy,rover_freq,rover_cg,-0.060459492140266025,-0.2527281749274644,0.12126432269927385,0.09680680001793632,0.755,600,27,32,541,24,-0.23807466672307148,0.12975588909075964,0.5355778797217767
drax,,slr83,main,main,16,True,whisper,rover_freq,rover_cg,0.06007449237053947,-0.10042679827162584,0.22387858916141426,0.0847817906548018,0.275,600,24,21,555,24,-0.1269763059866303,0.2351496334817534,0.4806597572845429
drax,,slr83,main,ref,4,True,legacy,conf,rover_cg,0.14510278113663846,-0.1457838863759032,0.4432826703498406,0.15092294957685956,0.1875,600,46,42,512,24,-0.14379134162933874,0.4005125713216689,0.3197649501175154
drax,,slr83,main,ref,4,True,whisper,conf,rover_cg,0.07208939084464737,-0.2070179097446785,0.3642122427249343,0.14436691277340832,0.322,600,49,46,505,24,-0.19313398392718087,0.2905367057676351,0.6551174113252578
drax,,slr83,main,ref,4,True,legacy,mbr,rover_cg,0.16928657799274485,-0.036760313578929914,0.37796144128309017,0.1044495694436389,0.0565,600,34,24,542,24,-0.02596773554314042,0.37633889741055343,0.10424534119594528
drax,,slr83,main,ref,4,True,whisper,mbr,rover_cg,0.036044695422323685,-0.17962297446192596,0.23297072810119296,0.10442777416946587,0.404,600,28,26,546,24,-0.21367991780936804,0.2707180215212129,0.734427843111543
drax,,slr83,main,ref,4,True,legacy,cm05,rover_cg,0.2660217654171705,0.08482561009592346,0.44718800470886994,0.09397461413848533,0.001,600,31,14,555,24,0.08545004337675242,0.458656510682855,0.004290401615769967
drax,,slr83,main,ref,4,True,whisper,cm05,rover_cg,0.16820857863751051,-0.049479404280341054,0.396270283657509,0.11263861351068159,0.084,600,39,28,533,24,-0.0749331633545949,0.41803490101061147,0.13361414703991317
drax,,slr83,main,ref,4,True,legacy,conf,rover_c,0.15719467956469166,-0.1300684361043475,0.46691153488833265,0.14969724854637226,0.159,600,45,36,519,24,-0.12098163602332992,0.4025984556769704,0.31396283124377256
drax,,slr83,main,ref,4,True,whisper,conf,rover_c,0.13216388321518682,-0.1359279616606846,0.4114069675784255,0.1395114036122157,0.1765,600,43,35,522,24,-0.11245664566680805,0.3401134822876045,0.3664870591725402
drax,,slr83,main,ref,4,True,legacy,conf,rover_freq,0.16928657799274485,-0.13017680896086026,0.4795587581232305,0.15683403704972573,0.142,600,50,41,509,24,-0.09693048150965469,0.40459055504513464,0.36136879137825595
drax,,slr83,main,ref,4,True,whisper,conf,rover_freq,0.13216388321518682,-0.14599029194412755,0.4213701860502244,0.14083721384193687,0.188,600,44,36,520,24,-0.1083320990115539,0.33551407251575316,0.3699353699631488
drax,,slr83,main,ref,4,True,legacy,first,rover_cg,0.5441354292623942,0.22840735917019186,0.8511956486457589,0.1587126735715565,0.0005,600,66,35,499,24,0.16851059788184045,0.9328175285170692,0.0007176198504426179
drax,,slr83,main,ref,4,True,whisper,first,rover_cg,0.3604469542232368,0.11817198100010899,0.5869556596055049,0.1190536542770024,0.001,600,54,28,518,24,0.12745619853821727,0.605462823267508,0.002679540086297301
drax,,slr83,main,ref,4,True,legacy,conf,mbr,-0.02418379685610641,-0.3161094224924012,0.27584966435356856,0.14903294621725544,0.5835,600,41,40,519,24,-0.3032935478927085,0.2569963999809973,0.6926170985171626
drax,,slr83,main,ref,4,True,whisper,conf,mbr,0.036044695422323685,-0.21910567815058105,0.31284688544678196,0.13791525450197684,0.4045,600,42,36,522,24,-0.22382669936178742,0.2930154593402494,0.7974436687798654
drax,,slr83,main,ref,4,True,legacy,first,conf,0.39903264812575573,0.07206082297492554,0.7272619455853655,0.1673099737312904,0.009,600,60,38,502,24,0.07340347443112308,0.7392382715228207,0.02339091186496576
drax,,slr83,main,ref,4,True,whisper,first,conf,0.2883575633785895,-0.023582699392657145,0.596573928614721,0.15337578045369019,0.035,600,56,37,507,24,-0.02314207681556004,0.6065976723510822,0.06131780757189486
drax,,slr83,main,ref,4,True,legacy,rover_freq,rover_cg,-0.02418379685610641,-0.20120495145453549,0.14881381069231642,0.08841912307772494,0.6595,600,23,25,552,24,-0.18155899282923432,0.1319898368288943,0.7858255393262732
drax,,slr83,main,ref,4,True,whisper,rover_freq,rover_cg,-0.06007449237053947,-0.17904408668663901,0.059603459866611315,0.06199851781743869,0.8585,600,11,16,573,24,-0.18718411859812936,0.05985300236864767,0.3359238131517357
drax,,spgispeech,lowT,lowT,16,True,legacy,conf,rover_cg,-0.02061430632859204,-0.5144777890671615,0.47086774831180805,0.2547822357502883,0.521,200,31,32,137,172,-0.578392894030159,0.5003198960704064,0.8277313586691742
drax,,spgispeech,lowT,lowT,16,True,whisper,conf,rover_cg,0.30156815440289503,-0.0999525836928538,0.7086363935609904,0.206312850302935,0.0805,200,30,22,148,172,-0.10240501133848116,0.7066099697907944,0.13740921655962246
drax,,spgispeech,lowT,lowT,16,True,legacy,mbr,rover_cg,-0.26798598227169657,-0.4992751157525054,-0.06078812092614758,0.11054036744272112,0.9945,200,5,15,180,172,-0.48489703933722333,-0.06407495819022377,0.01554470204294442
drax,,spgispeech,lowT,lowT,16,True,whisper,mbr,rover_cg,0.04020908725371934,-0.17628839028201881,0.262247763422333,0.1095302550957929,0.388,200,13,11,176,172,-0.17958147670320365,0.24958005606096031,0.7165845745133804
drax,,spgispeech,lowT,lowT,16,True,legacy,cm05,rover_cg,-0.20614306328592044,-0.44266643323513033,0.02008747822246211,0.1163265419646749,0.972,200,8,15,177,172,-0.4279676937504391,0.01954432935965083,0.07411269533036717
drax,,spgispeech,lowT,lowT,16,True,whisper,cm05,rover_cg,0.04020908725371934,-0.20178378135025574,0.28859639883863364,0.12522364356742152,0.402,200,13,13,174,172,-0.20106165615050622,0.2874950525863555,0.7212533483603922
drax,,spgispeech,lowT,lowT,16,True,legacy,conf,rover_c,0.18552875695732837,-0.3363499735958321,0.6989272619264629,0.2593172101658669,0.2355,200,32,26,142,172,-0.35673974286594784,0.7114109655625613,0.33303053553344053
drax,,spgispeech,lowT,lowT,16,True,whisper,conf,rover_c,0.32167269802975473,-0.04291788045228044,0.7145031975481135,0.1951837657269597,0.058,200,27,17,156,172,-0.0639137625042169,0.7267377899126164,0.10038077266566955
drax,,spgispeech,lowT,lowT,16,True,legacy,conf,rover_freq,0.30921459492888065,-0.18661601398120417,0.8190218018051589,0.25701419430696626,0.1245,200,32,24,144,172,-0.22857392030723858,0.8112583429541306,0.1544213402132259
drax,,spgispeech,lowT,lowT,16,True,whisper,conf,rover_freq,0.38198632891033374,-0.01982612556938402,0.7869252371885775,0.20556464726182938,0.038,200,28,16,156,172,-0.037315079452550436,0.8048541026344321,0.0737955658801398
drax,,spgispeech,lowT,lowT,16,True,legacy,first,rover_cg,0.5772005772005772,0.12356182039893097,1.0655470961811422,0.23581804802001044,0.007,200,40,23,137,172,0.1275234843096883,1.0463460411325538,0.019157675300163983
drax,,spgispeech,lowT,lowT,16,True,whisper,first,rover_cg,0.8041817450743868,0.3854698182452846,1.2518919466635554,0.21870501628300065,0.0,200,41,14,145,172,0.3932499346382099,1.2480448856758615,0.0004125982049522207
drax,,spgispeech,lowT,lowT,16,True,legacy,conf,mbr,0.24737167594310452,-0.2703556187766714,0.7524498827744259,0.26265253563576757,0.1735,200,32,24,144,172,-0.29303115419504244,0.7451010011255257,0.17413679101659607
drax,,spgispeech,lowT,lowT,16,True,whisper,conf,mbr,0.26135906714917573,-0.14526829368453845,0.6758307548240445,0.21185075059787026,0.122,200,28,18,154,172,-0.1630823209452734,0.6929341321628585,0.2046999889852592
drax,,spgispeech,lowT,lowT,16,True,legacy,first,conf,0.5978148835291692,0.021013941958721943,1.1965614495764767,0.298165678120496,0.0225,200,38,24,138,172,0.019314580031695748,1.219300993157395,0.0739150108882919
drax,,spgispeech,lowT,lowT,16,True,whisper,first,conf,0.5026135906714918,0.020836324727827142,0.9981284880960202,0.24848915538523245,0.0175,200,34,20,146,172,0.0,0.9889709604270298,0.03507940883113017
drax,,spgispeech,lowT,lowT,16,True,legacy,rover_freq,rover_cg,-0.32982890125747266,-0.5592784387844209,-0.10302428629176187,0.11535305605464226,0.9995,200,5,18,177,172,-0.5663271327777731,-0.12362344321110877,0.004688343495088093
drax,,spgispeech,lowT,lowT,16,True,whisper,rover_freq,rover_cg,-0.08041817450743868,-0.26558254942423065,0.10000117338903654,0.09369414415032018,0.83,200,8,11,181,172,-0.26586086758448263,0.09567143229335799,0.3937686346429927
drax,,spgispeech,main,main,16,True,legacy,conf,rover_cg,0.8269096005606167,0.5064995388130061,1.1454855583543584,0.16406251894464638,0.0,600,152,84,364,416,0.5127711686494051,1.1549368010415393,8.908336634072552e-07
drax,,spgispeech,main,main,16,True,whisper,conf,rover_cg,0.9508824736626077,0.6699897546477496,1.2368235393775104,0.14622390740630178,0.0,600,151,57,392,416,0.6428902580944282,1.2499777099397853,1.6102509359213408e-10
drax,,spgispeech,main,main,16,True,legacy,mbr,rover_cg,0.0,-0.19556008842040465,0.1908424502090434,0.09737509435784077,0.5195,600,54,61,485,416,-0.17984078287694408,0.18759361178670367,0.8330586870706799
drax,,spgispeech,main,main,16,True,whisper,mbr,rover_cg,0.22574907648105075,0.05530105307353855,0.393717130315124,0.08546582122033242,0.0035,600,60,37,503,416,0.05550243111616343,0.39813829862623834,0.00955196007047552
drax,,spgispeech,main,main,16,True,legacy,cm05,rover_cg,0.1051156271899089,-0.12069601487318884,0.3204921648304777,0.11372883509901974,0.1905,600,77,69,454,416,-0.08725036131031953,0.3201348018216808,0.22518109899035466
drax,,spgispeech,main,main,16,True,whisper,cm05,rover_cg,0.28047612532494187,0.06219754285875566,0.48208208022202287,0.10579093414393864,0.003,600,80,45,475,416,0.06449991249720491,0.4947833031684384,0.0030692417773191313
drax,,spgispeech,main,main,16,True,legacy,conf,rover_c,0.8829712683952348,0.5636056414575291,1.2062848893810008,0.1622156483360338,0.0,600,153,78,369,416,0.5713883603695494,1.2001562924481313,1.3459785277353917e-07
drax,,spgispeech,main,main,16,True,whisper,conf,rover_c,0.9577233547680941,0.6665485140876314,1.2438745434324638,0.14695146321388497,0.0,600,153,57,390,416,0.6579534766472778,1.256128705070624,1.1490882779919258e-10
drax,,spgispeech,main,main,16,True,legacy,conf,rover_freq,1.0371408549404344,0.7339064038414738,1.3582821998315602,0.1590211854569372,0.0,600,152,65,383,416,0.7370020206222807,1.3555641572982533,2.7245220386530034e-10
drax,,spgispeech,main,main,16,True,whisper,conf,rover_freq,0.9303598303461486,0.6457678420746177,1.2067313450628667,0.14670496159666796,0.0,600,148,53,399,416,0.6290380710465051,1.2310451003865703,5.449098813881748e-10
drax,,spgispeech,main,main,16,True,legacy,first,rover_cg,4.022424667133847,3.5105678015165442,4.573708761716677,0.2700073417483329,0.0,600,322,53,225,416,3.515146355726963,4.5575879291488475,4.6760250961010115e-43
drax,,spgispeech,main,main,16,True,whisper,first,rover_cg,4.2003009987686415,3.722788650841418,4.708234614645113,0.2550159823840249,0.0,600,322,25,253,416,3.6983349171285753,4.72811088044028,4.0991042573514666e-50
drax,,spgispeech,main,main,16,True,legacy,conf,mbr,0.8269096005606167,0.5220085598806483,1.1439095154920216,0.15935638496150117,0.0,600,138,61,401,416,0.5173468601464922,1.1298645848498148,2.2310663232115654e-07
drax,,spgispeech,main,main,16,True,whisper,conf,mbr,0.725133397181557,0.445568267661189,1.0004056388282294,0.14234768041802345,0.0,600,131,52,417,416,0.44025760779774936,1.0097566851913138,1.6458584802833542e-07
drax,,spgispeech,main,main,16,True,legacy,first,conf,3.1955150665732304,2.67940285631701,3.742499798779952,0.2763977027433467,0.0,600,291,69,240,416,2.6758132687733007,3.7636809264229245,4.6678360819467856e-29
drax,,spgispeech,main,main,16,True,whisper,first,conf,3.2494185251060337,2.741198121956397,3.8042502941187917,0.2715485178915518,0.0,600,285,62,253,416,2.7176207948220754,3.823054109831932,2.0780870373759756e-31
drax,,spgispeech,main,main,16,True,legacy,rover_freq,rover_cg,-0.2102312543798178,-0.3572742122312028,-0.05574786745172035,0.07579237570906393,0.9965,600,35,64,501,416,-0.3603347245804646,-0.05460087480946179,0.00753597601994359
drax,,spgispeech,main,main,16,True,whisper,rover_freq,rover_cg,0.02052264331645916,-0.08812136231623467,0.1385680734777451,0.05877838086833858,0.3985,600,32,32,536,416,-0.09163060820337571,0.14466820177376583,0.7177368117145235
drax,,spgispeech,main,ref,4,True,legacy,conf,rover_cg,-0.1051156271899089,-0.2952724573276331,0.09652796148882097,0.0986550812857756,0.8675,600,63,86,451,416,-0.31045611228179615,0.09689589893589483,0.14959974329674558
drax,,spgispeech,main,ref,4,True,whisper,conf,rover_cg,-0.1573402654261869,-0.3455431555984304,0.03404070208046623,0.09651100495243249,0.953,600,58,89,453,416,-0.34998216101577856,0.02771414122889407,0.04676569480904812
drax,,spgispeech,main,ref,4,True,legacy,mbr,rover_cg,-0.5606166783461808,-0.7230585925313686,-0.39837929753174683,0.08336964140790956,1.0,600,24,95,481,416,-0.7245687420829856,-0.40510712338278654,4.453797925868828e-11
drax,,spgispeech,main,ref,4,True,whisper,mbr,rover_cg,-0.3488849363798057,-0.49909505754611355,-0.2044784265036367,0.07521771675496515,1.0,600,30,78,492,416,-0.49901636573497987,-0.20482056381735633,7.572423160489374e-06
drax,,spgispeech,main,ref,4,True,legacy,cm05,rover_cg,-0.4064470918009811,-0.5499542532069435,-0.2697568264693816,0.07183085790193477,1.0,600,25,80,495,416,-0.5493718419404305,-0.26981171642609647,5.570155564690051e-08
drax,,spgispeech,main,ref,4,True,whisper,cm05,rover_cg,-0.3283622930633466,-0.48250729375373475,-0.1758965509886965,0.07772509102189881,1.0,600,32,76,492,416,-0.48519412775177384,-0.18353707733734806,2.2693047405554106e-05
drax,,spgispeech,main,ref,4,True,legacy,conf,rover_c,0.15416958654519972,-0.034753239398909244,0.34426289311992364,0.09552805358309051,0.059,600,67,54,479,416,-0.03545070977212651,0.3524263653642719,0.17315425276766216
drax,,spgispeech,main,ref,4,True,whisper,conf,rover_c,0.09577233547680941,-0.0819764585784516,0.2720736780429206,0.08974918337568685,0.162,600,56,52,492,416,-0.08115258925456639,0.27467919324472134,0.4727369070006191
drax,,spgispeech,main,ref,4,True,legacy,conf,rover_freq,0.18220042046250876,-0.013790268537225432,0.37743011064802157,0.10120717019026186,0.0375,600,74,58,468,416,-0.014780896191771404,0.3879605408412409,0.09600707199052634
drax,,spgispeech,main,ref,4,True,whisper,conf,rover_freq,0.17102202763715968,0.0,0.3471968650594972,0.08915955615788602,0.0285,600,60,46,494,416,-0.006705629239313912,0.34597961093646523,0.10501809824075325
drax,,spgispeech,main,ref,4,True,legacy,first,rover_cg,-0.09110021023125438,-0.31095975699719214,0.14115870950674428,0.11802287292043954,0.7835,600,73,94,433,416,-0.3270484754275068,0.13004650805366788,0.46304692536255654
drax,,spgispeech,main,ref,4,True,whisper,first,rover_cg,0.006840881105486387,-0.19003992795660574,0.21099918322896816,0.09973939796978303,0.4775,600,69,78,453,416,-0.1699948029470931,0.19421438199341368,0.927545345527807
drax,,spgispeech,main,ref,4,True,legacy,conf,mbr,0.4555010511562719,0.23659216821036236,0.6788916495038987,0.11418986210222366,0.0,600,88,43,469,416,0.23629574212847415,0.6664957243595224,6.44846220849592e-05
drax,,spgispeech,main,ref,4,True,whisper,conf,mbr,0.19154467095361882,0.006970172104594827,0.38369696617555804,0.09748952629092204,0.022,600,58,44,498,416,0.0,0.3798335694263356,0.08394176167881785
drax,,spgispeech,main,ref,4,True,legacy,first,conf,0.01401541695865452,-0.2390176060265144,0.2720424107142857,0.12823639417594074,0.4575,600,69,67,464,416,-0.2421322025689498,0.27725330012186533,0.9327781386036728
drax,,spgispeech,main,ref,4,True,whisper,first,conf,0.1641811465316733,-0.035050766877593176,0.37322116523632415,0.10619574985386278,0.0585,600,71,48,481,416,-0.04192791963657738,0.369055641728192,0.10178313538080985
drax,,spgispeech,main,ref,4,True,legacy,rover_freq,rover_cg,-0.28731604765241764,-0.40665025825261425,-0.17184495872137065,0.06048450710606473,1.0,600,17,55,528,416,-0.4123189926493672,-0.16850387991455532,5.229100770058185e-06
drax,,spgispeech,main,ref,4,True,whisper,rover_freq,rover_cg,-0.3283622930633466,-0.4415018753839148,-0.21728465675732644,0.0568770483408612,1.0,600,11,57,532,416,-0.4403265308071526,-0.22326715247046783,2.421265838490415e-08
drax,,voxpopuli,lowT,lowT,16,True,legacy,conf,rover_cg,0.296655879180151,-0.10712944765480625,0.6577218185822323,0.1956867826371922,0.0795,200,25,13,162,150,-0.10641174084174743,0.6835820503979972,0.09738345975057448
drax,,voxpopuli,lowT,lowT,16,True,whisper,conf,rover_cg,0.1078167115902965,-0.3053117445671316,0.48259965742422767,0.20143213645996116,0.323,200,22,16,162,150,-0.3028952565462984,0.4857533451929768,0.5222236800909967
drax,,voxpopuli,lowT,lowT,16,True,legacy,mbr,rover_cg,-0.08090614886731391,-0.27196453778683083,0.1269022332543628,0.0995931034765098,0.8215,200,3,7,190,150,-0.2731487993799075,0.11335218902549796,0.40538055645894233
drax,,voxpopuli,lowT,lowT,16,True,whisper,mbr,rover_cg,-0.24258760107816713,-0.44131406520061434,-0.05361108789465305,0.10015198592105164,0.9975,200,2,11,187,150,-0.4374930447882492,-0.055440857336787705,0.01255491859696655
drax,,voxpopuli,lowT,lowT,16,True,legacy,cm05,rover_cg,-0.05393743257820928,-0.22559458440803382,0.10989995667415017,0.08554547044232455,0.7935,200,4,6,190,150,-0.22379191635853626,0.11733987693235996,0.5270892568655381
drax,,voxpopuli,lowT,lowT,16,True,whisper,cm05,rover_cg,-0.215633423180593,-0.4325610440008472,-0.02521205448168996,0.10684357878878453,0.9895,200,4,12,184,150,-0.4412148424339186,0.0,0.045500263896358396
drax,,voxpopuli,lowT,lowT,16,True,legacy,conf,rover_c,0.2696871628910464,-0.13517766535007913,0.6339593194443347,0.1975381799196895,0.101,200,25,14,161,150,-0.11862527400524396,0.656772610552974,0.13240940174909085
drax,,voxpopuli,lowT,lowT,16,True,whisper,conf,rover_c,0.16172506738544473,-0.23299423849393078,0.5372624532929872,0.20263237624135755,0.238,200,24,16,160,150,-0.2376252369624586,0.567376844671078,0.3705785186386774
drax,,voxpopuli,lowT,lowT,16,True,legacy,conf,rover_freq,0.296655879180151,-0.1096814457667415,0.6715169795290556,0.19936069527126332,0.0855,200,26,14,160,150,-0.10532597233439665,0.6774670412039738,0.10344449921062927
drax,,voxpopuli,lowT,lowT,16,True,whisper,conf,rover_freq,0.24258760107816713,-0.15703416125414063,0.6014586259168196,0.19538986777153558,0.131,200,24,14,162,150,-0.14684337764714955,0.6226355089326725,0.16797562613782435
drax,,voxpopuli,lowT,lowT,16,True,legacy,first,rover_cg,0.7820927723840345,0.2548938101414352,1.3561937639726034,0.2802858322723868,0.0035,200,33,14,153,150,0.23716355669222147,1.3107369913273388,0.004996490973375164
drax,,voxpopuli,lowT,lowT,16,True,whisper,first,rover_cg,0.5929919137466307,0.0577735319568017,1.140907078428325,0.2792334144789215,0.0165,200,31,16,153,150,0.02901579976348804,1.1102414838763306,0.034663416419168626
drax,,voxpopuli,lowT,lowT,16,True,legacy,conf,mbr,0.3775620280474649,-0.027218290691344585,0.7622392300536006,0.2003662916761431,0.0425,200,26,12,162,150,-0.029087949572242765,0.763822223773701,0.04478511026420136
drax,,voxpopuli,lowT,lowT,16,True,whisper,conf,mbr,0.3504043126684636,-0.05437227159244688,0.7286109770692496,0.19803599149446208,0.0485,200,25,12,163,150,-0.05423030263451289,0.7322215632473318,0.059037837993243525
drax,,voxpopuli,lowT,lowT,16,True,legacy,first,conf,0.4854368932038835,0.0,1.008582113927357,0.2559062581998779,0.0265,200,25,16,159,150,0.0,0.9910226500933476,0.06332467202771011
drax,,voxpopuli,lowT,lowT,16,True,whisper,first,conf,0.48517520215633425,-0.025740814984402966,1.0299070877692231,0.2675193038969214,0.0315,200,26,17,157,150,-0.03006659777865094,1.0164483888009728,0.076876622709062
drax,,voxpopuli,lowT,lowT,16,True,legacy,rover_freq,rover_cg,0.0,-0.14026627823069415,0.1539074422566766,0.07758377118313,0.5715,200,4,4,192,150,-0.16042995339095803,0.15728943919431598,1.0
drax,,voxpopuli,lowT,lowT,16,True,whisper,rover_freq,rover_cg,-0.1347708894878706,-0.2947649455940954,0.02607715275501253,0.08201292473453817,0.9685,200,2,7,191,150,-0.30048286563352566,0.0,0.09558070454562939
drax,,voxpopuli,main,main,16,True,legacy,conf,rover_cg,0.9019899572252186,0.5420039063664891,1.2570021033649397,0.1850587995235271,0.0,600,107,53,440,296,0.5322196042390663,1.348930991037785,1.6769269061765477e-06
drax,,voxpopuli,main,main,16,True,whisper,conf,rover_cg,0.7911392405063291,0.4652766850554329,1.1446916705383128,0.17377012254208538,0.0,600,100,51,449,296,0.45243872657268897,1.2013328566998807,7.714068318705132e-06
drax,,voxpopuli,main,main,16,True,legacy,mbr,rover_cg,0.018597731076808628,-0.15839925695319068,0.18801544813485577,0.08871981188495837,0.4405,600,36,36,528,296,-0.14869511085970055,0.18468118195956454,0.9066937504430376
drax,,voxpopuli,main,main,16,True,whisper,mbr,rover_cg,-0.06515264333581534,-0.2091866210289277,0.0776943231741744,0.0747046905743422,0.8255,600,23,32,545,296,-0.2123950251814128,0.08317503171453645,0.3732348071783823
drax,,voxpopuli,main,main,16,True,legacy,cm05,rover_cg,0.23247163846010788,0.0354633335888205,0.42647521841477876,0.1020927665962311,0.0115,600,49,34,517,296,0.03691226945759887,0.43383228007087027,0.022337671769911402
drax,,voxpopuli,main,main,16,True,whisper,cm05,rover_cg,0.10238272524199553,-0.06782549318160569,0.2874725213329813,0.09225647122432953,0.1455,600,39,35,526,296,-0.08382816828435792,0.2927650881426114,0.24867526164070708
drax,,voxpopuli,main,main,16,True,legacy,conf,rover_c,0.9856797470708574,0.643104869672087,1.3299297022935928,0.17726790667251066,0.0,600,104,41,455,296,0.6318524211409005,1.4010363637669367,3.052270091325327e-08
drax,,voxpopuli,main,main,16,True,whisper,conf,rover_c,0.9121370067014147,0.590126815706341,1.2452029753884624,0.1697833087175199,0.0,600,100,40,460,296,0.5834087584286973,1.3009241161640162,7.119021017352117e-08
drax,,voxpopuli,main,main,16,True,legacy,conf,rover_freq,0.9949786126092617,0.6538684111307281,1.3533034866888796,0.17538669777728366,0.0,600,102,38,460,296,0.6582786859707835,1.408859936867446,1.6464057030426836e-08
drax,,voxpopuli,main,main,16,True,whisper,conf,rover_freq,0.9772896500372301,0.6638730748708618,1.3159332183049304,0.1682263045720894,0.0,600,97,32,471,296,0.6397853188303478,1.370915022939904,5.23232484965492e-09
drax,,voxpopuli,main,main,16,True,legacy,first,rover_cg,4.686628231355774,4.016391659077755,5.425939542577966,0.3685321198685314,0.0,600,266,29,305,296,3.9297066429950958,5.507807433418361,1.4685000868499379e-40
drax,,voxpopuli,main,main,16,True,whisper,first,rover_cg,4.514147431124348,3.8355559463629345,5.254375365468505,0.3704670471357436,0.0,600,256,25,319,296,3.774225992031936,5.325421153316044,2.9320518078966445e-39
drax,,voxpopuli,main,main,16,True,legacy,conf,mbr,0.8833922261484098,0.5591354206988581,1.2236635172299881,0.17073118569767956,0.0,600,94,35,471,296,0.5417693219714611,1.2974753731021806,2.7325450999272445e-07
drax,,voxpopuli,main,main,16,True,whisper,conf,mbr,0.8562918838421445,0.5358550504140205,1.1935391678300307,0.16854416767013927,0.0,600,92,35,473,296,0.5078227599491243,1.2660736672252217,2.2667748452713382e-07
drax,,voxpopuli,main,main,16,True,legacy,first,conf,3.784638274130556,3.091565561402948,4.584556175070733,0.38701496574854477,0.0,600,237,55,308,296,3.0763471422016404,4.582078696984008,5.518307772863435e-27
drax,,voxpopuli,main,main,16,True,whisper,first,conf,3.7230081906180192,3.0281267872883033,4.519685368514528,0.38094382644835423,0.0,600,236,52,312,296,3.0124965091710005,4.518279676504932,5.459207441735543e-28
drax,,voxpopuli,main,main,16,True,legacy,rover_freq,rover_cg,-0.09298865538404315,-0.2389854239860216,0.04724564882053371,0.0744347206841265,0.901,600,24,34,542,296,-0.2249875536840791,0.03331794220136903,0.18916127259520787
drax,,voxpopuli,main,main,16,True,whisper,rover_freq,rover_cg,-0.18615040953090098,-0.3112414109483019,-0.0655535077235816,0.06328564201688086,0.9985,600,12,31,557,296,-0.3153845933403191,-0.07400384049136403,0.0031896997062168695
drax,,voxpopuli,main,ref,4,True,legacy,conf,rover_cg,-0.037195462153617256,-0.22751569688629195,0.14802380948087482,0.09269340469944955,0.6835,600,36,41,523,296,-0.2207819065651504,0.1435785848408766,0.695991616286701
drax,,voxpopuli,main,ref,4,True,whisper,conf,rover_cg,-0.09307520476545049,-0.2899660469624576,0.09169875796885973,0.09517224570863571,0.8565,600,36,46,518,296,-0.2827554534098893,0.08904389381323298,0.3211125900189167
drax,,voxpopuli,main,ref,4,True,legacy,mbr,rover_cg,-0.10228752092244746,-0.2572230931406412,0.047791113825244654,0.07869720627530212,0.916,600,27,39,534,296,-0.2584599789233777,0.048680931147111556,0.20645156341703297
drax,,voxpopuli,main,ref,4,True,whisper,mbr,rover_cg,-0.1768428890543559,-0.3377286889266588,-0.0272508090804455,0.07891286318186876,0.99,600,21,40,539,296,-0.3367344313573432,-0.02693113269564362,0.027027359325522134
drax,,voxpopuli,main,ref,4,True,legacy,cm05,rover_cg,-0.1301841175376604,-0.28686659657186386,0.018294980507674325,0.07641459576826878,0.9655,600,22,37,541,296,-0.27402306378546054,0.009572489041532939,0.09136708544872146
drax,,voxpopuli,main,ref,4,True,whisper,cm05,rover_cg,-0.19545793000744602,-0.3576370038236658,-0.04652072835614712,0.07889100424426239,0.9955,600,21,41,538,296,-0.34068720363436394,-0.05690834590190442,0.012805348498149056
drax,,voxpopuli,main,ref,4,True,legacy,conf,rover_c,0.07439092430723451,-0.09557376726506275,0.2471706625404904,0.08545019843707018,0.2105,600,34,29,537,296,-0.07539523759727672,0.22692303679512377,0.3727046966667876
drax,,voxpopuli,main,ref,4,True,whisper,conf,rover_c,0.05584512285927029,-0.11342772773885862,0.2306060326538142,0.08598454884345436,0.2655,600,36,33,531,296,-0.0963082517917113,0.21413475665707188,0.5029645330940884
drax,,voxpopuli,main,ref,4,True,legacy,conf,rover_freq,0.1208852519992561,-0.03723563158785579,0.28568684295706265,0.08337754036165682,0.0955,600,37,27,536,296,-0.02943711578186069,0.27587104225303444,0.14087614160415743
drax,,voxpopuli,main,ref,4,True,whisper,conf,rover_freq,0.10238272524199553,-0.05706378712646246,0.2667175580980072,0.08332155082827997,0.1285,600,36,28,536,296,-0.04795401965435154,0.26238553625057287,0.2115097985550598
drax,,voxpopuli,main,ref,4,True,legacy,first,rover_cg,0.046494327692021574,-0.15471040734939964,0.24997881730742177,0.10293137593925711,0.3545,600,42,43,515,296,-0.17205563729503237,0.2577834158796411,0.6700183965898481
drax,,voxpopuli,main,ref,4,True,whisper,first,rover_cg,-0.009307520476545048,-0.20198994715395122,0.17162294436289294,0.09613264418636414,0.5705,600,40,42,518,296,-0.19872007524129712,0.1850222424506544,0.9284644693905477
drax,,voxpopuli,main,ref,4,True,legacy,conf,mbr,0.0650920587688302,-0.1292607576308525,0.24701093219108358,0.09707392156332004,0.263,600,35,28,537,296,-0.11498754306224981,0.243489782267458,0.39645755980995356
drax,,voxpopuli,main,ref,4,True,whisper,conf,mbr,0.08376768428890544,-0.10986072457706386,0.26992979834229686,0.09653902885058367,0.204,600,36,28,536,296,-0.09690079929621746,0.26501998435473034,0.282789340191851
drax,,voxpopuli,main,ref,4,True,legacy,first,conf,0.08368978984563884,-0.12277602634110289,0.2817053823836971,0.10264103765060154,0.223,600,40,35,525,296,-0.11514991331175685,0.30186606921602527,0.4839897440384815
drax,,voxpopuli,main,ref,4,True,whisper,first,conf,0.08376768428890544,-0.11155107961325535,0.2719458983613229,0.09850723257608518,0.2135,600,39,34,527,296,-0.10471828663922306,0.2941281021854201,0.41892614356716384
drax,,voxpopuli,main,ref,4,True,legacy,rover_freq,rover_cg,-0.15808071415287334,-0.2773463538224838,-0.04593002584206169,0.05987174230391769,0.9975,600,12,28,560,296,-0.2913625967119985,-0.03483150573904427,0.00952879138632182
drax,,voxpopuli,main,ref,4,True,whisper,rover_freq,rover_cg,-0.19545793000744602,-0.30595790015016955,-0.09033203918390273,0.05653119576539306,1.0,600,6,25,569,296,-0.31875642611391997,-0.08244004206128062,0.0005588813323995351
parakeet-ctc,,ami,main,greedy,1,True,legacy,conf,rover_cg,0.0,0.0,0.0,0.0,1.0,200,0,0,200,16,0.0,0.0,1.0
parakeet-ctc,,ami,main,greedy,1,True,whisper,conf,rover_cg,0.0,0.0,0.0,0.0,1.0,200,0,0,200,16,0.0,0.0,1.0
parakeet-ctc,,ami,main,greedy,1,True,legacy,mbr,rover_cg,0.0,0.0,0.0,0.0,1.0,200,0,0,200,16,0.0,0.0,1.0
parakeet-ctc,,ami,main,greedy,1,True,whisper,mbr,rover_cg,0.0,0.0,0.0,0.0,1.0,200,0,0,200,16,0.0,0.0,1.0
parakeet-ctc,,ami,main,greedy,1,True,legacy,cm05,rover_cg,0.0,0.0,0.0,0.0,1.0,200,0,0,200,16,0.0,0.0,1.0
parakeet-ctc,,ami,main,greedy,1,True,whisper,cm05,rover_cg,0.0,0.0,0.0,0.0,1.0,200,0,0,200,16,0.0,0.0,1.0
parakeet-ctc,,ami,main,greedy,1,True,legacy,conf,rover_c,0.0,0.0,0.0,0.0,1.0,200,0,0,200,16,0.0,0.0,1.0
parakeet-ctc,,ami,main,greedy,1,True,whisper,conf,rover_c,0.0,0.0,0.0,0.0,1.0,200,0,0,200,16,0.0,0.0,1.0
parakeet-ctc,,ami,main,greedy,1,True,legacy,conf,rover_freq,0.0,0.0,0.0,0.0,1.0,200,0,0,200,16,0.0,0.0,1.0
parakeet-ctc,,ami,main,greedy,1,True,whisper,conf,rover_freq,0.0,0.0,0.0,0.0,1.0,200,0,0,200,16,0.0,0.0,1.0
parakeet-ctc,,ami,main,greedy,1,True,legacy,first,rover_cg,0.0,0.0,0.0,0.0,1.0,200,0,0,200,16,0.0,0.0,1.0
parakeet-ctc,,ami,main,greedy,1,True,whisper,first,rover_cg,0.0,0.0,0.0,0.0,1.0,200,0,0,200,16,0.0,0.0,1.0
parakeet-ctc,,ami,main,greedy,1,True,legacy,conf,mbr,0.0,0.0,0.0,0.0,1.0,200,0,0,200,16,0.0,0.0,1.0
parakeet-ctc,,ami,main,greedy,1,True,whisper,conf,mbr,0.0,0.0,0.0,0.0,1.0,200,0,0,200,16,0.0,0.0,1.0
parakeet-ctc,,ami,main,greedy,1,True,legacy,first,conf,0.0,0.0,0.0,0.0,1.0,200,0,0,200,16,0.0,0.0,1.0
parakeet-ctc,,ami,main,greedy,1,True,whisper,first,conf,0.0,0.0,0.0,0.0,1.0,200,0,0,200,16,0.0,0.0,1.0
parakeet-ctc,,ami,main,greedy,1,True,legacy,rover_freq,rover_cg,0.0,0.0,0.0,0.0,1.0,200,0,0,200,16,0.0,0.0,1.0
parakeet-ctc,,ami,main,greedy,1,True,whisper,rover_freq,rover_cg,0.0,0.0,0.0,0.0,1.0,200,0,0,200,16,0.0,0.0,1.0
parakeet-ctc,,ami,main,sample,16,False,legacy,conf,rover_cg,3.3983286908077996,2.4682795870753296,4.491807762848214,0.5075542161592854,0.0,200,59,10,131,16,2.2421210636721054,4.574300869833685,3.5528994142400795e-09
parakeet-ctc,,ami,main,sample,16,False,whisper,conf,rover_cg,4.203056768558952,2.823184074563461,5.615120775024063,0.7126380239421656,0.0,200,68,18,114,16,2.7442454082207557,5.605188670603537,1.9592076636365403e-07
parakeet-ctc,,ami,main,sample,16,False,legacy,mbr,rover_cg,0.11142061281337047,-0.34992621387179207,0.5531510886282446,0.23098529890319416,0.351,200,10,8,182,16,-0.3046656223349885,0.45007546783559205,0.6373518882339371
parakeet-ctc,,ami,main,sample,16,False,whisper,mbr,rover_cg,0.38209606986899564,-0.30287437474571,1.005502641187932,0.3431036200367516,0.1555,200,19,11,170,16,-0.24085524945930642,0.9140367903521387,0.2725302956607051
parakeet-ctc,,ami,main,sample,16,False,legacy,cm05,rover_cg,0.6685236768802229,0.053014582940860464,1.373669668440442,0.34237272077608394,0.022,200,19,10,171,16,0.052363255193443876,1.2433425630530301,0.05005413017337129
parakeet-ctc,,ami,main,sample,16,False,whisper,cm05,rover_cg,1.3100436681222707,0.2748650267819478,2.4014471969931295,0.5410768393741561,0.0095,200,36,18,146,16,0.5232536413251295,2.0789241992285747,0.020677178793653817
parakeet-ctc,,ami,main,sample,16,False,legacy,conf,rover_c,3.4540389972144845,2.5224731580895963,4.517994496828639,0.5042043674482336,0.0,200,59,9,132,16,2.2948407386158394,4.623170006943381,1.6817872133838549e-09
parakeet-ctc,,ami,main,sample,16,False,whisper,conf,rover_c,4.203056768558952,2.924502231629755,5.638100705763094,0.69065449390747,0.0,200,65,16,119,16,2.835511661425577,5.657011801082364,9.04520858173693e-08
parakeet-ctc,,ami,main,sample,16,False,legacy,conf,rover_freq,3.732590529247911,2.753542491661777,4.810683874657017,0.5279092226164097,0.0,200,61,9,130,16,2.398715764876199,4.920055827390254,2.403825512237477e-09
parakeet-ctc,,ami,main,sample,16,False,whisper,conf,rover_freq,4.366812227074236,3.185726502990577,5.710085637814071,0.6574733410711778,0.0,200,62,11,127,16,3.026416489107275,5.73161592297327,3.0729421177471606e-09
parakeet-ctc,,ami,main,sample,16,False,legacy,first,rover_cg,5.571030640668524,3.98696167087339,7.242345447282231,0.8313410152176128,0.0,200,65,10,125,16,3.7908486066872054,6.824019291383432,1.9650691706166056e-09
parakeet-ctc,,ami,main,sample,16,False,whisper,first,rover_cg,5.895196506550218,4.432649883814621,7.446918343574875,0.7615259763745171,0.0,200,73,11,116,16,4.04352511883536,7.17415087037719,2.400703430865487e-11
parakeet-ctc,,ami,main,sample,16,False,legacy,conf,mbr,3.286908077994429,2.356146783608577,4.2943558594986095,0.4948601804213578,0.0,200,56,8,136,16,2.1458898741900194,4.378555954273677,1.0784194622949094e-08
parakeet-ctc,,ami,main,sample,16,False,whisper,conf,mbr,3.8209606986899565,2.66959396911394,5.126767297404555,0.6408572760785259,0.0,200,56,9,135,16,2.5036680607755275,5.201495898065832,1.0811140380286083e-07
parakeet-ctc,,ami,main,sample,16,False,legacy,first,conf,2.1727019498607243,0.4809813651444701,3.848318793086918,0.8607142938722858,0.006,200,54,32,114,16,0.5465734614536089,3.7234517954413224,0.016750072404189086
parakeet-ctc,,ami,main,sample,16,False,whisper,first,conf,1.6921397379912664,-0.05635245737372442,3.4004956677854956,0.8759181646372177,0.0325,200,57,35,108,16,-0.23777446624356482,3.3236926550037404,0.05111747714594135
parakeet-ctc,,ami,main,sample,16,False,legacy,rover_freq,rover_cg,-0.3342618384401114,-0.7649710449658756,0.09655988294262226,0.22340549445218394,0.946,200,6,12,182,16,-0.7558490353184605,0.1482717577394189,0.15729920705028505
parakeet-ctc,,ami,main,sample,16,False,whisper,rover_freq,rover_cg,-0.16375545851528384,-0.8593977541930325,0.4594298082588829,0.3296133638203589,0.725,200,14,15,171,16,-0.760282948224219,0.46377868757928725,0.6051273038437726
parakeet-ctc,,ami,main,sample,32,True,legacy,conf,rover_cg,4.512534818941504,3.604558496471816,5.50791405694246,0.497375198419601,0.0,200,71,7,122,16,3.656015399309128,5.382056254879,2.094352101097105e-12
parakeet-ctc,,ami,main,sample,32,True,whisper,conf,rover_cg,5.513100436681222,4.242597432990205,6.842226394524862,0.6614528227260339,0.0,200,79,12,109,16,4.322000341410501,6.693691538655283,1.9013099321796713e-11
parakeet-ctc,,ami,main,sample,32,True,legacy,mbr,rover_cg,-0.22284122562674094,-0.8228251717311266,0.39570938280952245,0.30875409958827016,0.7865,200,8,13,179,16,-0.9042971939929524,0.35092582767402347,0.4863066837594052
parakeet-ctc,,ami,main,sample,32,True,whisper,mbr,rover_cg,0.5458515283842795,-0.1141488783689461,1.2163373393069492,0.33049974434937296,0.0525,200,17,9,174,16,-0.2893686356019593,1.273474948589015,0.1053931671782798
parakeet-ctc,,ami,main,sample,32,True,legacy,cm05,rover_cg,1.0027855153203342,0.3489646551567963,1.705457364341085,0.344143523059992,0.0005,200,24,9,167,16,0.3256333345909893,1.5843173980498235,0.005412536303529848
parakeet-ctc,,ami,main,sample,32,True,whisper,cm05,rover_cg,2.12882096069869,1.013139564336373,3.3125229155350353,0.5937176728520605,0.0005,200,39,15,146,16,1.281211426383963,2.9788265346597482,0.0006849034225641836
parakeet-ctc,,ami,main,sample,32,True,legacy,conf,rover_c,4.56824512534819,3.6088671522944695,5.599856804252523,0.5172886621031114,0.0,200,72,7,121,16,3.7015745996695246,5.451525476227349,6.01118369790016e-12
parakeet-ctc,,ami,main,sample,32,True,whisper,conf,rover_c,5.513100436681222,4.282971390583269,6.81727409824049,0.6550142392142237,0.0,200,79,12,109,16,4.177822724437706,6.843548307225038,1.9013099321796713e-11
parakeet-ctc,,ami,main,sample,32,True,legacy,conf,rover_freq,5.013927576601671,3.9737519048302112,6.0812163605142775,0.5465684908720894,0.0,200,73,6,121,16,4.043900521824777,5.902606984751599,2.0302340414963323e-12
parakeet-ctc,,ami,main,sample,32,True,whisper,conf,rover_freq,5.403930131004367,4.212656469826034,6.663144411404815,0.616625394108556,0.0,200,76,9,115,16,4.220223647619713,6.655111381673882,3.66469639858698e-12
parakeet-ctc,,ami,main,sample,32,True,legacy,first,rover_cg,5.6824512534818945,4.053820318455763,7.427690027463782,0.8638055451036395,0.0,200,63,11,126,16,3.7159219417366844,7.098579519705821,1.723524992819638e-09
parakeet-ctc,,ami,main,sample,32,True,whisper,first,rover_cg,6.713973799126638,5.210743033838646,8.281684271966588,0.7652056370642143,0.0,200,78,7,115,16,4.813357638754217,8.00907150955909,1.1024534270284758e-12
parakeet-ctc,,ami,main,sample,32,True,legacy,conf,mbr,4.735376044568246,3.676839731258127,5.774328786530828,0.5472356931409508,0.0,200,69,6,125,16,3.917675072456588,5.639675543885971,1.0799406358428598e-11
parakeet-ctc,,ami,main,sample,32,True,whisper,conf,mbr,4.967248908296943,3.8149861330894423,6.221211189190316,0.6162741336247097,0.0,200,71,9,120,16,4.031787361412297,6.085392128439461,8.88642644077575e-11
parakeet-ctc,,ami,main,sample,32,True,legacy,first,conf,1.16991643454039,-0.5222744599589222,2.903478081880192,0.8887774872803752,0.1005,200,50,44,106,16,-0.6322123231914181,2.739816947508788,0.20963966337941198
parakeet-ctc,,ami,main,sample,32,True,whisper,first,conf,1.2008733624454149,-0.472485021832583,2.883025503326521,0.8552957698093477,0.0855,200,53,41,106,16,-0.8409844578466921,2.9085889274691326,0.12080589611592696
parakeet-ctc,,ami,main,sample,32,True,legacy,rover_freq,rover_cg,-0.5013927576601671,-1.0741400177199836,0.05259020372313492,0.28224920709234036,0.973,200,8,16,176,16,-0.9433962264150944,-0.07069548418256474,0.08326451666355039
parakeet-ctc,,ami,main,sample,32,True,whisper,rover_freq,rover_cg,0.1091703056768559,-0.35463695727382805,0.6074581487118016,0.24806503952535855,0.3625,200,11,9,180,16,-0.36725928004036223,0.5342972121808875,0.6547208460185769
parakeet-ctc,,common_voice,main,greedy,1,True,legacy,conf,rover_cg,0.0,0.0,0.0,0.0,1.0,147,0,0,147,147,,,1.0
parakeet-ctc,,common_voice,main,greedy,1,True,whisper,conf,rover_cg,0.0,0.0,0.0,0.0,1.0,147,0,0,147,147,,,1.0
parakeet-ctc,,common_voice,main,greedy,1,True,legacy,mbr,rover_cg,0.0,0.0,0.0,0.0,1.0,147,0,0,147,147,,,1.0
parakeet-ctc,,common_voice,main,greedy,1,True,whisper,mbr,rover_cg,0.0,0.0,0.0,0.0,1.0,147,0,0,147,147,,,1.0
parakeet-ctc,,common_voice,main,greedy,1,True,legacy,cm05,rover_cg,0.0,0.0,0.0,0.0,1.0,147,0,0,147,147,,,1.0
parakeet-ctc,,common_voice,main,greedy,1,True,whisper,cm05,rover_cg,0.0,0.0,0.0,0.0,1.0,147,0,0,147,147,,,1.0
parakeet-ctc,,common_voice,main,greedy,1,True,legacy,conf,rover_c,0.0,0.0,0.0,0.0,1.0,147,0,0,147,147,,,1.0
parakeet-ctc,,common_voice,main,greedy,1,True,whisper,conf,rover_c,0.0,0.0,0.0,0.0,1.0,147,0,0,147,147,,,1.0
parakeet-ctc,,common_voice,main,greedy,1,True,legacy,conf,rover_freq,0.0,0.0,0.0,0.0,1.0,147,0,0,147,147,,,1.0
parakeet-ctc,,common_voice,main,greedy,1,True,whisper,conf,rover_freq,0.0,0.0,0.0,0.0,1.0,147,0,0,147,147,,,1.0
parakeet-ctc,,common_voice,main,greedy,1,True,legacy,first,rover_cg,0.0,0.0,0.0,0.0,1.0,147,0,0,147,147,,,1.0
parakeet-ctc,,common_voice,main,greedy,1,True,whisper,first,rover_cg,0.0,0.0,0.0,0.0,1.0,147,0,0,147,147,,,1.0
parakeet-ctc,,common_voice,main,greedy,1,True,legacy,conf,mbr,0.0,0.0,0.0,0.0,1.0,147,0,0,147,147,,,1.0
parakeet-ctc,,common_voice,main,greedy,1,True,whisper,conf,mbr,0.0,0.0,0.0,0.0,1.0,147,0,0,147,147,,,1.0
parakeet-ctc,,common_voice,main,greedy,1,True,legacy,first,conf,0.0,0.0,0.0,0.0,1.0,147,0,0,147,147,,,1.0
parakeet-ctc,,common_voice,main,greedy,1,True,whisper,first,conf,0.0,0.0,0.0,0.0,1.0,147,0,0,147,147,,,1.0
parakeet-ctc,,common_voice,main,greedy,1,True,legacy,rover_freq,rover_cg,0.0,0.0,0.0,0.0,1.0,147,0,0,147,147,,,1.0
parakeet-ctc,,common_voice,main,greedy,1,True,whisper,rover_freq,rover_cg,0.0,0.0,0.0,0.0,1.0,147,0,0,147,147,,,1.0
parakeet-ctc,,common_voice,main,sample,16,False,legacy,conf,rover_cg,1.3363028953229399,0.5886465120277422,2.071023597916028,0.3913640998892867,0.0,147,22,5,120,147,,,0.0010150009471130675
parakeet-ctc,,common_voice,main,sample,16,False,whisper,conf,rover_cg,0.5780346820809249,-0.2782030209012128,1.3652343704436392,0.4174750071202585,0.103,147,18,10,119,147,,,0.17194063508273738
parakeet-ctc,,common_voice,main,sample,16,False,legacy,mbr,rover_cg,0.89086859688196,0.3750447873162321,1.4578860199172736,0.2771020547473148,0.0005,147,13,1,133,147,,,0.0013406411172294783
parakeet-ctc,,common_voice,main,sample,16,False,whisper,mbr,rover_cg,0.36127167630057805,-0.1503816015943473,0.922456372590884,0.2733929281203902,0.107,147,10,5,132,147,,,0.19670560245894686
parakeet-ctc,,common_voice,main,sample,16,False,legacy,cm05,rover_cg,0.8166295471417966,0.22865418284323744,1.4137167920965854,0.29737829563966856,0.002,147,12,2,133,147,,,0.007632881787792299
parakeet-ctc,,common_voice,main,sample,16,False,whisper,cm05,rover_cg,0.14450867052023122,-0.4415336868600474,0.7747438274373767,0.30589894070001944,0.376,147,8,7,132,147,,,0.6373518882339371
parakeet-ctc,,common_voice,main,sample,16,False,legacy,conf,rover_c,0.89086859688196,0.14553150568316175,1.6529236313925308,0.38741123382101594,0.015,147,18,7,122,147,,,0.02334220201289084
parakeet-ctc,,common_voice,main,sample,16,False,whisper,conf,rover_c,0.5057803468208093,-0.36103042208487673,1.290345721294025,0.4137349085546101,0.134,147,17,10,120,147,,,0.22518782847799512
parakeet-ctc,,common_voice,main,sample,16,False,legacy,conf,rover_freq,0.8166295471417966,-0.0715974664637219,1.7152340967686917,0.4493153257323326,0.043,147,21,10,116,147,,,0.07156846769893001
parakeet-ctc,,common_voice,main,sample,16,False,whisper,conf,rover_freq,0.7225433526011561,-0.0800485452188717,1.5163003046273598,0.4178390571193861,0.0535,147,19,9,119,147,,,0.08773039417167686
parakeet-ctc,,common_voice,main,sample,16,False,legacy,first,rover_cg,2.6726057906458798,1.7252701628321878,3.6728666401820553,0.49982281478340396,0.0,147,29,1,117,147,,,1.552026110848488e-06
parakeet-ctc,,common_voice,main,sample,16,False,whisper,first,rover_cg,1.8786127167630058,0.9537609486577607,2.8359481004070553,0.4768418327651884,0.0,147,23,4,120,147,,,0.00021735202174451784
parakeet-ctc,,common_voice,main,sample,16,False,legacy,conf,mbr,0.44543429844098,-0.3091731367160014,1.1869656495696557,0.3831055548231806,0.1535,147,13,7,127,147,,,0.24314546961989603
parakeet-ctc,,common_voice,main,sample,16,False,whisper,conf,mbr,0.21676300578034682,-0.49681506669785147,0.8779638627955378,0.3513549123537457,0.3065,147,12,8,127,147,,,0.5316145768816123
parakeet-ctc,,common_voice,main,sample,16,False,legacy,first,conf,1.3363028953229399,0.36069217520830427,2.413246806513991,0.5319312834152422,0.008,147,23,11,113,147,,,0.014081500416537648
parakeet-ctc,,common_voice,main,sample,16,False,whisper,first,conf,1.300578034682081,0.3668244203827476,2.335592375325576,0.49595902382103096,0.004,147,22,10,115,147,,,0.00973294329249337
parakeet-ctc,,common_voice,main,sample,16,False,legacy,rover_freq,rover_cg,0.5196733481811433,0.07282792267725789,1.0070495817978387,0.24022810715907417,0.02,147,9,2,136,147,,,0.034808478811867126
parakeet-ctc,,common_voice,main,sample,16,False,whisper,rover_freq,rover_cg,-0.14450867052023122,-0.4976014701011763,0.15393001151715396,0.17574976952700264,0.855,147,2,4,141,147,,,0.4142161782425253
parakeet-ctc,,common_voice,main,sample,32,True,legacy,conf,rover_cg,1.6332590942835932,0.7988380537400145,2.5412276974013857,0.4412500629429967,0.0,147,26,6,115,147,,,0.0003608880167192928
parakeet-ctc,,common_voice,main,sample,32,True,whisper,conf,rover_cg,0.7947976878612717,-0.07694471231115388,1.6937789736441142,0.45701604936841755,0.049,147,23,12,112,147,,,0.08671858919318585
parakeet-ctc,,common_voice,main,sample,32,True,legacy,mbr,rover_cg,0.6681514476614699,0.07621227799692576,1.2248156061258513,0.2899925630419882,0.015,147,12,3,132,147,,,0.020136751550346346
parakeet-ctc,,common_voice,main,sample,32,True,whisper,mbr,rover_cg,0.14450867052023122,-0.35262799842509485,0.6614008400450091,0.2524759676612508,0.3325,147,7,5,135,147,,,0.5637028616507731
parakeet-ctc,,common_voice,main,sample,32,True,legacy,cm05,rover_cg,0.6681514476614699,0.14254962242305216,1.216843396267645,0.2820506013077006,0.01,147,12,3,132,147,,,0.020136751550346346
parakeet-ctc,,common_voice,main,sample,32,True,whisper,cm05,rover_cg,-0.14450867052023122,-0.7311016511867905,0.4415173712952704,0.3129174181029328,0.7265,147,8,9,130,147,,,0.6547208460185769
parakeet-ctc,,common_voice,main,sample,32,True,legacy,conf,rover_c,1.55902004454343,0.665680473372781,2.4729528865295274,0.4587831423419973,0.0,147,26,6,115,147,,,0.0011223793767071923
parakeet-ctc,,common_voice,main,sample,32,True,whisper,conf,rover_c,0.8670520231213873,0.0,1.7229706844274388,0.4505946052572247,0.0325,147,23,11,113,147,,,0.05854431717013972
parakeet-ctc,,common_voice,main,sample,32,True,legacy,conf,rover_freq,1.4105419450631032,0.42517785403623953,2.4158225767982935,0.5079421998130671,0.002,147,29,11,107,147,,,0.006846809025786659
parakeet-ctc,,common_voice,main,sample,32,True,whisper,conf,rover_freq,1.083815028901734,0.15289645133975743,1.9649161112387956,0.45308114357101126,0.01,147,25,10,112,147,,,0.019498317654082786
parakeet-ctc,,common_voice,main,sample,32,True,legacy,first,rover_cg,2.5241276911655532,1.5440044419527343,3.5825327607052406,0.5184259031354983,0.0,147,26,1,120,147,,,6.358389703011369e-06
parakeet-ctc,,common_voice,main,sample,32,True,whisper,first,rover_cg,1.6618497109826589,0.8004519950616816,2.5788723471650274,0.4554594119945323,0.0,147,21,4,122,147,,,0.000542636172221103
parakeet-ctc,,common_voice,main,sample,32,True,legacy,conf,mbr,0.9651076466221232,0.07545616314540729,1.8522321799020807,0.4580517738648966,0.0185,147,21,9,117,147,,,0.03844509039266095
parakeet-ctc,,common_voice,main,sample,32,True,whisper,conf,mbr,0.6502890173410405,-0.20620691127190455,1.4553355248912423,0.42446258436540424,0.074,147,19,10,118,147,,,0.12975939902773076
parakeet-ctc,,common_voice,main,sample,32,True,legacy,first,conf,0.89086859688196,-0.22545001932440953,2.06110806571067,0.5763895702696017,0.06,147,25,17,105,147,,,0.13944570911912837
parakeet-ctc,,common_voice,main,sample,32,True,whisper,first,conf,0.8670520231213873,-0.14963679427030213,1.9564394133677996,0.5424596872809782,0.0595,147,24,16,107,147,,,0.10907039154265126
parakeet-ctc,,common_voice,main,sample,32,True,legacy,rover_freq,rover_cg,0.22271714922049,-0.28844457219989117,0.7645846231778012,0.2614029094389208,0.2355,147,8,5,134,147,,,0.40538055645894233
parakeet-ctc,,common_voice,main,sample,32,True,whisper,rover_freq,rover_cg,-0.28901734104046245,-0.6437883447362681,0.0,0.17421050892148246,0.9805,147,1,5,141,147,,,0.10247043485974945
parakeet-ctc,,earnings22,main,greedy,1,True,legacy,conf,rover_cg,0.0,0.0,0.0,0.0,1.0,200,0,0,200,6,0.0,0.0,1.0
parakeet-ctc,,earnings22,main,greedy,1,True,whisper,conf,rover_cg,0.0,0.0,0.0,0.0,1.0,200,0,0,200,6,0.0,0.0,1.0
parakeet-ctc,,earnings22,main,greedy,1,True,legacy,mbr,rover_cg,0.0,0.0,0.0,0.0,1.0,200,0,0,200,6,0.0,0.0,1.0
parakeet-ctc,,earnings22,main,greedy,1,True,whisper,mbr,rover_cg,0.0,0.0,0.0,0.0,1.0,200,0,0,200,6,0.0,0.0,1.0
parakeet-ctc,,earnings22,main,greedy,1,True,legacy,cm05,rover_cg,0.0,0.0,0.0,0.0,1.0,200,0,0,200,6,0.0,0.0,1.0
parakeet-ctc,,earnings22,main,greedy,1,True,whisper,cm05,rover_cg,0.0,0.0,0.0,0.0,1.0,200,0,0,200,6,0.0,0.0,1.0
parakeet-ctc,,earnings22,main,greedy,1,True,legacy,conf,rover_c,0.0,0.0,0.0,0.0,1.0,200,0,0,200,6,0.0,0.0,1.0
parakeet-ctc,,earnings22,main,greedy,1,True,whisper,conf,rover_c,0.0,0.0,0.0,0.0,1.0,200,0,0,200,6,0.0,0.0,1.0
parakeet-ctc,,earnings22,main,greedy,1,True,legacy,conf,rover_freq,0.0,0.0,0.0,0.0,1.0,200,0,0,200,6,0.0,0.0,1.0
parakeet-ctc,,earnings22,main,greedy,1,True,whisper,conf,rover_freq,0.0,0.0,0.0,0.0,1.0,200,0,0,200,6,0.0,0.0,1.0
parakeet-ctc,,earnings22,main,greedy,1,True,legacy,first,rover_cg,0.0,0.0,0.0,0.0,1.0,200,0,0,200,6,0.0,0.0,1.0
parakeet-ctc,,earnings22,main,greedy,1,True,whisper,first,rover_cg,0.0,0.0,0.0,0.0,1.0,200,0,0,200,6,0.0,0.0,1.0
parakeet-ctc,,earnings22,main,greedy,1,True,legacy,conf,mbr,0.0,0.0,0.0,0.0,1.0,200,0,0,200,6,0.0,0.0,1.0
parakeet-ctc,,earnings22,main,greedy,1,True,whisper,conf,mbr,0.0,0.0,0.0,0.0,1.0,200,0,0,200,6,0.0,0.0,1.0
parakeet-ctc,,earnings22,main,greedy,1,True,legacy,first,conf,0.0,0.0,0.0,0.0,1.0,200,0,0,200,6,0.0,0.0,1.0
parakeet-ctc,,earnings22,main,greedy,1,True,whisper,first,conf,0.0,0.0,0.0,0.0,1.0,200,0,0,200,6,0.0,0.0,1.0
parakeet-ctc,,earnings22,main,greedy,1,True,legacy,rover_freq,rover_cg,0.0,0.0,0.0,0.0,1.0,200,0,0,200,6,0.0,0.0,1.0
parakeet-ctc,,earnings22,main,greedy,1,True,whisper,rover_freq,rover_cg,0.0,0.0,0.0,0.0,1.0,200,0,0,200,6,0.0,0.0,1.0
parakeet-ctc,,earnings22,main,sample,16,False,legacy,conf,rover_cg,2.0545844832873352,1.2848144555410779,2.8365443156748698,0.39786401098835084,0.0,200,68,24,108,6,1.5470792211256335,2.9629662719808256,8.855364302128661e-07
parakeet-ctc,,earnings22,main,sample,16,False,whisper,conf,rover_cg,1.7107309486780715,0.780755929744971,2.6263364191375937,0.47942426310694014,0.0,200,72,40,88,6,1.0060832943378568,2.459699293569797,0.0006478757569936046
parakeet-ctc,,earnings22,main,sample,16,False,legacy,mbr,rover_cg,0.8586323213738117,0.3480601515000499,1.3819526296981308,0.26523496315280604,0.0,200,33,14,153,6,0.5953726168716704,1.218274111675127,0.002334775047011694
parakeet-ctc,,earnings22,main,sample,16,False,whisper,mbr,rover_cg,0.09331259720062209,-0.5346035203519883,0.7355307381330245,0.3258751547040724,0.406,200,28,30,142,6,-0.5125335247623914,0.8679357386775206,0.7755407762464033
parakeet-ctc,,earnings22,main,sample,16,False,legacy,cm05,rover_cg,1.1039558417663293,0.5171832740029872,1.7226469474206645,0.31479205305257657,0.0,200,43,20,137,6,0.2618384280182609,1.6757023164120257,0.0013326242803242754
parakeet-ctc,,earnings22,main,sample,16,False,whisper,cm05,rover_cg,0.24883359253499224,-0.505233951796679,0.9883796616958598,0.3810803713151073,0.265,200,44,41,115,6,-0.9180550833049983,1.3414634146341464,0.4280895960325881
parakeet-ctc,,earnings22,main,sample,16,False,legacy,conf,rover_c,2.1465808034345293,1.3882663072431973,2.9328292895249612,0.4015726052798954,0.0,200,70,24,106,6,1.7520663126576534,2.912087912087912,3.9326001186483584e-07
parakeet-ctc,,earnings22,main,sample,16,False,whisper,conf,rover_c,1.990668740279938,1.0456673998289543,2.896931239108596,0.47442538260840617,0.0,200,73,35,92,6,1.396032329169728,2.716766800530625,5.6697488338161876e-05
parakeet-ctc,,earnings22,main,sample,16,False,legacy,conf,rover_freq,1.6865992026985588,0.852151718655202,2.5704009869562894,0.4345862291681937,0.0,200,73,33,94,6,1.2342857142857142,2.4280973295606505,0.0003418391246962422
parakeet-ctc,,earnings22,main,sample,16,False,whisper,conf,rover_freq,2.3950233281493003,1.5690289890059301,3.18007166635514,0.4142120374210732,0.0,200,75,27,98,6,1.8858682341415627,3.2418952618453867,1.7519284475921545e-07
parakeet-ctc,,earnings22,main,sample,16,False,legacy,first,rover_cg,4.967801287948482,3.9130409046718015,6.089497211361719,0.56217686444775,0.0,200,100,17,83,6,3.603179993229954,6.548901335631194,1.733213806194337e-15
parakeet-ctc,,earnings22,main,sample,16,False,whisper,first,rover_cg,4.976671850699844,3.842627109034625,6.163391881316674,0.5876523952022539,0.0,200,100,20,80,6,4.329034217622523,6.103810152124062,2.1579997763413597e-13
parakeet-ctc,,earnings22,main,sample,16,False,legacy,conf,mbr,1.1959521619135234,0.4216851210203877,2.030851445776494,0.4115677229151521,0.0015,200,59,31,110,6,0.8372871895060006,1.7872340425531914,0.006986563802794014
parakeet-ctc,,earnings22,main,sample,16,False,whisper,conf,mbr,1.6174183514774494,0.8309802657101826,2.4277465529308526,0.4068049658136771,0.0,200,63,27,110,6,1.2148795411428484,2.1662245800176834,0.00011915381305084589
parakeet-ctc,,earnings22,main,sample,16,False,legacy,first,conf,2.913216804661147,1.7704140641331751,4.034291514322244,0.5657071720358577,0.0,200,85,37,78,6,1.5477439664218258,4.072398190045249,6.851358035090386e-07
parakeet-ctc,,earnings22,main,sample,16,False,whisper,first,conf,3.265940902021773,2.1669335982560876,4.421382458798335,0.5919154732218078,0.0,200,86,34,80,6,2.3920653442240374,4.2711234911792015,1.6498580052574372e-07
parakeet-ctc,,earnings22,main,sample,16,False,legacy,rover_freq,rover_cg,0.36798528058877644,-0.09433695396304269,0.849298720694715,0.2430028555090115,0.071,200,26,20,154,6,-0.028368794326241134,0.7594969863784576,0.11988911118491183
parakeet-ctc,,earnings22,main,sample,16,False,whisper,rover_freq,rover_cg,-0.6842923794712286,-1.1777277715108874,-0.22864639287307423,0.2384466567054103,0.999,200,12,29,159,6,-1.110566754030303,-0.22598870056497175,0.0038184458781562415
parakeet-ctc,,earnings22,main,sample,32,True,legacy,conf,rover_cg,1.7172646427476235,1.0163320852722189,2.447338484759764,0.35904509166175347,0.0,200,69,26,105,6,1.1855794822163077,2.615974886641088,5.138339309611337e-06
parakeet-ctc,,earnings22,main,sample,32,True,whisper,conf,rover_cg,1.2752721617418352,0.4166737812686759,2.1847206795164973,0.45385254741044445,0.0025,200,65,44,91,6,0.1474056603773585,2.3230879199428163,0.008559521516866444
parakeet-ctc,,earnings22,main,sample,32,True,legacy,mbr,rover_cg,0.7666360012266176,0.2838953245484186,1.2605042016806722,0.247186690429432,0.0005,200,34,13,153,6,0.573102434509972,1.16751269035533,0.0023444285320232453
parakeet-ctc,,earnings22,main,sample,32,True,whisper,mbr,rover_cg,-0.18662519440124417,-0.7787019642870386,0.4321624869203257,0.31194742309364953,0.7355,200,23,35,142,6,-0.9555136471096706,0.46674445740956827,0.34892949442330456
parakeet-ctc,,earnings22,main,sample,32,True,legacy,cm05,rover_cg,0.49064704078503524,-0.059040640853424274,1.0125132821433707,0.265560970812218,0.041,200,34,22,144,6,0.09025270758122744,0.990952175786299,0.07307725661362867
parakeet-ctc,,earnings22,main,sample,32,True,whisper,cm05,rover_cg,-0.15552099533437014,-0.9287172665049233,0.6041204446116748,0.3918707077724812,0.657,200,38,48,114,6,-1.3990672884743505,0.8536585365853658,0.5553242365175356
parakeet-ctc,,earnings22,main,sample,32,True,legacy,conf,rover_c,1.7479300827966882,1.0360546486773494,2.4789821826266354,0.3680374879920388,0.0,200,73,29,98,6,1.2535759535876234,2.487223168654174,5.7126972188632005e-06
parakeet-ctc,,earnings22,main,sample,32,True,whisper,conf,rover_c,1.6485225505443235,0.811471110818175,2.5366142592466843,0.44081821968835905,0.0,200,68,40,92,6,0.8326827998959146,2.5670945157526255,0.00030815027830259487
parakeet-ctc,,earnings22,main,sample,32,True,legacy,conf,rover_freq,1.6252683226004294,0.8749947838288261,2.4345877485574414,0.4086861667522416,0.0,200,70,36,94,6,0.9811937857726901,2.3410055480773573,0.0001579463895404424
parakeet-ctc,,earnings22,main,sample,32,True,whisper,conf,rover_freq,2.1150855365474337,1.273422449937675,2.974103009765212,0.42957691126179703,0.0,200,72,31,97,6,1.3337468982630274,3.250712494300041,2.83324987995248e-06
parakeet-ctc,,earnings22,main,sample,32,True,legacy,first,rover_cg,5.090463048144741,4.0124149080087905,6.224309261636154,0.5669577788241222,0.0,200,105,16,79,6,3.6974383760270664,6.979750107712193,8.8615153818536495e-16
parakeet-ctc,,earnings22,main,sample,32,True,whisper,first,rover_cg,5.194401244167962,3.9882165429702208,6.422018679624765,0.6042380692693292,0.0,200,102,23,75,6,4.688590612240839,6.173526140155729,8.1530641063071e-14
parakeet-ctc,,earnings22,main,sample,32,True,legacy,conf,mbr,0.9506286415210058,0.21236214373242074,1.7303027477836348,0.3913264435503715,0.005,200,60,35,105,6,0.5323009920154851,1.4991482112436116,0.010752651060952774
parakeet-ctc,,earnings22,main,sample,32,True,whisper,conf,mbr,1.4618973561430793,0.7191101550681759,2.222239864507251,0.394169890820725,0.0005,200,64,29,107,6,0.9594243978052678,2.23935389133627,0.0001896066521464159
parakeet-ctc,,earnings22,main,sample,32,True,legacy,first,conf,3.3731984053971176,2.21235039257329,4.527501561231084,0.5867979481258765,0.0,200,92,39,69,6,1.9917582417582418,4.747883695252116,2.664261568407348e-08
parakeet-ctc,,earnings22,main,sample,32,True,whisper,first,conf,3.9191290824261276,2.7233614946453297,5.143041079092581,0.6221964680027293,0.0,200,96,36,68,6,2.8174322195699295,5.2854122621564485,2.8931919870089625e-09
parakeet-ctc,,earnings22,main,sample,32,True,legacy,rover_freq,rover_cg,0.09199632014719411,-0.4292574047581201,0.5913519970371761,0.25715198654537136,0.3765,200,27,21,152,6,-0.2578268876611418,0.4714201532115498,0.7636669884025226
parakeet-ctc,,earnings22,main,sample,32,True,whisper,rover_freq,rover_cg,-0.8398133748055988,-1.3372608630202436,-0.3844829459988554,0.24023515188929595,1.0,200,10,34,156,6,-1.5319692026602136,-0.3671071953010279,0.0004758852972083878
parakeet-ctc,,fleurs-en,main,greedy,1,True,legacy,conf,rover_cg,0.0,0.0,0.0,0.0,1.0,200,0,0,200,168,0.0,0.0,1.0
parakeet-ctc,,fleurs-en,main,greedy,1,True,whisper,conf,rover_cg,0.0,0.0,0.0,0.0,1.0,200,0,0,200,168,0.0,0.0,1.0
parakeet-ctc,,fleurs-en,main,greedy,1,True,legacy,mbr,rover_cg,0.0,0.0,0.0,0.0,1.0,200,0,0,200,168,0.0,0.0,1.0
parakeet-ctc,,fleurs-en,main,greedy,1,True,whisper,mbr,rover_cg,0.0,0.0,0.0,0.0,1.0,200,0,0,200,168,0.0,0.0,1.0
parakeet-ctc,,fleurs-en,main,greedy,1,True,legacy,cm05,rover_cg,0.0,0.0,0.0,0.0,1.0,200,0,0,200,168,0.0,0.0,1.0
parakeet-ctc,,fleurs-en,main,greedy,1,True,whisper,cm05,rover_cg,0.0,0.0,0.0,0.0,1.0,200,0,0,200,168,0.0,0.0,1.0
parakeet-ctc,,fleurs-en,main,greedy,1,True,legacy,conf,rover_c,0.0,0.0,0.0,0.0,1.0,200,0,0,200,168,0.0,0.0,1.0
parakeet-ctc,,fleurs-en,main,greedy,1,True,whisper,conf,rover_c,0.0,0.0,0.0,0.0,1.0,200,0,0,200,168,0.0,0.0,1.0
parakeet-ctc,,fleurs-en,main,greedy,1,True,legacy,conf,rover_freq,0.0,0.0,0.0,0.0,1.0,200,0,0,200,168,0.0,0.0,1.0
parakeet-ctc,,fleurs-en,main,greedy,1,True,whisper,conf,rover_freq,0.0,0.0,0.0,0.0,1.0,200,0,0,200,168,0.0,0.0,1.0
parakeet-ctc,,fleurs-en,main,greedy,1,True,legacy,first,rover_cg,0.0,0.0,0.0,0.0,1.0,200,0,0,200,168,0.0,0.0,1.0
parakeet-ctc,,fleurs-en,main,greedy,1,True,whisper,first,rover_cg,0.0,0.0,0.0,0.0,1.0,200,0,0,200,168,0.0,0.0,1.0
parakeet-ctc,,fleurs-en,main,greedy,1,True,legacy,conf,mbr,0.0,0.0,0.0,0.0,1.0,200,0,0,200,168,0.0,0.0,1.0
parakeet-ctc,,fleurs-en,main,greedy,1,True,whisper,conf,mbr,0.0,0.0,0.0,0.0,1.0,200,0,0,200,168,0.0,0.0,1.0
parakeet-ctc,,fleurs-en,main,greedy,1,True,legacy,first,conf,0.0,0.0,0.0,0.0,1.0,200,0,0,200,168,0.0,0.0,1.0
parakeet-ctc,,fleurs-en,main,greedy,1,True,whisper,first,conf,0.0,0.0,0.0,0.0,1.0,200,0,0,200,168,0.0,0.0,1.0
parakeet-ctc,,fleurs-en,main,greedy,1,True,legacy,rover_freq,rover_cg,0.0,0.0,0.0,0.0,1.0,200,0,0,200,168,0.0,0.0,1.0
parakeet-ctc,,fleurs-en,main,greedy,1,True,whisper,rover_freq,rover_cg,0.0,0.0,0.0,0.0,1.0,200,0,0,200,168,0.0,0.0,1.0
parakeet-ctc,,fleurs-en,main,sample,16,False,legacy,conf,rover_cg,0.7621247113163973,0.40421960402471313,1.1415161921298298,0.18694126604860575,0.0,200,37,9,154,168,0.39415089422697286,1.1644379389021562,7.664341197923362e-05
parakeet-ctc,,fleurs-en,main,sample,16,False,whisper,conf,rover_cg,0.5366308912739151,0.09222170465488479,1.00169934609258,0.23016711880203355,0.009,200,37,20,143,168,0.07029962379871686,0.9891928030514987,0.02393996307498494
parakeet-ctc,,fleurs-en,main,sample,16,False,legacy,mbr,rover_cg,0.2540415704387991,0.0,0.5365859798642179,0.13827937341947105,0.0335,200,16,7,177,168,0.0,0.5400646456818616,0.0768908734449237
parakeet-ctc,,fleurs-en,main,sample,16,False,whisper,mbr,rover_cg,0.0699953336444237,-0.16584436620882298,0.320836112476674,0.12425329559220177,0.2985,200,12,11,177,168,-0.16249216897412266,0.3288005895261067,0.5684320425241403
parakeet-ctc,,fleurs-en,main,sample,16,False,legacy,cm05,rover_cg,0.3233256351039261,0.09135295124062491,0.6017028402418337,0.13133422462690553,0.004,200,16,4,180,168,0.07047353380831534,0.6118487106362338,0.016460559732147176
parakeet-ctc,,fleurs-en,main,sample,16,False,whisper,cm05,rover_cg,-0.02333177788147457,-0.3266300955776722,0.27288089283872813,0.15277983737798564,0.5615,200,16,18,166,168,-0.3294164178525728,0.29699456559962617,0.8873029945811534
parakeet-ctc,,fleurs-en,main,sample,16,False,legacy,conf,rover_c,0.7852193995381063,0.43665618938807554,1.1356123237532183,0.17792025366333902,0.0,200,38,8,154,168,0.42884571486544754,1.1661641986237081,2.658669498917309e-05
parakeet-ctc,,fleurs-en,main,sample,16,False,whisper,conf,rover_c,0.6299580027998134,0.19968494536713427,1.0685529923994272,0.22800842372192642,0.0025,200,39,18,143,168,0.1699566525289139,1.080029346221602,0.007615598275406089
parakeet-ctc,,fleurs-en,main,sample,16,False,legacy,conf,rover_freq,0.5773672055427251,0.22218442232341418,0.9195560949683887,0.17971649778191,0.0,200,36,13,151,168,0.21651174245560778,0.9506154711187722,0.0016412206283730165
parakeet-ctc,,fleurs-en,main,sample,16,False,whisper,conf,rover_freq,0.6999533364442371,0.2799095018639596,1.1262520949685555,0.21677723496060333,0.0005,200,38,15,147,168,0.24770807053535393,1.1598983344490887,0.0018034774160372877
parakeet-ctc,,fleurs-en,main,sample,16,False,legacy,first,rover_cg,1.7090069284064666,1.2047766437299092,2.223779927949523,0.26192892245898103,0.0,200,60,10,130,168,1.1788146170895757,2.2422655506278226,1.2197143280241169e-08
parakeet-ctc,,fleurs-en,main,sample,16,False,whisper,first,rover_cg,1.6798880074661688,1.1890123192374218,2.222751850062016,0.2672235472688401,0.0,200,59,12,129,168,1.1238520042407771,2.2492452431373953,2.1808683319635802e-08
parakeet-ctc,,fleurs-en,main,sample,16,False,legacy,conf,mbr,0.5080831408775982,0.16206426087640038,0.8513837409223691,0.17353193171657824,0.002,200,32,12,156,168,0.16466423398593014,0.8634240462735232,0.0039530553006941055
parakeet-ctc,,fleurs-en,main,sample,16,False,whisper,conf,mbr,0.4666355576294914,0.023848113143976387,0.9108475123134253,0.225068483188217,0.022,200,33,17,150,168,0.02304683230056987,0.9043320779065512,0.05301333194334811
parakeet-ctc,,fleurs-en,main,sample,16,False,legacy,first,conf,0.9468822170900693,0.40868987210938995,1.4689992493520967,0.2760009716318058,0.0,200,50,23,127,168,0.35582987055002585,1.4996932747881178,0.0009108736668182229
parakeet-ctc,,fleurs-en,main,sample,16,False,whisper,first,conf,1.1432571161922538,0.5763340792016735,1.6984709030412892,0.2881826784330613,0.0,200,57,24,119,168,0.5486347364131768,1.7192797139743732,0.00010437441789449971
parakeet-ctc,,fleurs-en,main,sample,16,False,legacy,rover_freq,rover_cg,0.18475750577367206,-0.046106325005829576,0.4495206843240053,0.12682297378383875,0.0725,200,11,5,184,168,-0.04387512043227329,0.4488182472105,0.15936875337737888
parakeet-ctc,,fleurs-en,main,sample,16,False,whisper,rover_freq,rover_cg,-0.163322445170322,-0.32084707484375147,0.0,0.0848971348296681,0.9785,200,3,10,187,168,-0.3260318036321305,0.0,0.05220363534131467
parakeet-ctc,,fleurs-en,main,sample,32,True,legacy,conf,rover_cg,0.9930715935334873,0.5904596815382683,1.407222989780461,0.20715832719300842,0.0,200,39,8,153,168,0.5993129076324624,1.4259919537675418,3.3680663879919714e-06
parakeet-ctc,,fleurs-en,main,sample,32,True,whisper,conf,rover_cg,0.7932804479701353,0.38262896444791156,1.2325776926136416,0.22107141431188818,0.0,200,35,13,152,168,0.354668925736891,1.2629174829506056,0.0003590413181761289
parakeet-ctc,,fleurs-en,main,sample,32,True,legacy,mbr,rover_cg,0.27713625866050806,0.046037344819363904,0.5292314125835682,0.12353848631347934,0.016,200,14,4,182,168,0.045938505135956036,0.5323986881029343,0.031802484318084315
parakeet-ctc,,fleurs-en,main,sample,32,True,whisper,mbr,rover_cg,0.11665888940737285,-0.09496732543514781,0.3553724439842653,0.11494650354117171,0.1755,200,10,8,182,168,-0.11327885903430698,0.3684174245581297,0.31441423161234394
parakeet-ctc,,fleurs-en,main,sample,32,True,legacy,cm05,rover_cg,0.23094688221709006,0.022794360790593677,0.45403118189617625,0.11387896601881276,0.0235,200,14,6,180,168,0.022779599229197804,0.4756330157833516,0.049328146257399653
parakeet-ctc,,fleurs-en,main,sample,32,True,whisper,cm05,rover_cg,-0.0699953336444237,-0.338207352987745,0.20538918632546585,0.13985366753572578,0.7045,200,10,15,175,168,-0.36358115345845404,0.22734123650993507,0.6633550269772723
parakeet-ctc,,fleurs-en,main,sample,32,True,legacy,conf,rover_c,0.9930715935334873,0.6014680566362253,1.4061868525226358,0.20678659257750723,0.0,200,40,8,152,168,0.6042570170862164,1.4319292296991828,2.487774087278521e-06
parakeet-ctc,,fleurs-en,main,sample,32,True,whisper,conf,rover_c,0.8866075594960336,0.46344596048493697,1.322858830026081,0.22020781112278642,0.0,200,39,12,149,168,0.45115665510617686,1.3477856436815636,7.604688972473643e-05
parakeet-ctc,,fleurs-en,main,sample,32,True,legacy,conf,rover_freq,0.8775981524249422,0.49105887586562136,1.2889727118829586,0.20156009771420566,0.0,200,38,9,153,168,0.49037208408109795,1.2818025648462241,3.0025679961400117e-05
parakeet-ctc,,fleurs-en,main,sample,32,True,whisper,conf,rover_freq,1.026598226784881,0.5961802844837849,1.4538351685108393,0.2214160680182638,0.0,200,40,9,151,168,0.5600900818980796,1.5221096926421032,8.418203766937718e-06
parakeet-ctc,,fleurs-en,main,sample,32,True,legacy,first,rover_cg,1.7090069284064666,1.1968530592961115,2.225793529270841,0.26184304909067035,0.0,200,62,10,128,168,1.1856748589217356,2.210989560975111,6.998268347422537e-09
parakeet-ctc,,fleurs-en,main,sample,32,True,whisper,first,rover_cg,1.6565562295846943,1.1816291561243817,2.1688743557722114,0.25425077234786847,0.0,200,59,12,129,168,1.1156673736648106,2.19192268115435,7.83693658238346e-09
parakeet-ctc,,fleurs-en,main,sample,32,True,legacy,conf,mbr,0.7159353348729792,0.3489210761599547,1.0882413186544952,0.1878363958096108,0.0,200,33,10,157,168,0.34795208456499094,1.1026941358900557,0.00017341487750085154
parakeet-ctc,,fleurs-en,main,sample,32,True,whisper,conf,mbr,0.6766215585627625,0.25521302422617914,1.100283407431377,0.22177845317927777,0.002,200,34,13,153,168,0.22280222716792725,1.1413275991807115,0.0033703448756609924
parakeet-ctc,,fleurs-en,main,sample,32,True,legacy,first,conf,0.7159353348729792,0.1708512673362028,1.2604067786448705,0.2765456726712016,0.004,200,48,30,122,168,0.14836757691187247,1.2452876299490778,0.01168160563490953
parakeet-ctc,,fleurs-en,main,sample,32,True,whisper,first,conf,0.863275781614559,0.30867334433615,1.4118762531416786,0.2785568994596218,0.0005,200,53,31,116,168,0.30357279974523305,1.385304646978887,0.0030018682595606616
parakeet-ctc,,fleurs-en,main,sample,32,True,legacy,rover_freq,rover_cg,0.11547344110854503,-0.0896048906853015,0.3159366152470906,0.1000991842475642,0.14,200,10,6,184,168,-0.07232444757384071,0.3183301326891494,0.25134910881022265
parakeet-ctc,,fleurs-en,main,sample,32,True,whisper,rover_freq,rover_cg,-0.2333177788147457,-0.4317006353849159,-0.044902953712355066,0.10188914417769634,0.9935,200,4,13,183,168,-0.46622195405381245,-0.02338518590648688,0.025347318677468256
parakeet-ctc,,ls-dev-other,main,greedy,1,True,legacy,conf,rover_cg,0.0,0.0,0.0,0.0,1.0,200,0,0,200,33,0.0,0.0,1.0
parakeet-ctc,,ls-dev-other,main,greedy,1,True,whisper,conf,rover_cg,0.0,0.0,0.0,0.0,1.0,200,0,0,200,33,0.0,0.0,1.0
parakeet-ctc,,ls-dev-other,main,greedy,1,True,legacy,mbr,rover_cg,0.0,0.0,0.0,0.0,1.0,200,0,0,200,33,0.0,0.0,1.0
parakeet-ctc,,ls-dev-other,main,greedy,1,True,whisper,mbr,rover_cg,0.0,0.0,0.0,0.0,1.0,200,0,0,200,33,0.0,0.0,1.0
parakeet-ctc,,ls-dev-other,main,greedy,1,True,legacy,cm05,rover_cg,0.0,0.0,0.0,0.0,1.0,200,0,0,200,33,0.0,0.0,1.0
parakeet-ctc,,ls-dev-other,main,greedy,1,True,whisper,cm05,rover_cg,0.0,0.0,0.0,0.0,1.0,200,0,0,200,33,0.0,0.0,1.0
parakeet-ctc,,ls-dev-other,main,greedy,1,True,legacy,conf,rover_c,0.0,0.0,0.0,0.0,1.0,200,0,0,200,33,0.0,0.0,1.0
parakeet-ctc,,ls-dev-other,main,greedy,1,True,whisper,conf,rover_c,0.0,0.0,0.0,0.0,1.0,200,0,0,200,33,0.0,0.0,1.0
parakeet-ctc,,ls-dev-other,main,greedy,1,True,legacy,conf,rover_freq,0.0,0.0,0.0,0.0,1.0,200,0,0,200,33,0.0,0.0,1.0
parakeet-ctc,,ls-dev-other,main,greedy,1,True,whisper,conf,rover_freq,0.0,0.0,0.0,0.0,1.0,200,0,0,200,33,0.0,0.0,1.0
parakeet-ctc,,ls-dev-other,main,greedy,1,True,legacy,first,rover_cg,0.0,0.0,0.0,0.0,1.0,200,0,0,200,33,0.0,0.0,1.0
parakeet-ctc,,ls-dev-other,main,greedy,1,True,whisper,first,rover_cg,0.0,0.0,0.0,0.0,1.0,200,0,0,200,33,0.0,0.0,1.0
parakeet-ctc,,ls-dev-other,main,greedy,1,True,legacy,conf,mbr,0.0,0.0,0.0,0.0,1.0,200,0,0,200,33,0.0,0.0,1.0
parakeet-ctc,,ls-dev-other,main,greedy,1,True,whisper,conf,mbr,0.0,0.0,0.0,0.0,1.0,200,0,0,200,33,0.0,0.0,1.0
parakeet-ctc,,ls-dev-other,main,greedy,1,True,legacy,first,conf,0.0,0.0,0.0,0.0,1.0,200,0,0,200,33,0.0,0.0,1.0
parakeet-ctc,,ls-dev-other,main,greedy,1,True,whisper,first,conf,0.0,0.0,0.0,0.0,1.0,200,0,0,200,33,0.0,0.0,1.0
parakeet-ctc,,ls-dev-other,main,greedy,1,True,legacy,rover_freq,rover_cg,0.0,0.0,0.0,0.0,1.0,200,0,0,200,33,0.0,0.0,1.0
parakeet-ctc,,ls-dev-other,main,greedy,1,True,whisper,rover_freq,rover_cg,0.0,0.0,0.0,0.0,1.0,200,0,0,200,33,0.0,0.0,1.0
parakeet-ctc,,ls-dev-other,main,sample,16,False,legacy,conf,rover_cg,0.5027932960893855,0.1463968770942805,0.8729131711288797,0.18356836701904305,0.0025,200,24,8,168,33,0.10671153876135445,0.9019028328253267,0.007074502623574468
parakeet-ctc,,ls-dev-other,main,sample,16,False,whisper,conf,rover_cg,0.4975124378109453,0.08438167787188425,0.9246411005566467,0.21260193625501045,0.0105,200,28,13,159,33,0.053547148167569385,0.9310787743402315,0.019509245060456426
parakeet-ctc,,ls-dev-other,main,sample,16,False,legacy,mbr,rover_cg,0.22346368715083798,0.0,0.49752620406545023,0.13016801890902288,0.0395,200,9,4,187,33,0.03064197671695187,0.4519156652056398,0.08288063685529753
parakeet-ctc,,ls-dev-other,main,sample,16,False,whisper,mbr,rover_cg,0.13819789939192925,-0.025297318431899102,0.3034503691862678,0.08250844165403978,0.0585,200,7,2,191,33,-0.05320003189211354,0.3479998522918708,0.09558070454562939
parakeet-ctc,,ls-dev-other,main,sample,16,False,legacy,cm05,rover_cg,0.27932960893854747,0.028912437388279994,0.5513711767921291,0.1336729611822108,0.019,200,11,4,185,33,0.06604205854352693,0.4924762374840348,0.039883562932657206
parakeet-ctc,,ls-dev-other,main,sample,16,False,whisper,cm05,rover_cg,0.2763957987838585,-0.026403284098557286,0.5580312096078428,0.15193153263846595,0.044,200,16,8,176,33,-0.029536878155995802,0.5834636886147653,0.06711252467454865
parakeet-ctc,,ls-dev-other,main,sample,16,False,legacy,conf,rover_c,0.4748603351955307,0.13764916433565166,0.8396671340248618,0.17693574266661324,0.0045,200,22,7,171,33,0.07886383514966609,0.8708955003736571,0.008519753862197096
parakeet-ctc,,ls-dev-other,main,sample,16,False,whisper,conf,rover_c,0.4975124378109453,0.08485428694006952,0.9201625498608624,0.21130283685964985,0.009,200,28,13,159,33,0.03423749528012329,0.9256726923276712,0.019509245060456426
parakeet-ctc,,ls-dev-other,main,sample,16,False,legacy,conf,rover_freq,0.39106145251396646,0.02740401823073525,0.7381866688270804,0.18177758557421814,0.0225,200,25,11,164,33,0.0,0.7688703655786788,0.03121266278899946
parakeet-ctc,,ls-dev-other,main,sample,16,False,whisper,conf,rover_freq,0.4975124378109453,0.08441133660533445,0.9096206669292525,0.2084203037114625,0.008,200,27,12,161,33,0.03423749528012329,0.9256726923276712,0.01732051555368481
parakeet-ctc,,ls-dev-other,main,sample,16,False,legacy,first,rover_cg,1.4245810055865922,0.861769752716169,1.9777923513140925,0.2917146219378572,0.0,200,38,9,153,33,0.752081210009759,2.120672824775818,1.2297044950430997e-05
parakeet-ctc,,ls-dev-other,main,sample,16,False,whisper,first,rover_cg,1.3266998341625207,0.7841941332259263,1.8676633211157845,0.28416814174771765,0.0,200,38,9,153,33,0.6387787625442929,2.0225354846049344,1.8553311755067654e-05
parakeet-ctc,,ls-dev-other,main,sample,16,False,legacy,conf,mbr,0.27932960893854747,-0.03002101471029721,0.5837334497308299,0.16368467316984994,0.0595,200,21,10,169,33,-0.05722521003950763,0.5938332433797028,0.08634782098366253
parakeet-ctc,,ls-dev-other,main,sample,16,False,whisper,conf,mbr,0.359314538419016,0.0,0.7476432429233301,0.19557380206035804,0.0305,200,23,12,165,33,-0.02853983231999749,0.7615896410955815,0.06997238979413913
parakeet-ctc,,ls-dev-other,main,sample,16,False,legacy,first,conf,0.9217877094972067,0.36097297718212557,1.4669178389135007,0.2877023377901158,0.002,200,34,17,149,33,0.2858509564235621,1.593480208503013,0.003787268848529149
parakeet-ctc,,ls-dev-other,main,sample,16,False,whisper,first,conf,0.8291873963515755,0.2320774677360635,1.3788245268718795,0.2916327179781429,0.002,200,34,17,149,33,0.18272708377184446,1.4757143867776217,0.006183836471788817
parakeet-ctc,,ls-dev-other,main,sample,16,False,legacy,rover_freq,rover_cg,0.11173184357541899,-0.14092645157762274,0.39014094947782585,0.13744701752289748,0.23,200,10,8,182,33,-0.07122570903677905,0.36044164676781265,0.4052551845665353
parakeet-ctc,,ls-dev-other,main,sample,16,False,whisper,rover_freq,rover_cg,0.0,-0.10778911136864099,0.11383201330700628,0.05556826532130771,0.6175,200,2,2,196,33,-0.08201686126680577,0.0792843316765473,1.0
parakeet-ctc,,ls-dev-other,main,sample,32,True,legacy,conf,rover_cg,0.30726256983240224,-0.0866605305448225,0.701675622916275,0.20302814083211604,0.074,200,21,10,169,33,-0.11211392149947096,0.7742070052674074,0.15052340819266527
parakeet-ctc,,ls-dev-other,main,sample,32,True,whisper,conf,rover_cg,0.16583747927031509,-0.2760488066877397,0.6194300871950431,0.22831142370867724,0.248,200,23,17,160,33,-0.3263931264919339,0.7178384998075449,0.5340879116548805
parakeet-ctc,,ls-dev-other,main,sample,32,True,legacy,mbr,rover_cg,0.27932960893854747,0.08248443167128357,0.502549808038115,0.10956710267657728,0.0025,200,11,2,187,33,0.0946320110335624,0.4737230457333928,0.012419330651552268
parakeet-ctc,,ls-dev-other,main,sample,32,True,whisper,mbr,rover_cg,0.0,-0.1698471752767505,0.1858785467668269,0.08803768516010617,0.5605,200,5,5,190,33,-0.19170403243379278,0.19007581797751327,1.0
parakeet-ctc,,ls-dev-other,main,sample,32,True,legacy,cm05,rover_cg,-0.027932960893854747,-0.30118295427889824,0.2337543727739687,0.13728881252100053,0.6185,200,7,7,186,33,-0.2999535309284297,0.22371834245281066,0.8158037930527812
parakeet-ctc,,ls-dev-other,main,sample,32,True,whisper,cm05,rover_cg,-0.22111663902708678,-0.5487024248677735,0.10696696973052089,0.1655851522547602,0.933,200,9,15,176,33,-0.6011096492582427,0.163046236455551,0.1810039525074909
parakeet-ctc,,ls-dev-other,main,sample,32,True,legacy,conf,rover_c,0.25139664804469275,-0.1443960339769353,0.6465121745397587,0.20242107903302994,0.1265,200,20,11,169,33,-0.17380409312970985,0.7030814851089107,0.24921327773927637
parakeet-ctc,,ls-dev-other,main,sample,32,True,whisper,conf,rover_c,0.19347705914870095,-0.23659223724562978,0.6306030239456263,0.21975659116663016,0.205,200,21,14,165,33,-0.2977242761212954,0.7228915662650602,0.4413746360603329
parakeet-ctc,,ls-dev-other,main,sample,32,True,legacy,conf,rover_freq,0.055865921787709494,-0.3166459230867666,0.4365830988390044,0.18771097770569145,0.4135,200,18,14,168,33,-0.30093093668705184,0.41719445843577463,0.7908161934079302
parakeet-ctc,,ls-dev-other,main,sample,32,True,whisper,conf,rover_freq,0.24875621890547264,-0.18784140825118603,0.6617493854394056,0.21591831740111433,0.1405,200,21,12,167,33,-0.21559102377750342,0.7466531362009035,0.29975115301449895
parakeet-ctc,,ls-dev-other,main,sample,32,True,legacy,first,rover_cg,1.4804469273743017,0.8993060968063448,2.073059633080307,0.3073909810790431,0.0,200,39,10,151,33,0.7676897482515358,2.2242136930819614,1.3061259848457939e-05
parakeet-ctc,,ls-dev-other,main,sample,32,True,whisper,first,rover_cg,1.1608623548922057,0.6355151289087487,1.7101358094612746,0.27915025373244473,0.0,200,36,11,153,33,0.6246811393700948,1.7020956258992426,9.284165089252171e-05
parakeet-ctc,,ls-dev-other,main,sample,32,True,legacy,conf,mbr,0.027932960893854747,-0.34024940717065755,0.40563078286361803,0.18919282803152881,0.4855,200,18,15,167,33,-0.2977137202469186,0.38869955866963574,0.9067479376977299
parakeet-ctc,,ls-dev-other,main,sample,32,True,whisper,conf,mbr,0.16583747927031509,-0.25313810882136173,0.5887204711462137,0.21703694113472022,0.239,200,20,14,166,33,-0.2873046262073294,0.670273575859572,0.5174098769880908
parakeet-ctc,,ls-dev-other,main,sample,32,True,legacy,first,conf,1.1731843575418994,0.6065368479440888,1.7524228735873104,0.29337341567341085,0.0,200,38,17,145,33,0.49391648972012103,1.8730294619016725,0.00026097607758071665
parakeet-ctc,,ls-dev-other,main,sample,32,True,whisper,first,conf,0.9950248756218906,0.39636607334741,1.552679554312576,0.2944316106285124,0.0005,200,37,17,146,33,0.2649158223890896,1.6406425191687866,0.0013831254165654176
parakeet-ctc,,ls-dev-other,main,sample,32,True,legacy,rover_freq,rover_cg,0.25139664804469275,0.05641194119994563,0.4772806583883443,0.10765524373161946,0.0085,200,10,2,188,33,0.0810805333839649,0.45319136492160733,0.020136751550346346
parakeet-ctc,,ls-dev-other,main,sample,32,True,whisper,rover_freq,rover_cg,-0.08291873963515754,-0.25042433768444156,0.08236164816438044,0.0844149170170579,0.88,200,3,6,191,33,-0.25184083842785654,0.09020047233616031,0.31731050786291415
parakeet-ctc,,ls-tc-babble5,main,greedy,1,True,legacy,conf,rover_cg,0.0,0.0,0.0,0.0,1.0,200,0,0,200,40,0.0,0.0,1.0
parakeet-ctc,,ls-tc-babble5,main,greedy,1,True,whisper,conf,rover_cg,0.0,0.0,0.0,0.0,1.0,200,0,0,200,40,0.0,0.0,1.0
parakeet-ctc,,ls-tc-babble5,main,greedy,1,True,legacy,mbr,rover_cg,0.0,0.0,0.0,0.0,1.0,200,0,0,200,40,0.0,0.0,1.0
parakeet-ctc,,ls-tc-babble5,main,greedy,1,True,whisper,mbr,rover_cg,0.0,0.0,0.0,0.0,1.0,200,0,0,200,40,0.0,0.0,1.0
parakeet-ctc,,ls-tc-babble5,main,greedy,1,True,legacy,cm05,rover_cg,0.0,0.0,0.0,0.0,1.0,200,0,0,200,40,0.0,0.0,1.0
parakeet-ctc,,ls-tc-babble5,main,greedy,1,True,whisper,cm05,rover_cg,0.0,0.0,0.0,0.0,1.0,200,0,0,200,40,0.0,0.0,1.0
parakeet-ctc,,ls-tc-babble5,main,greedy,1,True,legacy,conf,rover_c,0.0,0.0,0.0,0.0,1.0,200,0,0,200,40,0.0,0.0,1.0
parakeet-ctc,,ls-tc-babble5,main,greedy,1,True,whisper,conf,rover_c,0.0,0.0,0.0,0.0,1.0,200,0,0,200,40,0.0,0.0,1.0
parakeet-ctc,,ls-tc-babble5,main,greedy,1,True,legacy,conf,rover_freq,0.0,0.0,0.0,0.0,1.0,200,0,0,200,40,0.0,0.0,1.0
parakeet-ctc,,ls-tc-babble5,main,greedy,1,True,whisper,conf,rover_freq,0.0,0.0,0.0,0.0,1.0,200,0,0,200,40,0.0,0.0,1.0
parakeet-ctc,,ls-tc-babble5,main,greedy,1,True,legacy,first,rover_cg,0.0,0.0,0.0,0.0,1.0,200,0,0,200,40,0.0,0.0,1.0
parakeet-ctc,,ls-tc-babble5,main,greedy,1,True,whisper,first,rover_cg,0.0,0.0,0.0,0.0,1.0,200,0,0,200,40,0.0,0.0,1.0
parakeet-ctc,,ls-tc-babble5,main,greedy,1,True,legacy,conf,mbr,0.0,0.0,0.0,0.0,1.0,200,0,0,200,40,0.0,0.0,1.0
parakeet-ctc,,ls-tc-babble5,main,greedy,1,True,whisper,conf,mbr,0.0,0.0,0.0,0.0,1.0,200,0,0,200,40,0.0,0.0,1.0
parakeet-ctc,,ls-tc-babble5,main,greedy,1,True,legacy,first,conf,0.0,0.0,0.0,0.0,1.0,200,0,0,200,40,0.0,0.0,1.0
parakeet-ctc,,ls-tc-babble5,main,greedy,1,True,whisper,first,conf,0.0,0.0,0.0,0.0,1.0,200,0,0,200,40,0.0,0.0,1.0
parakeet-ctc,,ls-tc-babble5,main,greedy,1,True,legacy,rover_freq,rover_cg,0.0,0.0,0.0,0.0,1.0,200,0,0,200,40,0.0,0.0,1.0
parakeet-ctc,,ls-tc-babble5,main,greedy,1,True,whisper,rover_freq,rover_cg,0.0,0.0,0.0,0.0,1.0,200,0,0,200,40,0.0,0.0,1.0
parakeet-ctc,,ls-tc-babble5,main,sample,16,False,legacy,conf,rover_cg,0.8787800465236495,0.40224750953438543,1.3513601332031278,0.2402666392454221,0.0,200,43,19,138,40,0.3521696562528613,1.4022327167932631,0.0006474983467541358
parakeet-ctc,,ls-tc-babble5,main,sample,16,False,whisper,conf,rover_cg,1.1503067484662577,0.6038229729991639,1.773306868515886,0.300603620790881,0.0,200,46,18,136,40,0.5506863286859096,1.764407607139616,0.0002834185387436203
parakeet-ctc,,ls-tc-babble5,main,sample,16,False,legacy,mbr,rover_cg,0.25846471956577927,-0.07579873336020114,0.5760799976841261,0.1677689084847075,0.0675,200,18,12,170,40,-0.06030314554245667,0.5829726439694285,0.14453898537804843
parakeet-ctc,,ls-tc-babble5,main,sample,16,False,whisper,mbr,rover_cg,0.5368098159509203,0.09225461972099415,1.040661597532391,0.24179204103916466,0.0075,200,21,12,167,40,0.1508646450760213,0.987102728275849,0.0241527870751628
parakeet-ctc,,ls-tc-babble5,main,sample,16,False,legacy,cm05,rover_cg,0.5686223830447144,0.2116545325061582,0.9467968931650653,0.19066808586357212,0.0005,200,26,11,163,40,0.17029687960845055,1.0047391651492377,0.004265659329166734
parakeet-ctc,,ls-tc-babble5,main,sample,16,False,whisper,cm05,rover_cg,0.8179959100204499,0.3461084454149368,1.3250467274815,0.25704978339632084,0.0,200,33,15,152,40,0.38027257060012687,1.2599102385497607,0.0018606047267498917
parakeet-ctc,,ls-tc-babble5,main,sample,16,False,legacy,conf,rover_c,0.8529335745670716,0.361076139088729,1.341597576398133,0.24445154299287994,0.0,200,43,19,138,40,0.2939481948871704,1.3939209604534881,0.0012020471020348054
parakeet-ctc,,ls-tc-babble5,main,sample,16,False,whisper,conf,rover_c,1.2269938650306749,0.6948163467861849,1.8232972910822842,0.2901546939702574,0.0,200,48,18,134,40,0.6157226399707207,1.8481049598581492,4.819762885866738e-05
parakeet-ctc,,ls-tc-babble5,main,sample,16,False,legacy,conf,rover_freq,1.2147841819591625,0.6807553317084866,1.793617549641646,0.27797488737385845,0.0,200,48,16,136,40,0.6139508603744663,1.8407005677137864,4.930311607609167e-05
parakeet-ctc,,ls-tc-babble5,main,sample,16,False,whisper,conf,rover_freq,1.4059304703476483,0.9052179826333687,1.970465420131716,0.27442644028340124,0.0,200,50,13,137,40,0.7912709927363804,2.0520533736280493,2.0091858336971123e-06
parakeet-ctc,,ls-tc-babble5,main,sample,16,False,legacy,first,rover_cg,3.179116050659085,2.4504294214788134,3.945617015323517,0.38070282723849,0.0,200,81,9,110,40,2.4001280852370748,3.9621068181376295,1.2630781467176388e-13
parakeet-ctc,,ls-tc-babble5,main,sample,16,False,whisper,first,rover_cg,3.2719836400817996,2.4830295544171666,4.113405464603876,0.4206223546791956,0.0,200,80,12,108,40,2.429264998894563,4.064388006435414,2.642257969636035e-12
parakeet-ctc,,ls-tc-babble5,main,sample,16,False,legacy,conf,mbr,0.6203153269578703,0.19783899549412495,1.0432702772034017,0.21509146069165475,0.0015,200,34,17,149,40,0.1536582555668965,1.0347026710944824,0.006064487377517096
parakeet-ctc,,ls-tc-babble5,main,sample,16,False,whisper,conf,mbr,0.6134969325153374,0.18920479236696072,1.0332466025125846,0.21227114328882118,0.0015,200,34,18,148,40,0.1905930983116901,0.9997228332640802,0.00635559669987219
parakeet-ctc,,ls-tc-babble5,main,sample,16,False,legacy,first,conf,2.3003360041354357,1.5470290557976945,3.0835086011352146,0.3872745416110345,0.0,200,72,21,107,40,1.5270552432736937,3.070402733428174,7.947940894274787e-09
parakeet-ctc,,ls-tc-babble5,main,sample,16,False,whisper,first,conf,2.1216768916155417,1.4042456214167296,2.886472465498486,0.3845840300266224,0.0,200,70,23,107,40,1.391690643787761,2.825405045065649,6.883149236785127e-08
parakeet-ctc,,ls-tc-babble5,main,sample,16,False,legacy,rover_freq,rover_cg,-0.33600413543551305,-0.659839598877833,-0.02611621426777806,0.16493471275881408,0.9875,200,9,18,173,40,-0.6790363670050157,-0.025444969054071894,0.054965703017653106
parakeet-ctc,,ls-tc-babble5,main,sample,16,False,whisper,rover_freq,rover_cg,-0.2556237218813906,-0.4835863359821013,-0.02585648377772786,0.11851628058609136,0.9895,200,5,14,181,40,-0.46208627570548877,-0.04906874554839528,0.0330062576612325
parakeet-ctc,,ls-tc-babble5,main,sample,32,True,legacy,conf,rover_cg,1.2664771258723184,0.7987094849466423,1.7557587226424225,0.24646988524447494,0.0,200,49,11,140,40,0.7475510351495216,1.8206130936409974,1.5003868086053768e-06
parakeet-ctc,,ls-tc-babble5,main,sample,32,True,whisper,conf,rover_cg,1.2014314928425358,0.711041394759704,1.739799169358208,0.26146796348718315,0.0,200,48,16,136,40,0.6977871185504585,1.703096265630729,1.8491084670430392e-05
parakeet-ctc,,ls-tc-babble5,main,sample,32,True,legacy,mbr,rover_cg,0.4652364952184027,0.2165087956698241,0.7347721925290567,0.13798651482866173,0.0005,200,18,3,179,40,0.2319967741308354,0.7347544139480363,0.001090046566604548
parakeet-ctc,,ls-tc-babble5,main,sample,32,True,whisper,mbr,rover_cg,0.3067484662576687,-0.025007190941236438,0.6542919189844163,0.16711888221664742,0.0355,200,20,12,168,40,0.051808124395108464,0.6058160985398673,0.06630556649536834
parakeet-ctc,,ls-tc-babble5,main,sample,32,True,legacy,cm05,rover_cg,0.6461617989144481,0.24243996156539718,1.0513770147398898,0.2057009388368241,0.0,200,29,10,161,40,0.222917192915189,1.1122165329481304,0.0024010503766157265
parakeet-ctc,,ls-tc-babble5,main,sample,32,True,whisper,cm05,rover_cg,0.5623721881390593,0.15018585591258526,1.007305950644826,0.21787875580406438,0.004,200,30,18,152,40,0.14356229143492769,1.0247082825062697,0.012121013635585593
parakeet-ctc,,ls-tc-babble5,main,sample,32,True,legacy,conf,rover_c,1.2406306539157406,0.7732457217952746,1.728890090850258,0.24406750127281518,0.0,200,47,10,143,40,0.743154525496579,1.7769485450458657,1.7415173807623442e-06
parakeet-ctc,,ls-tc-babble5,main,sample,32,True,whisper,conf,rover_c,1.278118609406953,0.8139633997785283,1.786292623757279,0.253462531835448,0.0,200,48,14,138,40,0.7565654799474592,1.7759100762996831,2.7823507661797414e-06
parakeet-ctc,,ls-tc-babble5,main,sample,32,True,legacy,conf,rover_freq,1.2664771258723184,0.7787909590282506,1.782550459696541,0.2573454944419518,0.0,200,45,12,143,40,0.7976489359827681,1.7775833085658321,3.589569723090186e-06
parakeet-ctc,,ls-tc-babble5,main,sample,32,True,whisper,conf,rover_freq,1.4826175869120655,0.9969658859983695,2.019969925369182,0.2609742069546165,0.0,200,49,10,141,40,0.9708119315538929,2.0028126372597757,1.6187603703797983e-07
parakeet-ctc,,ls-tc-babble5,main,sample,32,True,legacy,first,rover_cg,3.48927371413802,2.7252284794223205,4.320692019963128,0.39810402717751114,0.0,200,84,8,108,40,2.6610664491205385,4.289652366189629,1.9528250821845757e-14
parakeet-ctc,,ls-tc-babble5,main,sample,32,True,whisper,first,rover_cg,3.1186094069529653,2.3076217915138812,4.023316563467492,0.4381854654139223,0.0,200,77,14,109,40,2.2427179640011725,3.9839938396093846,2.7602662143214687e-11
parakeet-ctc,,ls-tc-babble5,main,sample,32,True,legacy,conf,mbr,0.8012406306539157,0.37916608974617716,1.2376256107104655,0.2154581856126552,0.0,200,38,14,148,40,0.3573944175240214,1.255071096974484,0.0003244561841625099
parakeet-ctc,,ls-tc-babble5,main,sample,32,True,whisper,conf,mbr,0.8946830265848671,0.47114894046582945,1.3415882495693874,0.22356861924627563,0.0,200,39,13,148,40,0.44271950312699593,1.326209431635132,0.0001089830332777433
parakeet-ctc,,ls-tc-babble5,main,sample,32,True,legacy,first,conf,2.2227965882657017,1.4914311172732733,2.967074848125931,0.3841106774286859,0.0,200,73,23,104,40,1.355033965972254,3.0193869695834525,1.1171882096404326e-07
parakeet-ctc,,ls-tc-babble5,main,sample,32,True,whisper,first,conf,1.9171779141104295,1.2246235896384279,2.6833889543635276,0.3693810318336688,0.0,200,69,25,106,40,1.1175284155419756,2.6506121304026617,1.2058735007976744e-06
parakeet-ctc,,ls-tc-babble5,main,sample,32,True,legacy,rover_freq,rover_cg,0.0,-0.29032173715681875,0.27351555970090363,0.14399647287334683,0.5305,200,12,9,179,40,-0.2973808163930998,0.304433357952777,0.9549847220576934
parakeet-ctc,,ls-tc-babble5,main,sample,32,True,whisper,rover_freq,rover_cg,-0.28118609406952966,-0.49261083743842365,-0.08336248658300756,0.10195325303146618,1.0,200,2,12,186,40,-0.4724850546015568,-0.08421059066622658,0.007632881787792299
parakeet-ctc,,ls-test-clean,main,greedy,1,True,legacy,conf,rover_cg,0.0,0.0,0.0,0.0,1.0,200,0,0,200,40,0.0,0.0,1.0
parakeet-ctc,,ls-test-clean,main,greedy,1,True,whisper,conf,rover_cg,0.0,0.0,0.0,0.0,1.0,200,0,0,200,40,0.0,0.0,1.0
parakeet-ctc,,ls-test-clean,main,greedy,1,True,legacy,mbr,rover_cg,0.0,0.0,0.0,0.0,1.0,200,0,0,200,40,0.0,0.0,1.0
parakeet-ctc,,ls-test-clean,main,greedy,1,True,whisper,mbr,rover_cg,0.0,0.0,0.0,0.0,1.0,200,0,0,200,40,0.0,0.0,1.0
parakeet-ctc,,ls-test-clean,main,greedy,1,True,legacy,cm05,rover_cg,0.0,0.0,0.0,0.0,1.0,200,0,0,200,40,0.0,0.0,1.0
parakeet-ctc,,ls-test-clean,main,greedy,1,True,whisper,cm05,rover_cg,0.0,0.0,0.0,0.0,1.0,200,0,0,200,40,0.0,0.0,1.0
parakeet-ctc,,ls-test-clean,main,greedy,1,True,legacy,conf,rover_c,0.0,0.0,0.0,0.0,1.0,200,0,0,200,40,0.0,0.0,1.0
parakeet-ctc,,ls-test-clean,main,greedy,1,True,whisper,conf,rover_c,0.0,0.0,0.0,0.0,1.0,200,0,0,200,40,0.0,0.0,1.0
parakeet-ctc,,ls-test-clean,main,greedy,1,True,legacy,conf,rover_freq,0.0,0.0,0.0,0.0,1.0,200,0,0,200,40,0.0,0.0,1.0
parakeet-ctc,,ls-test-clean,main,greedy,1,True,whisper,conf,rover_freq,0.0,0.0,0.0,0.0,1.0,200,0,0,200,40,0.0,0.0,1.0
parakeet-ctc,,ls-test-clean,main,greedy,1,True,legacy,first,rover_cg,0.0,0.0,0.0,0.0,1.0,200,0,0,200,40,0.0,0.0,1.0
parakeet-ctc,,ls-test-clean,main,greedy,1,True,whisper,first,rover_cg,0.0,0.0,0.0,0.0,1.0,200,0,0,200,40,0.0,0.0,1.0
parakeet-ctc,,ls-test-clean,main,greedy,1,True,legacy,conf,mbr,0.0,0.0,0.0,0.0,1.0,200,0,0,200,40,0.0,0.0,1.0
parakeet-ctc,,ls-test-clean,main,greedy,1,True,whisper,conf,mbr,0.0,0.0,0.0,0.0,1.0,200,0,0,200,40,0.0,0.0,1.0
parakeet-ctc,,ls-test-clean,main,greedy,1,True,legacy,first,conf,0.0,0.0,0.0,0.0,1.0,200,0,0,200,40,0.0,0.0,1.0
parakeet-ctc,,ls-test-clean,main,greedy,1,True,whisper,first,conf,0.0,0.0,0.0,0.0,1.0,200,0,0,200,40,0.0,0.0,1.0
parakeet-ctc,,ls-test-clean,main,greedy,1,True,legacy,rover_freq,rover_cg,0.0,0.0,0.0,0.0,1.0,200,0,0,200,40,0.0,0.0,1.0
parakeet-ctc,,ls-test-clean,main,greedy,1,True,whisper,rover_freq,rover_cg,0.0,0.0,0.0,0.0,1.0,200,0,0,200,40,0.0,0.0,1.0
parakeet-ctc,,ls-test-clean,main,sample,16,False,legacy,conf,rover_cg,0.7495476867407599,0.42687842154633654,1.1155262560379706,0.18063888163751426,0.0,200,21,2,177,40,0.42698269371620834,1.1001002427450233,0.0001240845560803232
parakeet-ctc,,ls-test-clean,main,sample,16,False,whisper,conf,rover_cg,0.5623721881390593,0.22646069365491464,0.9074165582391848,0.17614954215996256,0.0005,200,20,7,173,40,0.19649001468817673,0.9209170066458114,0.00278127641376289
parakeet-ctc,,ls-test-clean,main,sample,16,False,legacy,mbr,rover_cg,0.25846471956577927,0.027970775154012834,0.5148445425217326,0.12461104819392477,0.0115,200,9,3,188,40,0.05277806675561999,0.48055647063723744,0.04804540543759677
parakeet-ctc,,ls-test-clean,main,sample,16,False,whisper,mbr,rover_cg,0.17893660531697342,-0.026268785012687385,0.4141055352670613,0.11422751122635579,0.069,200,10,5,185,40,0.0,0.3647596576803143,0.12415818816696905
parakeet-ctc,,ls-test-clean,main,sample,16,False,legacy,cm05,rover_cg,0.36185060739209096,0.07961046627167911,0.6776897987540343,0.1514970246354469,0.008,200,9,2,189,40,0.07785486118206747,0.6917343413953803,0.021920290335159902
parakeet-ctc,,ls-test-clean,main,sample,16,False,whisper,cm05,rover_cg,0.2556237218813906,-0.027872822744344907,0.5502108667421147,0.1499370255186949,0.058,200,12,8,180,40,-0.10015336366294239,0.5998005616807567,0.07898257926378298
parakeet-ctc,,ls-test-clean,main,sample,16,False,legacy,conf,rover_c,0.7237012147841819,0.3938747926259679,1.0942302871665175,0.17657342945369686,0.0,200,19,1,180,40,0.40419555624047443,1.064763419220293,0.0001462567978154943
parakeet-ctc,,ls-test-clean,main,sample,16,False,whisper,conf,rover_c,0.5623721881390593,0.22627010788402407,0.9125996939627189,0.17454635590449552,0.0015,200,19,6,175,40,0.20084607513745903,0.9376209867079207,0.002350977732964238
parakeet-ctc,,ls-test-clean,main,sample,16,False,legacy,conf,rover_freq,0.6203153269578703,0.29434128957860245,0.96785916968685,0.16919896464956097,0.0,200,20,2,178,40,0.3129584642705649,0.9555911861619787,0.0007034101032225554
parakeet-ctc,,ls-test-clean,main,sample,16,False,whisper,conf,rover_freq,0.5623721881390593,0.22695764855914596,0.9077694140329564,0.1762856918675079,0.001,200,20,5,175,40,0.2042327283741565,0.9356246002260952,0.0030986071018130473
parakeet-ctc,,ls-test-clean,main,sample,16,False,legacy,first,rover_cg,1.36986301369863,0.8442730587578373,1.9337789052021759,0.27672556382159685,0.0,200,37,7,156,40,0.7893890574459016,2.008836676476103,3.986270043421676e-06
parakeet-ctc,,ls-test-clean,main,sample,16,False,whisper,first,rover_cg,1.329243353783231,0.8102299770128151,1.871891229468323,0.2714217477078941,0.0,200,35,6,159,40,0.7746419637021817,1.9370066606897491,3.923674872565508e-06
parakeet-ctc,,ls-test-clean,main,sample,16,False,legacy,conf,mbr,0.4910829671749806,0.1825949906794248,0.8143234937907542,0.16276261697553895,0.0005,200,18,3,179,40,0.20509884949874935,0.7972993594783657,0.003357307659696881
parakeet-ctc,,ls-test-clean,main,sample,16,False,whisper,conf,mbr,0.3834355828220859,0.05529460603009237,0.7210994666123413,0.17162520970820025,0.013,200,17,7,176,40,0.0538767750183123,0.7227518155341551,0.030042761210462357
parakeet-ctc,,ls-test-clean,main,sample,16,False,legacy,first,conf,0.6203153269578703,0.1290536985648726,1.1363930149478236,0.26093557609166845,0.0075,200,28,17,155,40,0.10581491806970611,1.2224156647652609,0.027728035296165222
parakeet-ctc,,ls-test-clean,main,sample,16,False,whisper,first,conf,0.7668711656441718,0.2558052748728095,1.335336828501094,0.27820611837078413,0.0015,200,32,17,151,40,0.18011534789686484,1.4004651775789605,0.009835319615327272
parakeet-ctc,,ls-test-clean,main,sample,16,False,legacy,rover_freq,rover_cg,0.12923235978288963,-0.05336894984907545,0.32473659958561785,0.09866598014895674,0.1145,200,6,3,191,40,-0.02669394535553052,0.28852383965634276,0.18978340121672688
parakeet-ctc,,ls-test-clean,main,sample,16,False,whisper,rover_freq,rover_cg,0.0,-0.15721846351344243,0.15899731082772375,0.08270882993900631,0.5805,200,5,5,190,40,-0.1509544528316395,0.14233024581145978,1.0
parakeet-ctc,,ls-test-clean,main,sample,32,True,legacy,conf,rover_cg,0.7237012147841819,0.42349400142008564,1.0232356179919642,0.157395060627563,0.0,200,26,3,171,40,0.4177335757172381,1.0294064887191172,2.7664601946708788e-05
parakeet-ctc,,ls-test-clean,main,sample,32,True,whisper,conf,rover_cg,0.5879345603271984,0.25220045516688766,0.9243780735543887,0.17198051065584127,0.0005,200,25,8,167,40,0.2478821749845443,0.9638946445864282,0.001230107355107888
parakeet-ctc,,ls-test-clean,main,sample,32,True,legacy,mbr,rover_cg,0.025846471956577927,-0.11644125101185779,0.18177332985483755,0.07731928643468813,0.4485,200,3,3,194,40,-0.10814513143280267,0.17080306677885906,0.7388826803635273
parakeet-ctc,,ls-test-clean,main,sample,32,True,whisper,mbr,rover_cg,0.07668711656441718,-0.12646223917854515,0.2750791003536007,0.1040529044935697,0.2885,200,6,5,189,40,-0.09587900191041628,0.25153805049024264,0.4484228516453874
parakeet-ctc,,ls-test-clean,main,sample,32,True,legacy,cm05,rover_cg,0.20677177565262342,0.025513958212751302,0.40242760187577226,0.09795936945469763,0.0235,200,10,3,187,40,0.0,0.4277322827656714,0.045500263896358396
parakeet-ctc,,ls-test-clean,main,sample,32,True,whisper,cm05,rover_cg,0.17893660531697342,-0.07605628888421505,0.42575305657080337,0.12621925035448067,0.101,200,11,7,182,40,-0.04767187203526026,0.40551548773239726,0.1674852470125836
parakeet-ctc,,ls-test-clean,main,sample,32,True,legacy,conf,rover_c,0.7237012147841819,0.4397146618072043,1.0204298740772904,0.15225906829572564,0.0,200,24,1,175,40,0.43329372676056016,1.025071549559021,1.1077356939726346e-05
parakeet-ctc,,ls-test-clean,main,sample,32,True,whisper,conf,rover_c,0.6390593047034765,0.31111875440670245,0.9674473731674003,0.17171116356142588,0.0,200,24,6,170,40,0.2636918371071897,1.037214534831681,0.0004665265897072653
parakeet-ctc,,ls-test-clean,main,sample,32,True,legacy,conf,rover_freq,0.7495476867407599,0.45775978615329826,1.057972994060963,0.15702754353244086,0.0,200,24,1,175,40,0.4538844523316573,1.0585712596079047,1.2832776226943423e-05
parakeet-ctc,,ls-test-clean,main,sample,32,True,whisper,conf,rover_freq,0.6901840490797546,0.3704299296453784,1.0148718352489228,0.16679777315844496,0.0,200,24,4,172,40,0.33735803833226446,1.0758357339132745,0.00013138959094952408
parakeet-ctc,,ls-test-clean,main,sample,32,True,legacy,first,rover_cg,1.3440165417420522,0.7987201144084918,1.9173111186495573,0.28180637466853503,0.0,200,34,7,159,40,0.7447009520338906,2.0048817125481517,1.0272581708302625e-05
parakeet-ctc,,ls-test-clean,main,sample,32,True,whisper,first,rover_cg,1.4059304703476483,0.8478876690948441,1.985507175796461,0.2904977378743725,0.0,200,37,8,155,40,0.812210450076667,2.057889301420848,5.948549181548605e-06
parakeet-ctc,,ls-test-clean,main,sample,32,True,legacy,conf,mbr,0.6978547428276041,0.4150319550009073,0.9935556577037007,0.15232847161398563,0.0,200,23,1,176,40,0.42383061043356896,0.9711744159125023,1.8008655580788563e-05
parakeet-ctc,,ls-test-clean,main,sample,32,True,whisper,conf,mbr,0.5112474437627812,0.19793717696283533,0.8246370661946646,0.16088976445638647,0.001,200,21,6,173,40,0.15646314280681936,0.884725396237303,0.0020048220089695927
parakeet-ctc,,ls-test-clean,main,sample,32,True,legacy,first,conf,0.6203153269578703,0.12148938576412353,1.1259486285296336,0.26961114362556976,0.011,200,30,21,149,40,0.056397099447784614,1.2463359989902978,0.05194836758613671
parakeet-ctc,,ls-test-clean,main,sample,32,True,whisper,first,conf,0.8179959100204499,0.24448883044437503,1.4375046973378363,0.29859145441629964,0.001,200,34,20,146,40,0.1671146971506967,1.474420761843261,0.015113832594249426
parakeet-ctc,,ls-test-clean,main,sample,32,True,legacy,rover_freq,rover_cg,-0.025846471956577927,-0.14447580895719994,0.08150458634961724,0.05788127330036104,0.7555,200,2,3,195,40,-0.134126479394874,0.08183417727399424,0.6547208460185769
parakeet-ctc,,ls-test-clean,main,sample,32,True,whisper,rover_freq,rover_cg,-0.10224948875255624,-0.2326484656200625,0.0,0.06039216811365853,0.983,200,1,5,194,40,-0.2245960797178709,0.02257708206066442,0.10247043485974945
parakeet-ctc,,ls-test-other,main,greedy,1,True,legacy,conf,rover_cg,0.0,0.0,0.0,0.0,1.0,200,0,0,200,32,0.0,0.0,1.0
parakeet-ctc,,ls-test-other,main,greedy,1,True,whisper,conf,rover_cg,0.0,0.0,0.0,0.0,1.0,200,0,0,200,32,0.0,0.0,1.0
parakeet-ctc,,ls-test-other,main,greedy,1,True,legacy,mbr,rover_cg,0.0,0.0,0.0,0.0,1.0,200,0,0,200,32,0.0,0.0,1.0
parakeet-ctc,,ls-test-other,main,greedy,1,True,whisper,mbr,rover_cg,0.0,0.0,0.0,0.0,1.0,200,0,0,200,32,0.0,0.0,1.0
parakeet-ctc,,ls-test-other,main,greedy,1,True,legacy,cm05,rover_cg,0.0,0.0,0.0,0.0,1.0,200,0,0,200,32,0.0,0.0,1.0
parakeet-ctc,,ls-test-other,main,greedy,1,True,whisper,cm05,rover_cg,0.0,0.0,0.0,0.0,1.0,200,0,0,200,32,0.0,0.0,1.0
parakeet-ctc,,ls-test-other,main,greedy,1,True,legacy,conf,rover_c,0.0,0.0,0.0,0.0,1.0,200,0,0,200,32,0.0,0.0,1.0
parakeet-ctc,,ls-test-other,main,greedy,1,True,whisper,conf,rover_c,0.0,0.0,0.0,0.0,1.0,200,0,0,200,32,0.0,0.0,1.0
parakeet-ctc,,ls-test-other,main,greedy,1,True,legacy,conf,rover_freq,0.0,0.0,0.0,0.0,1.0,200,0,0,200,32,0.0,0.0,1.0
parakeet-ctc,,ls-test-other,main,greedy,1,True,whisper,conf,rover_freq,0.0,0.0,0.0,0.0,1.0,200,0,0,200,32,0.0,0.0,1.0
parakeet-ctc,,ls-test-other,main,greedy,1,True,legacy,first,rover_cg,0.0,0.0,0.0,0.0,1.0,200,0,0,200,32,0.0,0.0,1.0
parakeet-ctc,,ls-test-other,main,greedy,1,True,whisper,first,rover_cg,0.0,0.0,0.0,0.0,1.0,200,0,0,200,32,0.0,0.0,1.0
parakeet-ctc,,ls-test-other,main,greedy,1,True,legacy,conf,mbr,0.0,0.0,0.0,0.0,1.0,200,0,0,200,32,0.0,0.0,1.0
parakeet-ctc,,ls-test-other,main,greedy,1,True,whisper,conf,mbr,0.0,0.0,0.0,0.0,1.0,200,0,0,200,32,0.0,0.0,1.0
parakeet-ctc,,ls-test-other,main,greedy,1,True,legacy,first,conf,0.0,0.0,0.0,0.0,1.0,200,0,0,200,32,0.0,0.0,1.0
parakeet-ctc,,ls-test-other,main,greedy,1,True,whisper,first,conf,0.0,0.0,0.0,0.0,1.0,200,0,0,200,32,0.0,0.0,1.0
parakeet-ctc,,ls-test-other,main,greedy,1,True,legacy,rover_freq,rover_cg,0.0,0.0,0.0,0.0,1.0,200,0,0,200,32,0.0,0.0,1.0
parakeet-ctc,,ls-test-other,main,greedy,1,True,whisper,rover_freq,rover_cg,0.0,0.0,0.0,0.0,1.0,200,0,0,200,32,0.0,0.0,1.0
parakeet-ctc,,ls-test-other,main,sample,16,False,legacy,conf,rover_cg,0.335946248600224,0.027644556478339417,0.6586901847916715,0.16597385650723262,0.022,200,23,12,165,32,0.0,0.6894856822487796,0.051575863620877016
parakeet-ctc,,ls-test-other,main,sample,16,False,whisper,conf,rover_cg,0.4437049362174154,0.05624217925541769,0.8429626845023952,0.1990189448960869,0.013,200,28,14,158,32,0.02943321758623285,0.8495768207554307,0.02976802971234416
parakeet-ctc,,ls-test-other,main,sample,16,False,legacy,mbr,rover_cg,0.1959686450167973,-0.026723855764435037,0.4272517651050747,0.11460808295854288,0.049,200,8,3,189,32,-0.049982465012371365,0.4828610161262263,0.0880815116621903
parakeet-ctc,,ls-test-other,main,sample,16,False,whisper,mbr,rover_cg,0.2218524681087077,-0.026612386453059682,0.4845135473802896,0.12812031727599865,0.0465,200,11,5,184,32,-0.02506691305994267,0.44459786790700884,0.08670321877784012
parakeet-ctc,,ls-test-other,main,sample,16,False,legacy,cm05,rover_cg,0.167973124300112,-0.08212878754594848,0.4237836005218294,0.1293436828082302,0.109,200,12,7,181,32,-0.0639033973984043,0.43141037439265323,0.2008251226951454
parakeet-ctc,,ls-test-other,main,sample,16,False,whisper,cm05,rover_cg,0.2773155851358846,-0.07544952314551062,0.635225645984103,0.1786194093407366,0.0625,200,17,10,173,32,-0.052689820775050265,0.632183908045977,0.11932062438526989
parakeet-ctc,,ls-test-other,main,sample,16,False,legacy,conf,rover_c,0.3919372900335946,0.08415147265077139,0.7117877190994993,0.16563779157322572,0.008,200,24,11,165,32,0.029179828045458215,0.7707499047411829,0.023140931308743735
parakeet-ctc,,ls-test-other,main,sample,16,False,whisper,conf,rover_c,0.4714364947310039,0.10461813591415949,0.8584687031931444,0.19224203958879874,0.0065,200,27,12,161,32,0.08466148410292598,0.852948340929767,0.01767461052346618
parakeet-ctc,,ls-test-other,main,sample,16,False,legacy,conf,rover_freq,0.251959686450168,-0.11252631177910487,0.6106787344590994,0.18632742087040852,0.1005,200,23,12,165,32,-0.14141274064929432,0.6352688485732787,0.20589180550615982
parakeet-ctc,,ls-test-other,main,sample,16,False,whisper,conf,rover_freq,0.49916805324459235,0.1065230692693695,0.9186549570545021,0.2079567670535995,0.009,200,26,11,163,32,0.05299947447443299,0.9384024360560809,0.02311078018355741
parakeet-ctc,,ls-test-other,main,sample,16,False,legacy,first,rover_cg,1.1758118701007838,0.6655247494112068,1.688849967076504,0.261564177880074,0.0,200,39,11,150,32,0.61026943581827,1.8356642287464635,2.1280830655746535e-05
parakeet-ctc,,ls-test-other,main,sample,16,False,whisper,first,rover_cg,1.1092623405435384,0.5982813698707983,1.6171333306475266,0.2589977667335488,0.0,200,40,11,149,32,0.5600338505623197,1.7569815870930667,7.704479312219635e-05
parakeet-ctc,,ls-test-other,main,sample,16,False,legacy,conf,mbr,0.13997760358342665,-0.2308186168545596,0.49534521600848125,0.18728029409737082,0.255,200,21,12,167,32,-0.21078624011041638,0.4777937770477606,0.37474766554059924
parakeet-ctc,,ls-test-other,main,sample,16,False,whisper,conf,mbr,0.2218524681087077,-0.16672342441145444,0.60489580687566,0.19672335532990604,0.145,200,22,12,166,32,-0.17338422441411994,0.6041428816700385,0.33994366347892313
parakeet-ctc,,ls-test-other,main,sample,16,False,legacy,first,conf,0.8398656215005599,0.3174435560919193,1.3726421204319874,0.2713061115196816,0.001,200,39,18,143,32,0.32018630777637985,1.4415133517560947,0.003010050880737764
parakeet-ctc,,ls-test-other,main,sample,16,False,whisper,first,conf,0.6655574043261231,0.16219179985737056,1.165335357584658,0.25916108536317384,0.0075,200,38,18,144,32,0.10758313976545239,1.292967518133081,0.00973532369956138
parakeet-ctc,,ls-test-other,main,sample,16,False,legacy,rover_freq,rover_cg,0.083986562150056,-0.07983769454622906,0.25460770989052917,0.08485056761708043,0.2055,200,6,3,191,32,-0.08603878587185368,0.2748851319658447,0.31731050786291415
parakeet-ctc,,ls-test-other,main,sample,16,False,whisper,rover_freq,rover_cg,-0.05546311702717693,-0.2115288745176563,0.08884549070864797,0.07626932202359918,0.8245,200,3,5,192,32,-0.20859254412485395,0.09631726982588337,0.47950012218695337
parakeet-ctc,,ls-test-other,main,sample,32,True,legacy,conf,rover_cg,0.41993281075027994,0.026848369733540114,0.8123673205509216,0.20397613317208887,0.021,200,28,13,159,32,-0.05407490815889139,0.8563772735051092,0.0249953756929887
parakeet-ctc,,ls-test-other,main,sample,32,True,whisper,conf,rover_cg,0.776483638380477,0.3865508013165585,1.1824972612661135,0.2049338909044181,0.0,200,34,11,155,32,0.3101101968282017,1.2089649853783444,0.00029690037895540694
parakeet-ctc,,ls-test-other,main,sample,32,True,legacy,mbr,rover_cg,0.0,-0.1669971898163188,0.18863544094901805,0.0877968599809481,0.5715,200,3,4,193,32,-0.17965826687472666,0.1726607150683813,1.0
parakeet-ctc,,ls-test-other,main,sample,32,True,whisper,mbr,rover_cg,0.2218524681087077,0.0,0.4816013899460367,0.12015294225056405,0.0285,200,8,3,189,32,0.0,0.4505913375534575,0.06960936453952438
parakeet-ctc,,ls-test-other,main,sample,32,True,legacy,cm05,rover_cg,-0.055991041433370664,-0.34568303937717076,0.19561687538310507,0.14006223022248063,0.6745,200,5,5,190,32,-0.3494857110009286,0.2267589769108664,0.7506546409575028
parakeet-ctc,,ls-test-other,main,sample,32,True,whisper,cm05,rover_cg,0.2218524681087077,-0.02997624389244227,0.5192987302237081,0.1454373259150775,0.0725,200,11,6,183,32,-0.033240705654498735,0.5337746018348207,0.11018324086556576
parakeet-ctc,,ls-test-other,main,sample,32,True,legacy,conf,rover_c,0.4479283314669653,0.051894347136974224,0.837476128491771,0.20510145004000005,0.016,200,29,13,158,32,-0.03104648404162512,0.9014923595426311,0.018305602017886672
parakeet-ctc,,ls-test-other,main,sample,32,True,whisper,conf,rover_c,0.7210205213533001,0.3185297250793322,1.1418646298103736,0.20966524162847608,0.0,200,34,13,153,32,0.25161995706369217,1.1609924402533927,0.000930860750375859
parakeet-ctc,,ls-test-other,main,sample,32,True,legacy,conf,rover_freq,0.503919372900336,0.11546678941262864,0.894927472852125,0.1984457376474787,0.006,200,29,13,158,32,0.059250506268933856,0.924963079351663,0.014597183360416606
parakeet-ctc,,ls-test-other,main,sample,32,True,whisper,conf,rover_freq,0.831946755407654,0.4162718163485169,1.2692583030927185,0.2197759684068151,0.0,200,34,11,155,32,0.35620074382360756,1.3000624667729928,0.00025334477935120517
parakeet-ctc,,ls-test-other,main,sample,32,True,legacy,first,rover_cg,1.2318029115341544,0.7446128817245794,1.73989596247338,0.2518123575877545,0.0,200,38,8,154,32,0.6959184478799666,1.842790042824969,5.056011513625326e-06
parakeet-ctc,,ls-test-other,main,sample,32,True,whisper,first,rover_cg,1.3588463671658346,0.8968396790976356,1.841176542034649,0.24094622068510552,0.0,200,41,6,153,32,0.8184346634882455,1.9675566359927192,3.748313034150883e-07
parakeet-ctc,,ls-test-other,main,sample,32,True,legacy,conf,mbr,0.41993281075027994,0.0,0.8368958167477915,0.21108465776018984,0.0255,200,30,15,155,32,-0.059500013253781785,0.8667682798717992,0.030798323190210888
parakeet-ctc,,ls-test-other,main,sample,32,True,whisper,conf,mbr,0.5546311702717692,0.14346585830257513,0.9801526816737445,0.21496289223347403,0.0025,200,31,13,156,32,0.07980475112518061,1.014817027460892,0.014008331210425846
parakeet-ctc,,ls-test-other,main,sample,32,True,legacy,first,conf,0.8118701007838746,0.2275167622782175,1.4278387963757135,0.30578550947738853,0.0025,200,42,26,132,32,0.1523447397645183,1.605583842075126,0.012789305958025793
parakeet-ctc,,ls-test-other,main,sample,32,True,whisper,first,conf,0.5823627287853578,0.0,1.1672066336112985,0.2979248157251498,0.028,200,40,27,133,32,-0.07675471931062453,1.3743285914570287,0.049859614600677275
parakeet-ctc,,ls-test-other,main,sample,32,True,legacy,rover_freq,rover_cg,-0.083986562150056,-0.2337148245794214,0.05657748651411345,0.07311752001818064,0.922,200,2,5,193,32,-0.23908228624717776,0.05477623380469223,0.25683925795785656
parakeet-ctc,,ls-test-other,main,sample,32,True,whisper,rover_freq,rover_cg,-0.05546311702717693,-0.145434449357952,0.0,0.0396952002596469,1.0,200,0,2,198,32,-0.1441826071829551,0.0,0.15729920705028505
whisfusion,,ami,main,main,16,False,legacy,conf,rover_cg,3.884542756946318,2.8247722894664427,4.910577153726345,0.5397074542879146,0.0,400,122,38,240,16,2.7159343480486435,4.780992434658864,3.3269805276484277e-10
whisfusion,,ami,main,main,16,False,whisper,conf,rover_cg,2.146832759077657,1.0177640478012184,3.2997250091059747,0.5834124187231015,0.0,400,103,64,233,16,1.065887170060721,3.1200594335428837,0.0005088690160816907
whisfusion,,ami,main,main,16,False,legacy,mbr,rover_cg,2.7785271108713245,2.176671296849259,3.3650216737975764,0.30675884131568315,0.0,400,92,10,298,16,2.2636554874353525,3.218458487662974,2.5165211832463444e-15
whisfusion,,ami,main,main,16,False,whisper,mbr,rover_cg,2.0408163265306123,1.3234124720485556,2.83479102974401,0.3830658183354222,0.0,400,83,29,288,16,1.052869665923962,2.8155210423785095,2.357447224958316e-07
whisfusion,,ami,main,main,16,False,legacy,cm05,rover_cg,2.508767197194497,1.7026379222031396,3.294366521024754,0.40480114529430344,0.0,400,87,28,285,16,1.6874226930364968,3.2439811705775674,1.7128661884826858e-08
whisfusion,,ami,main,main,16,False,whisper,cm05,rover_cg,1.0601643254704478,0.15689762063427903,1.9423084473310757,0.46280646694888444,0.01,400,74,55,271,16,0.21866943426821722,1.7233454466793419,0.019313515608166007
whisfusion,,ami,main,main,16,False,legacy,conf,rover_c,3.7226868087402214,2.6546258433315955,4.771220897058244,0.5466991301872637,0.0,400,117,41,242,16,2.50658687142427,4.634538023246662,2.3270967825240574e-09
whisfusion,,ami,main,main,16,False,whisper,conf,rover_c,2.1998409753511794,1.0679340688205936,3.3546065834263676,0.5864331420702549,0.0,400,105,61,234,16,1.141710000827681,3.20576866660534,0.000503788629250173
whisfusion,,ami,main,main,16,False,legacy,conf,rover_freq,2.83247909360669,1.7453169375392608,3.9226531288693556,0.5550637239087601,0.0,400,113,55,232,16,1.901781629143461,3.656833285466685,2.594101388736646e-06
whisfusion,,ami,main,main,16,False,whisper,conf,rover_freq,2.0673204346673733,0.9027728677046989,3.252066143490219,0.5841188822627241,0.0,400,108,65,227,16,1.0804555309516484,3.0559368063913057,0.001273423041278225
whisfusion,,ami,main,main,16,False,legacy,first,rover_cg,12.624763960075533,11.132222458011558,14.114653346368486,0.7869904552143397,0.0,400,200,17,183,16,11.337735031326917,14.048452507259325,1.4880034913084872e-31
whisfusion,,ami,main,main,16,False,whisper,first,rover_cg,11.688311688311689,10.254673760901554,13.074502894403789,0.7244155040527581,0.0,400,198,17,185,16,10.43129115132855,13.25849834897172,3.6562573193749454e-32
whisfusion,,ami,main,main,16,False,legacy,conf,mbr,1.1060156460749933,0.028264709948120803,2.1364345651166525,0.541812833398671,0.022,400,78,51,271,16,0.08977077393326881,1.9225962770887148,0.07299546225822443
whisfusion,,ami,main,main,16,False,whisper,conf,mbr,0.10601643254704479,-1.0143849206349205,1.164371429885399,0.563340368077532,0.4385,400,68,65,267,16,-0.9894797856295536,1.2104253939641965,0.9193934506869039
whisfusion,,ami,main,main,16,False,legacy,first,conf,8.740221203129215,7.134357976818777,10.3377600059483,0.8274162245595058,0.0,400,168,43,189,16,7.241547257872493,10.626660201908255,2.5649070058634254e-20
whisfusion,,ami,main,main,16,False,whisper,first,conf,9.541478929234032,7.898310453325485,11.143215641899404,0.8501663045352502,0.0,400,181,37,182,16,7.934774174894564,11.60006279006279,2.1363237179408648e-23
whisfusion,,ami,main,main,16,False,legacy,rover_freq,rover_cg,1.0520636633396276,0.5244937393388863,1.5561874071047388,0.2702676375912185,0.0005,400,60,25,315,16,0.5573236082901145,1.4381617987252369,0.0001991180582241082
whisfusion,,ami,main,main,16,False,whisper,rover_freq,rover_cg,0.0795123244102836,-0.27393527885841973,0.44182971774435165,0.1880957887162696,0.385,400,27,24,349,16,-0.44699183005760035,0.5332003200344739,0.6744240722352938
whisfusion,,ami,main,main,32,True,legacy,conf,rover_cg,3.3719989209603454,2.382135226322362,4.412642522648154,0.5063222664147166,0.0,400,121,41,238,16,2.5657686753987985,4.079013703772252,1.3034802270604333e-09
whisfusion,,ami,main,main,32,True,whisper,conf,rover_cg,1.8022793532997614,0.8372671130573408,2.8003744192402276,0.49828458999855807,0.001,400,105,61,234,16,0.9562373942407281,2.402475777422231,0.0006017245484834216
whisfusion,,ami,main,main,32,True,legacy,mbr,rover_cg,2.1041273266792553,1.5537101526922046,2.7144408251900107,0.2926513181958913,0.0,400,81,16,303,16,1.590070283522464,2.604629175909058,2.697691418032394e-11
whisfusion,,ami,main,main,32,True,whisper,mbr,rover_cg,1.3252054068380599,0.6744031569210179,1.9519520129416,0.31883552589308656,0.0,400,73,33,294,16,0.6420134568306702,1.9141956545711962,5.605999664877436e-05
whisfusion,,ami,main,main,32,True,legacy,cm05,rover_cg,2.0231993525762073,1.2732274511019421,2.8196179754015387,0.3897227196069167,0.0,400,80,29,291,16,1.2640249123192586,2.7448590849363073,4.707134206624505e-07
whisfusion,,ami,main,main,32,True,whisper,cm05,rover_cg,0.7156109196925523,-0.02505779264017067,1.458134124655723,0.3843368908163374,0.0295,400,73,51,276,16,0.09324999085174801,1.2393002469422303,0.06344386432485986
whisfusion,,ami,main,main,32,True,legacy,conf,rover_c,3.3450229295926626,2.4067658008893043,4.384874596232447,0.501194659657038,0.0,400,120,42,238,16,2.373885283294033,4.169998546623076,1.990710513857595e-09
whisfusion,,ami,main,main,32,True,whisper,conf,rover_c,1.8287834614365226,0.9192409979388289,2.7987405812701827,0.48406035794051727,0.0,400,105,59,236,16,0.97146708126314,2.479221199888943,0.0004621074522399637
whisfusion,,ami,main,main,32,True,legacy,conf,rover_freq,2.292959266253035,1.3536880989140025,3.328738307731134,0.5095537120398953,0.0,400,111,56,233,16,1.4876857604254548,2.9450148186554226,5.434899033024403e-05
whisfusion,,ami,main,main,32,True,whisper,conf,rover_freq,1.8022793532997614,0.810347211932632,2.8454140887089836,0.5155882334688737,0.0005,400,107,62,231,16,0.9821794934569079,2.5169253396958493,0.0010509642400897382
whisfusion,,ami,main,main,32,True,legacy,first,rover_cg,12.948475856487725,11.386508217430864,14.48736425471838,0.7955675606029396,0.0,400,203,20,177,16,11.665360231485383,14.456193240200914,2.2406344525750708e-31
whisfusion,,ami,main,main,32,True,whisper,first,rover_cg,11.979856877816061,10.53914601257696,13.45457535065647,0.7441963557208332,0.0,400,199,19,182,16,10.486761920035283,13.839307470064048,4.688769671100124e-32
whisfusion,,ami,main,main,32,True,legacy,conf,mbr,1.2678715942810899,0.3429037012731181,2.1947205530443186,0.4711523915820784,0.002,400,85,49,266,16,0.5220743757817053,1.9544372147846099,0.020807859632365037
whisfusion,,ami,main,main,32,True,whisper,conf,mbr,0.47707394646170154,-0.4783960185576281,1.4330499541876032,0.4979365796285389,0.1765,400,79,57,264,16,-0.37559574308813254,1.285777671908546,0.4116950617879437
whisfusion,,ami,main,main,32,True,legacy,first,conf,9.576476935527381,8.002197802197802,11.084834218110924,0.7980895960310428,0.0,400,172,38,190,16,8.34779417331662,11.189413970280532,7.17171557063115e-23
whisfusion,,ami,main,main,32,True,whisper,first,conf,10.1775775245163,8.641940561445205,11.685634297319922,0.7851140475338233,0.0,400,188,32,180,16,8.564848224107939,12.402706575550807,9.861969790871002e-27
whisfusion,,ami,main,main,32,True,legacy,rover_freq,rover_cg,1.0790396547073104,0.6154685709843996,1.6201935592704977,0.25543834857607306,0.0,400,55,17,328,16,0.8008616404308202,1.367545616377392,2.7914115897228152e-05
whisfusion,,ami,main,main,32,True,whisper,rover_freq,rover_cg,0.0,-0.36840904698277643,0.37803914767590924,0.1926834492581753,0.5325,400,26,26,348,16,-0.4005868408057791,0.3084614536568323,1.0
whisfusion,,common_voice,main,main,16,False,legacy,conf,rover_cg,3.896103896103896,2.7775670207384926,5.088795343347506,0.5920452570377926,0.0,296,93,26,177,296,,,2.838923158096209e-09
whisfusion,,common_voice,main,main,16,False,whisper,conf,rover_cg,1.26723816623183,0.11114919334380774,2.397078651685393,0.5792954395533252,0.015,296,73,55,168,296,,,0.039287896828565545
whisfusion,,common_voice,main,main,16,False,legacy,mbr,rover_cg,2.5210084033613445,1.8531128848606822,3.2589566912174353,0.3565398609969107,0.0,296,69,12,215,296,,,2.481900121889737e-10
whisfusion,,common_voice,main,main,16,False,whisper,mbr,rover_cg,0.0,-0.7175766756282824,0.7226141412684156,0.36042536086776295,0.5125,296,35,35,226,296,,,0.9202804305761894
whisfusion,,common_voice,main,main,16,False,legacy,cm05,rover_cg,3.170359052711994,2.326438432721134,4.107503978180777,0.4604706546203441,0.0,296,76,16,204,296,,,3.599787347172302e-10
whisfusion,,common_voice,main,main,16,False,whisper,cm05,rover_cg,0.7081625046589638,-0.1794498950689221,1.5601521787102577,0.4315364693156708,0.058,296,53,42,201,296,,,0.10902726612368535
whisfusion,,common_voice,main,main,16,False,legacy,conf,rover_c,3.7433155080213902,2.6099848339206293,4.975764066470053,0.5980963718911411,0.0,296,91,27,178,296,,,9.810973262758717e-09
whisfusion,,common_voice,main,main,16,False,whisper,conf,rover_c,1.3790532985464032,0.22579321001538033,2.4954792043399636,0.5782956145907888,0.008,296,74,53,169,296,,,0.02407555343246273
whisfusion,,common_voice,main,main,16,False,legacy,conf,rover_freq,2.3682200152788386,1.2070178858970748,3.530354638349028,0.5983766648195086,0.0,296,75,40,181,296,,,0.00021153849354002723
whisfusion,,common_voice,main,main,16,False,whisper,conf,rover_freq,2.3853894893775625,1.2623848315148554,3.48926950996247,0.569406871156083,0.0,296,79,42,175,296,,,7.186579514749179e-05
whisfusion,,common_voice,main,main,16,False,legacy,first,rover_cg,12.681436210847975,11.042807203085669,14.302429831878767,0.8355833213378046,0.0,296,179,10,107,296,,,1.3136588306019632e-28
whisfusion,,common_voice,main,main,16,False,whisper,first,rover_cg,10.286992172940739,8.773702945007145,11.934314545550386,0.8036429668951134,0.0,296,155,14,127,296,,,3.732687540386375e-24
whisfusion,,common_voice,main,main,16,False,legacy,conf,mbr,1.3750954927425516,0.2909122716821616,2.392748076906409,0.5357313874779471,0.004,296,61,41,194,296,,,0.0172457560936172
whisfusion,,common_voice,main,main,16,False,whisper,conf,mbr,1.26723816623183,0.19035166228487257,2.2872648504329396,0.5416938546416155,0.0125,296,64,43,189,296,,,0.034913982039560844
whisfusion,,common_voice,main,main,16,False,legacy,first,conf,8.78533231474408,7.189136996403835,10.36548267505654,0.829917269159602,0.0,296,150,28,118,296,,,2.907704491249605e-19
whisfusion,,common_voice,main,main,16,False,whisper,first,conf,9.019754006708908,7.453449623137303,10.61562786506213,0.8276943359275328,0.0,296,150,28,118,296,,,3.487820339119701e-20
whisfusion,,common_voice,main,main,16,False,legacy,rover_freq,rover_cg,1.5278838808250572,0.9223231841665568,2.150137932051868,0.3117713271529781,0.0,296,47,11,238,296,,,5.053423624313679e-06
whisfusion,,common_voice,main,main,16,False,whisper,rover_freq,rover_cg,-1.1181513231457323,-1.6222857203443743,-0.632652335861022,0.26063511170126197,1.0,296,9,37,250,296,,,3.1926412195179226e-05
whisfusion,,common_voice,main,main,32,True,legacy,conf,rover_cg,3.6669213139801373,2.5581064646020173,4.862306007826045,0.586984470256918,0.0,296,94,30,172,296,,,7.58993507856503e-09
whisfusion,,common_voice,main,main,32,True,whisper,conf,rover_cg,1.4163250093179276,0.2211547150115988,2.6327316418055244,0.6238786123427631,0.0135,296,72,51,173,296,,,0.030094567678129337
whisfusion,,common_voice,main,main,32,True,legacy,mbr,rover_cg,2.3682200152788386,1.684282870201105,3.109790375350702,0.3666428371674151,0.0,296,65,13,218,296,,,2.9464862759996832e-09
whisfusion,,common_voice,main,main,32,True,whisper,mbr,rover_cg,0.2981736861721953,-0.40855821894794897,1.0713444255293718,0.38649399199016804,0.236,296,34,29,233,296,,,0.4088945902238377
whisfusion,,common_voice,main,main,32,True,legacy,cm05,rover_cg,2.5974025974025974,1.70527814456511,3.4496577790804146,0.4434292955273579,0.0,296,74,22,200,296,,,9.662094040109699e-08
whisfusion,,common_voice,main,main,32,True,whisper,cm05,rover_cg,0.4845322400298174,-0.42178318578343815,1.422165041312991,0.46650118379852096,0.1545,296,54,44,198,296,,,0.28988004270106105
whisfusion,,common_voice,main,main,32,True,legacy,conf,rover_c,3.437738731856379,2.3050105248994868,4.632939883211995,0.5951883384834838,0.0,296,90,31,175,296,,,7.304662396400301e-08
whisfusion,,common_voice,main,main,32,True,whisper,conf,rover_c,1.1181513231457323,-0.1116301675865395,2.384714187368759,0.6335829560046522,0.0405,296,68,54,174,296,,,0.09674335222152819
whisfusion,,common_voice,main,main,32,True,legacy,conf,rover_freq,2.2154316271963332,0.9184144140039976,3.4876289383023242,0.6471948964144266,0.0,296,76,41,179,296,,,0.000879504665276078
whisfusion,,common_voice,main,main,32,True,whisper,conf,rover_freq,1.9381289601192695,0.6609357255898168,3.217972463267608,0.6629760219251388,0.001,296,75,44,177,296,,,0.005432671213487342
whisfusion,,common_voice,main,main,32,True,legacy,first,rover_cg,13.17799847211612,11.476013218721572,14.922581591719851,0.8791443187819681,0.0,296,182,13,101,296,,,3.673003141225196e-29
whisfusion,,common_voice,main,main,32,True,whisper,first,rover_cg,11.33060007454342,9.676041301801703,12.979996520371671,0.8392877006243323,0.0,296,163,14,119,296,,,1.9682471470198537e-25
whisfusion,,common_voice,main,main,32,True,legacy,conf,mbr,1.2987012987012987,0.1552245342803422,2.4483825281026554,0.5901864007373661,0.012,296,61,43,192,296,,,0.03612745111058471
whisfusion,,common_voice,main,main,32,True,whisper,conf,mbr,1.1181513231457323,-0.03768612755692043,2.2326755882517237,0.592257611847261,0.0315,296,61,45,190,296,,,0.0736693173528903
whisfusion,,common_voice,main,main,32,True,legacy,first,conf,9.511077158135981,7.753740194344451,11.25787694304775,0.9029798749602612,0.0,296,148,25,123,296,,,5.308879537494704e-20
whisfusion,,common_voice,main,main,32,True,whisper,first,conf,9.914275065225494,8.193526460684383,11.621965533171172,0.8801492588509064,0.0,296,152,23,121,296,,,4.133568155762178e-22
whisfusion,,common_voice,main,main,32,True,legacy,rover_freq,rover_cg,1.4514896867838045,0.7826695280469623,2.120446552115033,0.3389544523130608,0.0,296,49,16,231,296,,,5.0826727270876244e-05
whisfusion,,common_voice,main,main,32,True,whisper,rover_freq,rover_cg,-0.5218039508013418,-1.096012827379287,0.0,0.27774212112299834,0.976,296,18,30,248,296,,,0.0687035743228782
whisfusion,,earnings22,main,main,16,False,legacy,conf,rover_cg,5.355776587605202,4.562973215806925,6.1693395320587525,0.4096213663849983,0.0,400,203,40,157,6,4.295694047657099,6.215395606358278,1.856471708690596e-26
whisfusion,,earnings22,main,main,16,False,whisper,conf,rover_cg,3.8706668739312917,3.016187164006168,4.703486070005186,0.43488413692294614,0.0,400,183,72,145,6,3.0080812963432813,4.430558278782984,1.1550293902988644e-15
whisfusion,,earnings22,main,main,16,False,legacy,mbr,rover_cg,3.442999234889059,2.903377832436222,3.984875965124648,0.2800538288078338,0.0,400,164,25,211,6,2.6037735849056602,4.088676490110182,2.0953056915990237e-23
whisfusion,,earnings22,main,main,16,False,whisper,mbr,rover_cg,1.8032022384579511,1.2340729575945388,2.341281029581717,0.29180408688530324,0.0,400,131,59,210,6,0.8006004503377533,2.4264744369536464,1.9014810122491907e-08
whisfusion,,earnings22,main,main,16,False,legacy,cm05,rover_cg,3.8867635807192045,3.210260415307416,4.573559732947752,0.34494894027158995,0.0,400,174,34,192,6,3.0658968743778616,4.5342993365176225,3.2983279631087344e-21
whisfusion,,earnings22,main,main,16,False,whisper,cm05,rover_cg,2.1451888698896315,1.425178878228093,2.831735346964271,0.3595744127043795,0.0,400,144,73,183,6,1.2293344637558288,2.798001427551749,2.439938897045985e-08
whisfusion,,earnings22,main,main,16,False,legacy,conf,rover_c,5.248661055853098,4.455941766320247,6.081362976236258,0.41349515520823305,0.0,400,201,42,157,6,4.137822529893015,6.090373280943026,3.5670604236863815e-25
whisfusion,,earnings22,main,main,16,False,whisper,conf,rover_c,3.9173014145810665,3.0602968232552437,4.756277164115445,0.4324134548015874,0.0,400,184,70,146,6,3.0407062285434034,4.509228187919463,5.096765581043031e-16
whisfusion,,earnings22,main,main,16,False,legacy,conf,rover_freq,4.345830145371079,3.5406071813838804,5.169513038443966,0.4035590080422994,0.0,400,193,57,150,6,3.3130866924351188,5.149650517147521,2.4928131696830434e-20
whisfusion,,earnings22,main,main,16,False,whisper,conf,rover_freq,4.9432613088761075,4.076967801515248,5.808572682195007,0.43699710514084084,0.0,400,201,53,146,6,4.0951446787641,5.725892661271924,2.281488223213337e-22
whisfusion,,earnings22,main,main,16,False,legacy,first,rover_cg,13.175210405508798,12.03843853434155,14.283644618337515,0.579714810481063,0.0,400,303,23,74,6,12.495977689584898,14.160766347355269,3.2530918117575762e-50
whisfusion,,earnings22,main,main,16,False,whisper,first,rover_cg,12.560236281672626,11.436631039820366,13.743409964065325,0.6010267233888686,0.0,400,283,32,85,6,11.846775180516461,13.414924267274651,4.614072301326671e-46
whisfusion,,earnings22,main,main,16,False,legacy,conf,mbr,1.9127773527161438,1.200370727144963,2.6239479408935984,0.36901420325295387,0.0,400,130,63,207,6,1.5773728583084037,2.5353898161842383,9.046390141907373e-07
whisfusion,,earnings22,main,main,16,False,whisper,conf,mbr,2.067464635473341,1.2836585582711388,2.888799965858849,0.4056999785797719,0.0,400,137,62,201,6,1.5939990623534928,2.8322630643433433,1.0250132060589564e-06
whisfusion,,earnings22,main,main,16,False,legacy,first,conf,7.819433817903596,6.603780735022377,9.168542281983743,0.657769591495586,0.0,400,241,67,92,6,6.574545454545454,9.381965552178318,5.750044957255256e-25
whisfusion,,earnings22,main,main,16,False,whisper,first,conf,8.689569407741335,7.352902644812978,10.152368357853549,0.7064993764037824,0.0,400,241,67,92,6,7.58191416893733,10.263945988666569,3.9772479014780414e-26
whisfusion,,earnings22,main,main,16,False,legacy,rover_freq,rover_cg,1.009946442234124,0.6951719406214957,1.3477326476025238,0.16820940199976336,0.0,400,85,26,289,6,0.7169049922849746,1.345291479820628,2.3304006687700425e-08
whisfusion,,earnings22,main,main,16,False,whisper,rover_freq,rover_cg,-1.0725944349448158,-1.4262173191229996,-0.7381533103432506,0.17520579452113547,1.0,400,20,81,299,6,-1.4522000063930443,-0.8528942428035046,8.365981360305955e-10
whisfusion,,earnings22,main,main,32,True,legacy,conf,rover_cg,4.881407804131599,4.057244949181123,5.703066913081181,0.42241132529999337,0.0,400,192,51,157,6,3.600900225056264,5.916821788458939,1.2321168408231009e-23
whisfusion,,earnings22,main,main,32,True,whisper,conf,rover_cg,3.435411161200062,2.598797461817582,4.260237248149332,0.42951507218743357,0.0,400,175,79,146,6,2.2001557632398754,4.266588200676769,2.4405415063577696e-12
whisfusion,,earnings22,main,main,32,True,legacy,mbr,rover_cg,2.846212700841622,2.316052200425804,3.392330932106869,0.2763372231803759,0.0,400,156,31,213,6,2.2761578512171408,3.2977967306325517,6.93009790539004e-20
whisfusion,,earnings22,main,main,32,True,whisper,mbr,rover_cg,1.3834913726099798,0.8205477619971026,1.9502739557766067,0.2931246535113573,0.0,400,121,66,213,6,0.19409100711667027,2.142694324139503,2.098305090956729e-05
whisfusion,,earnings22,main,main,32,True,legacy,cm05,rover_cg,3.3817903596021424,2.7247750229265493,4.02133555746879,0.3348330517138281,0.0,400,167,41,192,6,2.588094764085208,3.954510209356423,1.3784148067863486e-18
whisfusion,,earnings22,main,main,32,True,whisper,cm05,rover_cg,1.865381625990984,1.227869826807885,2.52230777564932,0.3399704701945374,0.0,400,139,78,183,6,1.0225737989581323,2.389425521098119,2.398670513164836e-06
whisfusion,,earnings22,main,main,32,True,legacy,conf,rover_c,4.835501147666411,4.002286540440553,5.6619374193951035,0.42394275227097367,0.0,400,192,54,154,6,3.525881470367592,5.8244163424124515,3.611386949831496e-23
whisfusion,,earnings22,main,main,32,True,whisper,conf,rover_c,3.5286802424996115,2.7018525012998897,4.343118521856691,0.42672533119906464,0.0,400,175,74,151,6,2.340747291831993,4.325238613024043,3.1568665170670804e-13
whisfusion,,earnings22,main,main,32,True,legacy,conf,rover_freq,4.009181331293037,3.2233041659993846,4.837356574488926,0.4123634226687427,0.0,400,179,58,163,6,2.7274537129205654,5.021414857480432,4.231091088269066e-18
whisfusion,,earnings22,main,main,32,True,whisper,conf,rover_freq,4.383646821078813,3.529192725202115,5.257888166280654,0.4326809416256432,0.0,400,190,62,148,6,3.202846975088968,5.2241321199865185,1.7023778768447014e-18
whisfusion,,earnings22,main,main,32,True,legacy,first,rover_cg,13.649579188982402,12.529654478012606,14.778821103567958,0.5790209826406991,0.0,400,305,18,77,6,12.912748742619724,14.646464646464647,5.237200523370342e-51
whisfusion,,earnings22,main,main,32,True,whisper,first,rover_cg,13.30638893206902,12.135398677609018,14.502644512492825,0.6103360297016026,0.0,400,285,27,88,6,12.610163217686557,14.223385689354275,5.408235443498979e-46
whisfusion,,earnings22,main,main,32,True,legacy,conf,mbr,2.035195103289977,1.2922755667363899,2.802254699719098,0.3927889783611498,0.0,400,137,68,195,6,0.9357171241917539,3.170979198376459,2.7636419582593817e-07
whisfusion,,earnings22,main,main,32,True,whisper,conf,mbr,2.0519197885900824,1.2531971747301665,2.87475523346333,0.4135350168282976,0.0,400,136,72,192,6,0.7692993531218669,3.1791421362489487,8.89974659920481e-07
whisfusion,,earnings22,main,main,32,True,legacy,first,conf,8.768171384850802,7.515317174562535,10.071261833653102,0.6529691077409281,0.0,400,256,61,83,6,7.4840640600950685,10.730639060322517,5.750063398252335e-30
whisfusion,,earnings22,main,main,32,True,whisper,first,conf,9.870977770868956,8.60078366695836,11.241665681338716,0.6870031847748121,0.0,400,260,64,76,6,8.553365563406471,11.98929961089494,3.2864188417283756e-32
whisfusion,,earnings22,main,main,32,True,legacy,rover_freq,rover_cg,0.8722264728385616,0.4869320916511842,1.2234871301366337,0.18436126342347867,0.0,400,81,30,289,6,0.6728181468665898,1.0589519650655022,3.007369932892797e-06
whisfusion,,earnings22,main,main,32,True,whisper,rover_freq,rover_cg,-0.9482356598787502,-1.3311320435355318,-0.5795121175583977,0.1921902403904701,1.0,400,25,71,304,6,-1.4738099980083648,-0.5796646123881094,1.419132648639624e-06
whisfusion,,fleurs-en,main,main,16,False,legacy,conf,rover_cg,4.508949059201469,3.8808329555546663,5.131529750974892,0.32291881722438076,0.0,400,228,40,132,280,3.8568366812663664,5.1953427486979535,1.9111391952329291e-31
whisfusion,,fleurs-en,main,main,16,False,whisper,conf,rover_cg,3.2645057100011536,2.6637762431381624,3.8932650096993826,0.31628059663501024,0.0,400,193,56,151,280,2.6588740286744557,3.878474553488369,8.97515111047699e-21
whisfusion,,fleurs-en,main,main,16,False,legacy,mbr,rover_cg,2.8109224414869205,2.3228652507267955,3.316742937142081,0.254297578574012,0.0,400,168,30,202,280,2.2772810186744974,3.3522718092360657,2.0855172892292283e-23
whisfusion,,fleurs-en,main,main,16,False,whisper,mbr,rover_cg,1.5342023301418848,1.095730569180703,1.960839615629645,0.22282976465654988,0.0,400,127,48,225,280,1.1274679903618787,1.9772526715895442,1.3395293087087696e-10
whisfusion,,fleurs-en,main,main,16,False,legacy,cm05,rover_cg,3.143643873336393,2.60962044412152,3.6674918534376983,0.2705981795021063,0.0,400,192,39,169,280,2.5899101395055726,3.711946846789975,9.57747857343041e-25
whisfusion,,fleurs-en,main,main,16,False,whisper,cm05,rover_cg,1.7764448033221825,1.2579820379380928,2.2524125905649246,0.258926094547678,0.0,400,155,64,181,280,1.2824083479140027,2.28148892442075,8.728697657323468e-11
whisfusion,,fleurs-en,main,main,16,False,legacy,conf,rover_c,4.554841670491051,3.9379042677325744,5.170857869781724,0.3189786404209933,0.0,400,229,37,134,280,3.913643047298587,5.230706651956359,5.122501295261819e-32
whisfusion,,fleurs-en,main,main,16,False,whisper,conf,rover_c,3.2645057100011536,2.6756687724359196,3.8968695872327235,0.3135744209937231,0.0,400,192,54,154,280,2.6504088593273423,3.885233164214735,7.518099685389667e-21
whisfusion,,fleurs-en,main,main,16,False,legacy,conf,rover_freq,3.9352914180816887,3.3247395716379584,4.5299610322367965,0.312314835014631,0.0,400,214,45,141,280,3.3357240211336165,4.562976456495727,4.065850809825632e-28
whisfusion,,fleurs-en,main,main,16,False,whisper,conf,rover_freq,4.221940246856615,3.5863977430275726,4.844631333463074,0.3200648578380881,0.0,400,217,43,140,280,3.6028472347387246,4.885611323678563,2.9636718179621824e-29
whisfusion,,fleurs-en,main,main,16,False,legacy,first,rover_cg,10.715924736117485,9.774211269474732,11.70844924547631,0.49094394098323074,0.0,400,320,22,58,280,9.659376048606891,11.786400885063646,1.8270809009053723e-53
whisfusion,,fleurs-en,main,main,16,False,whisper,first,rover_cg,9.689698927211904,8.760505562991058,10.639565764013522,0.4640305381403292,0.0,400,304,29,67,280,8.793199556310945,10.61693580001977,2.309232883949832e-49
whisfusion,,fleurs-en,main,main,16,False,legacy,conf,mbr,1.698026617714548,1.1230676186900594,2.194405379775618,0.271868654570843,0.0,400,139,59,202,280,1.2039916007225961,2.2322875677747103,4.183115400430141e-10
whisfusion,,fleurs-en,main,main,16,False,whisper,conf,mbr,1.7303033798592686,1.1599887348752413,2.278072368547224,0.28762152091954346,0.0,400,141,60,199,280,1.154284365861412,2.303146729167841,2.844449218589052e-09
whisfusion,,fleurs-en,main,main,16,False,legacy,first,conf,6.2069756769160165,5.285192314907149,7.185623700573314,0.47766230719783775,0.0,400,234,61,105,280,5.253153079325707,7.165368153874919,4.466135825909973e-30
whisfusion,,fleurs-en,main,main,16,False,whisper,first,conf,6.425193217210751,5.472416574724541,7.431173352404333,0.5024842239314451,0.0,400,235,61,104,280,5.435929795413018,7.4017284159464145,5.650982096193456e-29
whisfusion,,fleurs-en,main,main,16,False,legacy,rover_freq,rover_cg,0.5736576411197797,0.28502575830062554,0.8662647064719208,0.14322709504814554,0.0,400,75,40,285,280,0.26849189966720977,0.8883384647559661,0.00011258149624313514
whisfusion,,fleurs-en,main,main,16,False,whisper,rover_freq,rover_cg,-0.957434536855462,-1.2292536877968745,-0.6819936101259656,0.14092804456386246,1.0,400,14,77,309,280,-1.2568417726694927,-0.6708865889048596,8.061687924421748e-11
whisfusion,,fleurs-en,main,main,32,True,legacy,conf,rover_cg,4.4860027535566775,3.91585853867782,5.081085367375932,0.3050101963333903,0.0,400,226,32,142,280,3.870188591314567,5.121135746714019,4.80830257557767e-33
whisfusion,,fleurs-en,main,main,32,True,whisper,conf,rover_cg,3.2875764217326107,2.6992925771191287,3.9162458907933297,0.3174202054695958,0.0,400,189,54,157,280,2.674777575036541,3.959732129342162,3.4922017846687565e-20
whisfusion,,fleurs-en,main,main,32,True,legacy,mbr,rover_cg,2.2143184947223498,1.8227727120607253,2.60461795492199,0.20050465358905187,0.0,400,155,26,219,280,1.8098980942024883,2.6314225425200637,1.1302850102188236e-21
whisfusion,,fleurs-en,main,main,32,True,whisper,mbr,rover_cg,1.1189295189756605,0.7205744009663357,1.4963811719444764,0.19705631881633318,0.0,400,115,49,236,280,0.7309186991807172,1.5139342173405246,5.2030613384552975e-08
whisfusion,,fleurs-en,main,main,32,True,legacy,cm05,rover_cg,2.6158788435061955,2.1908255680565443,3.062295848247525,0.2232541682497665,0.0,400,175,30,195,280,2.1683873932164928,3.0806844016746537,1.4357690843023477e-23
whisfusion,,fleurs-en,main,main,32,True,whisper,cm05,rover_cg,1.4995962625446995,1.0406705754297028,1.9888920552369416,0.23959954861294702,0.0,400,133,58,209,280,1.0284147503039636,2.0086720312500965,8.195557937108315e-10
whisfusion,,fleurs-en,main,main,32,True,legacy,conf,rover_c,4.4860027535566775,3.915819446450278,5.08086438964782,0.30404904837405006,0.0,400,226,30,144,280,3.8675559137735487,5.120321472206831,6.566366614225117e-33
whisfusion,,fleurs-en,main,main,32,True,whisper,conf,rover_c,3.299111777598339,2.7115105976417464,3.9160049327591366,0.31514409199830967,0.0,400,191,54,155,280,2.682952517218942,3.976902641034009,2.469640242368624e-20
whisfusion,,fleurs-en,main,main,32,True,legacy,conf,rover_freq,3.9926571821936667,3.410677990449936,4.623628233926317,0.31253931609054875,0.0,400,212,40,148,280,3.3979851972722956,4.626643272997354,1.9149171977711731e-28
whisfusion,,fleurs-en,main,main,32,True,whisper,conf,rover_freq,4.071980620602146,3.4648646504539324,4.741312910701889,0.3220764391521531,0.0,400,209,40,151,280,3.4552066257485565,4.718427238390439,3.852352785769854e-27
whisfusion,,fleurs-en,main,main,32,True,legacy,first,rover_cg,11.083065626434145,10.147579848953768,12.034615430107952,0.48716604687461584,0.0,400,322,16,62,280,10.037256278643978,12.132831267451007,1.0522017957055436e-54
whisfusion,,fleurs-en,main,main,32,True,whisper,first,rover_cg,10.301072788095512,9.398484464707197,11.25206387916466,0.47244539873680363,0.0,400,310,22,68,280,9.39163951857406,11.272110111303046,6.80058627596935e-52
whisfusion,,fleurs-en,main,main,32,True,legacy,conf,mbr,2.271684258834328,1.761612153083432,2.809520896013845,0.26535729019542525,0.0,400,158,54,188,280,1.755876999426754,2.8022196476746655,2.5007178984214457e-15
whisfusion,,fleurs-en,main,main,32,True,whisper,conf,mbr,2.16864690275695,1.6408265971912437,2.731501480142485,0.283114409670002,0.0,400,154,57,189,280,1.59573351555103,2.7430384193850936,3.593468982457563e-12
whisfusion,,fleurs-en,main,main,32,True,legacy,first,conf,6.5970628728774665,5.620080761880831,7.615383464231155,0.5022952164769398,0.0,400,241,56,103,280,5.6257495272474625,7.60327408188951,5.551328251570712e-32
whisfusion,,fleurs-en,main,main,32,True,whisper,first,conf,7.013496366362903,5.995655239934513,8.047387155385364,0.5220181625660858,0.0,400,248,54,98,280,6.009984273678406,8.046663808072456,9.375059164239904e-33
whisfusion,,fleurs-en,main,main,32,True,legacy,rover_freq,rover_cg,0.49334557136301055,0.25618722279215805,0.7500370921719688,0.12758556843039032,0.0,400,63,29,308,280,0.24253975525161967,0.7530943724076784,0.00013673106973988603
whisfusion,,fleurs-en,main,main,32,True,whisper,rover_freq,rover_cg,-0.7844041988695352,-1.028438612344464,-0.5513222503755721,0.12204648084497796,1.0,400,11,67,322,280,-1.0282833827402822,-0.5563417190775682,2.701813670825214e-10
whisfusion,,gigaspeech,main,main,16,False,legacy,conf,rover_cg,3.9280958721704393,3.2496012658570037,4.613398173108285,0.3474372130846341,0.0,400,183,47,170,112,3.1253479825532273,4.705071346415601,7.8303948882112705e-22
whisfusion,,gigaspeech,main,main,16,False,whisper,conf,rover_cg,3.548303548303548,2.8532443751229057,4.251789430489198,0.35933580490705697,0.0,400,172,59,169,112,2.8308300202861103,4.334639851624092,3.236249481716735e-18
whisfusion,,gigaspeech,main,main,16,False,legacy,mbr,rover_cg,2.490013315579228,2.031779074355482,2.981994619996904,0.24444553864073962,0.0,400,140,25,235,112,1.9663894775244648,3.01973801935207,5.010718296082694e-19
whisfusion,,gigaspeech,main,main,16,False,whisper,mbr,rover_cg,2.0202020202020203,1.5296347352104949,2.5337539866378576,0.2540597628200276,0.0,400,119,36,245,112,1.504376524156609,2.5218736030939906,1.4793036433190987e-12
whisfusion,,gigaspeech,main,main,16,False,legacy,cm05,rover_cg,2.7829560585885487,2.2415398950630796,3.3524249353767805,0.2798775500824371,0.0,400,150,35,215,112,2.184242606644292,3.408439089632657,7.550088623696615e-18
whisfusion,,gigaspeech,main,main,16,False,whisper,cm05,rover_cg,2.2274022274022274,1.649612416976606,2.7904489403199904,0.29910253336087345,0.0,400,135,54,211,112,1.628302033730657,2.8523425205260944,9.181004394656215e-12
whisfusion,,gigaspeech,main,main,16,False,legacy,conf,rover_c,3.914780292942743,3.227905193831431,4.596887000619136,0.34916148764405047,0.0,400,180,45,175,112,3.1088351386158037,4.679119590607677,1.4786015848785858e-21
whisfusion,,gigaspeech,main,main,16,False,whisper,conf,rover_c,3.561253561253561,2.8790465808804924,4.268138358001139,0.3585064784100754,0.0,400,170,58,172,112,2.8366549702743877,4.339008488195711,1.6111882039498351e-18
whisfusion,,gigaspeech,main,main,16,False,legacy,conf,rover_freq,3.395472703062583,2.760168177024328,4.032964206327189,0.32687050548939156,0.0,400,166,50,184,112,2.6603558209114255,4.133040168855405,8.416395528928476e-19
whisfusion,,gigaspeech,main,main,16,False,whisper,conf,rover_freq,3.7943537943537944,3.140002075603127,4.486143255834998,0.3483740596038185,0.0,400,173,46,181,112,3.0662416140228874,4.552946217243723,1.5798045827182994e-20
whisfusion,,gigaspeech,main,main,16,False,legacy,first,rover_cg,10.372836218375499,9.381002186553673,11.48545614374764,0.5240038259530053,0.0,400,287,18,95,112,9.22388054194866,11.416790073035266,5.941516991867071e-47
whisfusion,,gigaspeech,main,main,16,False,whisper,first,rover_cg,9.79020979020979,8.805614845673192,10.833581180900211,0.5170780495657228,0.0,400,276,24,100,112,8.631613908913051,10.804177935161611,8.462848556913025e-45
whisfusion,,gigaspeech,main,main,16,False,legacy,conf,mbr,1.4380825565912116,0.8967966596392015,1.9639572631502937,0.27621786690677597,0.0,400,110,57,233,112,0.8780352724519744,2.0335717446330146,1.5652741040428696e-06
whisfusion,,gigaspeech,main,main,16,False,whisper,conf,mbr,1.528101528101528,0.9662094520995997,2.128524287905532,0.3009214179956088,0.0,400,114,64,222,112,0.9363772021969448,2.1569460740197823,1.247444522214995e-06
whisfusion,,gigaspeech,main,main,16,False,legacy,first,conf,6.44474034620506,5.508408631692984,7.500368797005714,0.510916853066543,0.0,400,231,44,125,112,5.4348841753040675,7.47344877318019,6.061938675009276e-30
whisfusion,,gigaspeech,main,main,16,False,whisper,first,conf,6.241906241906242,5.248155868786094,7.305131350924812,0.5328332005840793,0.0,400,231,49,120,112,5.123556681789827,7.302516317309681,2.526878599400972e-27
whisfusion,,gigaspeech,main,main,16,False,legacy,rover_freq,rover_cg,0.5326231691078562,0.22421007630231862,0.8323413733086588,0.15586430706265855,0.0005,400,69,31,300,112,0.18860301554239856,0.8555728756227007,0.00031274332010219755
whisfusion,,gigaspeech,main,main,16,False,whisper,rover_freq,rover_cg,-0.24605024605024606,-0.4777306838729651,-0.013358264707476798,0.12103771981866185,0.9805,400,30,49,321,112,-0.4753765475162881,-0.012439387875427525,0.039437451300796546
whisfusion,,gigaspeech,main,main,32,True,legacy,conf,rover_cg,3.448735019973369,2.728418934535435,4.1480330776681,0.36973246045493036,0.0,400,165,55,180,112,2.6689996901313466,4.219859365562683,8.989567421440835e-17
whisfusion,,gigaspeech,main,main,32,True,whisper,conf,rover_cg,3.4317534317534317,2.779605016566965,4.1551523829657775,0.35774934349530163,0.0,400,164,61,175,112,2.692873867797942,4.116806294608204,1.4723298786126966e-16
whisfusion,,gigaspeech,main,main,32,True,legacy,mbr,rover_cg,2.1970705725699067,1.7040947541601825,2.693267483378869,0.2534141645495537,0.0,400,127,33,240,112,1.7209171090455513,2.7005363215610365,1.0435264076663004e-15
whisfusion,,gigaspeech,main,main,32,True,whisper,mbr,rover_cg,1.9813519813519813,1.4676258161939972,2.507174469672697,0.2655512480388244,0.0,400,109,33,258,112,1.472949805153594,2.4875554560659117,2.9863485036191164e-12
whisfusion,,gigaspeech,main,main,32,True,legacy,cm05,rover_cg,2.4234354194407457,1.918663959967357,2.9208873007810023,0.2623575858498505,0.0,400,139,34,227,112,1.8567240496947024,2.971356682008163,4.471466836290713e-17
whisfusion,,gigaspeech,main,main,32,True,whisper,cm05,rover_cg,2.046102046102046,1.5350070139647845,2.594544895106133,0.2772356062779701,0.0,400,126,51,223,112,1.4646935620184818,2.610391457175158,2.2520818791017986e-11
whisfusion,,gigaspeech,main,main,32,True,legacy,conf,rover_c,3.448735019973369,2.735791339915472,4.143126031877318,0.37063723769915946,0.0,400,166,56,178,112,2.653601112490848,4.211745415556807,1.1694107323648617e-16
whisfusion,,gigaspeech,main,main,32,True,whisper,conf,rover_c,3.444703444703445,2.7750946559335,4.181927229991188,0.35724938420548147,0.0,400,163,60,177,112,2.701062363454272,4.144757253928672,7.5056520808526e-17
whisfusion,,gigaspeech,main,main,32,True,legacy,conf,rover_freq,3.22237017310253,2.574996695808152,3.9012890641443696,0.3373784698675358,0.0,400,157,52,191,112,2.406836556091078,4.009971044791028,3.847514279448036e-16
whisfusion,,gigaspeech,main,main,32,True,whisper,conf,rover_freq,3.664853664853665,3.001859319617321,4.387596589971419,0.3529797031325698,0.0,400,170,52,178,112,2.9289750198924924,4.390639212307158,9.381699591900361e-19
whisfusion,,gigaspeech,main,main,32,True,legacy,first,rover_cg,10.599201065246339,9.58952611259038,11.759056072419925,0.5420097244903653,0.0,400,290,22,88,112,9.455012741100727,11.716379973714139,4.5872266253269356e-48
whisfusion,,gigaspeech,main,main,32,True,whisper,first,rover_cg,10.256410256410257,9.247605274792802,11.34037742488302,0.5330311817818593,0.0,400,279,23,98,112,9.096983848311945,11.32295120169739,3.491936777748147e-45
whisfusion,,gigaspeech,main,main,32,True,legacy,conf,mbr,1.251664447403462,0.6459706996783913,1.913779576171494,0.3282302064201148,0.0,400,113,76,211,112,0.6244126014517585,1.9001366535784072,0.0003861452072159593
whisfusion,,gigaspeech,main,main,32,True,whisper,conf,mbr,1.4504014504014504,0.8101733733128255,2.1517261084916646,0.3416064086487661,0.0,400,120,75,205,112,0.8245853705301506,2.0618158988872435,4.2745532447560215e-05
whisfusion,,gigaspeech,main,main,32,True,legacy,first,conf,7.150466045272969,6.162862693462597,8.187300131508767,0.5217117142388581,0.0,400,242,40,118,112,6.056240075110406,8.196125195997707,5.550033640481612e-32
whisfusion,,gigaspeech,main,main,32,True,whisper,first,conf,6.824656824656825,5.801546479241237,7.931316477720137,0.5527239485480782,0.0,400,236,46,118,112,5.638139963160646,7.883214206824688,2.0135354808259496e-28
whisfusion,,gigaspeech,main,main,32,True,legacy,rover_freq,rover_cg,0.22636484687083888,-0.06495048824871696,0.5184249238227646,0.14830127586906464,0.077,400,54,33,313,112,-0.0955242222004114,0.5596779451610522,0.08011415358306694
whisfusion,,gigaspeech,main,main,32,True,whisper,rover_freq,rover_cg,-0.2331002331002331,-0.48437246339441936,0.013261589787982347,0.12816603611263713,0.9695,400,30,48,322,112,-0.46560881463236364,0.01207604903380954,0.07931458505178643
whisfusion,,ls-dev-clean,main,main,16,False,legacy,conf,rover_cg,1.8525870054254334,1.3985572097185772,2.3273064451292114,0.23542792492353626,0.0,400,108,25,267,40,1.2948862385100757,2.4111454528307816,1.0388763713521156e-12
whisfusion,,ls-dev-clean,main,main,16,False,whisper,conf,rover_cg,1.5935730277887528,1.1510526412547375,2.0629761154856983,0.230539082340312,0.0,400,100,30,270,40,1.0590895835369885,2.133779488533625,3.5616476496213557e-10
whisfusion,,ls-dev-clean,main,main,16,False,legacy,mbr,rover_cg,0.9924573243350536,0.7091138540158511,1.3097156525659226,0.15234628644024412,0.0,400,67,12,321,40,0.7073036226677726,1.2596256642370682,1.4003429385938966e-09
whisfusion,,ls-dev-clean,main,main,16,False,whisper,mbr,rover_cg,0.7770314763598051,0.5052387545492525,1.0968390550143952,0.1528338834209988,0.0,400,57,17,326,40,0.4662849519134491,1.0714860926475096,1.9750556588801865e-06
whisfusion,,ls-dev-clean,main,main,16,False,legacy,cm05,rover_cg,1.1512504962286623,0.8279424270653223,1.5182568747658196,0.17382244729509572,0.0,400,77,15,308,40,0.7456973774233657,1.5615428897479264,4.643248841504296e-10
whisfusion,,ls-dev-clean,main,main,16,False,whisper,cm05,rover_cg,0.9482418016594232,0.610336926241779,1.330174361597817,0.18448338860188906,0.0,400,69,23,308,40,0.5369732805218815,1.345629979748373,1.5945651002082252e-06
whisfusion,,ls-dev-clean,main,main,16,False,legacy,conf,rover_c,1.7996559481275638,1.3418031006368925,2.2724395296950806,0.23624889491742054,0.0,400,103,26,271,40,1.2493374771107206,2.3584845222282396,6.228592896967578e-12
whisfusion,,ls-dev-clean,main,main,16,False,whisper,conf,rover_c,1.5935730277887528,1.1510642182615223,2.0479168708487627,0.22593200902893218,0.0,400,95,27,278,40,1.067130297248392,2.157515632278173,9.927155427493663e-11
whisfusion,,ls-dev-clean,main,main,16,False,legacy,conf,rover_freq,1.7467248908296944,1.3103257823377774,2.187274199545217,0.22245164020399963,0.0,400,100,24,276,40,1.257152219729959,2.258496785072934,1.5737347538773432e-12
whisfusion,,ls-dev-clean,main,main,16,False,whisper,conf,rover_freq,1.7779533781114185,1.3307021729233786,2.2302472858940003,0.22606782710150944,0.0,400,99,23,278,40,1.2574634761760257,2.338167475005788,1.1636143630420713e-12
whisfusion,,ls-dev-clean,main,main,16,False,legacy,first,rover_cg,6.536985576286886,5.769984146539684,7.320026584867076,0.39842474137380046,0.0,400,203,13,184,40,5.803435562770903,7.216986945794242,6.872425573789364e-34
whisfusion,,ls-dev-clean,main,main,16,False,whisper,first,rover_cg,6.282101935993678,5.543591208124486,7.0539488283118095,0.39271355847096345,0.0,400,197,14,189,40,5.55778162093588,6.972615131494964,1.0015914821551264e-32
whisfusion,,ls-dev-clean,main,main,16,False,legacy,conf,mbr,0.8601296810903798,0.5240010913873445,1.2023605867285034,0.17133279645396718,0.0,400,65,26,309,40,0.4847849309167733,1.2510450959453372,1.7571670836826819e-06
whisfusion,,ls-dev-clean,main,main,16,False,whisper,conf,mbr,0.8165415514289477,0.44514641677786787,1.1739045788641838,0.18365729474776823,0.0,400,63,27,310,40,0.4085533970509683,1.230522087061256,1.9053182434265335e-05
whisfusion,,ls-dev-clean,main,main,16,False,legacy,first,conf,4.684398570861453,3.9058366535742177,5.475717338994872,0.40094581023830056,0.0,400,170,26,204,40,3.9277635496936125,5.409222949396082,5.081590170780959e-24
whisfusion,,ls-dev-clean,main,main,16,False,whisper,first,conf,4.688528908204925,3.8935210752679867,5.499825117931625,0.40584119508872585,0.0,400,169,25,206,40,3.9068962416710695,5.43147818890999,1.633767306117487e-23
whisfusion,,ls-dev-clean,main,main,16,False,legacy,rover_freq,rover_cg,0.10586211459573905,-0.06520824511183969,0.27583977179134134,0.08413372790867849,0.1165,400,25,17,358,40,-0.06681901448426389,0.2784435019046543,0.21704390775694227
whisfusion,,ls-dev-clean,main,main,16,False,whisper,rover_freq,rover_cg,-0.18438035032266561,-0.3378192560291675,-0.02637549275630137,0.07931084766711514,0.9935,400,11,24,365,40,-0.3577332195742968,-0.013045169556293021,0.023140931308743735
whisfusion,,ls-dev-clean,main,main,32,True,legacy,conf,rover_cg,1.7467248908296944,1.3473251799478523,2.20891923312962,0.22227070925294673,0.0,400,104,26,270,40,1.2491995750365836,2.2377335151923616,1.9293357677956708e-12
whisfusion,,ls-dev-clean,main,main,32,True,whisper,conf,rover_cg,1.6330831028578954,1.2186618007587768,2.077459594108238,0.22031977355230842,0.0,400,99,28,273,40,1.1196528134121972,2.168153042965619,3.20682902900565e-11
whisfusion,,ls-dev-clean,main,main,32,True,legacy,mbr,rover_cg,0.8204313881169777,0.5535263813940666,1.1055957485056849,0.1382075094988425,0.0,400,63,15,322,40,0.5006911967945176,1.1231209461117717,5.3314447576811256e-08
whisfusion,,ls-dev-clean,main,main,32,True,whisper,mbr,rover_cg,0.7770314763598051,0.5215621129424396,1.0604317162718917,0.14046639523792684,0.0,400,59,16,325,40,0.4647439730969395,1.092660855162552,1.5945396613147497e-07
whisfusion,,ls-dev-clean,main,main,32,True,legacy,cm05,rover_cg,0.9527590313616514,0.6097198121544822,1.3048491897945023,0.1725237853141109,0.0,400,70,21,309,40,0.5390070745940289,1.3844499823573104,2.138033086992066e-07
whisfusion,,ls-dev-clean,main,main,32,True,whisper,cm05,rover_cg,0.8823916765441855,0.5679894875445144,1.225853607750754,0.16747228833627925,0.0,400,64,20,316,40,0.4911249903897314,1.2748000750738488,3.6031327570100764e-07
whisfusion,,ls-dev-clean,main,main,32,True,legacy,conf,rover_c,1.7599576551541618,1.3555942779425918,2.2069559561402676,0.22011332102063055,0.0,400,102,24,274,40,1.3061521058330912,2.2146238286536324,5.957340640670052e-13
whisfusion,,ls-dev-clean,main,main,32,True,whisper,conf,rover_c,1.5804030027657052,1.1620634782507557,2.035100569313414,0.2237024937762707,0.0,400,99,31,270,40,1.0720035882736163,2.104702320421558,2.5375373245381634e-10
whisfusion,,ls-dev-clean,main,main,32,True,legacy,conf,rover_freq,1.66732830488289,1.2598150284154,2.1039073095711225,0.21760631127079538,0.0,400,99,27,274,40,1.2413145287266119,2.133634947045175,3.988294971859041e-12
whisfusion,,ls-dev-clean,main,main,32,True,whisper,conf,rover_freq,1.646253127880943,1.2370413285873614,2.092466241190815,0.2223592894377193,0.0,400,99,30,271,40,1.1525269503622504,2.1617655693709543,3.026325349524507e-11
whisfusion,,ls-dev-clean,main,main,32,True,legacy,first,rover_cg,6.629614926558158,5.8673805639281404,7.429680105411207,0.4049829685679278,0.0,400,201,12,187,40,5.8626333617348605,7.357742978080932,9.29434635320838e-34
whisfusion,,ls-dev-clean,main,main,32,True,whisper,first,rover_cg,6.5323324114315815,5.775412958209839,7.334691240670065,0.4037298259424864,0.0,400,197,13,190,40,5.7746836150969925,7.259988698914142,2.0940365739526477e-33
whisfusion,,ls-dev-clean,main,main,32,True,legacy,conf,mbr,0.9262935027127167,0.6028734358145614,1.2706983986851845,0.17019061151929238,0.0,400,72,25,303,40,0.5882688536700416,1.2999183302986634,2.7899578676414983e-07
whisfusion,,ls-dev-clean,main,main,32,True,whisper,conf,mbr,0.8560516264980903,0.5044879679512467,1.2167071346817966,0.18078329785799818,0.0,400,71,27,302,40,0.46216080139766424,1.2757304799146596,4.2770120570993204e-06
whisfusion,,ls-dev-clean,main,main,32,True,legacy,first,conf,4.8828900357284635,4.123540203447378,5.681021534305933,0.406385763393047,0.0,400,176,31,193,40,4.1068708708616155,5.687092487016178,6.919124555534303e-25
whisfusion,,ls-dev-clean,main,main,32,True,whisper,first,conf,4.899249308573686,4.116989868828778,5.7353524275530425,0.41456827157683845,0.0,400,175,30,195,40,4.071844414277855,5.690567877954501,1.4836679570655745e-24
whisfusion,,ls-dev-clean,main,main,32,True,legacy,rover_freq,rover_cg,0.0793965859468043,-0.06808003183276672,0.23738516418964456,0.07743604300284519,0.1725,400,17,11,372,40,-0.09729690432964533,0.22968119011326746,0.3056010565905932
whisfusion,,ls-dev-clean,main,main,32,True,whisper,rover_freq,rover_cg,-0.013170025023047543,-0.15159036081640193,0.12061473737161706,0.0701105381594187,0.608,400,13,14,373,40,-0.14626730907694854,0.11454246545747794,0.8473896596867143
whisfusion,,ls-dev-other,main,main,16,False,legacy,conf,rover_cg,3.2467532467532467,2.624926297663306,3.8999395603565468,0.32774986000090744,0.0,400,155,36,209,33,2.4038532575159164,4.133684423180224,6.335091690650061e-18
whisfusion,,ls-dev-other,main,main,16,False,whisper,conf,rover_cg,2.5280131183383436,1.8771653985682377,3.1781246609086575,0.332459816895831,0.0,400,134,48,218,33,1.7893095738276645,3.327878002015978,3.5836520163984703e-12
whisfusion,,ls-dev-other,main,main,16,False,legacy,mbr,rover_cg,2.1138436032053054,1.6234596751577102,2.612970516115231,0.24633947206767287,0.0,400,107,15,278,33,1.5552420440732986,2.711770115725289,1.466531641323143e-16
whisfusion,,ls-dev-other,main,main,16,False,whisper,mbr,rover_cg,1.6261273572014212,1.172512944223945,2.110794460589841,0.23859582940018864,0.0,400,87,20,293,33,1.1513389774911915,2.1171848935193283,4.461531257905231e-11
whisfusion,,ls-dev-other,main,main,16,False,legacy,cm05,rover_cg,2.072395689416966,1.5010967625824692,2.6323518131719,0.28951782683010885,0.0,400,112,30,258,33,1.4217190136060445,2.7686693213291513,1.6106048000932885e-11
whisfusion,,ls-dev-other,main,main,16,False,whisper,cm05,rover_cg,1.54413774255261,0.9816790689255287,2.1110036402447157,0.2883658962102365,0.0,400,95,43,262,33,1.0632190039327327,2.097636668258495,1.6937921738246874e-07
whisfusion,,ls-dev-other,main,main,16,False,legacy,conf,rover_c,3.177673390439348,2.518957706106262,3.8152385405916744,0.3276673910683033,0.0,400,155,36,209,33,2.311919434146804,4.0427712342209405,1.6213704118957827e-17
whisfusion,,ls-dev-other,main,main,16,False,whisper,conf,rover_c,2.418693632139929,1.7493912702814582,3.0569704862320797,0.3318061488407808,0.0,400,132,49,219,33,1.672956984169703,3.218187505865364,3.243404661227198e-11
whisfusion,,ls-dev-other,main,main,16,False,legacy,conf,rover_freq,2.666482453716496,2.0243557464139497,3.3277780512755992,0.32752136605323134,0.0,400,141,44,215,33,1.8724042009566562,3.4772481763542555,4.180541886259196e-13
whisfusion,,ls-dev-other,main,main,16,False,whisper,conf,rover_freq,2.664662476086362,2.0525820393472234,3.2962487318345346,0.31823829269905335,0.0,400,135,41,224,33,1.8462663553028158,3.497317586558551,1.6118401866607845e-13
whisfusion,,ls-dev-other,main,main,16,False,legacy,first,rover_cg,8.773141751865156,7.753984393582187,9.733033736150372,0.500863369458341,0.0,400,243,24,133,33,7.63716935982183,10.017801351990332,1.6945867051392092e-39
whisfusion,,ls-dev-other,main,main,16,False,whisper,first,rover_cg,8.253621207980322,7.2390124067235915,9.206705075035273,0.5049092766946454,0.0,400,241,27,132,33,7.242690777522078,9.330996151326564,1.8203461116342932e-37
whisfusion,,ls-dev-other,main,main,16,False,legacy,conf,mbr,1.1329096435479413,0.5974233814178682,1.695838816471054,0.28271274585268275,0.0,400,108,52,240,33,0.5289369661471663,1.7427622970730041,4.4239135624242334e-05
whisfusion,,ls-dev-other,main,main,16,False,whisper,conf,mbr,0.9018857611369226,0.35892164921223735,1.455406096008596,0.27857630251792387,0.0,400,98,57,245,33,0.27814401272193495,1.5337597901757263,0.0011844169496540104
whisfusion,,ls-dev-other,main,main,16,False,legacy,first,conf,5.5263885051119095,4.520752855152131,6.545623663843919,0.5085178149663505,0.0,400,195,48,157,33,4.420873496578759,6.6657948855507865,2.4599550908519514e-22
whisfusion,,ls-dev-other,main,main,16,False,whisper,first,conf,5.7256080896419785,4.734231883820336,6.731148581806369,0.508418829163328,0.0,400,197,43,160,33,4.633150579418315,6.804136321297034,2.4412206812151903e-24
whisfusion,,ls-dev-other,main,main,16,False,legacy,rover_freq,rover_cg,0.5802707930367504,0.32914725368437425,0.8264546821127811,0.12826245752864418,0.0,400,55,19,326,33,0.3203700712143234,0.8632171704387092,2.3108869091548554e-05
whisfusion,,ls-dev-other,main,main,16,False,whisper,rover_freq,rover_cg,-0.1366493577480186,-0.35350146843475055,0.06885583312968072,0.10777970201211999,0.908,400,20,31,349,33,-0.3694913874300546,0.08633825278693001,0.200384724908512
whisfusion,,ls-dev-other,main,main,32,True,legacy,conf,rover_cg,2.680298424979276,2.056500803033087,3.3535566188197765,0.32645509265004446,0.0,400,138,48,214,33,2.0064867742436667,3.3389730880518926,1.6594196395723904e-13
whisfusion,,ls-dev-other,main,main,32,True,whisper,conf,rover_cg,2.0770702377698824,1.492511784264229,2.71094610241897,0.30943369675640875,0.0,400,121,53,226,33,1.4944845801764484,2.628286801651257,2.0566400127219626e-09
whisfusion,,ls-dev-other,main,main,32,True,legacy,mbr,rover_cg,1.7131804365846919,1.28072901499451,2.1598008255325998,0.22732410016726698,0.0,400,96,20,284,33,1.1097733193087411,2.4054817691855632,2.2284723597994657e-13
whisfusion,,ls-dev-other,main,main,32,True,whisper,mbr,rover_cg,1.243509155506969,0.8152829133026191,1.6592986058221244,0.21508741371633805,0.0,400,82,26,292,33,0.7852181566108688,1.7533342287021734,3.032040738080329e-08
whisfusion,,ls-dev-other,main,main,32,True,legacy,cm05,rover_cg,1.6717325227963526,1.1395619329307363,2.197813046503319,0.2693851160731323,0.0,400,103,34,263,33,1.132281068388745,2.2496139450694574,5.463632330061716e-10
whisfusion,,ls-dev-other,main,main,32,True,whisper,cm05,rover_cg,1.1341896693085542,0.6464025918431101,1.634140735569568,0.25208567384899994,0.0,400,94,43,263,33,0.7669547891792043,1.5213025245558056,7.306265300855903e-06
whisfusion,,ls-dev-other,main,main,32,True,legacy,conf,rover_c,2.7217463387676153,2.104821720113228,3.4061200103120797,0.3256275244774397,0.0,400,137,46,217,33,2.052350315078941,3.3710719919436123,5.2723732579619556e-14
whisfusion,,ls-dev-other,main,main,32,True,whisper,conf,rover_c,2.049740366220279,1.4746344552839854,2.6778132947524185,0.30710264633679735,0.0,400,116,50,234,33,1.4338031599164451,2.615500678235929,2.583509766101457e-09
whisfusion,,ls-dev-other,main,main,32,True,legacy,conf,rover_freq,2.307267200884222,1.7135550575023735,2.9613301145006394,0.3086864652446118,0.0,400,126,47,227,33,1.6803827658088992,2.8822140414589694,3.725802294122287e-11
whisfusion,,ls-dev-other,main,main,32,True,whisper,conf,rover_freq,2.3640338890407215,1.7909300609540582,3.0119835222190185,0.3102995078915202,0.0,400,125,47,228,33,1.7253712221725992,2.9619089556727567,2.973649601075323e-11
whisfusion,,ls-dev-other,main,main,32,True,legacy,first,rover_cg,8.966565349544073,7.929460852610251,9.95839814977975,0.5102664498359789,0.0,400,251,25,124,33,7.888503897955576,10.123777104430413,5.565898976645429e-40
whisfusion,,ls-dev-other,main,main,32,True,whisper,first,rover_cg,8.52691992347636,7.503938686139303,9.477135356330717,0.5070698769376086,0.0,400,248,25,127,33,7.544071716247874,9.550927324593214,1.359751741463415e-38
whisfusion,,ls-dev-other,main,main,32,True,legacy,conf,mbr,0.9671179883945842,0.4261538552619115,1.5350560925042933,0.2832503843851658,0.0005,400,95,60,245,33,0.4674892028969894,1.4742233147961705,0.0005767679647830328
whisfusion,,ls-dev-other,main,main,32,True,whisper,conf,mbr,0.8335610822629134,0.2751543438798696,1.4274295174986176,0.28846321127539054,0.0025,400,92,64,244,33,0.21533517163657553,1.4110007928923047,0.00419788025448844
whisfusion,,ls-dev-other,main,main,32,True,legacy,first,conf,6.286266924564797,5.2631578947368425,7.297943315705943,0.5109975749621232,0.0,400,213,45,142,33,5.29665692572548,7.364731341119254,1.4249141140996391e-27
whisfusion,,ls-dev-other,main,main,32,True,whisper,first,conf,6.449849685706477,5.475514654348004,7.467228317972142,0.5098325224643088,0.0,400,214,42,144,33,5.485231887434832,7.5174678881510095,3.5279428192692476e-29
whisfusion,,ls-dev-other,main,main,32,True,legacy,rover_freq,rover_cg,0.3730312240950539,0.15093796697983938,0.5876760703090902,0.11348028626298487,0.001,400,38,16,346,33,0.1378629556379536,0.6210161350357274,0.001345391180217598
whisfusion,,ls-dev-other,main,main,32,True,whisper,rover_freq,rover_cg,-0.286963651270839,-0.49130671712293705,-0.0956296504899329,0.10229056986838272,1.0,400,16,33,351,33,-0.459971995915746,-0.10390073384063514,0.006958645468640161
whisfusion,,ls-tc-babble0,main,main,16,False,legacy,conf,rover_cg,10.89847148005468,9.770428627497584,12.01090975636412,0.5613308806786833,0.0,400,263,35,102,40,9.517541545135186,12.37385975774082,1.2479877761408304e-40
whisfusion,,ls-tc-babble0,main,main,16,False,whisper,conf,rover_cg,4.631112205936692,3.669914902477229,5.627438975871091,0.5015702687033102,0.0,400,203,89,108,40,3.608019902885174,5.711159326311533,2.6540085874515886e-15
whisfusion,,ls-tc-babble0,main,main,16,False,legacy,mbr,rover_cg,9.22082763762893,8.33325776810543,10.109661350340568,0.46018045145359115,0.0,400,262,10,128,40,8.143075136382295,10.410357742201727,3.780344992423594e-44
whisfusion,,ls-tc-babble0,main,main,16,False,whisper,mbr,rover_cg,3.0668801576548836,2.451662368151308,3.7130366415894036,0.31617201657286087,0.0,400,167,54,179,40,2.397023733629624,3.792414950315154,1.2840205992298858e-15
whisfusion,,ls-tc-babble0,main,main,16,False,legacy,cm05,rover_cg,9.581210388964832,8.604509230445949,10.61232573468144,0.5215827757534578,0.0,400,253,27,120,40,8.480966024907293,10.793561252588084,2.088179699767077e-39
whisfusion,,ls-tc-babble0,main,main,16,False,whisper,cm05,rover_cg,3.3624830644168,2.601211461986231,4.182027216500869,0.40656429694541063,0.0,400,185,81,134,40,2.5720619140226675,4.148550609616311,9.887894427176714e-14
whisfusion,,ls-tc-babble0,main,main,16,False,legacy,conf,rover_c,10.89847148005468,9.776815206111106,12.021499688850422,0.5605998677595865,0.0,400,262,34,104,40,9.507003911761627,12.389211772138408,1.409663053732747e-40
whisfusion,,ls-tc-babble0,main,main,16,False,whisper,conf,rover_c,4.606478630373199,3.6333952624397026,5.610739959048811,0.5019065479397173,0.0,400,202,90,108,40,3.574288772022852,5.686477890100984,3.823591627220135e-15
whisfusion,,ls-tc-babble0,main,main,16,False,legacy,conf,rover_freq,7.66745370945694,6.687568391160674,8.660166879692104,0.5056232537013472,0.0,400,240,56,104,40,6.638259081298919,8.702130271535975,6.5384592300450775e-31
whisfusion,,ls-tc-babble0,main,main,16,False,whisper,conf,rover_freq,7.6117748491193495,6.625341525050868,8.588190635608582,0.5055050220841955,0.0,400,245,54,101,40,6.510712009090658,8.692040459948108,8.738378427999213e-31
whisfusion,,ls-tc-babble0,main,main,16,False,legacy,first,rover_cg,18.217969429601094,16.73516131506331,19.672523373283585,0.7675655437649094,0.0,400,321,14,65,40,16.441646515505855,20.035410276566047,8.380554644884513e-54
whisfusion,,ls-tc-babble0,main,main,16,False,whisper,first,rover_cg,11.71326518044094,10.462512105333094,12.958277699259865,0.6603072953390129,0.0,400,283,32,85,40,10.311377744290013,13.147479257628413,1.3202679458053865e-42
whisfusion,,ls-tc-babble0,main,main,16,False,legacy,conf,mbr,1.6776438424257487,0.7126324039750362,2.6559045430659878,0.49344425134264774,0.0005,400,140,102,158,40,0.6774704895527232,2.6183614518286036,0.0024471958452386825
whisfusion,,ls-tc-babble0,main,main,16,False,whisper,conf,mbr,1.5642320482818082,0.6017116887667738,2.5132266567407386,0.4904295286688123,0.0005,400,139,100,161,40,0.5233612458610725,2.521680623536015,0.0048097062867782
whisfusion,,ls-tc-babble0,main,main,16,False,legacy,first,conf,7.319497949546415,6.032320582632991,8.575113246877795,0.6581845359235361,0.0,400,250,67,83,40,6.173113385718706,8.645038565392028,1.2104356611112152e-24
whisfusion,,ls-tc-babble0,main,main,16,False,whisper,first,conf,7.0821529745042495,5.78148802359997,8.423049668423124,0.6660333193022858,0.0,400,245,70,85,40,5.87929987408208,8.396592852380103,1.37384185780188e-23
whisfusion,,ls-tc-babble0,main,main,16,False,legacy,rover_freq,rover_cg,3.231017770597738,2.5330925236978765,3.9172790755226545,0.3516392451911557,0.0,400,161,48,191,40,2.5284361215310573,3.9948098438979613,1.368904897705796e-16
whisfusion,,ls-tc-babble0,main,main,16,False,whisper,rover_freq,rover_cg,-2.980662643182658,-3.4621613093750994,-2.477285706186257,0.24767990738366202,1.0,400,14,150,236,40,-3.517863565305241,-2.4613626322979356,1.2672449848045097e-24
whisfusion,,ls-tc-babble0,main,main,32,True,legacy,conf,rover_cg,10.525661737293401,9.380538679548408,11.74469008641798,0.6074732267376494,0.0,400,264,40,96,40,9.246681914269917,11.86418291458614,1.9041071062469444e-38
whisfusion,,ls-tc-babble0,main,main,32,True,whisper,conf,rover_cg,5.049882990516074,4.005490735439098,6.167179185329435,0.5557447748301985,0.0,400,201,83,116,40,3.9498118838912304,6.250764921758077,1.2393552714052582e-15
whisfusion,,ls-tc-babble0,main,main,32,True,legacy,mbr,rover_cg,7.9905554865167145,7.13194623173348,8.883031313839556,0.44686605845244853,0.0,400,250,16,134,40,7.068139597938547,8.923854832417142,3.524094745183258e-41
whisfusion,,ls-tc-babble0,main,main,32,True,whisper,mbr,rover_cg,2.487991131912797,1.9178010751718164,3.062909676270264,0.2931332918913274,0.0,400,158,59,183,40,1.9911409545665075,2.967923066663976,1.0402952125832199e-12
whisfusion,,ls-tc-babble0,main,main,32,True,legacy,cm05,rover_cg,8.624332049210887,7.59125175094081,9.781075281156165,0.5496284350225935,0.0,400,247,37,116,40,7.468813989811695,9.819766990167269,1.322848236709152e-35
whisfusion,,ls-tc-babble0,main,main,32,True,whisper,cm05,rover_cg,3.1407808843453626,2.2740929304912756,4.044695730091943,0.45891268958494524,0.0,400,171,88,141,40,2.2644787514504947,4.063772407652309,7.329021771398641e-10
whisfusion,,ls-tc-babble0,main,main,32,True,legacy,conf,rover_c,10.500807754442649,9.356172030190306,11.72184199876438,0.6073578887780706,0.0,400,263,41,96,40,9.217324445099319,11.850397477574012,2.92008324954195e-38
whisfusion,,ls-tc-babble0,main,main,32,True,whisper,conf,rover_c,5.06219977829782,4.018125653003395,6.171332586483356,0.5544667058553704,0.0,400,201,83,116,40,3.970776029553187,6.259663423979129,8.586662422325602e-16
whisfusion,,ls-tc-babble0,main,main,32,True,legacy,conf,rover_freq,8.152106375046602,7.0851548361601715,9.268088283116239,0.5620346263140839,0.0,400,244,54,102,40,7.088069920770217,9.24980376452098,1.5867140444871345e-30
whisfusion,,ls-tc-babble0,main,main,32,True,whisper,conf,rover_freq,8.129079935952703,7.081186587577216,9.223321894877804,0.5492733578409549,0.0,400,246,57,97,40,7.048722408259639,9.260646317216866,2.9920938525763827e-31
whisfusion,,ls-tc-babble0,main,main,32,True,legacy,first,rover_cg,18.342239343854853,16.79113448602197,19.783429333096496,0.7612782176799232,0.0,400,326,17,57,40,16.616124989596003,20.007953711465916,5.305794957374631e-55
whisfusion,,ls-tc-babble0,main,main,32,True,whisper,first,rover_cg,12.575440325163198,11.199239055320259,13.902083348795912,0.6937324463052655,0.0,400,288,37,75,40,11.151913314249132,14.046635697898795,6.990208348371506e-44
whisfusion,,ls-tc-babble0,main,main,32,True,legacy,conf,mbr,2.535106250776687,1.5086617302713663,3.5971385955814097,0.5397742234511294,0.0,400,160,99,141,40,1.4864685467467305,3.6289555369365534,2.2818450884834335e-06
whisfusion,,ls-tc-babble0,main,main,32,True,whisper,conf,mbr,2.561891858603276,1.5574007863061576,3.6202164018143175,0.529651486580175,0.0,400,163,96,141,40,1.5642643008525523,3.6182801074881654,7.08437573243314e-07
whisfusion,,ls-tc-babble0,main,main,32,True,legacy,first,conf,7.816577606561451,6.483954353416884,9.179332031930784,0.6830629618950509,0.0,400,254,72,74,40,6.574286144118663,9.106320406877037,4.8117128072872504e-26
whisfusion,,ls-tc-babble0,main,main,32,True,whisper,first,conf,7.525557334647124,6.180046915536794,8.863531558716007,0.6863078469255048,0.0,400,247,74,79,40,6.25826160593939,8.84194966553922,8.31425866176623e-25
whisfusion,,ls-tc-babble0,main,main,32,True,legacy,rover_freq,rover_cg,2.3735553622468,1.768852162112908,2.9528998755683253,0.30855950586601855,0.0,400,157,60,183,40,1.723073387547495,3.0347192028772954,3.857992828038675e-13
whisfusion,,ls-tc-babble0,main,main,32,True,whisper,rover_freq,rover_cg,-3.07919694543663,-3.5606893649219673,-2.596049595397649,0.2465206666664547,1.0,400,15,155,230,40,-3.6174871848702743,-2.550735188039354,2.8970298187945953e-25
whisfusion,,ls-tc-babble10,main,main,16,False,legacy,conf,rover_cg,4.784391698769728,4.08058265565164,5.4925749308558425,0.35959276495243037,0.0,400,191,26,183,40,3.981114551671913,5.622801635902332,4.7365131075906616e-27
whisfusion,,ls-tc-babble10,main,main,16,False,whisper,conf,rover_cg,3.756620273432689,3.1022975801839605,4.384993564498015,0.3365810808066595,0.0,400,172,38,190,40,2.940765566183895,4.633824892464322,5.2290290573781405e-20
whisfusion,,ls-tc-babble10,main,main,16,False,legacy,mbr,rover_cg,3.4919845905306324,2.941896837841192,4.082043006166081,0.2916285808762078,0.0,400,153,18,229,40,2.9062705255024976,4.136660907602667,5.0576340093729315e-24
whisfusion,,ls-tc-babble10,main,main,16,False,whisper,mbr,rover_cg,2.5003079196945435,2.0285702844605837,2.980852215925134,0.24320660278585124,0.0,400,131,27,242,40,1.9131371506209798,3.0545145665825753,4.601636808761127e-17
whisfusion,,ls-tc-babble10,main,main,16,False,legacy,cm05,rover_cg,3.777805393314279,3.1911972263686534,4.412678250452115,0.3090721257756912,0.0,400,161,17,222,40,3.0947838568281627,4.487035767930949,4.895834776208638e-25
whisfusion,,ls-tc-babble10,main,main,16,False,whisper,cm05,rover_cg,2.722010099765981,2.205556810190391,3.2623344313719054,0.26980127290726164,0.0,400,140,32,228,40,2.0895099088194073,3.3165136738509844,3.698768215648925e-17
whisfusion,,ls-tc-babble10,main,main,16,False,legacy,conf,rover_c,4.684975767366721,3.9796457099886786,5.388508794657833,0.36179225832139844,0.0,400,185,29,186,40,3.8727852900780038,5.558309340936712,3.734520920596763e-26
whisfusion,,ls-tc-babble10,main,main,16,False,whisper,conf,rover_c,3.756620273432689,3.084101371510151,4.385921442047648,0.33422562808689793,0.0,400,170,38,192,40,2.9809315776818086,4.608157788343887,2.1297188015262783e-20
whisfusion,,ls-tc-babble10,main,main,16,False,legacy,conf,rover_freq,4.212750093202436,3.545619946147801,4.875502990335696,0.3420410554982187,0.0,400,181,34,185,40,3.4666987645953595,5.023378103693163,2.296128758120184e-23
whisfusion,,ls-tc-babble10,main,main,16,False,whisper,conf,rover_freq,4.2492917847025495,3.5861769320701917,4.902811340722556,0.34771812578350625,0.0,400,177,34,189,40,3.5431423758552594,5.037221394029247,6.045295953015912e-23
whisfusion,,ls-tc-babble10,main,main,16,False,legacy,first,rover_cg,11.44525910277122,10.437277721497097,12.510522665082505,0.5435641916669912,0.0,400,284,12,104,40,10.246665600889134,12.767424131485665,1.0870167998109169e-47
whisfusion,,ls-tc-babble10,main,main,16,False,whisper,first,rover_cg,10.37073531223057,9.371804843323929,11.41028272241594,0.524541171400995,0.0,400,269,14,117,40,9.203356862634548,11.656715266539653,6.763652590485139e-44
whisfusion,,ls-tc-babble10,main,main,16,False,legacy,conf,mbr,1.2924071082390953,0.7744744479213006,1.8656212424779768,0.2823929447370258,0.0,400,106,45,249,40,0.790172504025828,1.836438212053445,6.021054476594897e-07
whisfusion,,ls-tc-babble10,main,main,16,False,whisper,conf,mbr,1.256312353738145,0.7078207132792919,1.8463960087181825,0.29123632867287497,0.0,400,106,47,247,40,0.745259209764653,1.8124213628753993,4.005644051682957e-06
whisfusion,,ls-tc-babble10,main,main,16,False,legacy,first,conf,6.6608674040014915,5.697463134580638,7.684652804175754,0.5040384665971458,0.0,400,220,36,144,40,5.660489210802241,7.679591139889756,1.1850431009144166e-29
whisfusion,,ls-tc-babble10,main,main,16,False,whisper,first,conf,6.614115038797881,5.5988596479959805,7.702217558673105,0.5257179533551517,0.0,400,223,39,138,40,5.5814177098488615,7.689485313983557,1.1674026541426972e-28
whisfusion,,ls-tc-babble10,main,main,16,False,legacy,rover_freq,rover_cg,0.5716416055672922,0.31364281202870997,0.8473835567879918,0.1351153682763511,0.0,400,61,21,318,40,0.2960826197711437,0.8347988460757074,1.7949182378359777e-05
whisfusion,,ls-tc-babble10,main,main,16,False,whisper,rover_freq,rover_cg,-0.4926715112698608,-0.7414784328053472,-0.2396825064641068,0.1267615615393114,1.0,400,21,52,327,40,-0.7801281853757742,-0.23061030480114092,8.476977241135046e-05
whisfusion,,ls-tc-babble10,main,main,32,True,legacy,conf,rover_cg,4.548278861687585,3.8880604257379714,5.264462095991311,0.3539375967471129,0.0,400,178,28,194,40,3.764045169782266,5.3428238329500175,8.42366022476952e-27
whisfusion,,ls-tc-babble10,main,main,32,True,whisper,conf,rover_cg,3.596502032269984,2.978092069367298,4.237480612527641,0.3249385082298784,0.0,400,164,41,195,40,2.900369302080333,4.285112628411088,1.1854929044404013e-20
whisfusion,,ls-tc-babble10,main,main,32,True,legacy,mbr,rover_cg,3.0446128992170993,2.561314583868366,3.573941761121207,0.25624787886917344,0.0,400,144,12,244,40,2.481271332485611,3.6072265138561965,5.189328889268833e-24
whisfusion,,ls-tc-babble10,main,main,32,True,whisper,mbr,rover_cg,2.217021800714374,1.7351816995232676,2.705101431448779,0.24517889229960405,0.0,400,115,23,262,40,1.6933272119113878,2.750098079466503,1.5149065589556115e-15
whisfusion,,ls-tc-babble10,main,main,32,True,legacy,cm05,rover_cg,3.380141667702249,2.8464348200093146,3.9412955249265735,0.2852093948038273,0.0,400,153,17,230,40,2.811884799109596,3.9477482920001448,4.772542800147637e-24
whisfusion,,ls-tc-babble10,main,main,32,True,whisper,cm05,rover_cg,2.438723980785811,1.9359583712668176,2.955675177368329,0.25809306680851607,0.0,400,131,32,237,40,1.9526324829048565,2.896868958835173,1.1774037109479496e-15
whisfusion,,ls-tc-babble10,main,main,32,True,legacy,conf,rover_c,4.47371691313533,3.8207868574941357,5.182250702044603,0.3556851110255146,0.0,400,174,31,195,40,3.6913109702537645,5.265058799487895,3.785823454518274e-26
whisfusion,,ls-tc-babble10,main,main,32,True,whisper,conf,rover_c,3.571868456706491,2.9400633755215844,4.200916604273406,0.32661066878789174,0.0,400,164,44,192,40,2.889224331575063,4.265291884438559,1.70514748843619e-20
whisfusion,,ls-tc-babble10,main,main,32,True,legacy,conf,rover_freq,4.0263452218217965,3.3568922967531805,4.702491673509182,0.35210553270906536,0.0,400,165,36,199,40,3.2591969912898424,4.813633651281328,6.770641624143133e-23
whisfusion,,ls-tc-babble10,main,main,32,True,whisper,conf,rover_freq,4.138440694666831,3.463588733877671,4.830310445034788,0.35140994296995853,0.0,400,167,35,198,40,3.395930471686629,4.898006161966807,8.882380843724365e-24
whisfusion,,ls-tc-babble10,main,main,32,True,legacy,first,rover_cg,11.830495836957873,10.820624031540518,12.93083041918061,0.5433751732188631,0.0,400,288,12,100,40,10.517824430823264,13.223968483503892,5.049013775804667e-48
whisfusion,,ls-tc-babble10,main,main,32,True,whisper,first,rover_cg,10.814139672373445,9.784964164028786,11.8593236617409,0.5270819490287052,0.0,400,272,15,113,40,9.635654137572912,12.055701807775346,1.3442913314250324e-44
whisfusion,,ls-tc-babble10,main,main,32,True,legacy,conf,mbr,1.503665962470486,1.023328731791436,2.009504589102113,0.253131214363275,0.0,400,110,46,244,40,0.9698543346359696,2.071113334574336,2.016381632982866e-08
whisfusion,,ls-tc-babble10,main,main,32,True,whisper,conf,mbr,1.3794802315556103,0.8787214839468036,1.8927398418470187,0.2605281008213501,0.0,400,113,47,240,40,0.8367008969763151,1.9274902168012729,1.01461751035905e-06
whisfusion,,ls-tc-babble10,main,main,32,True,legacy,first,conf,7.282216975270287,6.285394131609607,8.341618822769746,0.5136373810349611,0.0,400,229,38,133,40,6.3225082603384255,8.36398118358146,1.184393067582281e-32
whisfusion,,ls-tc-babble10,main,main,32,True,whisper,first,conf,7.217637640103461,6.210616167370904,8.2674015983829,0.5243268524000505,0.0,400,230,39,131,40,6.273331151758116,8.223332178844304,7.449651405856936e-32
whisfusion,,ls-tc-babble10,main,main,32,True,legacy,rover_freq,rover_cg,0.5219336398657884,0.268513361010886,0.7698265513181017,0.12528741340842028,0.0,400,57,20,323,40,0.2867991023829479,0.776504000638757,4.917295898946112e-05
whisfusion,,ls-tc-babble10,main,main,32,True,whisper,rover_freq,rover_cg,-0.5419386623968468,-0.7678590779446662,-0.3145746391037897,0.1147968303120252,1.0,400,12,46,342,40,-0.789545553827805,-0.298976131235159,3.19162207654387e-06
whisfusion,,ls-tc-babble5,main,main,16,False,legacy,conf,rover_cg,7.331924940971791,6.481923961358821,8.22129209862381,0.44964933005281515,0.0,400,221,36,143,40,6.208125257452839,8.447970027399645,9.781903819464134e-34
whisfusion,,ls-tc-babble5,main,main,16,False,whisper,conf,rover_cg,5.542554501785935,4.716105263903884,6.3570975081314955,0.4245345256563967,0.0,400,198,61,141,40,4.427581271702056,6.707679938325166,3.1433562864040934e-25
whisfusion,,ls-tc-babble5,main,main,16,False,legacy,mbr,rover_cg,5.579719149993786,4.973965161579573,6.179816031965846,0.3203461752962174,0.0,400,202,23,175,40,4.780851518014782,6.355246970671722,2.9219578207712853e-32
whisfusion,,ls-tc-babble5,main,main,16,False,whisper,mbr,rover_cg,3.8674713634684075,3.2751226619321776,4.447497219889404,0.30001798391608997,0.0,400,175,40,185,40,3.142569247920419,4.624162072034062,5.137914642276396e-23
whisfusion,,ls-tc-babble5,main,main,16,False,legacy,cm05,rover_cg,5.853112961352057,5.140015928760084,6.588287134936024,0.38147110378290244,0.0,400,199,36,165,40,4.8741501631188475,6.803354722273452,4.163265427140951e-29
whisfusion,,ls-tc-babble5,main,main,16,False,whisper,cm05,rover_cg,4.126123906885084,3.433574824541544,4.829226506113595,0.3575592034877371,0.0,400,181,60,159,40,3.257883569642428,5.0030922687165384,6.603735527789262e-20
whisfusion,,ls-tc-babble5,main,main,16,False,legacy,conf,rover_c,7.319497949546415,6.463781851583521,8.215388273658348,0.4507727460657947,0.0,400,221,37,142,40,6.19644760517811,8.43765318627451,1.3067405622740934e-33
whisfusion,,ls-tc-babble5,main,main,16,False,whisper,conf,rover_c,5.517920926222441,4.687278633445094,6.345394848479285,0.4257123508345359,0.0,400,196,60,144,40,4.41920760011402,6.671988584351946,6.403410246967515e-25
whisfusion,,ls-tc-babble5,main,main,16,False,legacy,conf,rover_freq,6.5241704983223565,5.688823282116412,7.369702417915295,0.4408906351546052,0.0,400,206,47,147,40,5.45402295629548,7.612065669071519,4.3035218366767406e-29
whisfusion,,ls-tc-babble5,main,main,16,False,whisper,conf,rover_freq,6.564847887670895,5.656531747104833,7.41401595178578,0.45696417672572004,0.0,400,209,48,143,40,5.473470988201502,7.665221208537038,1.5093369179627816e-28
whisfusion,,ls-tc-babble5,main,main,16,False,legacy,first,rover_cg,14.527152976264446,13.462778023515778,15.54758244416053,0.5236041162005078,0.0,400,310,10,80,40,13.544703112136574,15.471712598671711,1.6901516802864674e-52
whisfusion,,ls-tc-babble5,main,main,16,False,whisper,first,rover_cg,12.772508929671142,11.737959094969375,13.7242441744962,0.5101481100839339,0.0,400,297,14,89,40,11.788087471607417,13.751962142449381,5.207275675324853e-50
whisfusion,,ls-tc-babble5,main,main,16,False,legacy,conf,mbr,1.7522057909780042,1.0488309219578968,2.4963028497076296,0.3730583632286033,0.0,400,121,73,206,40,1.0379926777744317,2.5150868825451997,5.721433873881707e-06
whisfusion,,ls-tc-babble5,main,main,16,False,whisper,conf,mbr,1.6750831383175269,0.9733294811204304,2.419866893509127,0.3781987115204673,0.0,400,121,76,203,40,0.9470645507309621,2.4075133332868908,8.993931672910536e-06
whisfusion,,ls-tc-babble5,main,main,16,False,legacy,first,conf,7.195228035292656,6.184453902854942,8.21586812371231,0.5269382884282239,0.0,400,242,51,107,40,6.10222015138502,8.22788535764635,1.2836274987408675e-31
whisfusion,,ls-tc-babble5,main,main,16,False,whisper,first,conf,7.2299544278852075,6.188542035752432,8.257019436414192,0.5290781090507609,0.0,400,239,49,112,40,6.223330905636533,8.215287042281988,7.043933286814963e-31
whisfusion,,ls-tc-babble5,main,main,16,False,legacy,rover_freq,rover_cg,0.8077544426494345,0.4626211172580786,1.1686397125644148,0.17727448495175682,0.0,400,85,39,276,40,0.4842537920043813,1.1399294764373917,1.757002595502596e-05
whisfusion,,ls-tc-babble5,main,main,16,False,whisper,rover_freq,rover_cg,-1.0222933858849612,-1.3417214743786752,-0.717195762393323,0.15877884044564552,1.0,400,21,82,297,40,-1.3145434341940376,-0.7276339040724885,7.956338772065967e-10
whisfusion,,ls-tc-babble5,main,main,32,True,legacy,conf,rover_cg,7.008823163912017,6.163594148840885,7.848860979251475,0.4362808610926028,0.0,400,231,34,135,40,5.87352683024341,8.12379101820444,4.2233444071103505e-34
whisfusion,,ls-tc-babble5,main,main,32,True,whisper,conf,rover_cg,4.914398324916862,4.123719339774676,5.7188132055557235,0.41612138671321564,0.0,400,193,54,153,40,3.948845174886368,5.9523733828205065,1.0949666864906381e-21
whisfusion,,ls-tc-babble5,main,main,32,True,legacy,mbr,rover_cg,4.734683733068224,4.079075368258751,5.3631706326892505,0.3211153525872596,0.0,400,183,23,194,40,3.946268635297281,5.490823564829411,1.6693806721724945e-28
whisfusion,,ls-tc-babble5,main,main,32,True,whisper,mbr,rover_cg,2.9929794309644047,2.403709304516201,3.5740318591181217,0.2959486241061216,0.0,400,150,41,209,40,2.287765490715654,3.7094377253277777,2.0597951782876773e-16
whisfusion,,ls-tc-babble5,main,main,32,True,legacy,cm05,rover_cg,5.306325338635516,4.6118134314388435,5.978931147496268,0.35100597543909345,0.0,400,205,30,165,40,4.453561035420407,6.13090172046769,1.880563905154035e-30
whisfusion,,ls-tc-babble5,main,main,32,True,whisper,cm05,rover_cg,3.3501662766350537,2.712122746958523,4.014285721328722,0.33466321883551886,0.0,400,165,49,186,40,2.600424874704876,4.165167194515412,7.799661540011601e-17
whisfusion,,ls-tc-babble5,main,main,32,True,legacy,conf,rover_c,6.983969181061265,6.131478447241462,7.853088139138835,0.4375933473639005,0.0,400,228,34,138,40,5.858184157651256,8.105811195548162,9.2961956771019e-34
whisfusion,,ls-tc-babble5,main,main,32,True,whisper,conf,rover_c,4.951348688262101,4.177875379278317,5.7623026467697285,0.41752835257079324,0.0,400,194,54,152,40,3.964513617120648,5.98612471868968,6.785250667349337e-22
whisfusion,,ls-tc-babble5,main,main,32,True,legacy,conf,rover_freq,6.312911644090965,5.466186421380754,7.183025966865931,0.44292153073850926,0.0,400,204,41,155,40,5.175914988092144,7.431560206145602,2.839173105473644e-28
whisfusion,,ls-tc-babble5,main,main,32,True,whisper,conf,rover_freq,6.109126739746274,5.282951927429044,6.959553568336863,0.43438963750870224,0.0,400,204,42,154,40,5.050812405364168,7.182886994760615,3.336641856582715e-28
whisfusion,,ls-tc-babble5,main,main,32,True,legacy,first,rover_cg,15.421896358891512,14.350137977277685,16.45123802285984,0.5358204353268555,0.0,400,318,8,74,40,14.466513494980868,16.30630945691469,7.277172695076425e-54
whisfusion,,ls-tc-babble5,main,main,32,True,whisper,first,rover_cg,13.536149772139426,12.469966572101136,14.548461503779697,0.5303909439710638,0.0,400,303,8,89,40,12.593466269559846,14.440848826151004,3.361260910262226e-51
whisfusion,,ls-tc-babble5,main,main,32,True,legacy,conf,mbr,2.2741394308437926,1.610502323411285,2.9432504292384185,0.3473183042107855,0.0,400,138,60,202,40,1.5131871905036207,3.118887012675321,8.386541476752234e-10
whisfusion,,ls-tc-babble5,main,main,32,True,whisper,conf,mbr,1.9214188939524572,1.242539002664342,2.592670066078628,0.3487730504383357,0.0,400,131,69,200,40,1.2430272014685597,2.693745122638193,3.419192387526746e-07
whisfusion,,ls-tc-babble5,main,main,32,True,legacy,first,conf,8.413073194979496,7.283729587001976,9.548527325039377,0.5820270741932178,0.0,400,248,42,110,40,7.341481912029097,9.387352807804508,2.185923253455303e-34
whisfusion,,ls-tc-babble5,main,main,32,True,whisper,first,conf,8.621751447222564,7.454098293641531,9.762440178830005,0.588068992175848,0.0,400,254,40,106,40,7.626537235053771,9.526761085125653,1.354687116100136e-34
whisfusion,,ls-tc-babble5,main,main,32,True,legacy,rover_freq,rover_cg,0.6959115198210514,0.3729669455904284,1.0175241818029874,0.16816920456081133,0.0,400,79,35,286,40,0.38736097206257103,0.9782344088877083,5.516027102258076e-05
whisfusion,,ls-tc-babble5,main,main,32,True,whisper,rover_freq,rover_cg,-1.1947284148294124,-1.5033853547064295,-0.8937272426348892,0.15660527486906356,1.0,400,18,87,295,40,-1.4937173221186633,-0.8938013149399294,1.49418584739264e-11
whisfusion,,ls-tc-white5,main,main,16,False,legacy,conf,rover_cg,5.132347458680253,4.319519300595487,5.927013791517978,0.40733650813704986,0.0,400,189,33,178,40,4.194676235551181,6.13468990410938,7.434556062600754e-27
whisfusion,,ls-tc-white5,main,main,16,False,whisper,conf,rover_cg,4.335509299174775,3.547721838198496,5.094779540668987,0.39866345415577986,0.0,400,175,39,186,40,3.4465430751224724,5.310802533710538,1.1455793630194742e-22
whisfusion,,ls-tc-white5,main,main,16,False,legacy,mbr,rover_cg,3.5168385733813845,2.959992667106022,4.108144814436426,0.2972898584470987,0.0,400,153,21,226,40,2.978538756050798,4.117946124158595,3.5741815789999124e-23
whisfusion,,ls-tc-white5,main,main,16,False,whisper,mbr,rover_cg,2.9683458554009112,2.4514887592192176,3.531373385444387,0.2773358015149325,0.0,400,141,21,238,40,2.415127103331734,3.5829462668884076,8.674145777596005e-21
whisfusion,,ls-tc-white5,main,main,16,False,legacy,cm05,rover_cg,3.4919845905306324,2.7908633635592426,4.192870332839057,0.3558461341052665,0.0,400,148,36,216,40,2.731429203163044,4.286549979136547,1.0739038228117266e-18
whisfusion,,ls-tc-white5,main,main,16,False,whisper,cm05,rover_cg,2.7835940386747136,2.1200759156032003,3.43114492304372,0.33436639703160714,0.0,400,138,42,220,40,2.0639738558872396,3.540228527298239,6.854525675536795e-15
whisfusion,,ls-tc-white5,main,main,16,False,legacy,conf,rover_c,5.08263949297875,4.275906251544905,5.864929675105758,0.40889082667980553,0.0,400,186,34,180,40,4.135059754996508,6.088958654202676,2.8612303174669587e-26
whisfusion,,ls-tc-white5,main,main,16,False,whisper,conf,rover_c,4.273925360266043,3.4762790933772845,5.048195211233797,0.3995170702705943,0.0,400,174,42,184,40,3.3708373270417065,5.2591861235101085,5.790216858092552e-22
whisfusion,,ls-tc-white5,main,main,16,False,legacy,conf,rover_freq,4.510997887411458,3.7191355721741557,5.294521887115955,0.40453160423726336,0.0,400,171,38,191,40,3.5514314473042394,5.535591837592445,9.542756948005095e-22
whisfusion,,ls-tc-white5,main,main,16,False,whisper,conf,rover_freq,4.507944328119226,3.7326744150938596,5.292347021588944,0.40453389602734685,0.0,400,172,37,191,40,3.561214237345242,5.520061099513347,1.5725564860289537e-22
whisfusion,,ls-tc-white5,main,main,16,False,legacy,first,rover_cg,10.997887411457686,9.991385378972254,11.950875130644201,0.49705471617246133,0.0,400,275,13,112,40,9.904368745016027,12.032358014926526,1.899514260342199e-46
whisfusion,,ls-tc-white5,main,main,16,False,whisper,first,rover_cg,10.259884222194852,9.24985558569549,11.187238696214662,0.4840290588376382,0.0,400,269,18,113,40,9.178329191469688,11.29881663983864,2.3781032735733555e-44
whisfusion,,ls-tc-white5,main,main,16,False,legacy,conf,mbr,1.615508885298869,1.042041843737232,2.156458497537649,0.28811889260877094,0.0,400,117,50,233,40,0.9603064084932267,2.293222423138153,1.0245160888460277e-07
whisfusion,,ls-tc-white5,main,main,16,False,whisper,conf,mbr,1.3671634437738638,0.7843380829780277,1.9056828724309538,0.2878019470450739,0.0,400,108,52,240,40,0.7520627370585986,2.03537815515466,9.677782297707866e-06
whisfusion,,ls-tc-white5,main,main,16,False,legacy,first,conf,5.865539952777433,4.909632461108697,6.8811161268614,0.5024647536830342,0.0,400,212,57,131,40,4.784139322690872,7.052817466928781,6.69907537558028e-24
whisfusion,,ls-tc-white5,main,main,16,False,whisper,first,conf,5.924374923020077,4.969173331055586,6.930961354847067,0.4952574861686168,0.0,400,213,55,132,40,4.858646838669069,7.099847866675679,4.4910655664141114e-24
whisfusion,,ls-tc-white5,main,main,16,False,legacy,rover_freq,rover_cg,0.6213495712687959,0.35949562776024424,0.8937882583112242,0.13237716984152656,0.0,400,68,26,306,40,0.3582289178114633,0.8765771732136509,7.182716972337862e-06
whisfusion,,ls-tc-white5,main,main,16,False,whisper,rover_freq,rover_cg,-0.17243502894445129,-0.3884474904893178,0.03667190522162292,0.10832784781395162,0.9515,400,23,32,345,40,-0.38444485441072473,0.049119694495266965,0.1218494808579287
whisfusion,,ls-tc-white5,main,main,32,True,legacy,conf,rover_cg,4.722256741642848,4.02755933179345,5.4135694995614765,0.35543619346195493,0.0,400,199,29,172,40,3.9387470217027474,5.510820296366226,5.216288568376948e-29
whisfusion,,ls-tc-white5,main,main,32,True,whisper,conf,rover_cg,3.92905530237714,3.2385614588630514,4.6020567450177525,0.35384122093613685,0.0,400,176,43,181,40,3.1436574721639476,4.751567439473052,2.26742085099887e-22
whisfusion,,ls-tc-white5,main,main,32,True,legacy,mbr,rover_cg,3.007331924940972,2.4855079421484585,3.5405693105463034,0.2701292445428407,0.0,400,141,18,241,40,2.4947606160022797,3.5220254590017332,5.05366109463639e-22
whisfusion,,ls-tc-white5,main,main,32,True,whisper,mbr,rover_cg,2.414090405222318,1.9154623010259177,2.9095938567829376,0.2600073611054034,0.0,400,113,21,266,40,1.8766488439303959,2.9746805513455845,1.2044004136047197e-16
whisfusion,,ls-tc-white5,main,main,32,True,legacy,cm05,rover_cg,3.3304337020007457,2.743014319967951,3.9427206403404567,0.30472190488573914,0.0,400,158,33,209,40,2.7447986066739913,3.9353863313457724,1.1247703440953534e-20
whisfusion,,ls-tc-white5,main,main,32,True,whisper,cm05,rover_cg,2.7096933119842346,2.125442143721738,3.2900649918444898,0.30141111299941,0.0,400,136,42,222,40,2.0377981458367773,3.3917654699569897,4.074068695239363e-15
whisfusion,,ls-tc-white5,main,main,32,True,legacy,conf,rover_c,4.7471107244936,4.051317722752564,5.430383807451813,0.3566003253535185,0.0,400,198,28,174,40,3.954880071866303,5.53579179413033,4.287648352934759e-29
whisfusion,,ls-tc-white5,main,main,32,True,whisper,conf,rover_c,3.9167385145953935,3.2191062238338755,4.586683760792522,0.3526892556559365,0.0,400,176,42,182,40,3.1306458587000994,4.731220180567971,2.2372195176141836e-22
whisfusion,,ls-tc-white5,main,main,32,True,legacy,conf,rover_freq,4.187896110351684,3.5186939078690633,4.830469556021117,0.3445171086662754,0.0,400,183,36,181,40,3.362228205623169,5.033827304613128,3.6841984374348154e-24
whisfusion,,ls-tc-white5,main,main,32,True,whisper,conf,rover_freq,4.138440694666831,3.453477683109075,4.813712739814356,0.3508302004350197,0.0,400,179,34,187,40,3.300715842872617,5.035888691094424,1.3074190184474697e-23
whisfusion,,ls-tc-white5,main,main,32,True,legacy,first,rover_cg,11.38312414564434,10.374386221849026,12.318510925863377,0.5012178691006838,0.0,400,282,11,107,40,10.334752965689846,12.44271850543363,2.165628388518598e-47
whisfusion,,ls-tc-white5,main,main,32,True,whisper,first,rover_cg,10.641704643428994,9.64231583511352,11.603409448923717,0.4954880777597936,0.0,400,270,16,114,40,9.582711165054686,11.632291334585616,2.453708620674776e-45
whisfusion,,ls-tc-white5,main,main,32,True,legacy,conf,mbr,1.7149248167018765,1.1946683387951078,2.2525579013936468,0.27175562201380704,0.0,400,128,54,218,40,1.1098492470603336,2.2820034724295675,6.439623092267485e-10
whisfusion,,ls-tc-white5,main,main,32,True,whisper,conf,mbr,1.514964897154822,0.9700002704708899,2.0708789389265556,0.2840410917165313,0.0,400,119,57,224,40,0.9363440466625926,2.0731303892808004,1.0280709238166209e-07
whisfusion,,ls-tc-white5,main,main,32,True,legacy,first,conf,6.6608674040014915,5.722712370342154,7.618125744428027,0.4912051581145573,0.0,400,225,49,126,40,5.697690746425507,7.6306472258832025,9.793902240327224e-29
whisfusion,,ls-tc-white5,main,main,32,True,whisper,first,conf,6.712649341051853,5.774160937869367,7.681110670062247,0.48762919289238843,0.0,400,228,51,121,40,5.743038172828489,7.687456885209099,6.347486721310857e-29
whisfusion,,ls-tc-white5,main,main,32,True,legacy,rover_freq,rover_cg,0.5343606312911644,0.3052650663285211,0.7772965295415146,0.12268717849873396,0.0,400,60,20,320,40,0.2648373065190374,0.7953773691045121,5.133483344707219e-05
whisfusion,,ls-tc-white5,main,main,32,True,whisper,rover_freq,rover_cg,-0.20938539228969086,-0.38925830187685945,-0.03570554975497218,0.09306178402946484,0.9885,400,17,34,349,40,-0.4038372184757769,-0.025460464144727555,0.03360825969691447
whisfusion,,ls-test-clean,main,main,16,False,legacy,conf,rover_cg,2.1747234994407854,1.6455027180046042,2.7583670467083485,0.28349427084064655,0.0,400,110,25,265,40,1.6158466484699938,2.701488621427283,1.1973299181004142e-14
whisfusion,,ls-test-clean,main,main,16,False,whisper,conf,rover_cg,1.7120335016627664,1.188171261640882,2.2850763036970174,0.27907272190233673,0.0,400,105,41,254,40,1.1067854012593756,2.3100949619297864,1.1953175361171577e-09
whisfusion,,ls-test-clean,main,main,16,False,legacy,mbr,rover_cg,1.640362868149621,1.2284015207614984,2.0558847570001633,0.20892504610366644,0.0,400,86,10,304,40,1.2578481998083726,2.03696946138145,8.795782709634727e-14
whisfusion,,ls-test-clean,main,main,16,False,whisper,mbr,rover_cg,1.3178962926468778,0.9320727486207486,1.7111231327639396,0.1999755588213013,0.0,400,85,22,293,40,0.9248110871274869,1.7378440713853598,3.2444188631600107e-10
whisfusion,,ls-test-clean,main,main,16,False,legacy,cm05,rover_cg,1.7024978252765006,1.2486958863666582,2.200060145641839,0.2408922951763701,0.0,400,90,17,293,40,1.2776935012455755,2.121095192739586,6.64370056347282e-13
whisfusion,,ls-test-clean,main,main,16,False,whisper,cm05,rover_cg,1.2932627170833846,0.8497581022567903,1.8084827388899485,0.23769006556470504,0.0,400,84,31,285,40,0.8455738020818904,1.7784133234929789,5.548953468936508e-08
whisfusion,,ls-test-clean,main,main,16,False,legacy,conf,rover_c,2.1250155337392815,1.5869795115428382,2.7156440283397303,0.2848243325440767,0.0,400,108,26,266,40,1.550868937155178,2.693541837854833,4.1715994105255514e-14
whisfusion,,ls-test-clean,main,main,16,False,whisper,conf,rover_c,1.7243502894445129,1.2095150435945725,2.2849483515317144,0.27417649750774087,0.0,400,103,38,259,40,1.136944225449912,2.295708004793826,2.730168083319939e-10
whisfusion,,ls-test-clean,main,main,16,False,legacy,conf,rover_freq,1.8889026966571394,1.3801736236679887,2.4310300185282947,0.27756309490965886,0.0,400,105,33,262,40,1.339452663204062,2.4200744406177024,1.5259878367113107e-11
whisfusion,,ls-test-clean,main,main,16,False,whisper,conf,rover_freq,1.7859342283532456,1.2841461916923778,2.314674854070545,0.2667793297042923,0.0,400,102,34,264,40,1.2371499675433848,2.3197069100057996,5.6179053047401116e-11
whisfusion,,ls-test-clean,main,main,16,False,legacy,first,rover_cg,6.859699266807506,6.022472888009347,7.822438144943755,0.45124774544675833,0.0,400,212,14,174,40,5.888862690855018,7.836195822682767,1.2033570442751614e-35
whisfusion,,ls-test-clean,main,main,16,False,whisper,first,rover_cg,6.503263948762163,5.724858096522293,7.427694410522276,0.4349922300923828,0.0,400,209,17,174,40,5.48498112672562,7.54629657449666,2.372026796996109e-34
whisfusion,,ls-test-clean,main,main,16,False,legacy,conf,mbr,0.5343606312911644,0.1864759734301322,0.8905725552806592,0.18351926696153728,0.003,400,58,34,308,40,0.19046169960949652,0.8515379748728237,0.005651616710771192
whisfusion,,ls-test-clean,main,main,16,False,whisper,conf,mbr,0.39413720901588867,0.03647671796894809,0.7703006558396421,0.18857216920435818,0.0175,400,56,38,306,40,0.04774905757232041,0.7455148149467936,0.049779599258702054
whisfusion,,ls-test-clean,main,main,16,False,legacy,first,conf,4.684975767366721,3.925252288305875,5.508824647540314,0.4018381481291558,0.0,400,178,30,192,40,3.91005818902436,5.477528089887641,1.2478821964929355e-25
whisfusion,,ls-test-clean,main,main,16,False,whisper,first,conf,4.791230447099396,4.07173209799792,5.627649248529844,0.39372208806107417,0.0,400,183,25,192,40,3.9946827612299667,5.636054187523508,2.7632278662294273e-27
whisfusion,,ls-test-clean,main,main,16,False,legacy,rover_freq,rover_cg,0.2858208027836461,0.08626178015547492,0.49257687047808957,0.10401114538333743,0.002,400,39,17,344,40,0.13294003147612238,0.43165677493011423,0.006749118824610543
whisfusion,,ls-test-clean,main,main,16,False,whisper,rover_freq,rover_cg,-0.07390072669047912,-0.24407635367719757,0.08975825907090543,0.08466852884138791,0.83,400,14,21,365,40,-0.21284662899508708,0.07066582730506143,0.4185101127353692
whisfusion,,ls-test-clean,main,main,32,True,legacy,conf,rover_cg,2.087734559463154,1.5829321323186831,2.6253931715592334,0.26881705136258044,0.0,400,106,25,269,40,1.5362294128402214,2.6374905770546375,5.4673342110895314e-14
whisfusion,,ls-test-clean,main,main,32,True,whisper,conf,rover_cg,1.7613006527897523,1.280730564560731,2.251942570483935,0.2488210546857032,0.0,400,107,36,257,40,1.1911924861160417,2.2978467029388323,1.361659232526283e-10
whisfusion,,ls-test-clean,main,main,32,True,legacy,mbr,rover_cg,1.4042500310674786,1.0188639382858948,1.8184721603630354,0.20684495172604356,0.0,400,76,13,311,40,1.0097653582193122,1.8145012929873303,1.3733806318779196e-11
whisfusion,,ls-test-clean,main,main,32,True,whisper,mbr,rover_cg,1.182411627047666,0.8417297979797981,1.565630693644919,0.18435908490618647,0.0,400,74,18,308,40,0.8321723716555405,1.544033649673715,1.1655292358377677e-09
whisfusion,,ls-test-clean,main,main,32,True,legacy,cm05,rover_cg,1.3918230396421027,0.9824847243396383,1.8209620846437287,0.2166998534739207,0.0,400,82,21,297,40,0.9458408118418627,1.8382449423182885,1.2045824933503892e-10
whisfusion,,ls-test-clean,main,main,32,True,whisper,cm05,rover_cg,1.0961941125754404,0.7244334253145244,1.5041703389611343,0.19910394524268102,0.0,400,82,30,288,40,0.6680357028615298,1.5438093679540157,1.5667709406795766e-07
whisfusion,,ls-test-clean,main,main,32,True,legacy,conf,rover_c,2.0380265937616504,1.5297583875498468,2.577483377359461,0.2712894058836308,0.0,400,104,27,269,40,1.4690212737242754,2.5883888143662346,2.7767883003058403e-13
whisfusion,,ls-test-clean,main,main,32,True,whisper,conf,rover_c,1.7243502894445129,1.2466908362780336,2.2150205800825966,0.24713332918357322,0.0,400,101,35,264,40,1.160829956594642,2.266796015280551,1.3190136690893687e-10
whisfusion,,ls-test-clean,main,main,32,True,legacy,conf,rover_freq,1.7770597738287561,1.277330391711427,2.2916884328358207,0.260895472825027,0.0,400,102,36,262,40,1.2233092512646844,2.316695382235313,1.1687852517407808e-10
whisfusion,,ls-test-clean,main,main,32,True,whisper,conf,rover_freq,1.773617440571499,1.281887413526464,2.285876668334382,0.2569163050138962,0.0,400,100,34,266,40,1.2282482554467349,2.3144056760668583,7.274611797608882e-11
whisfusion,,ls-test-clean,main,main,32,True,legacy,first,rover_cg,6.9591151982105135,6.102051046032827,7.9162784948198945,0.4519513569189303,0.0,400,214,16,170,40,5.981723629226309,7.975219484993797,8.105824475229032e-36
whisfusion,,ls-test-clean,main,main,32,True,whisper,first,rover_cg,6.675698977706614,5.865230532477327,7.571456131062999,0.4308786180583105,0.0,400,216,19,165,40,5.65917529511116,7.742432989953165,6.522465897975968e-35
whisfusion,,ls-test-clean,main,main,32,True,legacy,conf,mbr,0.6834845283956754,0.30578307513148073,1.0933631391456027,0.19744957975956468,0.0,400,66,39,295,40,0.31567508667918504,1.0591922403863983,0.0007802188691120109
whisfusion,,ls-test-clean,main,main,32,True,whisper,conf,mbr,0.5788890257420864,0.19969502232197478,1.0008254566687107,0.20076419740829757,0.0,400,65,42,293,40,0.17856891496977143,0.9779030673480698,0.0052200984112839655
whisfusion,,ls-test-clean,main,main,32,True,legacy,first,conf,4.871380638747359,4.114723467862481,5.67230782520419,0.39832636193467186,0.0,400,189,30,181,40,4.085320116134356,5.661325481660398,6.0185676580406574e-27
whisfusion,,ls-test-clean,main,main,32,True,whisper,first,conf,4.914398324916862,4.154127467763251,5.7136968209950085,0.39384242590559554,0.0,400,191,29,180,40,4.12752899439465,5.746750548026695,4.8884468216070085e-28
whisfusion,,ls-test-clean,main,main,32,True,legacy,rover_freq,rover_cg,0.31067478563439793,0.14169096558044275,0.48236692596800973,0.086847466404092,0.0,400,36,12,352,40,0.15872870853469154,0.47271395400265354,0.00046403753207534867
whisfusion,,ls-test-clean,main,main,32,True,whisper,rover_freq,rover_cg,-0.01231678778174652,-0.18247408395152964,0.15135034194205182,0.08624741038496256,0.577,400,21,19,360,40,-0.16775081228245942,0.14087015469621605,0.9939807292049706
whisfusion,,ls-test-other,kscale,K64,16,False,legacy,conf,rover_cg,3.3314669652855544,2.5916447466296955,4.056571935628159,0.38200806071705024,0.0,200,76,11,113,32,2.584535289680794,4.1964597238648045,2.100324230847374e-12
whisfusion,,ls-test-other,kscale,K64,16,False,whisper,conf,rover_cg,2.7454242928452577,1.9463229983559862,3.54575656058068,0.4104771947682717,0.0,200,72,20,108,32,2.037251900671718,3.5753515612386577,6.1844931857439584e-09
whisfusion,,ls-test-other,kscale,K64,16,False,legacy,mbr,rover_cg,1.5677491601343785,1.0274460466241757,2.094730505998333,0.27108426699293264,0.0,200,48,9,143,32,0.996158130597325,2.141659103860524,4.864728477335953e-07
whisfusion,,ls-test-other,kscale,K64,16,False,whisper,mbr,rover_cg,1.1647254575707155,0.5558738988818528,1.7294029900705252,0.2960483375008125,0.0,200,42,17,141,32,0.6748981890863012,1.6520275366245465,0.00036295250838618866
whisfusion,,ls-test-other,kscale,K64,16,False,legacy,cm05,rover_cg,1.6797312430011198,1.1273542821496696,2.209140114108309,0.27219536000787126,0.0,200,54,12,134,32,1.1585411564795842,2.2204571123381447,1.0154159773470685e-07
whisfusion,,ls-test-other,kscale,K64,16,False,whisper,cm05,rover_cg,1.3311148086522462,0.7035723030949528,1.9851342206180915,0.32888600614377295,0.0,200,49,19,132,32,0.8369378181093663,1.8924206626602866,0.0001058426898616728
whisfusion,,ls-test-other,kscale,K64,16,False,legacy,conf,rover_c,3.387458006718925,2.633709739051558,4.096040003218006,0.3751305599559397,0.0,200,76,9,115,32,2.655264172846973,4.232847319166537,7.542375084924031e-13
whisfusion,,ls-test-other,kscale,K64,16,False,whisper,conf,rover_c,2.800887409872435,2.010583503361424,3.5853855345230414,0.40832425477332135,0.0,200,73,18,109,32,2.070920053336425,3.6671765523770326,2.275488400959964e-09
whisfusion,,ls-test-other,kscale,K64,16,False,legacy,conf,rover_freq,3.303471444568869,2.5343072369671145,4.033593302637348,0.37730555574816804,0.0,200,77,12,111,32,2.5880709261460604,4.114231083505107,2.4082988189653065e-12
whisfusion,,ls-test-other,kscale,K64,16,False,whisper,conf,rover_freq,3.1613976705490847,2.389738789113068,3.9227692205120634,0.39713362409620595,0.0,200,80,16,104,32,2.410772394834471,4.062047441569539,2.7414881517602273e-11
whisfusion,,ls-test-other,kscale,K64,16,False,legacy,first,rover_cg,8.370660694288913,7.1652446449759575,9.48085505995091,0.5861323577144744,0.0,200,123,6,71,32,7.334756719785333,9.6331819102528,8.946093971106939e-22
whisfusion,,ls-test-other,kscale,K64,16,False,whisper,first,rover_cg,7.76483638380477,6.6138810882765915,8.846510359869137,0.5578384154099598,0.0,200,119,10,71,32,6.821692548424366,8.87392838749408,4.322015849787554e-20
whisfusion,,ls-test-other,kscale,K64,16,False,legacy,conf,mbr,1.7637178051511757,1.0507882479187414,2.486329782864651,0.36763399834366733,0.0,200,55,17,128,32,1.2179750393368607,2.343761167095483,4.5355954864600034e-06
whisfusion,,ls-test-other,kscale,K64,16,False,whisper,conf,mbr,1.5806988352745424,0.9107828102974161,2.231023945484454,0.33926604725138587,0.0,200,52,18,130,32,1.0600683875305579,2.1517733081250996,7.997545408128071e-06
whisfusion,,ls-test-other,kscale,K64,16,False,legacy,first,conf,5.039193729003359,3.837869540969842,6.223037029187653,0.6082970174051542,0.0,200,96,24,80,32,4.066327824088718,6.313480807743421,1.5312531591191692e-12
whisfusion,,ls-test-other,kscale,K64,16,False,whisper,first,conf,5.019412090959512,3.8072942623328005,6.168999276926745,0.6022771899544359,0.0,200,96,24,80,32,4.0587830293291205,6.223655872504089,2.0254214421782024e-12
whisfusion,,ls-test-other,kscale,K64,16,False,legacy,rover_freq,rover_cg,0.027995520716685332,-0.2749708351631241,0.33033198396634517,0.15233387366722137,0.465,200,15,13,172,32,-0.2515802480870681,0.3222426085282307,0.8574624419592412
whisfusion,,ls-test-other,kscale,K64,16,False,whisper,rover_freq,rover_cg,-0.415973377703827,-0.6894887760966587,-0.1609573783564497,0.13415054867759593,0.9995,200,5,20,175,32,-0.7063735199508746,-0.14466133325328218,0.002699796063260186
whisfusion,,ls-test-other,kscale,K64,64,True,legacy,conf,rover_cg,2.379619260918253,1.6486217558083114,3.0948958508763647,0.3677773287925602,0.0,200,68,19,113,32,1.667537427010272,3.0387765554224724,5.2143264277316685e-08
whisfusion,,ls-test-other,kscale,K64,64,True,whisper,conf,rover_cg,1.9412090959511925,1.1511054141740786,2.6678398936549184,0.3798622685577021,0.0,200,64,22,114,32,1.2019691709910512,2.602480912502541,3.8027778478511034e-06
whisfusion,,ls-test-other,kscale,K64,64,True,legacy,mbr,rover_cg,0.9798432250839866,0.5192932893397443,1.4651735692875736,0.24037593330351023,0.0,200,32,10,158,32,0.5354348126192293,1.4531741240099536,0.00012188214135213292
whisfusion,,ls-test-other,kscale,K64,64,True,whisper,mbr,rover_cg,0.8596783139212424,0.3960311408534348,1.3206364111550002,0.23757026967597727,0.0015,200,30,11,159,32,0.4225173877913148,1.2954279940827609,0.0008399036669412348
whisfusion,,ls-test-other,kscale,K64,64,True,legacy,cm05,rover_cg,1.0918253079507279,0.5296547856430708,1.6847364036761032,0.29456661416025065,0.0,200,37,13,150,32,0.49166819723753863,1.698700909640317,0.0010183960230064684
whisfusion,,ls-test-other,kscale,K64,64,True,whisper,cm05,rover_cg,0.831946755407654,0.23432408926112744,1.4182474222737635,0.30293769286271394,0.007,200,36,16,148,32,0.24343569292852496,1.4057440076839776,0.006086858711776919
whisfusion,,ls-test-other,kscale,K64,64,True,legacy,conf,rover_c,2.4076147816349383,1.6918241671406724,3.085339157057695,0.3575679423549645,0.0,200,67,17,116,32,1.7068452642392757,3.0416634020466273,1.5480989512305704e-08
whisfusion,,ls-test-other,kscale,K64,64,True,whisper,conf,rover_c,1.9412090959511925,1.1446630426813693,2.635700013910492,0.3743685885788839,0.0,200,61,22,117,32,1.2363543432323567,2.573137381812125,1.965822908946625e-06
whisfusion,,ls-test-other,kscale,K64,64,True,legacy,conf,rover_freq,2.295632698768197,1.5239431789486488,2.9911409865389125,0.3627058620644078,0.0,200,64,16,120,32,1.6234754552347435,2.906196373227765,1.3298865050576875e-07
whisfusion,,ls-test-other,kscale,K64,64,True,whisper,conf,rover_freq,2.107598447032723,1.3065892295333634,2.8200018987503848,0.37477320268974745,0.0,200,61,16,123,32,1.408450704225352,2.7770043019312904,5.808627156069181e-07
whisfusion,,ls-test-other,kscale,K64,64,True,legacy,first,rover_cg,8.51063829787234,7.24886304872096,9.658078231953843,0.613145986447625,0.0,200,121,10,69,32,7.397613187579574,9.744101387823555,3.5179850764147686e-21
whisfusion,,ls-test-other,kscale,K64,64,True,whisper,first,rover_cg,8.12534664448142,6.8963646736436495,9.292966916097383,0.6090518610812434,0.0,200,119,13,68,32,7.026562347156137,9.277147945759557,6.476842251485748e-20
whisfusion,,ls-test-other,kscale,K64,64,True,legacy,conf,mbr,1.3997760358342666,0.7657175358717528,2.0382610725241634,0.3327897985210759,0.0,200,54,20,126,32,0.7543086682374989,1.998584710791071,0.00014184747717040436
whisfusion,,ls-test-other,kscale,K64,64,True,whisper,conf,mbr,1.08153078202995,0.38907003783295097,1.7381300215634663,0.3469780334602536,0.001,200,51,23,126,32,0.4256272198847412,1.6807382011292389,0.0019740120873597894
whisfusion,,ls-test-other,kscale,K64,64,True,legacy,first,conf,6.131019036954087,4.93703354629523,7.207782123670884,0.5878334563880012,0.0,200,108,18,74,32,5.113655008030739,7.341206207139452,5.226135645565742e-16
whisfusion,,ls-test-other,kscale,K64,64,True,whisper,first,conf,6.184137548530227,5.017929877366334,7.302203007962197,0.5926135236048911,0.0,200,107,19,74,32,5.1886250132567175,7.372936203430647,3.468071688833119e-16
whisfusion,,ls-test-other,kscale,K64,64,True,legacy,rover_freq,rover_cg,0.083986562150056,-0.1727185015835728,0.3534051764515008,0.13506398204495076,0.295,200,13,10,177,32,-0.2051041704895703,0.3660032000911245,0.5316145768816123
whisfusion,,ls-test-other,kscale,K64,64,True,whisper,rover_freq,rover_cg,-0.16638935108153077,-0.4632290802827469,0.08620350496346352,0.14195411903269003,0.905,200,10,15,175,32,-0.5346624632118072,0.16227414047883998,0.25683925795785667
whisfusion,,ls-test-other,main,main,16,False,legacy,conf,rover_cg,3.6250354007363352,3.0221725561260446,4.229932906229066,0.3038593677711804,0.0,400,151,23,226,33,3.0229413848610704,4.28815699639868,2.446573632173177e-22
whisfusion,,ls-test-other,main,main,16,False,whisper,conf,rover_cg,3.2777699957977307,2.707716424324794,3.8630382695462973,0.2996615571301414,0.0,400,142,27,231,33,2.6633221015846558,3.9063699927272353,3.248319060780791e-19
whisfusion,,ls-test-other,main,main,16,False,legacy,mbr,rover_cg,1.9116397621070518,1.479774217290611,2.3304639725908745,0.21607690652185296,0.0,400,101,14,285,33,1.419979996109806,2.4217710598257827,2.976882962330397e-15
whisfusion,,ls-test-other,main,main,16,False,whisper,mbr,rover_cg,1.5268244852220199,1.1337302003828718,1.9256340532372325,0.20273829983378208,0.0,400,93,24,283,33,1.058284001817746,1.992297549942883,4.998748132018173e-11
whisfusion,,ls-test-other,main,main,16,False,legacy,cm05,rover_cg,2.237326536391957,1.6830656313158174,2.7518530296365857,0.27264174874162195,0.0,400,107,22,271,33,1.6453231974882072,2.918830777327665,3.2399364634729015e-14
whisfusion,,ls-test-other,main,main,16,False,whisper,cm05,rover_cg,1.834990895083345,1.2854514991043087,2.3610831634514686,0.2779206052640885,0.0,400,98,33,269,33,1.2452442783406719,2.485373958367794,1.0761518897425942e-09
whisfusion,,ls-test-other,main,main,16,False,legacy,conf,rover_c,3.5825545171339566,2.9911475186578484,4.17024951876827,0.3051157619427038,0.0,400,150,25,225,33,2.982742550861538,4.244309766580652,7.196456756493595e-22
whisfusion,,ls-test-other,main,main,16,False,whisper,conf,rover_c,3.2917775598823367,2.724464126670088,3.882348087684745,0.29797826294842994,0.0,400,141,25,234,33,2.6922834314550044,3.8921405140801033,9.932559160897593e-20
whisfusion,,ls-test-other,main,main,16,False,legacy,conf,rover_freq,3.2710280373831777,2.7243316351658287,3.8430006801722736,0.28745750622032973,0.0,400,144,24,232,33,2.724942696741951,3.830999724242251,1.9841976247402118e-20
whisfusion,,ls-test-other,main,main,16,False,whisper,conf,rover_freq,3.403838072559182,2.856598957909759,3.973108391112549,0.2932905593237097,0.0,400,146,24,230,33,2.796816246989251,4.022041509295709,3.593792423203031e-21
whisfusion,,ls-test-other,main,main,16,False,legacy,first,rover_cg,8.949306145567828,8.022041135660478,9.906817816994906,0.4959966899923781,0.0,400,235,14,151,33,7.90820923971963,10.000216013824884,1.9508252849898546e-39
whisfusion,,ls-test-other,main,main,16,False,whisper,first,rover_cg,8.502591399355651,7.554668378577301,9.45550021006078,0.4938552332673587,0.0,400,230,16,154,33,7.5559917333362785,9.452719818305773,1.2818986545421271e-37
whisfusion,,ls-test-other,main,main,16,False,legacy,conf,mbr,1.7133956386292835,1.2257890739865984,2.242304225485679,0.25840389418598536,0.0,400,110,35,255,33,1.328621789802319,2.1359989201958856,4.996816696273819e-10
whisfusion,,ls-test-other,main,main,16,False,whisper,conf,mbr,1.7509455105757108,1.226189633196431,2.3028702110777135,0.2762316167060409,0.0,400,113,36,251,33,1.3226511184989382,2.240620245885665,6.662909102692031e-10
whisfusion,,ls-test-other,main,main,16,False,legacy,first,conf,5.324270744831493,4.38805243629651,6.234073136358893,0.4745053012148013,0.0,400,187,46,167,33,4.524219598761756,6.1253659108028975,7.976573922727973e-23
whisfusion,,ls-test-other,main,main,16,False,whisper,first,conf,5.224821403557922,4.276121460775335,6.126482915743137,0.48046198826194314,0.0,400,188,47,165,33,4.466209560747376,6.007955560909062,1.6563152691780723e-21
whisfusion,,ls-test-other,main,main,16,False,legacy,rover_freq,rover_cg,0.35400736335315774,0.11149399092893557,0.6234396385189946,0.1291416730940761,0.004,400,42,20,338,33,0.08047879168944486,0.6648274506500432,0.0063487204814203215
whisfusion,,ls-test-other,main,main,16,False,whisper,rover_freq,rover_cg,-0.12606807676145118,-0.30583598838176396,0.05544985741817137,0.09151368282089889,0.9275,400,17,26,357,33,-0.27416578199868014,0.01713861940697603,0.1699118417314921
whisfusion,,ls-test-other,main,main,32,True,legacy,conf,rover_cg,3.469272160860946,2.911785946259818,4.014024961293895,0.27895219655457676,0.0,400,152,25,223,33,2.935036908823321,4.1139506028035395,8.504817458912681e-23
whisfusion,,ls-test-other,main,main,32,True,whisper,conf,rover_cg,2.899565765513377,2.367275696224419,3.4254706098499716,0.27148642855523697,0.0,400,137,34,229,33,2.369950742243186,3.529787594291816,2.7969830318280204e-18
whisfusion,,ls-test-other,main,main,32,True,legacy,mbr,rover_cg,1.5434721042197679,1.1782717534990612,1.9198693159647389,0.1858651676775317,0.0,400,97,15,288,33,1.1639536216355841,1.9774011299435028,1.458840303647306e-13
whisfusion,,ls-test-other,main,main,32,True,whisper,mbr,rover_cg,1.162627819022272,0.7916343400934736,1.5070895591950109,0.18119147376558473,0.0,400,79,22,299,33,0.7664808519047274,1.5478230560011297,1.1191596148732072e-08
whisfusion,,ls-test-other,main,main,32,True,legacy,cm05,rover_cg,1.8549985839705465,1.4045723191223125,2.3204499880991283,0.2318486169400461,0.0,400,101,23,276,33,1.3320529195792914,2.461846038420531,5.186554658746529e-13
whisfusion,,ls-test-other,main,main,32,True,whisper,cm05,rover_cg,1.4287715366297802,0.989640969923882,1.8676913380573632,0.2210903962433849,0.0,400,88,32,280,33,0.9023860065104994,2.0097453211487255,1.039196699997947e-08
whisfusion,,ls-test-other,main,main,32,True,legacy,conf,rover_c,3.4126309827244405,2.8780699197267223,3.9637316775140983,0.27666733906857316,0.0,400,150,24,226,33,2.896419894675249,4.027246412850145,1.3977402072384535e-22
whisfusion,,ls-test-other,main,main,32,True,whisper,conf,rover_c,2.913573329597983,2.371534314441425,3.451488308834721,0.273868180719044,0.0,400,136,31,233,33,2.3781206016808984,3.545712725710707,2.4132157798557895e-18
whisfusion,,ls-test-other,main,main,32,True,legacy,conf,rover_freq,3.058623619371283,2.5233741908943523,3.596335929392388,0.2708669840702385,0.0,400,142,27,231,33,2.598720100734975,3.5952680319344315,5.478978494654001e-20
whisfusion,,ls-test-other,main,main,32,True,whisper,conf,rover_freq,2.9555960218518,2.4451538471141325,3.486959543828258,0.26788622665064615,0.0,400,139,28,233,33,2.446735927833197,3.5451223199469157,2.978256645367314e-19
whisfusion,,ls-test-other,main,main,32,True,legacy,first,rover_cg,9.388275276125743,8.456710874761646,10.340147555520975,0.4887546455676522,0.0,400,243,10,147,33,8.354932333598763,10.46644569312558,1.8657389701619045e-41
whisfusion,,ls-test-other,main,main,32,True,whisper,first,rover_cg,8.894803193724611,7.9943858541334,9.850051988843253,0.4791833977459484,0.0,400,235,16,149,33,7.88508242034612,9.962129242377525,2.8589901730828142e-39
whisfusion,,ls-test-other,main,main,32,True,legacy,conf,mbr,1.9258000566411781,1.4793739851831933,2.4071711381904564,0.24044965793430503,0.0,400,109,28,263,33,1.5583575415321431,2.3418118846940446,5.686613949761584e-13
whisfusion,,ls-test-other,main,main,32,True,whisper,conf,mbr,1.7369379464911052,1.2432352183698683,2.2399519834330706,0.25084732286173,0.0,400,105,31,264,33,1.3536218765173997,2.154972060445828,1.6037385222045556e-10
whisfusion,,ls-test-other,main,main,32,True,legacy,first,conf,5.919003115264798,5.017298586652629,6.827033345095271,0.4615137805430066,0.0,400,204,39,157,33,5.09963587711999,6.7722774690228995,3.035406578647321e-27
whisfusion,,ls-test-other,main,main,32,True,whisper,first,conf,5.995237428211234,5.143110122773427,6.872126909130351,0.4579142100459896,0.0,400,201,35,164,33,5.21243342341642,6.833590092549907,6.571980486520554e-28
whisfusion,,ls-test-other,main,main,32,True,legacy,rover_freq,rover_cg,0.410648541489663,0.2034233306296605,0.6240091163194734,0.10645446763159709,0.0,400,43,14,343,33,0.15205889908581957,0.6874732574429198,0.00012246232654541229
whisfusion,,ls-test-other,main,main,32,True,whisper,rover_freq,rover_cg,-0.05603025633842275,-0.22902394950676397,0.11616271119770544,0.08712230309246657,0.7565,400,17,21,362,33,-0.21026736310920277,0.08034122298641598,0.5164122683960384
whisfusion,,slr83,main,main,16,False,legacy,conf,rover_cg,3.18622962827321,2.545279126409167,3.8204570772043445,0.3253339448380888,0.0,400,149,24,227,24,2.4853310027066304,3.9782796220741092,6.3010997390982085e-19
whisfusion,,slr83,main,main,16,False,whisper,conf,rover_cg,2.4945375091041515,1.765969276438563,3.1923378070364294,0.3628373429727228,0.0,400,134,43,223,24,1.830779757111606,3.1923123372636204,8.048179680493163e-12
whisfusion,,slr83,main,main,16,False,legacy,mbr,rover_cg,1.794543123969969,1.380829388606453,2.2286369216692306,0.22128323201742392,0.0,400,96,16,288,24,1.3168754872276598,2.30756809515578,1.6714424900235873e-13
whisfusion,,slr83,main,main,16,False,whisper,mbr,rover_cg,1.0924981791697015,0.6429281911088757,1.553889736540157,0.2315420527206566,0.0,400,75,34,291,24,0.5484053404314716,1.636222754438843,7.91242829406336e-06
whisfusion,,slr83,main,main,16,False,legacy,cm05,rover_cg,2.0692180919245557,1.5635952102803738,2.5904903123823977,0.26052327049425744,0.0,400,117,25,258,24,1.5225177358390636,2.6559662463169427,3.287716583759524e-13
whisfusion,,slr83,main,main,16,False,whisper,cm05,rover_cg,1.347414420975965,0.8097857275993574,1.8962857321313316,0.2797888758428521,0.0,400,99,43,258,24,0.7883004657757423,1.8816422556743881,2.9705622216343752e-06
whisfusion,,slr83,main,main,16,False,legacy,conf,rover_c,3.2228529573338216,2.5884021805064834,3.8340292313358617,0.3207430942006565,0.0,400,149,22,229,24,2.5258650870929595,3.964944254674534,2.0662444191399628e-19
whisfusion,,slr83,main,main,16,False,whisper,conf,rover_c,2.4217042971595046,1.7304189435336976,3.129751439783166,0.356912203405888,0.0,400,126,39,235,24,1.7348904388887103,3.138753526082386,1.690499691815788e-11
whisfusion,,slr83,main,main,16,False,legacy,conf,rover_freq,2.7467496795458706,2.1560350294406527,3.3418693274388698,0.3114039655090538,0.0,400,138,30,232,24,2.1322183573961113,3.398297574680615,4.161325943610933e-16
whisfusion,,slr83,main,main,16,False,whisper,conf,rover_freq,2.876911871813547,2.1782088372176602,3.5682909404525907,0.3554425852303087,0.0,400,135,28,237,24,2.2476907601417437,3.5239319381942296,7.287684649084098e-16
whisfusion,,slr83,main,main,16,False,legacy,first,rover_cg,10.510895440395531,9.295778705039565,11.65803320288056,0.6069772560960128,0.0,400,261,22,117,24,9.62704227385506,11.363093804185887,5.102053303537388e-41
whisfusion,,slr83,main,main,16,False,whisper,first,rover_cg,9.832483612527312,8.623630070485152,11.020362110041564,0.6146008396038166,0.0,400,244,30,126,24,8.920786546286434,10.717459322423915,1.5928157663589388e-36
whisfusion,,slr83,main,main,16,False,legacy,conf,mbr,1.3916865043032411,0.7926121282445444,1.978724352198125,0.29720022056705275,0.0,400,98,41,261,24,0.771681370761872,2.088569264386593,6.663923429367841e-06
whisfusion,,slr83,main,main,16,False,whisper,conf,mbr,1.40203932993445,0.7116788321167883,2.1025756019055373,0.3500317852279792,0.0,400,92,45,263,24,0.7351758106269122,2.1211150582927063,3.269909742400544e-05
whisfusion,,slr83,main,main,16,False,legacy,first,conf,7.324665812122322,6.114669097374075,8.495495972214101,0.6107095120014401,0.0,400,214,51,135,24,6.373609184440205,8.127610537382633,1.5304878846929251e-25
whisfusion,,slr83,main,main,16,False,whisper,first,conf,7.337946103423161,6.084983826020887,8.573529528797861,0.6413435868862059,0.0,400,209,54,137,24,6.315592351665681,8.255614463121605,3.390077812549715e-24
whisfusion,,slr83,main,main,16,False,legacy,rover_freq,rover_cg,0.4394799487273393,0.14418638649300058,0.7284375537317654,0.1545368912387056,0.003,400,45,22,333,24,0.12304772112433289,0.7651353882792613,0.004123597601309957
whisfusion,,slr83,main,main,16,False,whisper,rover_freq,rover_cg,-0.3823743627093955,-0.6553097842386796,-0.089711705709319,0.1416565786020979,0.997,400,18,37,345,24,-0.6533393025580744,-0.09440509660105201,0.007140137030251586
whisfusion,,slr83,main,main,32,True,legacy,conf,rover_cg,2.8749313312580114,2.2596616787580026,3.550410583228855,0.33044037446970426,0.0,400,137,32,231,24,2.2020233445609425,3.6030832407606006,1.5097035984186735e-14
whisfusion,,slr83,main,main,32,True,whisper,conf,rover_cg,2.3306627822286963,1.6684580540150162,3.014955913276247,0.34991127715042575,0.0,400,123,44,233,24,1.646733109236858,3.0113449133657246,4.740076785052585e-10
whisfusion,,slr83,main,main,32,True,legacy,mbr,rover_cg,1.6114264786669108,1.2476997603507796,2.0134569340892456,0.1908061093485863,0.0,400,88,13,299,24,1.2333397561944677,1.993498518037604,1.3998367072268641e-13
whisfusion,,slr83,main,main,32,True,whisper,mbr,rover_cg,1.0378732702112163,0.6454855850040835,1.459226380379871,0.21102802721520417,0.0,400,71,28,301,24,0.5211454778417678,1.509003457985107,3.3964242794771136e-06
whisfusion,,slr83,main,main,32,True,legacy,cm05,rover_cg,1.4283098333638529,0.9952824158838404,1.8682033397820992,0.2232597351485275,0.0,400,97,26,277,24,0.9452178707521294,1.898204720051402,1.3852478215657476e-09
whisfusion,,slr83,main,main,32,True,whisper,cm05,rover_cg,0.8922068463219228,0.3806775540404841,1.4040265396829332,0.25894713443267126,0.0005,400,83,42,275,24,0.3457142302691584,1.377363623458645,0.00033551136746203306
whisfusion,,slr83,main,main,32,True,legacy,conf,rover_c,2.819996337667094,2.2120433279468994,3.5004057668088384,0.3331742541043293,0.0,400,134,33,233,24,2.1105548028339967,3.5679344617090085,6.054863823921885e-14
whisfusion,,slr83,main,main,32,True,whisper,conf,rover_c,2.3488710852148578,1.6952119531688075,3.0326481261626506,0.34668286419809524,0.0,400,121,39,240,24,1.6278449356192,3.053441446424858,3.019196145282855e-10
whisfusion,,slr83,main,main,32,True,legacy,conf,rover_freq,2.472074711591284,1.8393329930779292,3.158634461182388,0.3378527520388419,0.0,400,129,41,230,24,1.791688025520203,3.1697891131536347,1.1660320165076464e-11
whisfusion,,slr83,main,main,32,True,whisper,conf,rover_freq,2.603787327021122,1.9268292261968456,3.318869393743849,0.3526916407646444,0.0,400,125,37,238,24,1.8972879406045773,3.3248189341445364,1.4664003331207355e-11
whisfusion,,slr83,main,main,32,True,legacy,first,rover_cg,10.803882072880425,9.594720510716364,11.96085486002288,0.6025881450844677,0.0,400,266,20,114,24,9.85940901007646,11.728945116727646,2.1218334844724685e-42
whisfusion,,slr83,main,main,32,True,whisper,first,rover_cg,10.360524399126001,9.179126463157377,11.54282484309427,0.6049138350904285,0.0,400,258,25,117,24,9.311402723717045,11.357571612163657,3.989347137031197e-40
whisfusion,,slr83,main,main,32,True,legacy,conf,mbr,1.2635048525911006,0.7056561219208409,1.872267224397227,0.30919672395624853,0.0,400,91,47,262,24,0.6524887274233219,1.8782313064026908,0.00010903909756486897
whisfusion,,slr83,main,main,32,True,whisper,conf,mbr,1.29278951201748,0.6888085661788597,1.9696582948518617,0.33366045196490574,0.0,400,89,45,266,24,0.6476054420812423,1.99355965944922,0.00036337148389952714
whisfusion,,slr83,main,main,32,True,legacy,first,conf,7.928950741622414,6.686523688612825,9.075959814566435,0.6085726989412233,0.0,400,225,43,132,24,7.168423603304343,8.596616738842762,2.21697284023171e-28
whisfusion,,slr83,main,main,32,True,whisper,first,conf,8.029861616897305,6.736958236962065,9.251118582251827,0.6388961756239254,0.0,400,226,41,133,24,7.096529390710466,8.894529485177687,3.805255937826059e-28
whisfusion,,slr83,main,main,32,True,legacy,rover_freq,rover_cg,0.4028566196667277,0.1662932801269879,0.6484184584531998,0.1209840061393071,0.0,400,33,12,355,24,0.1328902740968199,0.6551464743654952,0.0014961642897455493
whisfusion,,slr83,main,main,32,True,whisper,rover_freq,rover_cg,-0.27312454479242537,-0.5316160084120279,-0.017966062165198395,0.13172526452243472,0.9835,400,18,33,349,24,-0.5149982800137599,-0.034433929761300955,0.03569190011680441
whisfusion,,spgispeech,main,main,16,False,legacy,conf,rover_cg,5.219380328550634,4.618857310292534,5.76110809033946,0.28693927233318517,0.0,400,249,22,129,302,4.661333038369324,5.783726545699583,4.702859069908922e-38
whisfusion,,spgispeech,main,main,16,False,whisper,conf,rover_cg,4.351795496043822,3.805763655803639,4.884345144697727,0.27265487211052175,0.0,400,245,33,122,302,3.7950232822379317,4.899858958485729,7.041078197699401e-34
whisfusion,,spgispeech,main,main,16,False,legacy,mbr,rover_cg,2.963194011228946,2.5851578099727432,3.3462683666416035,0.19406725014649798,0.0,400,197,14,189,302,2.5613750145215244,3.3597312373966814,2.640633838344918e-32
whisfusion,,spgispeech,main,main,16,False,whisper,mbr,rover_cg,2.160681679853926,1.7898472819463087,2.5485583969360097,0.1906784572895591,0.0,400,174,30,196,302,1.7731154387631796,2.5633574076197028,5.480896986308949e-22
whisfusion,,spgispeech,main,main,16,False,legacy,cm05,rover_cg,3.30630068621335,2.8385141678227157,3.786331600946514,0.24171339700338193,0.0,400,205,25,170,302,2.814817716346871,3.7810955385824103,5.151137004086895e-29
whisfusion,,spgispeech,main,main,16,False,whisper,cm05,rover_cg,2.4650030432136334,2.0318504912582593,2.900403541089626,0.22683546681202557,0.0,400,192,36,172,302,1.9870943462396797,2.919060145134671,2.664321654958025e-21
whisfusion,,spgispeech,main,main,16,False,legacy,conf,rover_c,5.188188812642961,4.592746868932632,5.725585777622392,0.28771576425316714,0.0,400,247,24,129,302,4.6255367126741955,5.764907000974835,6.212250091902349e-38
whisfusion,,spgispeech,main,main,16,False,whisper,conf,rover_c,4.301075268817204,3.7443156530516744,4.825758370531513,0.27421484551719677,0.0,400,240,34,126,302,3.747212545411333,4.861738096100633,4.73522318447433e-33
whisfusion,,spgispeech,main,main,16,False,legacy,conf,rover_freq,4.626741526304845,4.061968109247124,5.142568834393493,0.28016043013370656,0.0,400,242,33,125,302,4.101492954001888,5.1562080070830305,2.2308944980025378e-35
whisfusion,,spgispeech,main,main,16,False,whisper,conf,rover_freq,4.645972813958206,4.085492062785402,5.191204088495723,0.27923770745427595,0.0,400,251,34,115,302,4.109984554791436,5.170683950427654,5.239177364238293e-36
whisfusion,,spgispeech,main,main,16,False,legacy,first,rover_cg,11.935953420669579,11.094507046888964,12.782113187424105,0.4315954839101298,0.0,400,343,10,47,302,11.088625832245045,12.755130517804849,1.4391222959077406e-58
whisfusion,,spgispeech,main,main,16,False,whisper,first,rover_cg,11.138161898965308,10.299558086162161,12.003276559558467,0.44269577139379257,0.0,400,339,16,45,302,10.29648388681516,12.033719197163045,6.885252464721217e-56
whisfusion,,spgispeech,main,main,16,False,legacy,conf,mbr,2.2561863173216885,1.7432562774524476,2.738859769157791,0.2513716757366997,0.0,400,156,46,198,302,1.7703220480749962,2.7845326077654904,1.7305019987257516e-15
whisfusion,,spgispeech,main,main,16,False,whisper,conf,mbr,2.1911138161898966,1.6806818597902393,2.6887853465237335,0.25541361435545623,0.0,400,158,47,195,302,1.6761991052631646,2.7185395981494294,1.0541168487455283e-14
whisfusion,,spgispeech,main,main,16,False,legacy,first,conf,6.716573092118944,5.844528008149167,7.5952271425934175,0.4485759291791452,0.0,400,265,50,85,302,5.768735530313623,7.586804929988445,1.9550534704361814e-34
whisfusion,,spgispeech,main,main,16,False,whisper,first,conf,6.786366402921485,5.903485810546167,7.673967233184237,0.45955886228069415,0.0,400,267,46,87,302,5.888153462886277,7.685726128809409,8.434639711062853e-35
whisfusion,,spgispeech,main,main,16,False,legacy,rover_freq,rover_cg,0.5926388022457891,0.3687912767443777,0.8257989318047914,0.11819381636741359,0.0,400,72,26,302,302,0.359622628467759,0.8304218612129118,1.548699163010289e-06
whisfusion,,spgispeech,main,main,16,False,whisper,rover_freq,rover_cg,-0.29417731791438423,-0.4951331432832691,-0.09381941934717102,0.10058734061160261,0.9985,400,26,48,326,302,-0.5000051041241323,-0.09338841718336786,0.004059137078972038
whisfusion,,spgispeech,main,main,32,True,legacy,conf,rover_cg,4.449989602828031,3.886771799726326,5.012223945877232,0.2829829106905164,0.0,400,232,39,129,302,3.907456372373452,4.9688247553013705,9.402515291763091e-34
whisfusion,,spgispeech,main,main,32,True,whisper,conf,rover_cg,3.976465814566849,3.4355503553753226,4.537578246811386,0.2815218755908651,0.0,400,219,46,135,302,3.4249522096543576,4.518896968814968,2.2663189381393936e-30
whisfusion,,spgispeech,main,main,32,True,legacy,mbr,rover_cg,2.318569349137035,1.962892735587017,2.6870369581902547,0.18415986347733979,0.0,400,164,20,216,302,1.957082816995594,2.6824938263307456,5.053104426931777e-25
whisfusion,,spgispeech,main,main,32,True,whisper,mbr,rover_cg,1.7650639074863055,1.3985189587723392,2.1238401581822504,0.18499518469522397,0.0,400,137,28,235,302,1.416868884255992,2.140794671514469,9.979670534799672e-18
whisfusion,,spgispeech,main,main,32,True,legacy,cm05,rover_cg,2.744853399875234,2.3135682693359794,3.1769489146289454,0.21978700508536936,0.0,400,184,33,183,302,2.294761165058178,3.1780663004917025,1.0927100961274217e-24
whisfusion,,spgispeech,main,main,32,True,whisper,cm05,rover_cg,2.2215459525258674,1.796429898648193,2.65006299734748,0.21991573279171503,0.0,400,164,40,196,302,1.7839296533804678,2.6621474873652717,1.7441789613383135e-19
whisfusion,,spgispeech,main,main,32,True,legacy,conf,rover_c,4.418798086920358,3.8684793143409397,4.985380361253365,0.28425811365553405,0.0,400,230,40,130,302,3.876480263157895,4.948306177496631,2.454524544955672e-33
whisfusion,,spgispeech,main,main,32,True,whisper,conf,rover_c,3.976465814566849,3.4457510392743576,4.522928353008084,0.27960859406117056,0.0,400,218,44,138,302,3.4160361517074596,4.5123595746073555,1.4573667357218703e-30
whisfusion,,spgispeech,main,main,32,True,legacy,conf,rover_freq,4.0029112081513825,3.4872340364596015,4.554079805851056,0.28018473863489474,0.0,400,220,42,138,302,3.4648750887230335,4.527855812771091,3.910727596243263e-30
whisfusion,,spgispeech,main,main,32,True,whisper,conf,rover_freq,4.209778859809292,3.655590261341659,4.768737215913877,0.2848526597262782,0.0,400,226,42,132,302,3.6328938932251935,4.741899346717577,1.4892287885397596e-31
whisfusion,,spgispeech,main,main,32,True,legacy,first,rover_cg,12.185485547930963,11.356632706386348,13.080787268387807,0.4396682964004151,0.0,400,344,12,44,302,11.309433694427845,13.039962486460356,6.636123326059389e-59
whisfusion,,spgispeech,main,main,32,True,whisper,first,rover_cg,11.746804625684723,10.908993167389644,12.661811226217077,0.4444828602397414,0.0,400,344,17,39,302,10.894733833590154,12.618527553162238,6.214319083678132e-58
whisfusion,,spgispeech,main,main,32,True,legacy,conf,mbr,2.131420253690996,1.6384419848868204,2.672922289642228,0.26168364351713364,0.0,400,147,51,202,302,1.6305094359467134,2.6297828635573843,3.0912505584720383e-13
whisfusion,,spgispeech,main,main,32,True,whisper,conf,mbr,2.2114019070805435,1.6977134090823414,2.7346764069352183,0.27129769444199,0.0,400,153,58,189,302,1.6910191418610674,2.715661059376211,1.2339319871037706e-13
whisfusion,,spgispeech,main,main,32,True,legacy,first,conf,7.735495945102932,6.831312491074181,8.667139811296499,0.46164819992804945,0.0,400,280,44,76,302,6.7953395703099195,8.626639502176506,6.016344662141656e-39
whisfusion,,spgispeech,main,main,32,True,whisper,first,conf,7.770338811117874,6.856969558204664,8.71209309877612,0.4756710985033136,0.0,400,282,44,74,302,6.859336991052738,8.707152881234348,2.7330331302987744e-38
whisfusion,,spgispeech,main,main,32,True,legacy,rover_freq,rover_cg,0.44707839467664795,0.24388760310960775,0.6522939346377012,0.10503239074176345,0.0,400,58,22,320,302,0.2170775051117207,0.6746158027200709,5.70105591614711e-05
whisfusion,,spgispeech,main,main,32,True,whisper,rover_freq,rover_cg,-0.23331304524244267,-0.40450212300342653,-0.06109144260451552,0.0877395515935279,0.9985,400,23,41,336,302,-0.4024792729194398,-0.053721111400287076,0.00924205760157673
whisfusion,,voxpopuli,main,main,16,False,legacy,conf,rover_cg,3.408157678620312,2.813965778426118,4.033858475748073,0.311065795345363,0.0,400,161,34,205,231,2.7620749209650555,4.032438754090392,2.7757207997316216e-20
whisfusion,,voxpopuli,main,main,16,False,whisper,conf,rover_cg,2.3822562979189486,1.7592694426900712,3.0148764118975344,0.3168837971090517,0.0,400,146,56,198,231,1.7453753973288038,3.007051955143343,3.5316008631939883e-11
whisfusion,,voxpopuli,main,main,16,False,legacy,mbr,rover_cg,2.2447303586093623,1.8267272571877007,2.6855931977698777,0.22458612040835174,0.0,400,130,23,247,231,1.811133936964711,2.6848048261772477,8.329146187152665e-18
whisfusion,,voxpopuli,main,main,16,False,whisper,mbr,rover_cg,1.3828039430449068,0.9569075374823054,1.8425935563259053,0.22637009263763352,0.0,400,107,38,255,231,0.9472404697465874,1.8049844929132104,1.9830159793698284e-08
whisfusion,,voxpopuli,main,main,16,False,legacy,cm05,rover_cg,2.545852723788667,2.0872289885641075,3.0177537492463125,0.24135497360111097,0.0,400,140,26,234,231,2.0858715387942244,2.9724318528781786,9.7452883761991e-19
whisfusion,,voxpopuli,main,main,16,False,whisper,cm05,rover_cg,1.588170865279299,1.08810372707604,2.0758903337103387,0.2499159462380238,0.0,400,119,45,236,231,1.1096732582818987,2.053274789915905,7.059474677909225e-09
whisfusion,,voxpopuli,main,main,16,False,legacy,conf,rover_c,3.367095537914043,2.775082846302975,4.005493606628976,0.31341063607206576,0.0,400,159,34,207,231,2.7220451965750025,3.99277776396589,7.381150215709126e-20
whisfusion,,voxpopuli,main,main,16,False,whisper,conf,rover_c,2.3822562979189486,1.7727246470066385,3.0000373489066954,0.3155581056145878,0.0,400,146,56,198,231,1.735558426090732,3.019149809292096,2.475456318498952e-11
whisfusion,,voxpopuli,main,main,16,False,legacy,conf,rover_freq,2.764850807555434,2.1406056528402986,3.3890610222897575,0.31594318796071913,0.0,400,152,46,202,231,2.1285968593852216,3.3953113285311307,5.297238397288119e-15
whisfusion,,voxpopuli,main,main,16,False,whisper,conf,rover_freq,2.6971522453450163,2.101956175416824,3.3255512038595514,0.3108219376165985,0.0,400,153,48,199,231,2.074421504447943,3.315644719274075,3.713855533357045e-14
whisfusion,,voxpopuli,main,main,16,False,legacy,first,rover_cg,10.114973993977552,9.197939155675625,11.07642830735477,0.48444675449367886,0.0,400,271,15,114,231,9.10552819779028,11.181303082768691,6.537250085417939e-45
whisfusion,,voxpopuli,main,main,16,False,whisper,first,rover_cg,9.241511500547645,8.303281319997085,10.207547326877954,0.4892914695551704,0.0,400,259,20,121,231,8.247138130322337,10.286132861316378,5.328696220188439e-41
whisfusion,,voxpopuli,main,main,16,False,legacy,conf,mbr,1.16342732001095,0.6455965277806132,1.680012224349035,0.2644078634509767,0.0,400,98,47,255,231,0.6463582308427646,1.7169820076557594,2.855330300398562e-05
whisfusion,,voxpopuli,main,main,16,False,whisper,conf,mbr,0.9994523548740416,0.46297868763363853,1.5379313863788708,0.2666468437425303,0.0,400,95,54,251,231,0.4645182667646377,1.5754438338003194,0.00041659290937181735
whisfusion,,voxpopuli,main,main,16,False,legacy,first,conf,6.706816315357241,5.8107934719318886,7.629198731064236,0.4703015646481452,0.0,400,230,29,141,231,5.730170262932676,7.735970032218096,1.62286450843016e-31
whisfusion,,voxpopuli,main,main,16,False,whisper,first,conf,6.859255202628697,5.950992854101798,7.7797232570055534,0.46683472691701644,0.0,400,234,28,138,231,5.911246818744365,7.852868210904456,1.6632688781569193e-32
whisfusion,,voxpopuli,main,main,16,False,legacy,rover_freq,rover_cg,0.6433068710648782,0.40350633087519133,0.917347119838621,0.13193706458245644,0.0,400,54,15,331,231,0.41479480167396765,0.9007923237519007,1.4230071705472463e-06
whisfusion,,voxpopuli,main,main,16,False,whisper,rover_freq,rover_cg,-0.3148959474260679,-0.5088725618530408,-0.12226516619490865,0.09746923844261919,0.9995,400,14,35,351,231,-0.49920910526448653,-0.14683052122667214,0.0019207743778744655
whisfusion,,voxpopuli,main,main,32,True,legacy,conf,rover_cg,3.0522857924993154,2.4722981109966793,3.6677881827433994,0.3076652895707775,0.0,400,160,40,200,231,2.4619824054881057,3.6394371700246864,2.046333187912019e-18
whisfusion,,voxpopuli,main,main,32,True,whisper,conf,rover_cg,2.245345016429354,1.6663545636403543,2.847385324799546,0.2968446599489583,0.0,400,140,52,208,231,1.6036134684093086,2.8420519214975397,3.470899259979099e-11
whisfusion,,voxpopuli,main,main,32,True,legacy,mbr,rover_cg,2.053107035313441,1.6475922715487865,2.4977488540315336,0.2212421945325614,0.0,400,118,20,262,231,1.6522432237966194,2.4762497542931285,3.16156154711335e-17
whisfusion,,voxpopuli,main,main,32,True,whisper,mbr,rover_cg,1.3828039430449068,0.9935319939688255,1.7978709720421766,0.2033573354792699,0.0,400,101,26,273,231,0.9783520012882373,1.7832721043723383,5.053201011062429e-10
whisfusion,,voxpopuli,main,main,32,True,legacy,cm05,rover_cg,1.9299206131946345,1.521218832138273,2.3399424955899697,0.20958622967433474,0.0,400,122,29,249,231,1.5132085671479283,2.3237241299041553,8.723236175681007e-16
whisfusion,,voxpopuli,main,main,32,True,whisper,cm05,rover_cg,1.122672508214677,0.7135006081844246,1.528625920834464,0.21452932485333454,0.0,400,101,46,253,231,0.6557669423524303,1.5749227787923925,1.2583015469346278e-06
whisfusion,,voxpopuli,main,main,32,True,legacy,conf,rover_c,2.9975362715576237,2.4121173869623216,3.6096164899448175,0.30875194277798396,0.0,400,159,42,199,231,2.3892153945345433,3.587596316806525,7.656257996538052e-18
whisfusion,,voxpopuli,main,main,32,True,whisper,conf,rover_c,2.1768893756845564,1.593098506633007,2.786046025603622,0.2973068607828541,0.0,400,135,51,214,231,1.5325426056546674,2.786481587123238,1.543691191829127e-10
whisfusion,,voxpopuli,main,main,32,True,legacy,conf,rover_freq,2.42266630166986,1.826279472339255,3.0505296883383304,0.3097180483343335,0.0,400,146,50,204,231,1.7686445478107138,3.0514726595900026,5.9725917228667285e-12
whisfusion,,voxpopuli,main,main,32,True,whisper,conf,rover_freq,2.450711938663746,1.8593901078527697,3.0885143506562183,0.3075805503668677,0.0,400,144,49,207,231,1.8059677839238657,3.079913639520487,3.200503162339718e-12
whisfusion,,voxpopuli,main,main,32,True,legacy,first,rover_cg,10.443471119627704,9.482841154471572,11.39809174635404,0.4977666135244097,0.0,400,281,10,109,231,9.439973653449973,11.538052860326012,7.896970843478004e-47
whisfusion,,voxpopuli,main,main,32,True,whisper,first,rover_cg,9.8986856516977,8.935642424604616,10.87949035795734,0.4872272895786984,0.0,400,276,16,108,231,8.917745311144387,10.940788723305497,1.7903600189317994e-45
whisfusion,,voxpopuli,main,main,32,True,legacy,conf,mbr,0.9991787571858747,0.43982188187391114,1.5473464383028122,0.283203072364188,0.0005,400,101,61,238,231,0.4073580006239127,1.5798129300007415,0.001097417869567969
whisfusion,,voxpopuli,main,main,32,True,whisper,conf,mbr,0.8625410733844469,0.3192313644231993,1.3927782676769547,0.272547644885739,0.0015,400,99,66,235,231,0.31640967464420183,1.425374408237166,0.004506993204192013
whisfusion,,voxpopuli,main,main,32,True,legacy,first,conf,7.391185327128388,6.473495250233218,8.358531443144724,0.4824837600468704,0.0,400,240,25,135,231,6.444766250580167,8.427483511892689,4.0992651199330525e-35
whisfusion,,voxpopuli,main,main,32,True,whisper,first,conf,7.653340635268346,6.6782549608320725,8.630126241825016,0.4907271198609106,0.0,400,245,25,130,231,6.698903122958422,8.690189616185895,2.1106272923106693e-36
whisfusion,,voxpopuli,main,main,32,True,legacy,rover_freq,rover_cg,0.6296194908294552,0.3737408867248886,0.8944970061861124,0.13223176657826602,0.0,400,58,19,323,231,0.3727703083598675,0.8797797913488354,3.327573260059373e-06
whisfusion,,voxpopuli,main,main,32,True,whisper,rover_freq,rover_cg,-0.20536692223439212,-0.40495567342071703,-0.014075907506950277,0.09925807218679364,0.9835,400,18,31,351,231,-0.41093758864319724,-0.01390172996112593,0.04285341188050382
whisper-small,,ami,main,beam,8,True,legacy,conf,rover_cg,3.161189358372457,-0.5869455417149626,10.190613544005226,3.1733406439976903,0.159,352,48,54,250,16,-0.6004982589172694,10.22144962534545,0.7756269394892061
whisper-small,,ami,main,beam,8,True,whisper,conf,rover_cg,2.9302899444787167,-0.8894854186514237,9.772308322086694,3.1277206116840293,0.2105,352,51,62,239,16,-0.8094439082880037,9.50195938045129,0.6686368053939609
whisper-small,,ami,main,beam,8,True,legacy,mbr,rover_cg,-0.5633802816901409,-1.1265785568280458,-0.06017924214329887,0.27950397847397496,0.984,352,24,42,286,16,-0.9425486831220852,-0.21230859636206445,0.028903254548795717
whisper-small,,ami,main,beam,8,True,whisper,mbr,rover_cg,-0.6477483035163479,-1.3115626636008089,-0.05996671747850323,0.32476407762254794,0.9855,352,31,51,270,16,-1.2574534666355874,-0.12173169598552906,0.03991673603972812
whisper-small,,ami,main,beam,8,True,legacy,cm05,rover_cg,-0.7198748043818466,-1.3499942994659986,-0.09226309201980434,0.3263896286557639,0.986,352,32,56,264,16,-1.190518768308468,-0.30000433598177106,0.014586375404949822
whisper-small,,ami,main,beam,8,True,whisper,cm05,rover_cg,-0.987045033929673,-1.665253126936442,-0.35165299573075376,0.3340341432834009,0.9985,352,30,60,262,16,-1.6057878057978419,-0.4536972816818962,0.002909844937852708
whisper-small,,ami,main,beam,8,True,legacy,conf,rover_c,3.78716744913928,0.032395931695093375,10.789579025994659,3.1745041974407653,0.0215,352,52,43,257,16,-0.029029556548667915,10.969685101388754,0.21786251362813125
whisper-small,,ami,main,beam,8,True,whisper,conf,rover_c,3.0228254164096238,-0.7741000892930325,9.93811981665742,3.1266737226600156,0.191,352,47,55,250,16,-0.7466079890784222,9.621013940978505,0.8129569799035244
whisper-small,,ami,main,beam,8,True,legacy,conf,rover_freq,3.912363067292645,0.1834965098972248,11.048111013715245,3.1757003589795016,0.0135,352,50,37,265,16,0.023208759819090728,11.007132173620297,0.1447446071112076
whisper-small,,ami,main,beam,8,True,whisper,conf,rover_freq,3.5471930906847624,-0.2608432641311254,10.4585831888946,3.132324999646218,0.0625,352,42,37,273,16,-0.10441443795427661,10.290570838639479,0.3830445794210897
whisper-small,,ami,main,beam,8,True,legacy,first,rover_cg,3.035993740219092,-0.6363803843452429,9.94002693956583,3.147067160967214,0.199,352,40,48,264,16,-0.56275274866837,10.628907655014997,0.7227681060357514
whisper-small,,ami,main,beam,8,True,whisper,first,rover_cg,2.961135101789019,-0.7352563215341614,9.641782553729453,3.0948755123305114,0.206,352,50,53,249,16,-0.4647688743735228,10.278806256396857,0.8509703157087614
whisper-small,,ami,main,beam,8,True,legacy,conf,mbr,3.724569640062598,-0.0896506095263787,10.879788557814784,3.218821705203928,0.044,352,46,34,272,16,-0.09245329537017184,10.68890586054957,0.3439399211788402
whisper-small,,ami,main,beam,8,True,whisper,conf,mbr,3.5780382479950648,-0.3811250667669235,10.669501639602931,3.182966333289938,0.0795,352,40,35,277,16,-0.24850379176238901,10.343117530781244,0.47740409374458037
whisper-small,,ami,main,beam,8,True,legacy,first,conf,-0.12519561815336464,-1.2152886014131337,0.8809240662777579,0.5250847952673957,0.617,352,18,21,313,16,-1.3112653993203058,1.0136105296303848,0.7978863794794224
whisper-small,,ami,main,beam,8,True,whisper,first,conf,0.030845157310302282,-1.1056038261080425,1.0448919598659727,0.5410879164988668,0.5045,352,22,17,313,16,-1.2442202940168607,1.2116189754502782,0.8419710887841194
whisper-small,,ami,main,beam,8,True,legacy,rover_freq,rover_cg,-0.7511737089201878,-1.2820821302534489,-0.2620538839724689,0.26996615130504353,0.998,352,20,42,290,16,-1.277238239149406,-0.3489310175980934,0.005331399552068115
whisper-small,,ami,main,beam,8,True,whisper,rover_freq,rover_cg,-0.6169031462060457,-1.0828740310699885,-0.1803372369675906,0.23942124964546052,0.9975,352,17,37,298,16,-1.0675404886978626,-0.189094244112377,0.009916369648973139
whisper-small,,ami,main,greedy,1,True,legacy,conf,rover_cg,0.0,0.0,0.0,0.0,1.0,352,0,0,352,16,0.0,0.0,1.0
whisper-small,,ami,main,greedy,1,True,whisper,conf,rover_cg,0.0,0.0,0.0,0.0,1.0,352,0,0,352,16,0.0,0.0,1.0
whisper-small,,ami,main,greedy,1,True,legacy,mbr,rover_cg,0.0,0.0,0.0,0.0,1.0,352,0,0,352,16,0.0,0.0,1.0
whisper-small,,ami,main,greedy,1,True,whisper,mbr,rover_cg,0.0,0.0,0.0,0.0,1.0,352,0,0,352,16,0.0,0.0,1.0
whisper-small,,ami,main,greedy,1,True,legacy,cm05,rover_cg,0.0,0.0,0.0,0.0,1.0,352,0,0,352,16,0.0,0.0,1.0
whisper-small,,ami,main,greedy,1,True,whisper,cm05,rover_cg,0.0,0.0,0.0,0.0,1.0,352,0,0,352,16,0.0,0.0,1.0
whisper-small,,ami,main,greedy,1,True,legacy,conf,rover_c,0.0,0.0,0.0,0.0,1.0,352,0,0,352,16,0.0,0.0,1.0
whisper-small,,ami,main,greedy,1,True,whisper,conf,rover_c,0.0,0.0,0.0,0.0,1.0,352,0,0,352,16,0.0,0.0,1.0
whisper-small,,ami,main,greedy,1,True,legacy,conf,rover_freq,0.0,0.0,0.0,0.0,1.0,352,0,0,352,16,0.0,0.0,1.0
whisper-small,,ami,main,greedy,1,True,whisper,conf,rover_freq,0.0,0.0,0.0,0.0,1.0,352,0,0,352,16,0.0,0.0,1.0
whisper-small,,ami,main,greedy,1,True,legacy,first,rover_cg,0.0,0.0,0.0,0.0,1.0,352,0,0,352,16,0.0,0.0,1.0
whisper-small,,ami,main,greedy,1,True,whisper,first,rover_cg,0.0,0.0,0.0,0.0,1.0,352,0,0,352,16,0.0,0.0,1.0
whisper-small,,ami,main,greedy,1,True,legacy,conf,mbr,0.0,0.0,0.0,0.0,1.0,352,0,0,352,16,0.0,0.0,1.0
whisper-small,,ami,main,greedy,1,True,whisper,conf,mbr,0.0,0.0,0.0,0.0,1.0,352,0,0,352,16,0.0,0.0,1.0
whisper-small,,ami,main,greedy,1,True,legacy,first,conf,0.0,0.0,0.0,0.0,1.0,352,0,0,352,16,0.0,0.0,1.0
whisper-small,,ami,main,greedy,1,True,whisper,first,conf,0.0,0.0,0.0,0.0,1.0,352,0,0,352,16,0.0,0.0,1.0
whisper-small,,ami,main,greedy,1,True,legacy,rover_freq,rover_cg,0.0,0.0,0.0,0.0,1.0,352,0,0,352,16,0.0,0.0,1.0
whisper-small,,ami,main,greedy,1,True,whisper,rover_freq,rover_cg,0.0,0.0,0.0,0.0,1.0,352,0,0,352,16,0.0,0.0,1.0
whisper-small,,ami,main,sample,16,True,legacy,conf,rover_cg,5.41471048513302,-0.5501329384444519,19.97764196184782,5.506405248730992,0.122,352,45,37,270,16,-0.9268153241708492,17.596650594529553,0.23595067155147897
whisper-small,,ami,main,sample,16,True,whisper,conf,rover_cg,6.2615669339913635,0.21297041483035,20.687682366878455,5.480656356320718,0.014,352,55,30,267,16,-0.22216160293150752,19.028927523894993,0.005173729047453482
whisper-small,,ami,main,sample,16,True,legacy,mbr,rover_cg,-0.18779342723004694,-0.6814044757359055,0.31461662298160337,0.25243736097784125,0.7845,352,21,29,302,16,-0.6714132128047041,0.26489793087341246,0.4595276734423527
whisper-small,,ami,main,sample,16,True,whisper,mbr,rover_cg,0.7094386181369525,0.17527640480861878,1.2291569370122584,0.27023795234008025,0.0055,352,36,21,295,16,0.1634552216361167,1.2472001148670822,0.009148988344717262
whisper-small,,ami,main,sample,16,True,legacy,cm05,rover_cg,-0.2190923317683881,-0.8125924282521362,0.36577396965945186,0.30229924561348526,0.775,352,28,31,293,16,-0.8139005916844705,0.27682891196567216,0.4898678382077982
whisper-small,,ami,main,sample,16,True,whisper,cm05,rover_cg,0.4935225169648365,-0.12560057114557135,1.1208584459763438,0.3130504969394197,0.063,352,35,24,293,16,-0.09428221380237238,1.019865605249433,0.1424545837430335
whisper-small,,ami,main,sample,16,True,legacy,conf,rover_c,5.727699530516432,-0.23943182508087668,20.333820459365548,5.507827089021592,0.056,352,46,32,274,16,-0.5604753841968984,17.88732209782182,0.10650496006375308
whisper-small,,ami,main,sample,16,True,whisper,conf,rover_c,6.199876619370759,0.11446302321048792,20.516478905550624,5.476267321823586,0.0175,352,49,27,276,16,-0.3788535493632581,18.892700129388032,0.011572507789671869
whisper-small,,ami,main,sample,16,True,legacy,conf,rover_freq,6.071987480438184,0.0925039576531117,20.717631180567192,5.506339113012151,0.019,352,54,31,267,16,-0.31438358148826734,18.41918238815533,0.012647769108219955
whisper-small,,ami,main,sample,16,True,whisper,conf,rover_freq,6.076495990129549,0.0,20.414881658036535,5.478498567655948,0.0255,352,50,31,271,16,-0.3953334901295374,19.034778457929292,0.022850538235364152
whisper-small,,ami,main,sample,16,True,legacy,first,rover_cg,0.9076682316118936,-0.42907938139913465,2.313423757387664,0.7048194209433117,0.1,352,67,54,231,16,-0.20696088513272798,1.9476594364610356,0.07371221718118373
whisper-small,,ami,main,sample,16,True,whisper,first,rover_cg,2.066625539790253,0.7433075550267698,3.4188877920368537,0.6887316167290224,0.002,352,75,41,236,16,1.0914292587340855,3.431179131770487,0.00031803620094465214
whisper-small,,ami,main,sample,16,True,legacy,conf,mbr,5.602503912363067,-0.48331523403282284,20.214891845192145,5.517101433571537,0.093,352,52,35,265,16,-0.9480447339201414,17.841381107599336,0.13059586609920898
whisper-small,,ami,main,sample,16,True,whisper,conf,mbr,5.552128315854411,-0.596989058763746,19.95165411408424,5.490535768088855,0.0995,352,47,36,269,16,-1.1986803195255498,18.39750088783494,0.22732123103130208
whisper-small,,ami,main,sample,16,True,legacy,first,conf,-4.507042253521127,-19.11057508510677,1.8588659804529557,5.5352130115246405,0.7075,352,59,57,236,16,-16.27220522230262,1.8564136514648122,0.6632168383022563
whisper-small,,ami,main,sample,16,True,whisper,first,conf,-4.19494139420111,-18.78107225033059,2.1107913311307858,5.493831678963778,0.6755,352,60,46,246,16,-16.387780574422433,2.3862820111202434,0.24856112843205547
whisper-small,,ami,main,sample,16,True,legacy,rover_freq,rover_cg,-0.6572769953051644,-1.1518643345230415,-0.14998375767359556,0.2552051175018965,0.995,352,18,38,296,16,-1.1863353886339763,-0.2654080406836359,0.009312430591663656
whisper-small,,ami,main,sample,16,True,whisper,rover_freq,rover_cg,0.1850709438618137,-0.18762019597667814,0.5638595000787877,0.18906337082107927,0.1845,352,20,15,317,16,-0.3219391537193083,0.5426044817345466,0.3303900488487943
whisper-small,,common_voice,main,beam,8,True,legacy,conf,rover_cg,-0.6681514476614699,-1.8103366126691807,0.4402704041713928,0.5730575513019156,0.8975,147,15,24,108,147,,,0.18539227144835624
whisper-small,,common_voice,main,beam,8,True,whisper,conf,rover_cg,-1.0115606936416186,-2.212223944863445,0.14599608853170312,0.60789711294955,0.962,147,13,23,111,147,,,0.094079741167181
whisper-small,,common_voice,main,beam,8,True,legacy,mbr,rover_cg,-0.2969561989606533,-1.0280138526113343,0.44594185427121497,0.3773870628468416,0.824,147,11,15,121,147,,,0.43276758066778476
whisper-small,,common_voice,main,beam,8,True,whisper,mbr,rover_cg,-0.7225433526011561,-1.443020631850419,-0.07456982633019602,0.34579566864628697,0.992,147,5,13,129,147,,,0.04085364794849448
whisper-small,,common_voice,main,beam,8,True,legacy,cm05,rover_cg,-0.6681514476614699,-1.5038728041824017,0.15026578467204824,0.4304148410812049,0.954,147,11,19,117,147,,,0.11718508719813799
whisper-small,,common_voice,main,beam,8,True,whisper,cm05,rover_cg,-1.0115606936416186,-1.857482852727172,-0.2930029154518953,0.4055471204463724,0.9965,147,7,18,122,147,,,0.016029122976357547
whisper-small,,common_voice,main,beam,8,True,legacy,conf,rover_c,-0.5939123979213066,-1.5861040804013096,0.44743564058900126,0.521917603398569,0.891,147,11,19,117,147,,,0.198817040165444
whisper-small,,common_voice,main,beam,8,True,whisper,conf,rover_c,-1.0115606936416186,-2.2331789350106392,0.14925651800742365,0.6181248449357688,0.9605,147,13,22,112,147,,,0.11046403897463704
whisper-small,,common_voice,main,beam,8,True,legacy,conf,rover_freq,-0.5196733481811433,-1.55682296250902,0.5331302361005331,0.530494856887207,0.8665,147,11,16,120,147,,,0.2655605324745677
whisper-small,,common_voice,main,beam,8,True,whisper,conf,rover_freq,-0.7225433526011561,-1.8923394649916385,0.43449142362289783,0.5886536538003896,0.9065,147,12,18,117,147,,,0.23309992290284487
whisper-small,,common_voice,main,beam,8,True,legacy,first,rover_cg,-0.44543429844098,-1.4075627945495972,0.4653554607006169,0.48861400800890253,0.8315,147,14,19,114,147,,,0.3538576851505112
whisper-small,,common_voice,main,beam,8,True,whisper,first,rover_cg,-0.7947976878612717,-1.6267355342448977,0.0,0.42909127252871726,0.976,147,8,17,122,147,,,0.07199003808310757
whisper-small,,common_voice,main,beam,8,True,legacy,conf,mbr,-0.3711952487008166,-1.385833972173874,0.6211663860993398,0.5069526807431616,0.795,147,10,13,124,147,,,0.45751223345811265
whisper-small,,common_voice,main,beam,8,True,whisper,conf,mbr,-0.28901734104046245,-1.4563726427453563,0.8684969419121753,0.5795383533517761,0.716,147,11,13,123,147,,,0.6476385392855816
whisper-small,,common_voice,main,beam,8,True,legacy,first,conf,0.22271714922049,-0.7548460170900958,1.2399934514207223,0.4981213401822913,0.336,147,9,7,131,147,,,0.5249954316443849
whisper-small,,common_voice,main,beam,8,True,whisper,first,conf,0.21676300578034682,-0.8345505438166677,1.346610505814851,0.5535219881393219,0.363,147,9,7,131,147,,,0.7134114647353613
whisper-small,,common_voice,main,beam,8,True,legacy,rover_freq,rover_cg,-0.14847809948032664,-0.8922932555227643,0.5896341423413923,0.38001418868689024,0.695,147,12,14,121,147,,,0.6948866023724733
whisper-small,,common_voice,main,beam,8,True,whisper,rover_freq,rover_cg,-0.28901734104046245,-0.7630188915743192,0.14317162519808277,0.22858641487115944,0.9355,147,3,7,137,147,,,0.2059032107320683
whisper-small,,common_voice,main,greedy,1,True,legacy,conf,rover_cg,0.0,0.0,0.0,0.0,1.0,147,0,0,147,147,,,1.0
whisper-small,,common_voice,main,greedy,1,True,whisper,conf,rover_cg,0.0,0.0,0.0,0.0,1.0,147,0,0,147,147,,,1.0
whisper-small,,common_voice,main,greedy,1,True,legacy,mbr,rover_cg,0.0,0.0,0.0,0.0,1.0,147,0,0,147,147,,,1.0
whisper-small,,common_voice,main,greedy,1,True,whisper,mbr,rover_cg,0.0,0.0,0.0,0.0,1.0,147,0,0,147,147,,,1.0
whisper-small,,common_voice,main,greedy,1,True,legacy,cm05,rover_cg,0.0,0.0,0.0,0.0,1.0,147,0,0,147,147,,,1.0
whisper-small,,common_voice,main,greedy,1,True,whisper,cm05,rover_cg,0.0,0.0,0.0,0.0,1.0,147,0,0,147,147,,,1.0
whisper-small,,common_voice,main,greedy,1,True,legacy,conf,rover_c,0.0,0.0,0.0,0.0,1.0,147,0,0,147,147,,,1.0
whisper-small,,common_voice,main,greedy,1,True,whisper,conf,rover_c,0.0,0.0,0.0,0.0,1.0,147,0,0,147,147,,,1.0
whisper-small,,common_voice,main,greedy,1,True,legacy,conf,rover_freq,0.0,0.0,0.0,0.0,1.0,147,0,0,147,147,,,1.0
whisper-small,,common_voice,main,greedy,1,True,whisper,conf,rover_freq,0.0,0.0,0.0,0.0,1.0,147,0,0,147,147,,,1.0
whisper-small,,common_voice,main,greedy,1,True,legacy,first,rover_cg,0.0,0.0,0.0,0.0,1.0,147,0,0,147,147,,,1.0
whisper-small,,common_voice,main,greedy,1,True,whisper,first,rover_cg,0.0,0.0,0.0,0.0,1.0,147,0,0,147,147,,,1.0
whisper-small,,common_voice,main,greedy,1,True,legacy,conf,mbr,0.0,0.0,0.0,0.0,1.0,147,0,0,147,147,,,1.0
whisper-small,,common_voice,main,greedy,1,True,whisper,conf,mbr,0.0,0.0,0.0,0.0,1.0,147,0,0,147,147,,,1.0
whisper-small,,common_voice,main,greedy,1,True,legacy,first,conf,0.0,0.0,0.0,0.0,1.0,147,0,0,147,147,,,1.0
whisper-small,,common_voice,main,greedy,1,True,whisper,first,conf,0.0,0.0,0.0,0.0,1.0,147,0,0,147,147,,,1.0
whisper-small,,common_voice,main,greedy,1,True,legacy,rover_freq,rover_cg,0.0,0.0,0.0,0.0,1.0,147,0,0,147,147,,,1.0
whisper-small,,common_voice,main,greedy,1,True,whisper,rover_freq,rover_cg,0.0,0.0,0.0,0.0,1.0,147,0,0,147,147,,,1.0
whisper-small,,common_voice,main,sample,16,True,legacy,conf,rover_cg,0.07423904974016332,-1.7181860636585045,2.146616332065216,0.978067660731546,0.4845,147,19,24,104,147,,,0.49391670271134813
whisper-small,,common_voice,main,sample,16,True,whisper,conf,rover_cg,-0.5057803468208093,-2.103104391390382,1.301755422598517,0.8605909454867534,0.7455,147,15,23,109,147,,,0.32319534357471225
whisper-small,,common_voice,main,sample,16,True,legacy,mbr,rover_cg,0.89086859688196,0.0,1.8699414147118474,0.4818647998948634,0.033,147,18,9,120,147,,,0.06788915486182905
whisper-small,,common_voice,main,sample,16,True,whisper,mbr,rover_cg,0.36127167630057805,-0.37286303382416774,1.2033391237212883,0.403726363329778,0.222,147,8,7,132,147,,,0.4988101975605288
whisper-small,,common_voice,main,sample,16,True,legacy,cm05,rover_cg,-0.22271714922049,-1.4696364232385264,1.1558667208333275,0.6786206207697925,0.6505,147,14,17,116,147,,,0.4827248598891438
whisper-small,,common_voice,main,sample,16,True,whisper,cm05,rover_cg,-0.8670520231213873,-1.9341667934208415,0.1455763681401465,0.5311495906047935,0.9545,147,9,16,122,147,,,0.08834934674002146
whisper-small,,common_voice,main,sample,16,True,legacy,conf,rover_c,0.22271714922049,-1.535589401746916,2.203755661202469,0.9480287622260977,0.429,147,14,19,114,147,,,0.560758852298423
whisper-small,,common_voice,main,sample,16,True,whisper,conf,rover_c,-0.5780346820809249,-2.0833333333333335,1.0815686178354509,0.8067179057388155,0.7815,147,15,23,109,147,,,0.28633337084958266
whisper-small,,common_voice,main,sample,16,True,legacy,conf,rover_freq,-0.5196733481811433,-2.0397416934310004,1.0844741431096245,0.8020893252571484,0.7615,147,11,19,117,147,,,0.3124173892510037
whisper-small,,common_voice,main,sample,16,True,whisper,conf,rover_freq,-0.43352601156069365,-2.024620861337745,1.342281879194631,0.8340002549394369,0.7185,147,13,21,113,147,,,0.3869300094505854
whisper-small,,common_voice,main,sample,16,True,legacy,first,rover_cg,2.5241276911655532,1.2240171941693723,3.9091517524754247,0.6752204917163565,0.0005,147,35,11,101,147,,,0.0002964318084594671
whisper-small,,common_voice,main,sample,16,True,whisper,first,rover_cg,1.80635838150289,0.3810830595463489,3.191953348873808,0.7295693380749227,0.0085,147,30,11,106,147,,,0.017131836411597424
whisper-small,,common_voice,main,sample,16,True,legacy,conf,mbr,-0.8166295471417966,-2.402765303067418,0.8286620832487664,0.8212465765596644,0.847,147,11,22,114,147,,,0.1405157050367554
whisper-small,,common_voice,main,sample,16,True,whisper,conf,mbr,-0.8670520231213873,-2.6451236058142746,0.9769884447597921,0.8962541340377553,0.851,147,12,23,112,147,,,0.1999898285118843
whisper-small,,common_voice,main,sample,16,True,legacy,first,conf,2.4498886414253898,0.5354962020823818,4.280321004483478,0.9605124045692773,0.0055,147,36,13,98,147,,,0.006232023327397989
whisper-small,,common_voice,main,sample,16,True,whisper,first,conf,2.3121387283236996,0.38876886691788454,4.221455291042556,0.9732347003689372,0.0105,147,37,14,96,147,,,0.013572963751033222
whisper-small,,common_voice,main,sample,16,True,legacy,rover_freq,rover_cg,0.5939123979213066,-0.368752003087207,1.6801032267707772,0.5317087412466668,0.1405,147,16,12,119,147,,,0.36917141633269157
whisper-small,,common_voice,main,sample,16,True,whisper,rover_freq,rover_cg,-0.07225433526011561,-0.6370905368516833,0.44547578822287626,0.27412507842468226,0.679,147,6,6,135,147,,,0.7962534147376392
whisper-small,,earnings22,main,beam,8,True,legacy,conf,rover_cg,0.5826433609322293,-0.30886812653671913,1.506875656158479,0.45220031273219663,0.101,200,39,34,127,6,0.02714440825190011,1.184956208140134,0.37537810265859195
whisper-small,,earnings22,main,beam,8,True,whisper,conf,rover_cg,-0.6220839813374806,-1.629832724050072,0.4468604216083729,0.5366301724724127,0.8895,200,28,53,119,6,-1.140460588672186,0.1750075129202869,0.011358749091350998
whisper-small,,earnings22,main,beam,8,True,legacy,mbr,rover_cg,0.33731984053971176,-0.1817525102940114,0.8349468470028324,0.25734602478828994,0.104,200,27,17,156,6,-0.29673590504451036,0.9611829944547134,0.15735869691008686
whisper-small,,earnings22,main,beam,8,True,whisper,mbr,rover_cg,-0.4665629860031104,-0.9585350017383789,0.0007359434795367552,0.24944593762090092,0.975,200,22,36,142,6,-0.8764241893076249,-0.23993601706211676,0.06709965059921245
whisper-small,,earnings22,main,beam,8,True,legacy,cm05,rover_cg,0.27598896044158233,-0.31192002666660434,0.9037127801619259,0.31170479276707624,0.2045,200,28,25,147,6,-0.08835539647845216,0.7496876301541024,0.5372975471989849
whisper-small,,earnings22,main,beam,8,True,whisper,cm05,rover_cg,-0.7465007776049767,-1.5240249151090421,0.09769150556067359,0.4140236743857273,0.958,200,20,44,136,6,-1.6608184868013462,0.45450608716605756,0.0012337956049221638
whisper-small,,earnings22,main,beam,8,True,legacy,conf,rover_c,0.613308800981294,-0.2893273362086828,1.6253748214117663,0.48073362142987264,0.098,200,36,33,131,6,0.16286644951140064,1.20942075111394,0.5033482300006141
whisper-small,,earnings22,main,beam,8,True,whisper,conf,rover_c,-0.4976671850699845,-1.5151874192158552,0.5662565297472051,0.5294369035474237,0.843,200,26,49,125,6,-0.9254362771020624,0.1955235102619359,0.021802730824584695
whisper-small,,earnings22,main,beam,8,True,legacy,conf,rover_freq,0.18399264029438822,-0.6942206152433426,1.1850900277750078,0.4877289998801195,0.382,200,30,35,135,6,-0.33269961977186313,0.7361268403171007,0.749628594541228
whisper-small,,earnings22,main,beam,8,True,whisper,conf,rover_freq,-0.2177293934681182,-1.1824574204381897,0.8257465085023079,0.5184033319508894,0.6835,200,24,37,139,6,-0.7288972490007054,0.5869951410093528,0.12003622391608151
whisper-small,,earnings22,main,beam,8,True,legacy,first,rover_cg,0.33731984053971176,-0.4110561993390449,1.092782393540681,0.3848090409397596,0.197,200,31,26,143,6,-0.29625639644492324,1.6464131713053705,0.43162512473262127
whisper-small,,earnings22,main,beam,8,True,whisper,first,rover_cg,-0.4354587869362364,-1.3183220066049837,0.5217129262580235,0.4708876589067374,0.8385,200,25,44,131,6,-1.0479041916167664,0.40144520272982737,0.029708914022147318
whisper-small,,earnings22,main,beam,8,True,legacy,conf,mbr,0.24532352039251762,-0.6314538699092839,1.2655107008181865,0.47167157540169463,0.331,200,27,27,146,6,-0.2885624344176285,0.8233532934131736,0.9822105103500405
whisper-small,,earnings22,main,beam,8,True,whisper,conf,mbr,-0.15552099533437014,-1.1364061776797627,0.8703894980602018,0.5025166467024795,0.656,200,21,29,150,6,-0.7105637138796779,0.7370304793040171,0.23244406973035803
whisper-small,,earnings22,main,beam,8,True,legacy,first,conf,-0.24532352039251762,-1.0631476535323219,0.48892359150003367,0.3873715328362235,0.7415,200,17,21,162,6,-0.8686330925305036,0.6172839506172839,0.9221045559954854
whisper-small,,earnings22,main,beam,8,True,whisper,first,conf,0.18662519440124417,-0.4602500739238795,0.8382231035547678,0.3317568427612488,0.296,200,20,17,163,6,-0.1199434038774811,0.4750637322253301,0.40555731316601196
whisper-small,,earnings22,main,beam,8,True,legacy,rover_freq,rover_cg,0.3986507206378411,-0.08760604539193348,0.8610635830846107,0.2440341866947924,0.06,200,30,16,154,6,-0.2528800224782242,0.9346106751961616,0.08113369824921157
whisper-small,,earnings22,main,beam,8,True,whisper,rover_freq,rover_cg,-0.40435458786936235,-0.7672941373015815,-0.08575292363773004,0.17375660866010373,0.9965,200,8,20,172,6,-1.0096153846153846,-0.05033979360684621,0.01955026909288555
whisper-small,,earnings22,main,greedy,1,True,legacy,conf,rover_cg,0.0,0.0,0.0,0.0,1.0,200,0,0,200,6,0.0,0.0,1.0
whisper-small,,earnings22,main,greedy,1,True,whisper,conf,rover_cg,0.0,0.0,0.0,0.0,1.0,200,0,0,200,6,0.0,0.0,1.0
whisper-small,,earnings22,main,greedy,1,True,legacy,mbr,rover_cg,0.0,0.0,0.0,0.0,1.0,200,0,0,200,6,0.0,0.0,1.0
whisper-small,,earnings22,main,greedy,1,True,whisper,mbr,rover_cg,0.0,0.0,0.0,0.0,1.0,200,0,0,200,6,0.0,0.0,1.0
whisper-small,,earnings22,main,greedy,1,True,legacy,cm05,rover_cg,0.0,0.0,0.0,0.0,1.0,200,0,0,200,6,0.0,0.0,1.0
whisper-small,,earnings22,main,greedy,1,True,whisper,cm05,rover_cg,0.0,0.0,0.0,0.0,1.0,200,0,0,200,6,0.0,0.0,1.0
whisper-small,,earnings22,main,greedy,1,True,legacy,conf,rover_c,0.0,0.0,0.0,0.0,1.0,200,0,0,200,6,0.0,0.0,1.0
whisper-small,,earnings22,main,greedy,1,True,whisper,conf,rover_c,0.0,0.0,0.0,0.0,1.0,200,0,0,200,6,0.0,0.0,1.0
whisper-small,,earnings22,main,greedy,1,True,legacy,conf,rover_freq,0.0,0.0,0.0,0.0,1.0,200,0,0,200,6,0.0,0.0,1.0
whisper-small,,earnings22,main,greedy,1,True,whisper,conf,rover_freq,0.0,0.0,0.0,0.0,1.0,200,0,0,200,6,0.0,0.0,1.0
whisper-small,,earnings22,main,greedy,1,True,legacy,first,rover_cg,0.0,0.0,0.0,0.0,1.0,200,0,0,200,6,0.0,0.0,1.0
whisper-small,,earnings22,main,greedy,1,True,whisper,first,rover_cg,0.0,0.0,0.0,0.0,1.0,200,0,0,200,6,0.0,0.0,1.0
whisper-small,,earnings22,main,greedy,1,True,legacy,conf,mbr,0.0,0.0,0.0,0.0,1.0,200,0,0,200,6,0.0,0.0,1.0
whisper-small,,earnings22,main,greedy,1,True,whisper,conf,mbr,0.0,0.0,0.0,0.0,1.0,200,0,0,200,6,0.0,0.0,1.0
whisper-small,,earnings22,main,greedy,1,True,legacy,first,conf,0.0,0.0,0.0,0.0,1.0,200,0,0,200,6,0.0,0.0,1.0
whisper-small,,earnings22,main,greedy,1,True,whisper,first,conf,0.0,0.0,0.0,0.0,1.0,200,0,0,200,6,0.0,0.0,1.0
whisper-small,,earnings22,main,greedy,1,True,legacy,rover_freq,rover_cg,0.0,0.0,0.0,0.0,1.0,200,0,0,200,6,0.0,0.0,1.0
whisper-small,,earnings22,main,greedy,1,True,whisper,rover_freq,rover_cg,0.0,0.0,0.0,0.0,1.0,200,0,0,200,6,0.0,0.0,1.0
whisper-small,,earnings22,main,sample,16,True,legacy,conf,rover_cg,-3.9865072063784117,-6.889487814594928,-1.21040743451251,1.4920655513709815,0.9995,200,38,42,120,6,-6.813489332415692,-1.0806735360643378,0.24920723566214364
whisper-small,,earnings22,main,sample,16,True,whisper,conf,rover_cg,-5.069984447900467,-8.270497462307807,-2.0058202511438052,1.617076815709446,1.0,200,29,46,125,6,-8.161350844277674,-1.8324607329842932,0.009228362241550882
whisper-small,,earnings22,main,sample,16,True,legacy,mbr,rover_cg,0.827966881324747,0.2908991679407268,1.407620623390751,0.28010768401106134,0.0015,200,40,21,139,6,0.10040160642570281,1.5178571428571428,0.005117135035683907
whisper-small,,earnings22,main,sample,16,True,whisper,mbr,rover_cg,0.37325038880248834,-0.2641951370291773,0.9918859782750276,0.318855534287617,0.141,200,34,27,139,6,-0.07677543186180422,1.0610079575596818,0.24706302283364734
whisper-small,,earnings22,main,sample,16,True,legacy,cm05,rover_cg,-0.613308800981294,-2.1918889450482006,0.5559850762254163,0.7160936760395002,0.8045,200,35,31,134,6,-2.1051475233466563,0.736105999263894,0.6141940241631731
whisper-small,,earnings22,main,sample,16,True,whisper,cm05,rover_cg,-1.3374805598755832,-2.998601897120493,-0.1482526711343588,0.7505003037491063,0.989,200,25,36,139,6,-2.683208309290248,-0.03732736095558044,0.11589224182426511
whisper-small,,earnings22,main,sample,16,True,legacy,conf,rover_c,-4.047838086476541,-7.007639053561372,-1.2610265331085642,1.4930549637164814,1.0,200,33,41,126,6,-7.223168654173765,-0.9801457652676552,0.13776826549304907
whisper-small,,earnings22,main,sample,16,True,whisper,conf,rover_c,-4.914463452566096,-8.166547435615232,-1.8278471047874525,1.6234091259616306,1.0,200,27,40,133,6,-7.943173950716654,-1.8324607329842932,0.016513881913578686
whisper-small,,earnings22,main,sample,16,True,legacy,conf,rover_freq,-4.017172646427476,-6.971919556102497,-1.2623189373076662,1.4909125559692207,1.0,200,30,32,138,6,-6.950596252129472,-1.1847582452769774,0.15274472763337
whisper-small,,earnings22,main,sample,16,True,whisper,conf,rover_freq,-4.7589424572317265,-7.941838475022889,-1.746749810241639,1.6098039305161815,1.0,200,24,35,141,6,-7.856093979441997,-1.5706806282722514,0.028630612468293657
whisper-small,,earnings22,main,sample,16,True,legacy,first,rover_cg,2.5452315240723706,-0.2922620321980051,5.76466620237171,1.5367234410539625,0.04,200,67,28,105,6,0.4343582129531855,4.6613255644573925,3.323969659325787e-06
whisper-small,,earnings22,main,sample,16,True,whisper,first,rover_cg,1.8973561430793158,-1.2752768128008574,5.33035956003226,1.6802559217555069,0.11,200,60,26,114,6,0.06007810153199159,4.017761349700571,0.00010920349515590023
whisper-small,,earnings22,main,sample,16,True,legacy,conf,mbr,-4.814474087703158,-7.993082262422022,-1.859614867633127,1.6037066806116695,1.0,200,23,35,142,6,-8.051341890315053,-1.601024655779699,0.029333336133127136
whisper-small,,earnings22,main,sample,16,True,whisper,conf,mbr,-5.443234836702955,-8.84675640049625,-2.194087040196819,1.7323672511243677,1.0,200,19,33,148,6,-9.019812304483837,-1.9431279620853081,0.004054680488352133
whisper-small,,earnings22,main,sample,16,True,legacy,first,conf,6.531738730450782,3.690622512187034,9.951474432366812,1.6097615169784816,0.0,200,69,28,103,6,2.9726927065330107,10.374311547085433,4.2440241933271905e-06
whisper-small,,earnings22,main,sample,16,True,whisper,first,conf,6.9673405909797825,4.020281560670301,10.764631137906305,1.689571076073821,0.0,200,65,24,111,6,3.0512072167683737,11.374213153896235,6.029534717675641e-07
whisper-small,,earnings22,main,sample,16,True,legacy,rover_freq,rover_cg,0.030665440049064702,-0.40289482869551774,0.4610173375962215,0.22226972369248052,0.4805,200,23,23,154,6,-0.4803056181580228,0.5231949773282176,0.8884487422476885
whisper-small,,earnings22,main,sample,16,True,whisper,rover_freq,rover_cg,-0.3110419906687403,-0.7187829923266115,0.09135968521096643,0.20658721227111948,0.9475,200,14,22,164,6,-0.5411563657077756,-0.07079646017699115,0.12171493311542815
whisper-small,,fleurs-en,main,beam,8,True,legacy,conf,rover_cg,-0.06928406466512702,-0.4401239126843604,0.32255115861993644,0.18829141091769183,0.659,200,17,18,165,168,-0.47455311936174877,0.31541096413123343,0.6043084682480997
whisper-small,,fleurs-en,main,beam,8,True,whisper,conf,rover_cg,-0.326644890340644,-0.682478372196568,0.04786582978529948,0.18803682601243377,0.954,200,11,20,169,168,-0.7080633035268028,0.04680936947883163,0.07099149557525984
whisper-small,,fleurs-en,main,beam,8,True,legacy,mbr,rover_cg,-0.06928406466512702,-0.34176934376732776,0.20330303097738978,0.13881476885060648,0.696,200,12,11,177,168,-0.33413286740385645,0.17508331475702138,0.5565618686098166
whisper-small,,fleurs-en,main,beam,8,True,whisper,mbr,rover_cg,-0.163322445170322,-0.41813062150555064,0.07077349772892978,0.12441800897252343,0.9235,200,6,12,182,168,-0.407147704139335,0.07063699514699512,0.18235512622739203
whisper-small,,fleurs-en,main,beam,8,True,legacy,cm05,rover_cg,-0.16166281755196305,-0.4636803921508526,0.13966805854207123,0.15199061557251717,0.868,200,14,17,169,168,-0.46235540666213043,0.13471912586353982,0.26684892038026786
whisper-small,,fleurs-en,main,beam,8,True,whisper,cm05,rover_cg,-0.163322445170322,-0.4233995553086689,0.09389836789116185,0.13203644088171723,0.903,200,9,16,175,168,-0.41673088779284834,0.09835344463221325,0.21113063907924234
whisper-small,,fleurs-en,main,beam,8,True,legacy,conf,rover_c,-0.09237875288683603,-0.43528313505375127,0.2829155683425484,0.17825852670104156,0.7285,200,13,18,169,168,-0.4667580889649833,0.2772723424506241,0.5630381920125986
whisper-small,,fleurs-en,main,beam,8,True,whisper,conf,rover_c,-0.2799813345776948,-0.6387028758052445,0.11526714654231314,0.18955981814376432,0.93,200,10,18,172,168,-0.6895782683927,0.0943680153407238,0.13107962365784434
whisper-small,,fleurs-en,main,beam,8,True,legacy,conf,rover_freq,-0.046189376443418015,-0.35874878928994564,0.2804491995725044,0.16176076121291957,0.6445,200,9,12,179,168,-0.38800325058326995,0.2903023999171643,0.7601530755437482
whisper-small,,fleurs-en,main,beam,8,True,whisper,conf,rover_freq,-0.18665422305179655,-0.535637353059016,0.16644978925821952,0.1764162920863815,0.872,200,9,15,176,168,-0.5530113373622695,0.18311714131008966,0.2787300154422615
whisper-small,,fleurs-en,main,beam,8,True,legacy,first,rover_cg,-0.13856812933025403,-0.4404729097553669,0.1589825119236884,0.15344297544456026,0.829,200,13,13,174,168,-0.4750678515109135,0.17142709336686554,0.2937239149992744
whisper-small,,fleurs-en,main,beam,8,True,whisper,first,rover_cg,-0.2333177788147457,-0.5118336736805552,0.023596593164884903,0.13634637597078159,0.9685,200,7,15,178,168,-0.5243151162880559,0.024894828780217985,0.08828003165497275
whisper-small,,fleurs-en,main,beam,8,True,legacy,conf,mbr,0.0,-0.3483006867383143,0.3774519653889897,0.18675444341066963,0.54,200,10,13,177,168,-0.37704387455155286,0.3842350499521838,0.9502615864176547
whisper-small,,fleurs-en,main,beam,8,True,whisper,conf,mbr,-0.163322445170322,-0.5246921273651558,0.21264166772671364,0.18946619359054348,0.821,200,10,15,175,168,-0.540630055179381,0.2262474057389424,0.419668328907879
whisper-small,,fleurs-en,main,beam,8,True,legacy,first,conf,-0.06928406466512702,-0.38841165661678617,0.20675076762782787,0.14990541132428675,0.7095,200,9,6,185,168,-0.3852847559272551,0.2100963221039468,0.619861586932168
whisper-small,,fleurs-en,main,beam,8,True,whisper,first,conf,0.09332711152589827,-0.2140068719034252,0.4191895668374476,0.1606978775598361,0.301,200,11,6,183,168,-0.23464542371205335,0.3923278116826504,0.6268135758578905
whisper-small,,fleurs-en,main,beam,8,True,legacy,rover_freq,rover_cg,-0.023094688221709007,-0.2790081275829166,0.21546452914120692,0.1295576231743321,0.5875,200,12,10,178,168,-0.27642325004203705,0.24214691616891418,0.818878048060462
whisper-small,,fleurs-en,main,beam,8,True,whisper,rover_freq,rover_cg,-0.1399906672888474,-0.31941957063362875,0.0464727362259335,0.0942179332905123,0.9445,200,4,9,187,168,-0.34800397941660893,0.044796103063761354,0.13361440253771611
whisper-small,,fleurs-en,main,greedy,1,True,legacy,conf,rover_cg,0.0,0.0,0.0,0.0,1.0,200,0,0,200,168,0.0,0.0,1.0
whisper-small,,fleurs-en,main,greedy,1,True,whisper,conf,rover_cg,0.0,0.0,0.0,0.0,1.0,200,0,0,200,168,0.0,0.0,1.0
whisper-small,,fleurs-en,main,greedy,1,True,legacy,mbr,rover_cg,0.0,0.0,0.0,0.0,1.0,200,0,0,200,168,0.0,0.0,1.0
whisper-small,,fleurs-en,main,greedy,1,True,whisper,mbr,rover_cg,0.0,0.0,0.0,0.0,1.0,200,0,0,200,168,0.0,0.0,1.0
whisper-small,,fleurs-en,main,greedy,1,True,legacy,cm05,rover_cg,0.0,0.0,0.0,0.0,1.0,200,0,0,200,168,0.0,0.0,1.0
whisper-small,,fleurs-en,main,greedy,1,True,whisper,cm05,rover_cg,0.0,0.0,0.0,0.0,1.0,200,0,0,200,168,0.0,0.0,1.0
whisper-small,,fleurs-en,main,greedy,1,True,legacy,conf,rover_c,0.0,0.0,0.0,0.0,1.0,200,0,0,200,168,0.0,0.0,1.0
whisper-small,,fleurs-en,main,greedy,1,True,whisper,conf,rover_c,0.0,0.0,0.0,0.0,1.0,200,0,0,200,168,0.0,0.0,1.0
whisper-small,,fleurs-en,main,greedy,1,True,legacy,conf,rover_freq,0.0,0.0,0.0,0.0,1.0,200,0,0,200,168,0.0,0.0,1.0
whisper-small,,fleurs-en,main,greedy,1,True,whisper,conf,rover_freq,0.0,0.0,0.0,0.0,1.0,200,0,0,200,168,0.0,0.0,1.0
whisper-small,,fleurs-en,main,greedy,1,True,legacy,first,rover_cg,0.0,0.0,0.0,0.0,1.0,200,0,0,200,168,0.0,0.0,1.0
whisper-small,,fleurs-en,main,greedy,1,True,whisper,first,rover_cg,0.0,0.0,0.0,0.0,1.0,200,0,0,200,168,0.0,0.0,1.0
whisper-small,,fleurs-en,main,greedy,1,True,legacy,conf,mbr,0.0,0.0,0.0,0.0,1.0,200,0,0,200,168,0.0,0.0,1.0
whisper-small,,fleurs-en,main,greedy,1,True,whisper,conf,mbr,0.0,0.0,0.0,0.0,1.0,200,0,0,200,168,0.0,0.0,1.0
whisper-small,,fleurs-en,main,greedy,1,True,legacy,first,conf,0.0,0.0,0.0,0.0,1.0,200,0,0,200,168,0.0,0.0,1.0
whisper-small,,fleurs-en,main,greedy,1,True,whisper,first,conf,0.0,0.0,0.0,0.0,1.0,200,0,0,200,168,0.0,0.0,1.0
whisper-small,,fleurs-en,main,greedy,1,True,legacy,rover_freq,rover_cg,0.0,0.0,0.0,0.0,1.0,200,0,0,200,168,0.0,0.0,1.0
whisper-small,,fleurs-en,main,greedy,1,True,whisper,rover_freq,rover_cg,0.0,0.0,0.0,0.0,1.0,200,0,0,200,168,0.0,0.0,1.0
whisper-small,,fleurs-en,main,sample,16,True,legacy,conf,rover_cg,-0.5311778290993071,-2.2320878251395846,0.8343725480844288,0.7789176265383096,0.748,200,22,24,154,168,-2.06584389429972,0.8300095683000518,0.8896538448710511
whisper-small,,fleurs-en,main,sample,16,True,whisper,conf,rover_cg,-0.9099393373775082,-2.607733433034372,0.3679795879973256,0.76476009583973,0.8985,200,15,27,158,168,-2.4093568593351207,0.4260596050238374,0.038405661540795465
whisper-small,,fleurs-en,main,sample,16,True,legacy,mbr,rover_cg,0.18475750577367206,-0.11389521640091116,0.4792064383834977,0.15419131923804302,0.1305,200,21,11,168,168,-0.14900539254910655,0.4862264779825584,0.17034453596465027
whisper-small,,fleurs-en,main,sample,16,True,whisper,mbr,rover_cg,-0.02333177788147457,-0.343017872980781,0.3142997674494624,0.16691973431544802,0.58,200,13,18,169,168,-0.3527649014374678,0.3435781405803714,0.8325562068556243
whisper-small,,fleurs-en,main,sample,16,True,legacy,cm05,rover_cg,-0.046189376443418015,-0.37630458421095647,0.30453884024191163,0.18025524733899867,0.6145,200,18,18,164,168,-0.4192988586070347,0.3213613414525509,0.8599120148838245
whisper-small,,fleurs-en,main,sample,16,True,whisper,cm05,rover_cg,-0.39664022398506765,-0.7080481472740147,-0.07107026362981687,0.1616498556718267,0.9945,200,11,26,163,168,-0.703152730591755,-0.09018304733137436,0.015587559207517233
whisper-small,,fleurs-en,main,sample,16,True,legacy,conf,rover_c,-0.3002309468822171,-1.9908080298625552,1.0158423429153407,0.7710317974760507,0.629,200,20,16,164,168,-1.8398093111856777,1.1090471666752366,0.3475122051320415
whisper-small,,fleurs-en,main,sample,16,True,whisper,conf,rover_c,-0.7699486700886607,-2.514675530676988,0.5320502551625814,0.7810921961941198,0.8485,200,15,21,164,168,-2.3080271420060683,0.6149119576828049,0.22007527156442952
whisper-small,,fleurs-en,main,sample,16,True,legacy,conf,rover_freq,-0.6466512702078522,-2.408071354759267,0.6916362834171421,0.7731745934749986,0.803,200,13,19,168,168,-2.175497443062059,0.7321469392599153,0.44756181986649224
whisper-small,,fleurs-en,main,sample,16,True,whisper,conf,rover_freq,-0.7232851143257116,-2.4794307994014124,0.5736454397555666,0.7858615159967285,0.832,200,16,21,163,168,-2.2837710581853545,0.6568723698398231,0.307647207393016
whisper-small,,fleurs-en,main,sample,16,True,legacy,first,rover_cg,0.18475750577367206,-1.15594146602107,1.0589576546456103,0.576796561229272,0.3315,200,42,21,137,168,-1.064987002376633,1.0857567175050065,0.014531082351748693
whisper-small,,fleurs-en,main,sample,16,True,whisper,first,rover_cg,-0.0699953336444237,-1.3189532946827738,0.8049885686001818,0.5554936909334063,0.5155,200,38,26,136,168,-1.3465151716957082,0.8878291410715621,0.33531483828229636
whisper-small,,fleurs-en,main,sample,16,True,legacy,conf,mbr,-0.7159353348729792,-2.5016705820895084,0.6502760830344272,0.8009676413013086,0.8205,200,12,18,170,168,-2.3052535761255553,0.687221135256704,0.38989559118132666
whisper-small,,fleurs-en,main,sample,16,True,whisper,conf,mbr,-0.8866075594960336,-2.7179289704595715,0.47066298076906005,0.8063470281132724,0.8755,200,14,21,165,168,-2.5130855115686006,0.5532695026493948,0.13559300126630225
whisper-small,,fleurs-en,main,sample,16,True,legacy,first,conf,0.7159353348729792,-0.4293305961495761,1.97363327897745,0.6148044532564183,0.117,200,45,25,130,168,-0.4575341453675292,1.8692230185959613,0.032066659608528364
whisper-small,,fleurs-en,main,sample,16,True,whisper,first,conf,0.8399440037330844,-0.35033232331500797,2.1275924539048963,0.6372073946253101,0.0915,200,45,21,134,168,-0.395653481224108,2.0906930054756265,0.008709637465090252
whisper-small,,fleurs-en,main,sample,16,True,legacy,rover_freq,rover_cg,0.11547344110854503,-0.13749169602838907,0.38849247696124195,0.13419518337305608,0.219,200,17,12,171,168,-0.16101188226964266,0.3811136927945314,0.39995858694030284
whisper-small,,fleurs-en,main,sample,16,True,whisper,rover_freq,rover_cg,-0.18665422305179655,-0.39343200196287736,0.0226578955212658,0.10323039147099218,0.973,200,5,12,183,168,-0.38983185534315534,0.0,0.0736382701203026
whisper-small,,ls-dev-other,main,beam,8,True,legacy,conf,rover_cg,-0.13815971262779772,-0.47206543323475836,0.2653413463714964,0.186252120195038,0.773,400,25,38,337,33,-0.5164050370325565,0.2665896524486572,0.09786376857549438
whisper-small,,ls-dev-other,main,beam,8,True,whisper,conf,rover_cg,-0.1366493577480186,-0.5224505157477333,0.3025773467757732,0.20944254616992436,0.7615,400,36,49,315,33,-0.5048044495358821,0.3069380076872686,0.133390141082688
whisper-small,,ls-dev-other,main,beam,8,True,legacy,mbr,rover_cg,-0.08289582757667864,-0.3050505818082607,0.12729979511120976,0.11235031502511475,0.7845,400,22,25,353,33,-0.29507875124108246,0.13462983120767935,0.44872309590115145
whisper-small,,ls-dev-other,main,beam,8,True,whisper,mbr,rover_cg,-0.21863897239682972,-0.424255158036381,-0.02664707925766318,0.10316094971123103,0.9885,400,19,32,349,33,-0.41962646191608033,-0.025622671569361953,0.038184404284746336
whisper-small,,ls-dev-other,main,beam,8,True,legacy,cm05,rover_cg,-0.23487151146725616,-0.4868836963097399,0.01352475389767878,0.12798016431788092,0.973,400,20,32,348,33,-0.4801554158412517,0.01521890562055592,0.03877199257092791
whisper-small,,ls-dev-other,main,beam,8,True,whisper,cm05,rover_cg,-0.2596337797212353,-0.5473786792189563,0.013736263736263736,0.14296975533955208,0.9705,400,28,43,329,33,-0.5556648116672664,0.014272228258620978,0.06074681636338127
whisper-small,,ls-dev-other,main,beam,8,True,legacy,conf,rover_c,0.0,-0.3262388153564845,0.3825724119006276,0.1836313110924944,0.5275,400,26,32,342,33,-0.36873451190936823,0.41344870247895976,0.5155842092333733
whisper-small,,ls-dev-other,main,beam,8,True,whisper,conf,rover_c,-0.0683246788740093,-0.4196992856622174,0.34564965494254735,0.1955332820142928,0.6595,400,29,42,329,33,-0.4328571751826991,0.37667060139122804,0.22100866390532237
whisper-small,,ls-dev-other,main,beam,8,True,legacy,conf,rover_freq,0.06907985631389886,-0.24245425614361016,0.4777358731447921,0.18714746563201975,0.375,400,25,30,345,33,-0.28858412475916695,0.5345253260747569,0.7975222267448678
whisper-small,,ls-dev-other,main,beam,8,True,whisper,conf,rover_freq,0.1639792292976223,-0.1427175732937014,0.5672439633766104,0.18402277464834896,0.1935,400,29,28,343,33,-0.16441233895325083,0.5997362880128003,0.6295257651093573
whisper-small,,ls-dev-other,main,beam,8,True,legacy,first,rover_cg,-0.303951367781155,-0.5900293140717999,-0.014407344388787604,0.14292753694306812,0.9865,400,22,35,343,33,-0.6537968916779158,0.04765025420257086,0.01858319263087383
whisper-small,,ls-dev-other,main,beam,8,True,whisper,first,rover_cg,-0.286963651270839,-0.5940069600177789,-0.01209677419355008,0.14644094779431951,0.978,400,26,41,333,33,-0.6008802890456446,0.029815959858739666,0.045659894443113226
whisper-small,,ls-dev-other,main,beam,8,True,legacy,conf,mbr,-0.055263885051119094,-0.3911653492437486,0.360511578864761,0.1948522983489513,0.632,400,18,29,353,33,-0.4572902537713579,0.4063057259730292,0.406576399168212
whisper-small,,ls-dev-other,main,beam,8,True,whisper,conf,mbr,0.08198961464881115,-0.23919359870298137,0.48203446506044045,0.18294464111501185,0.3475,400,20,25,355,33,-0.23627560610445697,0.4971696928231705,0.9712966721609322
whisper-small,,ls-dev-other,main,beam,8,True,legacy,first,conf,-0.16579165515335728,-0.5062425406606921,0.08747499394014974,0.1576121545699423,0.883,400,13,12,375,33,-0.5485410571035,0.10385438355605775,0.4554911049137855
whisper-small,,ls-dev-other,main,beam,8,True,whisper,first,conf,-0.15031429352282044,-0.5036191430260196,0.10770240598306316,0.15782273519475457,0.853,400,13,13,374,33,-0.5548321023522296,0.12298564271445313,0.5871123551781979
whisper-small,,ls-dev-other,main,beam,8,True,legacy,rover_freq,rover_cg,-0.2072395689416966,-0.4169135303376549,0.0,0.10800861263135167,0.9765,400,19,30,351,33,-0.4213124394611234,0.0,0.052722418382520994
whisper-small,,ls-dev-other,main,beam,8,True,whisper,rover_freq,rover_cg,-0.3006285870456409,-0.48124925897732557,-0.1372382542762332,0.08648451018637726,1.0,400,7,26,367,33,-0.4441894791594471,-0.17097905191683638,0.000691541435060924
whisper-small,,ls-dev-other,main,greedy,1,True,legacy,conf,rover_cg,0.0,0.0,0.0,0.0,1.0,400,0,0,400,33,0.0,0.0,1.0
whisper-small,,ls-dev-other,main,greedy,1,True,whisper,conf,rover_cg,0.0,0.0,0.0,0.0,1.0,400,0,0,400,33,0.0,0.0,1.0
whisper-small,,ls-dev-other,main,greedy,1,True,legacy,mbr,rover_cg,0.0,0.0,0.0,0.0,1.0,400,0,0,400,33,0.0,0.0,1.0
whisper-small,,ls-dev-other,main,greedy,1,True,whisper,mbr,rover_cg,0.0,0.0,0.0,0.0,1.0,400,0,0,400,33,0.0,0.0,1.0
whisper-small,,ls-dev-other,main,greedy,1,True,legacy,cm05,rover_cg,0.0,0.0,0.0,0.0,1.0,400,0,0,400,33,0.0,0.0,1.0
whisper-small,,ls-dev-other,main,greedy,1,True,whisper,cm05,rover_cg,0.0,0.0,0.0,0.0,1.0,400,0,0,400,33,0.0,0.0,1.0
whisper-small,,ls-dev-other,main,greedy,1,True,legacy,conf,rover_c,0.0,0.0,0.0,0.0,1.0,400,0,0,400,33,0.0,0.0,1.0
whisper-small,,ls-dev-other,main,greedy,1,True,whisper,conf,rover_c,0.0,0.0,0.0,0.0,1.0,400,0,0,400,33,0.0,0.0,1.0
whisper-small,,ls-dev-other,main,greedy,1,True,legacy,conf,rover_freq,0.0,0.0,0.0,0.0,1.0,400,0,0,400,33,0.0,0.0,1.0
whisper-small,,ls-dev-other,main,greedy,1,True,whisper,conf,rover_freq,0.0,0.0,0.0,0.0,1.0,400,0,0,400,33,0.0,0.0,1.0
whisper-small,,ls-dev-other,main,greedy,1,True,legacy,first,rover_cg,0.0,0.0,0.0,0.0,1.0,400,0,0,400,33,0.0,0.0,1.0
whisper-small,,ls-dev-other,main,greedy,1,True,whisper,first,rover_cg,0.0,0.0,0.0,0.0,1.0,400,0,0,400,33,0.0,0.0,1.0
whisper-small,,ls-dev-other,main,greedy,1,True,legacy,conf,mbr,0.0,0.0,0.0,0.0,1.0,400,0,0,400,33,0.0,0.0,1.0
whisper-small,,ls-dev-other,main,greedy,1,True,whisper,conf,mbr,0.0,0.0,0.0,0.0,1.0,400,0,0,400,33,0.0,0.0,1.0
whisper-small,,ls-dev-other,main,greedy,1,True,legacy,first,conf,0.0,0.0,0.0,0.0,1.0,400,0,0,400,33,0.0,0.0,1.0
whisper-small,,ls-dev-other,main,greedy,1,True,whisper,first,conf,0.0,0.0,0.0,0.0,1.0,400,0,0,400,33,0.0,0.0,1.0
whisper-small,,ls-dev-other,main,greedy,1,True,legacy,rover_freq,rover_cg,0.0,0.0,0.0,0.0,1.0,400,0,0,400,33,0.0,0.0,1.0
whisper-small,,ls-dev-other,main,greedy,1,True,whisper,rover_freq,rover_cg,0.0,0.0,0.0,0.0,1.0,400,0,0,400,33,0.0,0.0,1.0
whisper-small,,ls-dev-other,main,sample,16,True,legacy,conf,rover_cg,0.6355346780878696,0.08389973416678935,1.3038469540789621,0.30668226246862984,0.0105,400,42,41,317,33,0.10670074096175307,1.2128356516308971,0.0981175127556812
whisper-small,,ls-dev-other,main,sample,16,True,whisper,conf,rover_cg,0.2596337797212353,-0.35455195033594306,0.9959576493934093,0.3397574420540059,0.223,400,37,55,308,33,-0.2922149498266624,0.8464693955666351,0.6877379626571232
whisper-small,,ls-dev-other,main,sample,16,True,legacy,mbr,rover_cg,0.23487151146725616,0.02641006271436122,0.45371644681114054,0.11246371994811466,0.0175,400,37,22,341,33,-0.026312327325351926,0.5307205151518216,0.034805012315415065
whisper-small,,ls-dev-other,main,sample,16,True,whisper,mbr,rover_cg,-0.1639792292976223,-0.3765887739796321,0.05312261591930151,0.1062091338168346,0.9465,400,18,28,354,33,-0.37906824557190033,0.05537980253409317,0.11442374864103198
whisper-small,,ls-dev-other,main,sample,16,True,legacy,cm05,rover_cg,-0.055263885051119094,-0.35906702422086667,0.2381089372580552,0.1558700286076053,0.6625,400,30,39,331,33,-0.25979141041067155,0.1644604634683311,0.5577211916112845
whisper-small,,ls-dev-other,main,sample,16,True,whisper,cm05,rover_cg,-0.3962831374692539,-0.7509981356577191,-0.040970343254284114,0.18441865424140946,0.986,400,21,50,329,33,-0.7110163386157581,-0.07560819296528044,0.009084877014736448
whisper-small,,ls-dev-other,main,sample,16,True,legacy,conf,rover_c,0.7184305056645482,0.19423551118501559,1.3891001994184171,0.304816259348688,0.0035,400,39,35,326,33,0.2117036158244183,1.2831203297092466,0.028212124399155485
whisper-small,,ls-dev-other,main,sample,16,True,whisper,conf,rover_c,0.35528833014484834,-0.2524410291781598,1.0744198480229927,0.3394167595202627,0.14,400,35,48,317,33,-0.25966995552124567,0.9875004320002762,0.9831643991992527
whisper-small,,ls-dev-other,main,sample,16,True,legacy,conf,rover_freq,0.4697430229345123,-0.0955871818084183,1.1622939727869952,0.32199068529574293,0.0645,400,38,42,320,33,-0.06704712582247778,1.0541681742630673,0.342737830041258
whisper-small,,ls-dev-other,main,sample,16,True,whisper,conf,rover_freq,0.4646078163432632,-0.14313218429577196,1.1889767464665058,0.3403815294622921,0.0795,400,36,42,322,33,-0.13816257821918243,1.106297865918353,0.5809519437234973
whisper-small,,ls-dev-other,main,sample,16,True,legacy,first,rover_cg,1.6717325227963526,1.1165339038046307,2.3259597303404607,0.3073387573147029,0.0,400,98,31,271,33,1.1028431547601034,2.296701982228298,4.975845767308367e-09
whisper-small,,ls-dev-other,main,sample,16,True,whisper,first,rover_cg,1.2981688986061766,0.7583404219833375,1.9493516895671437,0.30170522175330006,0.0,400,82,38,280,33,0.7580243341438464,1.880791277212846,2.925870673665154e-06
whisper-small,,ls-dev-other,main,sample,16,True,legacy,conf,mbr,0.4006631666206134,-0.16144804806037844,1.0796634511007914,0.32116189254924465,0.1075,400,33,42,325,33,-0.1962682246695962,1.0413035278633789,0.5334017879165732
whisper-small,,ls-dev-other,main,sample,16,True,whisper,conf,mbr,0.4236130090188576,-0.16333592260433583,1.133719768098466,0.32740900118499694,0.0965,400,30,41,329,33,-0.18182231780957897,1.0971691871728202,0.6742074367163579
whisper-small,,ls-dev-other,main,sample,16,True,legacy,first,conf,1.036197844708483,0.3290778155908095,1.7065292349588903,0.3593879676955067,0.003,400,93,40,267,33,0.36805564525994816,1.6940798374437642,6.06076381178959e-05
whisper-small,,ls-dev-other,main,sample,16,True,whisper,first,conf,1.0385351188849412,0.3737425262949025,1.6932396496107034,0.34007765021467634,0.0015,400,92,37,271,33,0.3844910008905303,1.6877392428067433,1.6200258155990048e-05
whisper-small,,ls-dev-other,main,sample,16,True,legacy,rover_freq,rover_cg,0.16579165515335728,-0.028459140621444806,0.3670796381793821,0.102244500173148,0.059,400,31,20,349,33,-0.05132864725592536,0.39408749461377623,0.10247043485974941
whisper-small,,ls-dev-other,main,sample,16,True,whisper,rover_freq,rover_cg,-0.20497403662202787,-0.3904267390031234,-0.013917497497421962,0.09612506429245228,0.9865,400,14,25,361,33,-0.35540902992644163,-0.05684585239926518,0.03408997487531451
whisper-small,,ls-tc-babble5,main,beam,8,True,legacy,conf,rover_cg,1.2664771258723184,-0.026697377039320545,3.2077238782941397,0.8627785109766706,0.0325,200,40,27,133,40,0.10430608694526655,3.112637703383808,0.1408221873818723
whisper-small,,ls-tc-babble5,main,beam,8,True,whisper,conf,rover_cg,0.869120654396728,-0.39594988371168327,2.8500248789671865,0.8391343860164474,0.1515,200,28,33,139,40,-0.3427638142144806,2.629594578092563,0.8307061278395659
whisper-small,,ls-tc-babble5,main,beam,8,True,legacy,mbr,rover_cg,0.025846471956577927,-0.3753552891077327,0.4244447325209574,0.2039262109470011,0.4545,200,22,18,160,40,-0.3235817564863385,0.39008896086247297,0.8384321046654304
whisper-small,,ls-tc-babble5,main,beam,8,True,whisper,mbr,rover_cg,-0.434560327198364,-0.7719324208627786,-0.10105731778018336,0.17400158504182325,0.9975,200,9,24,167,40,-0.8329842910525831,-0.027071002408318237,0.019787535239480812
whisper-small,,ls-tc-babble5,main,beam,8,True,legacy,cm05,rover_cg,0.31015766347893514,-0.12995034233294084,0.7355820896449856,0.2180391995150723,0.091,200,28,16,156,40,-0.06739059979993059,0.7138284163193677,0.1372655531212238
whisper-small,,ls-tc-babble5,main,beam,8,True,whisper,cm05,rover_cg,-0.10224948875255624,-0.48807153422910077,0.2987819120043453,0.20360951841892377,0.7275,200,17,23,160,40,-0.4874388366767198,0.2903132976327509,0.6716218121940633
whisper-small,,ls-tc-babble5,main,beam,8,True,legacy,conf,rover_c,1.2406306539157406,-0.04829291459552841,3.2107349785077397,0.8592732263155782,0.0335,200,36,24,140,40,0.09159191966988386,3.073421039705083,0.18366917748765377
whisper-small,,ls-tc-babble5,main,beam,8,True,whisper,conf,rover_c,0.8179959100204499,-0.44723560705233545,2.739691764182125,0.8343661207490212,0.1745,200,28,33,139,40,-0.36586722285699697,2.5511508284295306,0.9789306037399923
whisper-small,,ls-tc-babble5,main,beam,8,True,legacy,conf,rover_freq,1.1630912380460068,-0.10210271362312495,3.184951951485682,0.8566373552418372,0.046,200,28,21,151,40,-0.02807191324134292,3.0632178610929914,0.25331714414205286
whisper-small,,ls-tc-babble5,main,beam,8,True,whisper,conf,rover_freq,1.2014314928425358,-0.07765389559562566,3.2003879883071997,0.8577387587769612,0.044,200,29,21,150,40,-0.028587856556050666,3.0973579147122234,0.20882419286446163
whisper-small,,ls-tc-babble5,main,beam,8,True,legacy,first,rover_cg,0.5944688550012923,0.0,1.2396550541771472,0.3218520491689535,0.0295,200,32,20,148,40,0.0,1.2369512093482498,0.12854069054954503
whisper-small,,ls-tc-babble5,main,beam,8,True,whisper,first,rover_cg,0.20449897750511248,-0.41596320921260643,0.9121592656601079,0.33603339918379266,0.301,200,24,27,149,40,-0.3579991699292838,0.8852680976876772,0.9085996881230098
whisper-small,,ls-tc-babble5,main,beam,8,True,legacy,conf,mbr,1.2406306539157406,-0.07326252752985374,3.2765747329366026,0.8677264280397611,0.036,200,27,22,151,40,0.02833788861691346,3.1112034363781897,0.16230749798150923
whisper-small,,ls-tc-babble5,main,beam,8,True,whisper,conf,mbr,1.303680981595092,-0.025300297046472978,3.330379887973057,0.8678039754320787,0.03,200,28,21,151,40,0.0669031057661431,3.1774185796849745,0.12631196737206515
whisper-small,,ls-tc-babble5,main,beam,8,True,legacy,first,conf,-0.6720082708710261,-2.35036932238004,0.33068312058032157,0.7173248538387503,0.82,200,18,18,164,40,-2.1484388279337776,0.21938247840710615,0.7512332902957533
whisper-small,,ls-tc-babble5,main,beam,8,True,whisper,first,conf,-0.6646216768916156,-2.316998194315005,0.3394522578906839,0.7117350997894745,0.816,200,16,17,167,40,-2.1290172842202986,0.2573717648406681,0.7593122114357918
whisper-small,,ls-tc-babble5,main,beam,8,True,legacy,rover_freq,rover_cg,0.10338588782631171,-0.2584298048025379,0.45878407992907555,0.18782701673500474,0.3105,200,22,17,161,40,-0.2205725272377697,0.4357928254639191,0.6047160029273875
whisper-small,,ls-tc-babble5,main,beam,8,True,whisper,rover_freq,rover_cg,-0.3323108384458078,-0.6062078850316008,-0.10037263893949595,0.13159712949196828,0.998,200,5,16,179,40,-0.6438333218172034,-0.0719735201976747,0.012335514845495233
whisper-small,,ls-tc-babble5,main,greedy,1,True,legacy,conf,rover_cg,0.0,0.0,0.0,0.0,1.0,200,0,0,200,40,0.0,0.0,1.0
whisper-small,,ls-tc-babble5,main,greedy,1,True,whisper,conf,rover_cg,0.0,0.0,0.0,0.0,1.0,200,0,0,200,40,0.0,0.0,1.0
whisper-small,,ls-tc-babble5,main,greedy,1,True,legacy,mbr,rover_cg,0.0,0.0,0.0,0.0,1.0,200,0,0,200,40,0.0,0.0,1.0
whisper-small,,ls-tc-babble5,main,greedy,1,True,whisper,mbr,rover_cg,0.0,0.0,0.0,0.0,1.0,200,0,0,200,40,0.0,0.0,1.0
whisper-small,,ls-tc-babble5,main,greedy,1,True,legacy,cm05,rover_cg,0.0,0.0,0.0,0.0,1.0,200,0,0,200,40,0.0,0.0,1.0
whisper-small,,ls-tc-babble5,main,greedy,1,True,whisper,cm05,rover_cg,0.0,0.0,0.0,0.0,1.0,200,0,0,200,40,0.0,0.0,1.0
whisper-small,,ls-tc-babble5,main,greedy,1,True,legacy,conf,rover_c,0.0,0.0,0.0,0.0,1.0,200,0,0,200,40,0.0,0.0,1.0
whisper-small,,ls-tc-babble5,main,greedy,1,True,whisper,conf,rover_c,0.0,0.0,0.0,0.0,1.0,200,0,0,200,40,0.0,0.0,1.0
whisper-small,,ls-tc-babble5,main,greedy,1,True,legacy,conf,rover_freq,0.0,0.0,0.0,0.0,1.0,200,0,0,200,40,0.0,0.0,1.0
whisper-small,,ls-tc-babble5,main,greedy,1,True,whisper,conf,rover_freq,0.0,0.0,0.0,0.0,1.0,200,0,0,200,40,0.0,0.0,1.0
whisper-small,,ls-tc-babble5,main,greedy,1,True,legacy,first,rover_cg,0.0,0.0,0.0,0.0,1.0,200,0,0,200,40,0.0,0.0,1.0
whisper-small,,ls-tc-babble5,main,greedy,1,True,whisper,first,rover_cg,0.0,0.0,0.0,0.0,1.0,200,0,0,200,40,0.0,0.0,1.0
whisper-small,,ls-tc-babble5,main,greedy,1,True,legacy,conf,mbr,0.0,0.0,0.0,0.0,1.0,200,0,0,200,40,0.0,0.0,1.0
whisper-small,,ls-tc-babble5,main,greedy,1,True,whisper,conf,mbr,0.0,0.0,0.0,0.0,1.0,200,0,0,200,40,0.0,0.0,1.0
whisper-small,,ls-tc-babble5,main,greedy,1,True,legacy,first,conf,0.0,0.0,0.0,0.0,1.0,200,0,0,200,40,0.0,0.0,1.0
whisper-small,,ls-tc-babble5,main,greedy,1,True,whisper,first,conf,0.0,0.0,0.0,0.0,1.0,200,0,0,200,40,0.0,0.0,1.0
whisper-small,,ls-tc-babble5,main,greedy,1,True,legacy,rover_freq,rover_cg,0.0,0.0,0.0,0.0,1.0,200,0,0,200,40,0.0,0.0,1.0
whisper-small,,ls-tc-babble5,main,greedy,1,True,whisper,rover_freq,rover_cg,0.0,0.0,0.0,0.0,1.0,200,0,0,200,40,0.0,0.0,1.0
whisper-small,,ls-tc-babble5,main,sample,16,True,legacy,conf,rover_cg,3.515120186094598,-1.2024902794835504,11.612789705524158,3.503653679976152,0.169,200,41,28,131,40,-1.2058806436844172,12.022295513705739,0.3402658425747165
whisper-small,,ls-tc-babble5,main,sample,16,True,whisper,conf,rover_cg,3.5276073619631902,-1.861318324887082,12.902410462873663,4.081568570089218,0.2745,200,40,42,118,40,-1.857224232278351,13.43483476011115,0.8641877082112863
whisper-small,,ls-tc-babble5,main,sample,16,True,legacy,mbr,rover_cg,0.33600413543551305,-0.20557772330314514,0.909127428543604,0.28528021086927585,0.114,200,42,26,132,40,-0.3615619440651107,0.9721275055252347,0.19492188533064458
whisper-small,,ls-tc-babble5,main,sample,16,True,whisper,mbr,rover_cg,-0.15337423312883436,-0.5995251286110012,0.31356816798941833,0.23537633314659542,0.7635,200,23,29,148,40,-0.6204024533808525,0.32684711286304247,0.6067375244550166
whisper-small,,ls-tc-babble5,main,sample,16,True,legacy,cm05,rover_cg,0.0,-0.679644932568424,0.6797801366460763,0.3388482206876022,0.4925,200,35,26,139,40,-0.6810003495865758,0.6628716070985468,0.7285806582219216
whisper-small,,ls-tc-babble5,main,sample,16,True,whisper,cm05,rover_cg,-0.7668711656441718,-1.5562140842095833,-0.027509186927765838,0.3917264208911973,0.9835,200,24,39,137,40,-1.4270619964869973,-0.14592008562195724,0.08785237741979056
whisper-small,,ls-tc-babble5,main,sample,16,True,legacy,conf,rover_c,3.515120186094598,-1.2192580759849192,11.63861552641429,3.5051132176152953,0.1695,200,38,26,136,40,-1.2715704445151268,12.1292315262833,0.339976569669298
whisper-small,,ls-tc-babble5,main,sample,16,True,whisper,conf,rover_c,3.7321063394683027,-1.6175464018266368,13.004483136908807,4.077473665173501,0.233,200,38,31,131,40,-1.678345037253639,13.510505680528539,0.7208415147314123
whisper-small,,ls-tc-babble5,main,sample,16,True,legacy,conf,rover_freq,3.282501938485397,-1.4315446630483109,11.43744128607601,3.5463328856674847,0.222,200,35,30,135,40,-1.535084526069596,11.850623873526892,0.6043157240940763
whisper-small,,ls-tc-babble5,main,sample,16,True,whisper,conf,rover_freq,3.885480572597137,-1.4523524243566175,13.207122350690776,4.0770769537139655,0.213,200,35,30,135,40,-1.5307710586546799,13.581037704765277,0.43534367590587
whisper-small,,ls-tc-babble5,main,sample,16,True,legacy,first,rover_cg,1.6283277332644095,-0.29727128548462717,3.4257795344751854,0.9465717443090331,0.048,200,70,31,99,40,-0.10730325630932357,3.198235624579973,0.0006973871136065243
whisper-small,,ls-tc-babble5,main,sample,16,True,whisper,first,rover_cg,1.252556237218814,-0.6581353668638602,2.975590251914689,0.9125447272040339,0.085,200,65,32,103,40,-0.35419163948107124,2.5809696979912427,0.006600464632574439
whisper-small,,ls-tc-babble5,main,sample,16,True,legacy,conf,mbr,3.179116050659085,-1.7693374714973398,11.459343076208029,3.5893172150964507,0.238,200,31,26,143,40,-1.7242640650943482,11.878061942474433,0.7947366927320603
whisper-small,,ls-tc-babble5,main,sample,16,True,whisper,conf,mbr,3.6809815950920246,-1.8854663101826765,13.132382182836453,4.146219680919946,0.248,200,34,28,138,40,-1.8819572121009527,13.68694371176993,0.7594921001151235
whisper-small,,ls-tc-babble5,main,sample,16,True,legacy,first,conf,-1.8867924528301887,-10.271206715993294,2.731437300431473,3.5769071879094985,0.626,200,65,39,96,40,-10.75583256139223,2.6330203989997787,0.011968978508603454
whisper-small,,ls-tc-babble5,main,sample,16,True,whisper,first,conf,-2.275051124744376,-11.796370202764734,2.9793083944001295,4.130015674898227,0.6265,200,65,35,100,40,-12.556704307559123,2.879291242445814,0.003833509579611404
whisper-small,,ls-tc-babble5,main,sample,16,True,legacy,rover_freq,rover_cg,0.23261824760920136,-0.2389990067798074,0.7053444155146468,0.2392340763098328,0.1715,200,38,26,136,40,-0.32728226813736677,0.7803038688823112,0.3824811818419642
whisper-small,,ls-tc-babble5,main,sample,16,True,whisper,rover_freq,rover_cg,-0.35787321063394684,-0.7272849791717716,0.0,0.18724286416672065,0.9785,200,13,22,165,40,-0.6810042596785338,0.0,0.06939468312403475
whisper-small,,ls-test-clean,main,beam,8,True,legacy,conf,rover_cg,0.024853982850751834,-0.16696512174174458,0.23845364388411905,0.10222162445489849,0.448,400,18,19,363,40,-0.21384741728962614,0.2688967457697683,0.9738075686097387
whisper-small,,ls-test-clean,main,beam,8,True,whisper,conf,rover_cg,-0.14780145338095824,-0.3652092296480796,0.07929580993933351,0.11398116029034613,0.91,400,13,25,362,40,-0.3965293213151497,0.11637609419243768,0.05765643515063941
whisper-small,,ls-test-clean,main,beam,8,True,legacy,mbr,rover_cg,-0.024853982850751834,-0.19192536053367287,0.1416992727635963,0.08406304759028342,0.66,400,17,18,365,40,-0.19900701434856402,0.18109763590744452,0.7580259030047922
whisper-small,,ls-test-clean,main,beam,8,True,whisper,mbr,rover_cg,-0.22170218007143738,-0.3955076828346801,-0.06203454706251926,0.08333806567142277,0.9985,400,7,23,370,40,-0.35971187531923965,-0.08237094431703827,0.006635682667195507
whisper-small,,ls-test-clean,main,beam,8,True,legacy,cm05,rover_cg,0.04970796570150367,-0.12570397490506777,0.23919457214667397,0.09434261188875766,0.3315,400,16,14,370,40,-0.15794354462030427,0.2704737926603545,0.7456181574359673
whisper-small,,ls-test-clean,main,beam,8,True,whisper,cm05,rover_cg,-0.19706860450794433,-0.39473339104765653,0.012620334720012673,0.10515282932096082,0.968,400,8,24,368,40,-0.43158874558575155,0.04976615861012147,0.006776689623059287
whisper-small,,ls-test-clean,main,beam,8,True,legacy,conf,rover_c,0.0,-0.18969260832777718,0.21165734209933254,0.10232040727852396,0.5345,400,16,18,366,40,-0.2190129542383666,0.23040745615844752,0.8112109883200249
whisper-small,,ls-test-clean,main,beam,8,True,whisper,conf,rover_c,-0.02463357556349304,-0.22435281334267862,0.18940221126843512,0.10457035248338516,0.6375,400,13,16,371,40,-0.23151319013059815,0.22799418669399693,0.4821661769553812
whisper-small,,ls-test-clean,main,beam,8,True,legacy,conf,rover_freq,0.09941593140300733,-0.07942843775228663,0.3240406845234668,0.10274976778930964,0.169,400,15,9,376,40,-0.08348930877368961,0.3039266999542552,0.49165513348279355
whisper-small,,ls-test-clean,main,beam,8,True,whisper,conf,rover_freq,0.04926715112698608,-0.13068058537365246,0.25767187478818315,0.09877999799553226,0.3475,400,13,10,377,40,-0.1378986145001299,0.2837297987917415,0.8981457314146681
whisper-small,,ls-test-clean,main,beam,8,True,legacy,first,rover_cg,-0.11184292282838325,-0.3253166937679073,0.10826009727965465,0.10981192828664312,0.8555,400,16,26,358,40,-0.32327151753499694,0.13070325923526108,0.18409579576599622
whisper-small,,ls-test-clean,main,beam,8,True,whisper,first,rover_cg,-0.20938539228969086,-0.413539188998576,0.02361672650741433,0.11202986436998141,0.9685,400,9,28,363,40,-0.46152235037953593,0.049417577017986394,0.0125142696583441
whisper-small,,ls-test-clean,main,beam,8,True,legacy,conf,mbr,0.04970796570150367,-0.16322297600178176,0.305022173190687,0.12018138147474737,0.3605,400,15,12,373,40,-0.22024310798512403,0.31409031308144214,0.9803482571928478
whisper-small,,ls-test-clean,main,beam,8,True,whisper,conf,mbr,0.07390072669047912,-0.13583761820945306,0.3110082778182429,0.11497548961226516,0.275,400,14,9,377,40,-0.15979124766242112,0.3286489919491522,0.7433454866943919
whisper-small,,ls-test-clean,main,beam,8,True,legacy,first,conf,-0.1366969056791351,-0.26650084559401693,-0.024048679724962652,0.06442178908285053,0.9905,400,3,12,385,40,-0.26416017939758746,-0.026828631975434468,0.03966867046306649
whisper-small,,ls-test-clean,main,beam,8,True,whisper,first,conf,-0.0615839389087326,-0.18382819092522507,0.06347761212902894,0.06361397821840391,0.8615,400,4,11,385,40,-0.19258439940236663,0.07631528258160908,0.4208286405349698
whisper-small,,ls-test-clean,main,beam,8,True,legacy,rover_freq,rover_cg,-0.0745619485522555,-0.22239374966928377,0.07190199423522008,0.07418962002069183,0.87,400,11,17,372,40,-0.22377164967174684,0.08476271526763043,0.3056010565905932
whisper-small,,ls-test-clean,main,beam,8,True,whisper,rover_freq,rover_cg,-0.19706860450794433,-0.3107787236194986,-0.09635451292296668,0.05565989035612193,1.0,400,2,18,380,40,-0.30745318220836326,-0.09105839962838448,0.0003466193511346668
whisper-small,,ls-test-clean,main,greedy,1,True,legacy,conf,rover_cg,0.0,0.0,0.0,0.0,1.0,400,0,0,400,40,0.0,0.0,1.0
whisper-small,,ls-test-clean,main,greedy,1,True,whisper,conf,rover_cg,0.0,0.0,0.0,0.0,1.0,400,0,0,400,40,0.0,0.0,1.0
whisper-small,,ls-test-clean,main,greedy,1,True,legacy,mbr,rover_cg,0.0,0.0,0.0,0.0,1.0,400,0,0,400,40,0.0,0.0,1.0
whisper-small,,ls-test-clean,main,greedy,1,True,whisper,mbr,rover_cg,0.0,0.0,0.0,0.0,1.0,400,0,0,400,40,0.0,0.0,1.0
whisper-small,,ls-test-clean,main,greedy,1,True,legacy,cm05,rover_cg,0.0,0.0,0.0,0.0,1.0,400,0,0,400,40,0.0,0.0,1.0
whisper-small,,ls-test-clean,main,greedy,1,True,whisper,cm05,rover_cg,0.0,0.0,0.0,0.0,1.0,400,0,0,400,40,0.0,0.0,1.0
whisper-small,,ls-test-clean,main,greedy,1,True,legacy,conf,rover_c,0.0,0.0,0.0,0.0,1.0,400,0,0,400,40,0.0,0.0,1.0
whisper-small,,ls-test-clean,main,greedy,1,True,whisper,conf,rover_c,0.0,0.0,0.0,0.0,1.0,400,0,0,400,40,0.0,0.0,1.0
whisper-small,,ls-test-clean,main,greedy,1,True,legacy,conf,rover_freq,0.0,0.0,0.0,0.0,1.0,400,0,0,400,40,0.0,0.0,1.0
whisper-small,,ls-test-clean,main,greedy,1,True,whisper,conf,rover_freq,0.0,0.0,0.0,0.0,1.0,400,0,0,400,40,0.0,0.0,1.0
whisper-small,,ls-test-clean,main,greedy,1,True,legacy,first,rover_cg,0.0,0.0,0.0,0.0,1.0,400,0,0,400,40,0.0,0.0,1.0
whisper-small,,ls-test-clean,main,greedy,1,True,whisper,first,rover_cg,0.0,0.0,0.0,0.0,1.0,400,0,0,400,40,0.0,0.0,1.0
whisper-small,,ls-test-clean,main,greedy,1,True,legacy,conf,mbr,0.0,0.0,0.0,0.0,1.0,400,0,0,400,40,0.0,0.0,1.0
whisper-small,,ls-test-clean,main,greedy,1,True,whisper,conf,mbr,0.0,0.0,0.0,0.0,1.0,400,0,0,400,40,0.0,0.0,1.0
whisper-small,,ls-test-clean,main,greedy,1,True,legacy,first,conf,0.0,0.0,0.0,0.0,1.0,400,0,0,400,40,0.0,0.0,1.0
whisper-small,,ls-test-clean,main,greedy,1,True,whisper,first,conf,0.0,0.0,0.0,0.0,1.0,400,0,0,400,40,0.0,0.0,1.0
whisper-small,,ls-test-clean,main,greedy,1,True,legacy,rover_freq,rover_cg,0.0,0.0,0.0,0.0,1.0,400,0,0,400,40,0.0,0.0,1.0
whisper-small,,ls-test-clean,main,greedy,1,True,whisper,rover_freq,rover_cg,0.0,0.0,0.0,0.0,1.0,400,0,0,400,40,0.0,0.0,1.0
whisper-small,,ls-test-clean,main,sample,16,True,legacy,conf,rover_cg,1.2426991425375917,-0.10324177983364796,3.810182100900096,1.1914411054682674,0.1125,400,24,23,353,40,-0.14159792141626915,3.9298950135516653,0.435277184527723
whisper-small,,ls-test-clean,main,sample,16,True,whisper,conf,rover_cg,1.13314447592068,-0.2031317010812769,3.6638527219359256,1.1812206445516265,0.237,400,23,22,355,40,-0.2489660713344924,3.8047484159414293,0.9130372745241773
whisper-small,,ls-test-clean,main,sample,16,True,legacy,mbr,rover_cg,0.17397787995526284,0.012179786561652403,0.35538512390203575,0.08743944548673029,0.0225,400,23,13,364,40,0.024483814746567873,0.33964298204085697,0.051334425952216614
whisper-small,,ls-test-clean,main,sample,16,True,whisper,mbr,rover_cg,0.11085109003571869,-0.07460298044782283,0.2872894242562263,0.09410351880352069,0.146,400,22,15,363,40,-0.10255087798340103,0.3179957106163599,0.25409425634018934
whisper-small,,ls-test-clean,main,sample,16,True,legacy,cm05,rover_cg,-0.03728097427612775,-0.19674080984156345,0.12761999835117746,0.08349817581409175,0.7135,400,18,22,360,40,-0.1800064289727433,0.1115125069243491,0.6473147843885203
whisper-small,,ls-test-clean,main,sample,16,True,whisper,cm05,rover_cg,-0.09853430225397217,-0.27377133177782953,0.06394148576116607,0.08489398586034858,0.8925,400,17,21,362,40,-0.27266620199492597,0.06928985216531355,0.24455781411641853
whisper-small,,ls-test-clean,main,sample,16,True,legacy,conf,rover_c,1.2924071082390953,-0.039682146899210624,3.8719756256951965,1.1899826315417426,0.0625,400,21,15,364,40,-0.10093453881260686,3.9323257710770645,0.13704220308908652
whisper-small,,ls-test-clean,main,sample,16,True,whisper,conf,rover_c,1.13314447592068,-0.20742131257049065,3.694332269799969,1.1801313979632866,0.2355,400,21,18,361,40,-0.2514111052384205,3.8020142412232176,0.8772373298581988
whisper-small,,ls-test-clean,main,sample,16,True,legacy,conf,rover_freq,1.1557102025599602,-0.18412438904358316,3.7112353733247216,1.1887529582072671,0.217,400,17,17,366,40,-0.2312938991238962,3.8783456830244845,0.9572126780312875
whisper-small,,ls-test-clean,main,sample,16,True,whisper,conf,rover_freq,1.182411627047666,-0.1416664822501873,3.7220469720624245,1.1789911454855608,0.1725,400,21,17,362,40,-0.1915363399886103,3.8490698317640124,0.6916388337140144
whisper-small,,ls-test-clean,main,sample,16,True,legacy,first,rover_cg,0.4349446998881571,0.13149358331143005,0.73071424576244,0.1550169711570567,0.004,400,50,20,330,40,0.18966779888534482,0.6815860995427224,0.0014684498669542074
whisper-small,,ls-test-clean,main,sample,16,True,whisper,first,rover_cg,0.39413720901588867,0.099112485515749,0.6843558742519124,0.14488328339751821,0.004,400,45,19,336,40,0.08777237027826716,0.7020410847393647,0.004339964281213016
whisper-small,,ls-test-clean,main,sample,16,True,legacy,conf,mbr,1.0687212625823288,-0.30338299386063544,3.691337019421424,1.2032742117498925,0.3045,400,15,17,368,40,-0.38110198398187195,3.8001319331269854,0.4105216828424416
whisper-small,,ls-test-clean,main,sample,16,True,whisper,conf,mbr,1.0222933858849612,-0.32143403838469037,3.631801800524115,1.1930560468706806,0.345,400,15,19,366,40,-0.40769153398374464,3.7363373001326066,0.20053388201709355
whisper-small,,ls-test-clean,main,sample,16,True,legacy,first,conf,-0.8077544426494345,-3.458755570263031,0.6217342461078571,1.212435048912368,0.634,400,44,19,337,40,-3.561918002130673,0.6905625915130282,0.019868186622175425
whisper-small,,ls-test-clean,main,sample,16,True,whisper,first,conf,-0.7390072669047912,-3.3462159249582806,0.6901631945550428,1.203083950743966,0.6315,400,45,19,336,40,-3.4308272002056968,0.7444395996674762,0.0036875248768009627
whisper-small,,ls-test-clean,main,sample,16,True,legacy,rover_freq,rover_cg,0.08698893997763142,-0.05005397640643028,0.22788706146873455,0.07141368942926946,0.1285,400,18,12,370,40,-0.02479168143321274,0.20951490371684894,0.22301746994661498
whisper-small,,ls-test-clean,main,sample,16,True,whisper,rover_freq,rover_cg,-0.04926715112698608,-0.16259354485595445,0.05899609086321225,0.05736306236030808,0.8425,400,9,13,378,40,-0.167063973165862,0.07273457466228546,0.3937686346429927
whisper-small,,ls-test-other,main,beam,8,True,legacy,conf,rover_cg,0.01416029453412631,-0.3403629012981341,0.37206906248509775,0.18415253505936957,0.473,400,40,43,317,33,-0.3379543681266966,0.3248111048994574,0.955222423638019
whisper-small,,ls-test-other,main,beam,8,True,whisper,conf,rover_cg,-0.09805294859223981,-0.48841831015365006,0.2660257323982327,0.1951143169899242,0.7015,400,36,39,325,33,-0.47797989597650037,0.25910740431079266,0.7694464253860007
whisper-small,,ls-test-other,main,beam,8,True,legacy,mbr,rover_cg,-0.02832058906825262,-0.23931276966043746,0.19307561551808836,0.11448703490194921,0.6405,400,23,27,350,33,-0.26498750963341744,0.20661814604584117,0.8135704791744642
whisper-small,,ls-test-other,main,beam,8,True,whisper,mbr,rover_cg,-0.12606807676145118,-0.34783759555162513,0.08556821934970986,0.11138853184981155,0.895,400,18,25,357,33,-0.31935538575501604,0.05816495827440983,0.24787183188698125
whisper-small,,ls-test-other,main,beam,8,True,legacy,cm05,rover_cg,-0.08496176720475786,-0.3252749229921119,0.15265959338146012,0.12063592548709623,0.7875,400,28,35,337,33,-0.3146614673206583,0.1358411644957308,0.4831073284437527
whisper-small,,ls-test-other,main,beam,8,True,whisper,cm05,rover_cg,-0.16809076901526823,-0.43012909937248023,0.06816473332018283,0.1252537029463292,0.924,400,21,32,347,33,-0.4332085849904791,0.09076323775226851,0.1485992783660867
whisper-small,,ls-test-other,main,beam,8,True,legacy,conf,rover_c,0.01416029453412631,-0.3480309490640344,0.371182926376725,0.1832876569796297,0.461,400,35,38,327,33,-0.31490555490674255,0.3167200209417802,0.8860147848441013
whisper-small,,ls-test-other,main,beam,8,True,whisper,conf,rover_c,0.04202269225381706,-0.3360912113510531,0.3996145292543802,0.18767368294568057,0.4135,400,34,32,334,33,-0.26777227124921166,0.32243034467803505,0.614520819293123
whisper-small,,ls-test-other,main,beam,8,True,legacy,conf,rover_freq,0.09912206173888417,-0.25022150891208667,0.4523382675761093,0.18245725186177905,0.304,400,29,26,345,33,-0.2145428395834873,0.4104226155154306,0.44428329463786764
whisper-small,,ls-test-other,main,beam,8,True,whisper,conf,rover_freq,0.14007564084605686,-0.2140037904624818,0.488255650026953,0.18379832034855803,0.2245,400,33,25,342,33,-0.19031825724706472,0.42489583760618416,0.27869085858692444
whisper-small,,ls-test-other,main,beam,8,True,legacy,first,rover_cg,-0.05664117813650524,-0.3439087130015838,0.24294113380688348,0.15315121531331236,0.668,400,30,40,330,33,-0.34281301321187446,0.20020384938472524,0.5309679422831532
whisper-small,,ls-test-other,main,beam,8,True,whisper,first,rover_cg,-0.14007564084605686,-0.42583046746606606,0.13363408143126682,0.13989392358558328,0.8655,400,22,29,349,33,-0.4416043164639085,0.14204324483953218,0.2987724911776216
whisper-small,,ls-test-other,main,beam,8,True,legacy,conf,mbr,0.04248088360237893,-0.32604298004572446,0.42906931229676015,0.1929147953017288,0.413,400,29,28,343,33,-0.2788524751824337,0.40385605712601097,0.757514318575689
whisper-small,,ls-test-other,main,beam,8,True,whisper,conf,mbr,0.028015128169211374,-0.3700094813705109,0.4258306149755778,0.1992957306098818,0.4395,400,29,29,342,33,-0.3193383317722297,0.3836461141448353,0.759801876020651
whisper-small,,ls-test-other,main,beam,8,True,legacy,first,conf,-0.07080147267063155,-0.33115103113664235,0.19593099300315717,0.13287958513677364,0.7285,400,14,18,368,33,-0.2691648858063037,0.1450200318351049,0.543191658106744
whisper-small,,ls-test-other,main,beam,8,True,whisper,first,conf,-0.04202269225381706,-0.3247052253498839,0.22667553382011585,0.13776523487034426,0.652,400,16,18,366,33,-0.24345861643589944,0.19352255836415427,0.7509873774031034
whisper-small,,ls-test-other,main,beam,8,True,legacy,rover_freq,rover_cg,-0.08496176720475786,-0.28551230956247253,0.1207032936632146,0.10548758706864421,0.8035,400,23,28,349,33,-0.23624728542591658,0.08834443744498352,0.4142161782425251
whisper-small,,ls-test-other,main,beam,8,True,whisper,rover_freq,rover_cg,-0.23812858943829668,-0.4107928995112699,-0.08244197362937257,0.08517283194644111,0.9995,400,7,21,372,33,-0.36397552999829286,-0.1281142796453937,0.005151911050211092
whisper-small,,ls-test-other,main,greedy,1,True,legacy,conf,rover_cg,0.0,0.0,0.0,0.0,1.0,400,0,0,400,33,0.0,0.0,1.0
whisper-small,,ls-test-other,main,greedy,1,True,whisper,conf,rover_cg,0.0,0.0,0.0,0.0,1.0,400,0,0,400,33,0.0,0.0,1.0
whisper-small,,ls-test-other,main,greedy,1,True,legacy,mbr,rover_cg,0.0,0.0,0.0,0.0,1.0,400,0,0,400,33,0.0,0.0,1.0
whisper-small,,ls-test-other,main,greedy,1,True,whisper,mbr,rover_cg,0.0,0.0,0.0,0.0,1.0,400,0,0,400,33,0.0,0.0,1.0
whisper-small,,ls-test-other,main,greedy,1,True,legacy,cm05,rover_cg,0.0,0.0,0.0,0.0,1.0,400,0,0,400,33,0.0,0.0,1.0
whisper-small,,ls-test-other,main,greedy,1,True,whisper,cm05,rover_cg,0.0,0.0,0.0,0.0,1.0,400,0,0,400,33,0.0,0.0,1.0
whisper-small,,ls-test-other,main,greedy,1,True,legacy,conf,rover_c,0.0,0.0,0.0,0.0,1.0,400,0,0,400,33,0.0,0.0,1.0
whisper-small,,ls-test-other,main,greedy,1,True,whisper,conf,rover_c,0.0,0.0,0.0,0.0,1.0,400,0,0,400,33,0.0,0.0,1.0
whisper-small,,ls-test-other,main,greedy,1,True,legacy,conf,rover_freq,0.0,0.0,0.0,0.0,1.0,400,0,0,400,33,0.0,0.0,1.0
whisper-small,,ls-test-other,main,greedy,1,True,whisper,conf,rover_freq,0.0,0.0,0.0,0.0,1.0,400,0,0,400,33,0.0,0.0,1.0
whisper-small,,ls-test-other,main,greedy,1,True,legacy,first,rover_cg,0.0,0.0,0.0,0.0,1.0,400,0,0,400,33,0.0,0.0,1.0
whisper-small,,ls-test-other,main,greedy,1,True,whisper,first,rover_cg,0.0,0.0,0.0,0.0,1.0,400,0,0,400,33,0.0,0.0,1.0
whisper-small,,ls-test-other,main,greedy,1,True,legacy,conf,mbr,0.0,0.0,0.0,0.0,1.0,400,0,0,400,33,0.0,0.0,1.0
whisper-small,,ls-test-other,main,greedy,1,True,whisper,conf,mbr,0.0,0.0,0.0,0.0,1.0,400,0,0,400,33,0.0,0.0,1.0
whisper-small,,ls-test-other,main,greedy,1,True,legacy,first,conf,0.0,0.0,0.0,0.0,1.0,400,0,0,400,33,0.0,0.0,1.0
whisper-small,,ls-test-other,main,greedy,1,True,whisper,first,conf,0.0,0.0,0.0,0.0,1.0,400,0,0,400,33,0.0,0.0,1.0
whisper-small,,ls-test-other,main,greedy,1,True,legacy,rover_freq,rover_cg,0.0,0.0,0.0,0.0,1.0,400,0,0,400,33,0.0,0.0,1.0
whisper-small,,ls-test-other,main,greedy,1,True,whisper,rover_freq,rover_cg,0.0,0.0,0.0,0.0,1.0,400,0,0,400,33,0.0,0.0,1.0
whisper-small,,ls-test-other,main,sample,16,True,legacy,conf,rover_cg,0.11328235627301048,-0.7571598984003813,0.9102838303367646,0.42783313591895633,0.3825,400,38,43,319,33,-1.025991134386966,1.0388244627875962,0.2906676905272493
whisper-small,,ls-test-other,main,sample,16,True,whisper,conf,rover_cg,-0.08404538450763412,-0.9244626332130611,0.652782960199005,0.40071337034600035,0.571,400,38,42,320,33,-1.1432694801649057,0.7209156451279864,0.807168606782444
whisper-small,,ls-test-other,main,sample,16,True,legacy,mbr,rover_cg,-0.11328235627301048,-0.3512486389456444,0.12656625841247743,0.1200928173508917,0.843,400,23,34,343,33,-0.357404748300756,0.12510691368587676,0.3646736001757417
whisper-small,,ls-test-other,main,sample,16,True,whisper,mbr,rover_cg,-0.05603025633842275,-0.29408450102731765,0.18107374726373895,0.1214651736570176,0.698,400,21,27,352,33,-0.2300761153584933,0.1225262526855942,0.7056463676698328
whisper-small,,ls-test-other,main,sample,16,True,legacy,cm05,rover_cg,-0.07080147267063155,-0.39556174556159474,0.2462468241632826,0.17019748863090411,0.664,400,28,43,329,33,-0.45872333758173217,0.35452764047872193,0.7275734529825193
whisper-small,,ls-test-other,main,sample,16,True,whisper,cm05,rover_cg,-0.1120605126768455,-0.4814535102578581,0.2371546052897364,0.1805677858926441,0.7505,400,25,34,341,33,-0.4496583764878997,0.23659322366520244,0.4585280350151255
whisper-small,,ls-test-other,main,sample,16,True,legacy,conf,rover_c,0.35400736335315774,-0.5017399608782764,1.1210000824434492,0.4189573433440665,0.191,400,40,29,331,33,-0.7630012311278295,1.2503554861829846,0.022912505199415806
whisper-small,,ls-test-other,main,sample,16,True,whisper,conf,rover_c,0.12606807676145118,-0.6957008019584975,0.8450099534964487,0.3933427050270936,0.3505,400,37,32,331,33,-0.87130044222907,0.9164448922994768,0.18562008062689395
whisper-small,,ls-test-other,main,sample,16,True,legacy,conf,rover_freq,0.2973661852166525,-0.5418757605683453,1.0332677062338587,0.40903875834918085,0.2215,400,40,29,331,33,-0.711188450982331,1.118826854714201,0.06346280860620145
whisper-small,,ls-test-other,main,sample,16,True,whisper,conf,rover_freq,0.23812858943829668,-0.5870914462057061,0.9698460709239854,0.39860860190614295,0.2615,400,39,29,332,33,-0.7660295567918243,1.051750720701895,0.06868180134684394
whisper-small,,ls-test-other,main,sample,16,True,legacy,first,rover_cg,0.9487397337864628,-0.00034350096180267353,1.7016179979498423,0.44343678940176784,0.027,400,91,42,267,33,-0.10307730656548927,1.8736701993889295,2.25044492127006e-06
whisper-small,,ls-test-other,main,sample,16,True,whisper,first,rover_cg,0.8544614091609469,-0.05875156211563047,1.5747059024022438,0.42823133102494965,0.035,400,85,35,280,33,-0.08758343023471633,1.6611837943163699,1.1254470022997976e-05
whisper-small,,ls-test-other,main,sample,16,True,legacy,conf,mbr,0.22656471254602095,-0.6189648124502645,0.9897037296662053,0.42109299764327046,0.2855,400,36,28,336,33,-0.8092616647079441,1.0968002996526751,0.15364207725411072
whisper-small,,ls-test-other,main,sample,16,True,whisper,conf,mbr,-0.028015128169211374,-0.8691470329954829,0.7509207860979453,0.4170912223875893,0.503,400,35,34,331,33,-1.0412945401192182,0.761609811323989,0.623568829204884
whisper-small,,ls-test-other,main,sample,16,True,legacy,first,conf,0.8354573775134523,0.17806485203632935,1.449678852907031,0.3237479616873246,0.0085,400,84,38,278,33,0.105106685136252,1.4827227892093935,0.0011815332418790765
whisper-small,,ls-test-other,main,sample,16,True,whisper,first,conf,0.938506793668581,0.28619552573821055,1.5279189849859425,0.3112186010976566,0.005,400,85,37,278,33,0.26575500507249267,1.5845865702030077,0.00045410234272479945
whisper-small,,ls-test-other,main,sample,16,True,legacy,rover_freq,rover_cg,-0.18408382894364203,-0.4099328260567653,0.06066309639893469,0.12095979338531104,0.9325,400,19,35,346,33,-0.40099283609474756,0.043202602174464116,0.12894554405201297
whisper-small,,ls-test-other,main,sample,16,True,whisper,rover_freq,rover_cg,-0.3221739739459308,-0.49229825923070447,-0.16310460325145315,0.0873258225373759,1.0,400,7,27,366,33,-0.5682331837147554,-0.11000916924570238,0.00045634824191394626
whisper-turbo,,ami,main,beam,8,True,legacy,conf,rover_cg,1.5376315079579175,-1.7673129197633208,7.362692541620108,2.7029096341121615,0.3605,400,39,77,284,16,-1.4432522422170642,6.276922979692438,0.01243617951481111
whisper-turbo,,ami,main,beam,8,True,whisper,conf,rover_cg,1.0336602173336866,-2.2727739854007325,6.704527004954802,2.6602826734486222,0.367,400,38,92,270,16,-2.2363640671682212,6.031030772021609,0.0002831210697167385
whisper-turbo,,ami,main,beam,8,True,legacy,mbr,rover_cg,-1.1869436201780414,-1.7495728418664735,-0.6719736044655132,0.27093702835366235,1.0,400,19,65,316,16,-1.8913830799716849,-0.6317984140158192,7.848667905162182e-06
whisper-turbo,,ami,main,beam,8,True,whisper,mbr,rover_cg,-1.2987012987012987,-1.8986908392460298,-0.7469544149538745,0.30345606957944576,1.0,400,29,79,292,16,-2.2750414915841093,-0.5854792977192168,6.070712324553745e-06
whisper-turbo,,ami,main,beam,8,True,legacy,cm05,rover_cg,-1.5106555165902347,-2.2009361440989905,-0.8749685773150135,0.33691020923364623,1.0,400,23,74,303,16,-2.3822776242393786,-0.7541503807368487,3.616834866799365e-06
whisper-turbo,,ami,main,beam,8,True,whisper,cm05,rover_cg,-1.7757752451630002,-2.5220780997410626,-1.080372744215947,0.36549074380544117,1.0,400,27,89,284,16,-2.6781905744754044,-0.9367283091588817,1.4803311564865837e-07
whisper-turbo,,ami,main,beam,8,True,legacy,conf,rover_c,2.1041273266792553,-1.1900497637149148,7.909746963950501,2.699679271546872,0.3235,400,43,60,297,16,-0.8866868241042835,6.951071098195294,0.34560879184778937
whisper-turbo,,ami,main,beam,8,True,whisper,conf,rover_c,1.5372382719321496,-1.7482922378702102,7.196935766784203,2.657604301802021,0.36,400,38,74,288,16,-1.6192007002378201,6.719036998738081,0.013981241009095549
whisper-turbo,,ami,main,beam,8,True,legacy,conf,rover_freq,2.481791205826814,-0.7692996967190516,8.335903764711993,2.699223970671593,0.2335,400,45,49,306,16,-0.46469609694481306,7.345027169774822,0.9630127731091199
whisper-turbo,,ami,main,beam,8,True,whisper,conf,rover_freq,2.146832759077657,-1.0864637631877727,7.9385937328181075,2.6573083411778526,0.3135,400,36,50,314,16,-0.8553003057009402,7.083802766685679,0.41085292699073295
whisper-turbo,,ami,main,beam,8,True,legacy,first,rover_cg,1.4836795252225519,-1.7364659929116653,7.273249459597306,2.690611544199195,0.363,400,34,71,295,16,-1.5942575073784178,6.462513648410118,0.007059830350574303
whisper-turbo,,ami,main,beam,8,True,whisper,first,rover_cg,1.351709514974821,-1.820817597047614,7.070568561968283,2.6444513698911343,0.363,400,37,82,281,16,-1.8706216241260887,6.617317425885749,0.00156634124025714
whisper-turbo,,ami,main,beam,8,True,legacy,conf,mbr,2.724575128135959,-0.5466615747151804,8.65865692484641,2.733169925391345,0.159,400,36,33,331,16,0.0,7.589702907666162,0.5685692770060442
whisper-turbo,,ami,main,beam,8,True,whisper,conf,mbr,2.3323615160349855,-0.9133580433566598,8.1464985721703,2.690889639869219,0.2765,400,28,33,339,16,-0.33123909690154213,7.265579579376691,0.6675827619568837
whisper-turbo,,ami,main,beam,8,True,legacy,first,conf,-0.05395198273536553,-0.7703088491412138,0.5870152322576148,0.34505720707207677,0.561,400,23,18,359,16,-0.4946918928775833,0.3902195184208286,0.8979583597266163
whisper-turbo,,ami,main,beam,8,True,whisper,first,conf,0.3180492976411344,-0.433699164766388,1.0693622054956125,0.3833386633287564,0.207,400,27,16,357,16,-0.024973493531610127,0.7061529335546165,0.2691987499654154
whisper-turbo,,ami,main,beam,8,True,legacy,rover_freq,rover_cg,-0.9441596978688966,-1.4356788812566363,-0.4991624158423893,0.23787413448762243,1.0,400,20,53,327,16,-1.4407544849839848,-0.5149897106785454,8.21106122989748e-05
whisper-turbo,,ami,main,beam,8,True,whisper,rover_freq,rover_cg,-1.1131725417439704,-1.562125185213289,-0.6862937203769216,0.2260303952868824,1.0,400,12,53,335,16,-1.6522036587179614,-0.7257533943342295,3.5198056006381295e-07
whisper-turbo,,ami,main,greedy,1,True,legacy,conf,rover_cg,0.0,0.0,0.0,0.0,1.0,400,0,0,400,16,0.0,0.0,1.0
whisper-turbo,,ami,main,greedy,1,True,whisper,conf,rover_cg,0.0,0.0,0.0,0.0,1.0,400,0,0,400,16,0.0,0.0,1.0
whisper-turbo,,ami,main,greedy,1,True,legacy,mbr,rover_cg,0.0,0.0,0.0,0.0,1.0,400,0,0,400,16,0.0,0.0,1.0
whisper-turbo,,ami,main,greedy,1,True,whisper,mbr,rover_cg,0.0,0.0,0.0,0.0,1.0,400,0,0,400,16,0.0,0.0,1.0
whisper-turbo,,ami,main,greedy,1,True,legacy,cm05,rover_cg,0.0,0.0,0.0,0.0,1.0,400,0,0,400,16,0.0,0.0,1.0
whisper-turbo,,ami,main,greedy,1,True,whisper,cm05,rover_cg,0.0,0.0,0.0,0.0,1.0,400,0,0,400,16,0.0,0.0,1.0
whisper-turbo,,ami,main,greedy,1,True,legacy,conf,rover_c,0.0,0.0,0.0,0.0,1.0,400,0,0,400,16,0.0,0.0,1.0
whisper-turbo,,ami,main,greedy,1,True,whisper,conf,rover_c,0.0,0.0,0.0,0.0,1.0,400,0,0,400,16,0.0,0.0,1.0
whisper-turbo,,ami,main,greedy,1,True,legacy,conf,rover_freq,0.0,0.0,0.0,0.0,1.0,400,0,0,400,16,0.0,0.0,1.0
whisper-turbo,,ami,main,greedy,1,True,whisper,conf,rover_freq,0.0,0.0,0.0,0.0,1.0,400,0,0,400,16,0.0,0.0,1.0
whisper-turbo,,ami,main,greedy,1,True,legacy,first,rover_cg,0.0,0.0,0.0,0.0,1.0,400,0,0,400,16,0.0,0.0,1.0
whisper-turbo,,ami,main,greedy,1,True,whisper,first,rover_cg,0.0,0.0,0.0,0.0,1.0,400,0,0,400,16,0.0,0.0,1.0
whisper-turbo,,ami,main,greedy,1,True,legacy,conf,mbr,0.0,0.0,0.0,0.0,1.0,400,0,0,400,16,0.0,0.0,1.0
whisper-turbo,,ami,main,greedy,1,True,whisper,conf,mbr,0.0,0.0,0.0,0.0,1.0,400,0,0,400,16,0.0,0.0,1.0
whisper-turbo,,ami,main,greedy,1,True,legacy,first,conf,0.0,0.0,0.0,0.0,1.0,400,0,0,400,16,0.0,0.0,1.0
whisper-turbo,,ami,main,greedy,1,True,whisper,first,conf,0.0,0.0,0.0,0.0,1.0,400,0,0,400,16,0.0,0.0,1.0
whisper-turbo,,ami,main,greedy,1,True,legacy,rover_freq,rover_cg,0.0,0.0,0.0,0.0,1.0,400,0,0,400,16,0.0,0.0,1.0
whisper-turbo,,ami,main,greedy,1,True,whisper,rover_freq,rover_cg,0.0,0.0,0.0,0.0,1.0,400,0,0,400,16,0.0,0.0,1.0
whisper-turbo,,ami,main,sample,16,True,legacy,conf,rover_cg,-0.7013757755597518,-1.5518250409199053,0.12742571643398673,0.4172981562092043,0.9545,400,34,45,321,16,-1.3866156175027355,-0.04705195682893391,0.08757125542611678
whisper-turbo,,ami,main,sample,16,True,whisper,conf,rover_cg,-0.21203286509408958,-0.9465420510189128,0.524066682806768,0.3826482456060061,0.7015,400,37,43,320,16,-0.7487450568006158,0.49880468816112256,0.48629824297692525
whisper-turbo,,ami,main,sample,16,True,legacy,mbr,rover_cg,-0.10790396547073106,-0.4908711635169468,0.2883112053884567,0.19931248278635202,0.719,400,22,26,352,16,-0.4633169272341247,0.23047493224572296,0.5868057967543582
whisper-turbo,,ami,main,sample,16,True,whisper,mbr,rover_cg,0.5035780545984627,0.025981669926429134,0.9857627403624104,0.24761464035585468,0.0235,400,40,21,339,16,0.0558459779186695,0.9409450169386873,0.04434592011276836
whisper-turbo,,ami,main,sample,16,True,legacy,cm05,rover_cg,-0.2697599136768276,-0.8024848776677199,0.26840352858788497,0.27666298147618945,0.8485,400,27,34,339,16,-0.9440620010938978,0.22759334943340132,0.34779931381178153
whisper-turbo,,ami,main,sample,16,True,whisper,cm05,rover_cg,0.21203286509408958,-0.28332647312817283,0.7644149869156464,0.2677275977756505,0.2345,400,36,31,333,16,-0.20738939540654122,0.7428418577603625,0.46403673349788477
whisper-turbo,,ami,main,sample,16,True,legacy,conf,rover_c,-0.7013757755597518,-1.5176488530646137,0.13263923963451024,0.41488983017956604,0.9585,400,32,41,327,16,-1.3411854340896037,-0.06669760711877036,0.10410153502767522
whisper-turbo,,ami,main,sample,16,True,whisper,conf,rover_c,-0.26504108136761195,-1.0112247166845771,0.472220096191373,0.3823873201678594,0.7515,400,30,37,333,16,-0.747538941983742,0.3542622568173652,0.43030930617971674
whisper-turbo,,ami,main,sample,16,True,legacy,conf,rover_freq,-0.16185594820609658,-0.9994637896201594,0.6440562668016648,0.41911776812634544,0.6575,400,40,34,326,16,-0.7610512749898879,0.5369761129109208,0.6076536498357623
whisper-turbo,,ami,main,sample,16,True,whisper,conf,rover_freq,-0.397561622051418,-1.1483792114976832,0.39729000911256657,0.39594710560634466,0.8435,400,28,34,338,16,-0.8724482801595214,0.3295098039215681,0.30345741851574526
whisper-turbo,,ami,main,sample,16,True,legacy,first,rover_cg,0.7553277582951173,-0.2790268609578851,1.9787059392119537,0.5725502189442219,0.087,400,63,50,287,16,-0.2831730276420542,1.8596357988635965,0.28861355745188055
whisper-turbo,,ami,main,sample,16,True,whisper,first,rover_cg,1.4312218393851046,0.4359857321932226,2.676719916037734,0.565278333956101,0.0015,400,68,39,293,16,0.4661428721506647,2.673492377330543,0.01148791466081018
whisper-turbo,,ami,main,sample,16,True,legacy,conf,mbr,-0.5934718100890207,-1.4910751658841546,0.2770859036135226,0.449784243429244,0.908,400,36,41,323,16,-1.2225668623309178,0.08078817879833913,0.17603971421902254
whisper-turbo,,ami,main,sample,16,True,whisper,conf,mbr,-0.7156109196925523,-1.5896120629933788,0.13550007060931465,0.43881514934657934,0.9495,400,28,43,329,16,-1.274966964984094,0.05960955122978962,0.08152261300507874
whisper-turbo,,ami,main,sample,16,True,legacy,first,conf,1.456703533854869,0.1352123003122764,2.9062295716186934,0.6904124200627378,0.0135,400,66,44,290,16,0.324585646550461,2.6583242401976475,0.051139572611674435
whisper-turbo,,ami,main,sample,16,True,whisper,first,conf,1.6432547044791943,0.4499231843575419,3.0249952585817037,0.6568979454936894,0.0025,400,61,33,306,16,0.500931735626669,2.8412006798187135,0.007235279305209051
whisper-turbo,,ami,main,sample,16,True,legacy,rover_freq,rover_cg,-0.5395198273536552,-0.9391407004671036,-0.15830925820780872,0.20293993322836767,0.997,400,14,35,351,16,-0.967990977738762,-0.18365663913927044,0.009081788604359623
whisper-turbo,,ami,main,sample,16,True,whisper,rover_freq,rover_cg,0.18552875695732837,-0.20347033566189407,0.5549470269534232,0.19696009949383306,0.187,400,24,17,359,16,-0.16408318921716947,0.5615456430990966,0.342087623125254
whisper-turbo,,common_voice,main,beam,8,True,legacy,conf,rover_cg,-0.6681514476614699,-1.3534532262132848,0.0,0.34519178555339736,0.983,147,6,15,126,147,,,0.04953461343562671
whisper-turbo,,common_voice,main,beam,8,True,whisper,conf,rover_cg,-0.9393063583815029,-1.74643341236041,-0.2741276566300155,0.3872425076378474,0.9945,147,5,15,127,147,,,0.01554470204294442
whisper-turbo,,common_voice,main,beam,8,True,legacy,mbr,rover_cg,-0.8166295471417966,-1.609257151930558,-0.14705882352941177,0.37916347696596425,0.9935,147,5,14,128,147,,,0.027632724029533772
whisper-turbo,,common_voice,main,beam,8,True,whisper,mbr,rover_cg,-1.083815028901734,-1.8827961690325579,-0.41740739943611116,0.3754931808900125,1.0,147,3,15,129,147,,,0.004006673322594885
whisper-turbo,,common_voice,main,beam,8,True,legacy,cm05,rover_cg,-0.5939123979213066,-1.2204890277309177,-0.0719398619035806,0.30459304699023376,0.99,147,4,12,131,147,,,0.045500263896358396
whisper-turbo,,common_voice,main,beam,8,True,whisper,cm05,rover_cg,-1.0115606936416186,-1.7557014805159474,-0.3620108324794924,0.35391636090005407,0.9995,147,3,15,129,147,,,0.004323977940745691
whisper-turbo,,common_voice,main,beam,8,True,legacy,conf,rover_c,-0.22271714922049,-0.9213937668893206,0.37624400341834935,0.3346590137996019,0.767,147,6,7,134,147,,,0.6170750774519738
whisper-turbo,,common_voice,main,beam,8,True,whisper,conf,rover_c,-0.5780346820809249,-1.3018511857698114,0.0728916253218079,0.3517148230670783,0.9675,147,6,12,129,147,,,0.10084606864608373
whisper-turbo,,common_voice,main,beam,8,True,legacy,conf,rover_freq,-0.22271714922049,-0.8621197551263645,0.36496350364963503,0.3086135012477789,0.7985,147,5,6,136,147,,,0.4484228516453874
whisper-turbo,,common_voice,main,beam,8,True,whisper,conf,rover_freq,-0.14450867052023122,-0.7982728381359532,0.44684477150560864,0.32202706778741247,0.714,147,7,7,133,147,,,0.6353317636247899
whisper-turbo,,common_voice,main,beam,8,True,legacy,first,rover_cg,-0.7423904974016332,-1.4051565552984215,-0.145032632342277,0.3231221043539215,0.994,147,4,14,129,147,,,0.018422125454099002
whisper-turbo,,common_voice,main,beam,8,True,whisper,first,rover_cg,-1.0115606936416186,-1.8060395681736034,-0.34082002837092695,0.38132552583480245,0.998,147,4,15,128,147,,,0.00817668975478812
whisper-turbo,,common_voice,main,beam,8,True,legacy,conf,mbr,0.14847809948032664,-0.5235798184206915,0.8253465367852529,0.35072992848879686,0.363,147,6,4,137,147,,,0.7131282524578562
whisper-turbo,,common_voice,main,beam,8,True,whisper,conf,mbr,0.14450867052023122,-0.5575694239272956,0.8627821451465969,0.35883307399611575,0.3715,147,7,5,135,147,,,0.713985795669382
whisper-turbo,,common_voice,main,beam,8,True,legacy,first,conf,-0.07423904974016332,-0.3610566771284706,0.15163289888302284,0.12930763217381266,0.814,147,1,2,144,147,,,0.5637028616507731
whisper-turbo,,common_voice,main,beam,8,True,whisper,first,conf,-0.07225433526011561,-0.4228778677008569,0.22140221402214022,0.16246542243493275,0.7505,147,2,3,142,147,,,0.6547208460185769
whisper-turbo,,common_voice,main,beam,8,True,legacy,rover_freq,rover_cg,-0.44543429844098,-1.0109033252726112,0.07369878081218138,0.27868080732290185,0.968,147,4,10,133,147,,,0.10880943004054569
whisper-turbo,,common_voice,main,beam,8,True,whisper,rover_freq,rover_cg,-0.7947976878612717,-1.4028036924797969,-0.22220990391722104,0.2982725398299258,0.9995,147,2,12,133,147,,,0.007632881787792299
whisper-turbo,,common_voice,main,greedy,1,True,legacy,conf,rover_cg,0.0,0.0,0.0,0.0,1.0,147,0,0,147,147,,,1.0
whisper-turbo,,common_voice,main,greedy,1,True,whisper,conf,rover_cg,0.0,0.0,0.0,0.0,1.0,147,0,0,147,147,,,1.0
whisper-turbo,,common_voice,main,greedy,1,True,legacy,mbr,rover_cg,0.0,0.0,0.0,0.0,1.0,147,0,0,147,147,,,1.0
whisper-turbo,,common_voice,main,greedy,1,True,whisper,mbr,rover_cg,0.0,0.0,0.0,0.0,1.0,147,0,0,147,147,,,1.0
whisper-turbo,,common_voice,main,greedy,1,True,legacy,cm05,rover_cg,0.0,0.0,0.0,0.0,1.0,147,0,0,147,147,,,1.0
whisper-turbo,,common_voice,main,greedy,1,True,whisper,cm05,rover_cg,0.0,0.0,0.0,0.0,1.0,147,0,0,147,147,,,1.0
whisper-turbo,,common_voice,main,greedy,1,True,legacy,conf,rover_c,0.0,0.0,0.0,0.0,1.0,147,0,0,147,147,,,1.0
whisper-turbo,,common_voice,main,greedy,1,True,whisper,conf,rover_c,0.0,0.0,0.0,0.0,1.0,147,0,0,147,147,,,1.0
whisper-turbo,,common_voice,main,greedy,1,True,legacy,conf,rover_freq,0.0,0.0,0.0,0.0,1.0,147,0,0,147,147,,,1.0
whisper-turbo,,common_voice,main,greedy,1,True,whisper,conf,rover_freq,0.0,0.0,0.0,0.0,1.0,147,0,0,147,147,,,1.0
whisper-turbo,,common_voice,main,greedy,1,True,legacy,first,rover_cg,0.0,0.0,0.0,0.0,1.0,147,0,0,147,147,,,1.0
whisper-turbo,,common_voice,main,greedy,1,True,whisper,first,rover_cg,0.0,0.0,0.0,0.0,1.0,147,0,0,147,147,,,1.0
whisper-turbo,,common_voice,main,greedy,1,True,legacy,conf,mbr,0.0,0.0,0.0,0.0,1.0,147,0,0,147,147,,,1.0
whisper-turbo,,common_voice,main,greedy,1,True,whisper,conf,mbr,0.0,0.0,0.0,0.0,1.0,147,0,0,147,147,,,1.0
whisper-turbo,,common_voice,main,greedy,1,True,legacy,first,conf,0.0,0.0,0.0,0.0,1.0,147,0,0,147,147,,,1.0
whisper-turbo,,common_voice,main,greedy,1,True,whisper,first,conf,0.0,0.0,0.0,0.0,1.0,147,0,0,147,147,,,1.0
whisper-turbo,,common_voice,main,greedy,1,True,legacy,rover_freq,rover_cg,0.0,0.0,0.0,0.0,1.0,147,0,0,147,147,,,1.0
whisper-turbo,,common_voice,main,greedy,1,True,whisper,rover_freq,rover_cg,0.0,0.0,0.0,0.0,1.0,147,0,0,147,147,,,1.0
whisper-turbo,,common_voice,main,sample,16,True,legacy,conf,rover_cg,1.3363028953229399,-1.1070256667756553,5.700509637567728,1.987308702470935,0.3475,147,6,12,129,147,,,0.2345212962629133
whisper-turbo,,common_voice,main,sample,16,True,whisper,conf,rover_cg,0.21676300578034682,-2.017436824307441,3.8719412392274464,1.6103050566674704,0.484,147,6,18,123,147,,,0.02086225700699878
whisper-turbo,,common_voice,main,sample,16,True,legacy,mbr,rover_cg,0.7423904974016332,0.07261900812214339,1.7062775310098233,0.4342365997791607,0.0225,147,8,2,137,147,,,0.05220363534131467
whisper-turbo,,common_voice,main,sample,16,True,whisper,mbr,rover_cg,-0.21676300578034682,-0.7628718183630449,0.2934972992305588,0.2748958173892111,0.8225,147,5,7,135,147,,,0.4385780260809998
whisper-turbo,,common_voice,main,sample,16,True,legacy,cm05,rover_cg,0.3711952487008166,-0.5974607916355489,1.8276866450266624,0.6530819379891624,0.345,147,5,7,135,147,,,0.7962534147376392
whisper-turbo,,common_voice,main,sample,16,True,whisper,cm05,rover_cg,-0.5780346820809249,-1.3566402848492547,0.21202539564960604,0.4078114691061744,0.9375,147,5,13,129,147,,,0.09683543849298935
whisper-turbo,,common_voice,main,sample,16,True,legacy,conf,rover_c,1.3363028953229399,-1.0982380356756163,5.664728800360286,1.984132091749673,0.3495,147,5,11,131,147,,,0.2166818381897293
whisper-turbo,,common_voice,main,sample,16,True,whisper,conf,rover_c,0.43352601156069365,-1.7883428892416555,4.053178673143582,1.598140295495518,0.417,147,5,15,127,147,,,0.04255315710629915
whisper-turbo,,common_voice,main,sample,16,True,legacy,conf,rover_freq,0.8166295471417966,-1.5441460524607193,4.885723854323964,1.7778724927235523,0.3655,147,5,13,129,147,,,0.09688107732564513
whisper-turbo,,common_voice,main,sample,16,True,whisper,conf,rover_freq,0.7225433526011561,-1.4676338793476056,4.41520667031545,1.6591384921615306,0.3695,147,5,13,129,147,,,0.09688107732564513
whisper-turbo,,common_voice,main,sample,16,True,legacy,first,rover_cg,2.078693392724573,0.940347103433593,3.3558607214525056,0.623927057493135,0.0,147,20,5,122,147,,,0.0010110388039111804
whisper-turbo,,common_voice,main,sample,16,True,whisper,first,rover_cg,1.300578034682081,0.22432071050174152,2.404280995869318,0.5506714518165691,0.0095,147,18,9,120,147,,,0.023087445220698014
whisper-turbo,,common_voice,main,sample,16,True,legacy,conf,mbr,0.5939123979213066,-1.640628002131879,4.293161246977901,1.6386949883245514,0.389,147,5,13,129,147,,,0.0837578924599102
whisper-turbo,,common_voice,main,sample,16,True,whisper,conf,mbr,0.43352601156069365,-1.754419445560466,4.050324806571319,1.5998615315422378,0.417,147,5,14,128,147,,,0.05193913521508093
whisper-turbo,,common_voice,main,sample,16,True,legacy,first,conf,0.7423904974016332,-3.3070055401824168,3.456447475952559,1.7887569620730828,0.318,147,22,7,118,147,,,0.0039994079452881975
whisper-turbo,,common_voice,main,sample,16,True,whisper,first,conf,1.083815028901734,-2.971131179051971,3.7806955472101627,1.7700314344857517,0.26,147,22,6,119,147,,,0.0020067129333912206
whisper-turbo,,common_voice,main,sample,16,True,legacy,rover_freq,rover_cg,0.5196733481811433,0.0,1.1869656495696557,0.3067365752574447,0.032,147,7,2,138,147,,,0.08326451666355039
whisper-turbo,,common_voice,main,sample,16,True,whisper,rover_freq,rover_cg,-0.5057803468208093,-0.9580486432296458,-0.07261376471533423,0.22961284134633406,0.9925,147,2,9,136,147,,,0.034808478811867126
whisper-turbo,,earnings22,main,beam,8,True,legacy,conf,rover_cg,-0.08218615163344976,-0.5495151444343839,0.39729450499810304,0.24486339626181292,0.6535,307,32,34,241,6,-0.4970945120771818,0.33709559653968457,0.7488336787277439
whisper-turbo,,earnings22,main,beam,8,True,whisper,conf,rover_cg,-1.5256008359456634,-2.1436754265804425,-0.9935419330585669,0.2910884481004648,1.0,307,26,84,197,6,-1.670343523479357,-1.2624800847057092,2.6408529930139e-07
whisper-turbo,,earnings22,main,beam,8,True,legacy,mbr,rover_cg,0.18491884117526197,-0.12515003933574564,0.488508924388562,0.15688447510140738,0.1305,307,27,14,266,6,-0.21774632553075668,0.3997441637352095,0.2852578114109702
whisper-turbo,,earnings22,main,beam,8,True,whisper,mbr,rover_cg,-0.9822361546499477,-1.3915338848884122,-0.6058323901785444,0.19792411925846287,1.0,307,17,61,229,6,-1.3981358189081226,-0.672508661096393,4.6993649458439717e-07
whisper-turbo,,earnings22,main,beam,8,True,legacy,cm05,rover_cg,0.06163961372508732,-0.28132090147960165,0.393530599834457,0.17204613895240395,0.386,307,26,21,260,6,-0.2022653721682848,0.2517985611510791,0.7624234211616581
whisper-turbo,,earnings22,main,beam,8,True,whisper,cm05,rover_cg,-1.2121212121212122,-1.690843957720388,-0.7633103421552295,0.23664331491282936,1.0,307,20,73,214,6,-1.5743641144928766,-0.7909604519774012,3.505524522154723e-07
whisper-turbo,,earnings22,main,beam,8,True,legacy,conf,rover_c,-0.10273268954181221,-0.5752699512309549,0.3846236099230111,0.24729259293263112,0.693,307,29,34,244,6,-0.6340400237765009,0.42353990191707536,0.7229253371561645
whisper-turbo,,earnings22,main,beam,8,True,whisper,conf,rover_c,-1.4002089864158829,-2.002611103707264,-0.8611562784644152,0.29037151532848615,1.0,307,25,74,208,6,-1.6073116924046644,-1.0708661417322836,2.2961756729061567e-06
whisper-turbo,,earnings22,main,beam,8,True,legacy,conf,rover_freq,-0.5342099856174235,-1.0317049003311802,-0.0387993379980226,0.2539069868859991,0.9815,307,26,47,234,6,-1.070728396923541,0.1265022137887413,0.0311801211623726
whisper-turbo,,earnings22,main,beam,8,True,whisper,conf,rover_freq,-0.7314524555903866,-1.222293025093855,-0.28115143603133175,0.24386120933079944,1.0,307,21,46,240,6,-1.142784410378657,-0.29905137518854397,0.004151759799605756
whisper-turbo,,earnings22,main,beam,8,True,legacy,first,rover_cg,0.22601191699198686,-0.16953283778120304,0.6436399292282536,0.21066086881052273,0.1415,307,34,25,248,6,-0.09852216748768473,0.4947334822853495,0.3111866538945628
whisper-turbo,,earnings22,main,beam,8,True,whisper,first,rover_cg,-1.1703239289446186,-1.7028015442473832,-0.6682187067449081,0.26717940072781843,1.0,307,24,74,209,6,-1.3910702266098272,-0.9235936188077246,8.265831568243882e-06
whisper-turbo,,earnings22,main,beam,8,True,legacy,conf,mbr,-0.26710499280871175,-0.7406488222228296,0.2055551326134859,0.23665909397165769,0.888,307,22,33,252,6,-0.7686168501537778,0.38509911689053505,0.24205971736184728
whisper-turbo,,earnings22,main,beam,8,True,whisper,conf,mbr,-0.5433646812957158,-0.9979627730545724,-0.10744205558035354,0.22981136179656508,0.994,307,19,34,254,6,-0.9583063672790166,0.0,0.02281107943760508
whisper-turbo,,earnings22,main,beam,8,True,legacy,first,conf,0.30819806862543664,-0.04453655726590279,0.7173252949637114,0.19679423290509246,0.0555,307,25,15,267,6,-0.020580366330520683,0.5168389463154385,0.1138552225141656
whisper-turbo,,earnings22,main,beam,8,True,whisper,first,conf,0.3552769070010449,0.020523112017660005,0.7448858953117584,0.1872614234019621,0.024,307,23,15,269,6,0.1341366986383888,0.5253940455341506,0.05849214020016066
whisper-turbo,,earnings22,main,beam,8,True,legacy,rover_freq,rover_cg,0.4520238339839737,0.14061754178507122,0.7686429570917872,0.15807696100827318,0.0045,307,36,15,256,6,0.11764705882352941,0.6552706552706553,0.0045998599460283385
whisper-turbo,,earnings22,main,beam,8,True,whisper,rover_freq,rover_cg,-0.7941483803552769,-1.115891806426527,-0.5027102493535445,0.15366660601939378,1.0,307,8,46,253,6,-1.1057643070746794,-0.4757785467128028,2.326639207602174e-07
whisper-turbo,,earnings22,main,greedy,1,True,legacy,conf,rover_cg,0.0,0.0,0.0,0.0,1.0,307,0,0,307,6,0.0,0.0,1.0
whisper-turbo,,earnings22,main,greedy,1,True,whisper,conf,rover_cg,0.0,0.0,0.0,0.0,1.0,307,0,0,307,6,0.0,0.0,1.0
whisper-turbo,,earnings22,main,greedy,1,True,legacy,mbr,rover_cg,0.0,0.0,0.0,0.0,1.0,307,0,0,307,6,0.0,0.0,1.0
whisper-turbo,,earnings22,main,greedy,1,True,whisper,mbr,rover_cg,0.0,0.0,0.0,0.0,1.0,307,0,0,307,6,0.0,0.0,1.0
whisper-turbo,,earnings22,main,greedy,1,True,legacy,cm05,rover_cg,0.0,0.0,0.0,0.0,1.0,307,0,0,307,6,0.0,0.0,1.0
whisper-turbo,,earnings22,main,greedy,1,True,whisper,cm05,rover_cg,0.0,0.0,0.0,0.0,1.0,307,0,0,307,6,0.0,0.0,1.0
whisper-turbo,,earnings22,main,greedy,1,True,legacy,conf,rover_c,0.0,0.0,0.0,0.0,1.0,307,0,0,307,6,0.0,0.0,1.0
whisper-turbo,,earnings22,main,greedy,1,True,whisper,conf,rover_c,0.0,0.0,0.0,0.0,1.0,307,0,0,307,6,0.0,0.0,1.0
whisper-turbo,,earnings22,main,greedy,1,True,legacy,conf,rover_freq,0.0,0.0,0.0,0.0,1.0,307,0,0,307,6,0.0,0.0,1.0
whisper-turbo,,earnings22,main,greedy,1,True,whisper,conf,rover_freq,0.0,0.0,0.0,0.0,1.0,307,0,0,307,6,0.0,0.0,1.0
whisper-turbo,,earnings22,main,greedy,1,True,legacy,first,rover_cg,0.0,0.0,0.0,0.0,1.0,307,0,0,307,6,0.0,0.0,1.0
whisper-turbo,,earnings22,main,greedy,1,True,whisper,first,rover_cg,0.0,0.0,0.0,0.0,1.0,307,0,0,307,6,0.0,0.0,1.0
whisper-turbo,,earnings22,main,greedy,1,True,legacy,conf,mbr,0.0,0.0,0.0,0.0,1.0,307,0,0,307,6,0.0,0.0,1.0
whisper-turbo,,earnings22,main,greedy,1,True,whisper,conf,mbr,0.0,0.0,0.0,0.0,1.0,307,0,0,307,6,0.0,0.0,1.0
whisper-turbo,,earnings22,main,greedy,1,True,legacy,first,conf,0.0,0.0,0.0,0.0,1.0,307,0,0,307,6,0.0,0.0,1.0
whisper-turbo,,earnings22,main,greedy,1,True,whisper,first,conf,0.0,0.0,0.0,0.0,1.0,307,0,0,307,6,0.0,0.0,1.0
whisper-turbo,,earnings22,main,greedy,1,True,legacy,rover_freq,rover_cg,0.0,0.0,0.0,0.0,1.0,307,0,0,307,6,0.0,0.0,1.0
whisper-turbo,,earnings22,main,greedy,1,True,whisper,rover_freq,rover_cg,0.0,0.0,0.0,0.0,1.0,307,0,0,307,6,0.0,0.0,1.0
whisper-turbo,,earnings22,main,sample,16,True,legacy,conf,rover_cg,-0.06163961372508732,-0.5327324190536675,0.3992182300320905,0.2343962485413215,0.63,307,33,35,239,6,-0.4065701740120345,0.4923413566739606,0.632463743720008
whisper-turbo,,earnings22,main,sample,16,True,whisper,conf,rover_cg,-0.8150470219435737,-1.317694349203548,-0.33812546699683316,0.2500280211222404,1.0,307,22,54,231,6,-1.0236220472440944,-0.5198663200891199,0.000460072968711312
whisper-turbo,,earnings22,main,sample,16,True,legacy,mbr,rover_cg,0.20546537908362442,-0.08062190304149502,0.47304681179305175,0.14133172658011942,0.0795,307,27,18,262,6,-0.0332944897619444,0.48602673147023084,0.14891467317876572
whisper-turbo,,earnings22,main,sample,16,True,whisper,mbr,rover_cg,-0.5851619644723093,-0.953496891505993,-0.23084631629541472,0.1842486295134518,1.0,307,17,41,249,6,-0.9202738557020946,-0.27919962773382967,0.0013432178298654093
whisper-turbo,,earnings22,main,sample,16,True,legacy,cm05,rover_cg,0.02054653790836244,-0.2683843442280884,0.3305288413159677,0.14720210188660038,0.461,307,22,23,262,6,-0.31315749997975,0.45450612831411646,0.8838178255565281
whisper-turbo,,earnings22,main,sample,16,True,whisper,cm05,rover_cg,-0.6687565308254964,-1.09646301154369,-0.2581222169298101,0.21281001237263197,0.9985,307,16,47,244,6,-0.8986239820275204,-0.46533271288971617,0.0005178745217514073
whisper-turbo,,earnings22,main,sample,16,True,legacy,conf,rover_c,-0.04109307581672488,-0.5018723174210046,0.40685683408404744,0.22995197445560314,0.5915,307,32,31,244,6,-0.31639096443205816,0.45689917758148035,0.8008808864472529
whisper-turbo,,earnings22,main,sample,16,True,whisper,conf,rover_c,-0.5015673981191222,-0.993198097676778,-0.020711653759466257,0.24384163682885843,0.9805,307,22,42,243,6,-0.6615537958277322,-0.22933250860585283,0.01701745686624544
whisper-turbo,,earnings22,main,sample,16,True,legacy,conf,rover_freq,-0.24655845490034928,-0.6772031512775085,0.18053273135724324,0.22142262049177067,0.8785,307,21,31,255,6,-0.491984163713101,0.12810658467845248,0.19407528909855476
whisper-turbo,,earnings22,main,sample,16,True,whisper,conf,rover_freq,-0.2089864158829676,-0.6737302154929058,0.22710859068269976,0.22564683791920387,0.841,307,21,29,257,6,-0.41949015811552115,0.1434308663224326,0.2786615735196839
whisper-turbo,,earnings22,main,sample,16,True,legacy,first,rover_cg,0.9245942058763098,0.24426874712583768,1.6306979290647854,0.35657150161329243,0.0015,307,57,36,214,6,0.4577822990844354,1.4211206493834287,0.01879697380836328
whisper-turbo,,earnings22,main,sample,16,True,whisper,first,rover_cg,0.22988505747126436,-0.3750862644701692,0.9199493678847722,0.3266457698907816,0.2545,307,43,51,213,6,-0.10285420416559526,0.5825242718446602,0.7926477781177353
whisper-turbo,,earnings22,main,sample,16,True,legacy,conf,mbr,-0.26710499280871175,-0.7374681230695834,0.16846718571864264,0.23362436622083838,0.8805,307,21,31,255,6,-0.58167716917111,0.0864682014846257,0.20607816506171306
whisper-turbo,,earnings22,main,sample,16,True,whisper,conf,mbr,-0.22988505747126436,-0.7144878619788256,0.238101269029103,0.2446813279831212,0.8455,307,22,29,256,6,-0.4753048150444307,0.1853138753764188,0.29820757255829156
whisper-turbo,,earnings22,main,sample,16,True,legacy,first,conf,0.9862338196013971,0.2166252463865584,1.8169622218470476,0.4147315422382044,0.0065,307,59,37,211,6,0.31729243786356426,1.5714285714285714,0.024893053819794925
whisper-turbo,,earnings22,main,sample,16,True,whisper,first,conf,1.044932079414838,0.2974846691239851,1.8627706585743196,0.403202402673257,0.0035,307,55,34,218,6,0.6996921354603974,1.2607866447194616,0.017275477638858804
whisper-turbo,,earnings22,main,sample,16,True,legacy,rover_freq,rover_cg,0.18491884117526197,-0.08133760343083485,0.45258920438037253,0.13819998962336114,0.105,307,23,16,268,6,0.051784630775187614,0.4382701488121411,0.1781992237846165
whisper-turbo,,earnings22,main,sample,16,True,whisper,rover_freq,rover_cg,-0.6060606060606061,-0.9279601394573486,-0.2916664641259965,0.16260142964789692,1.0,307,11,37,259,6,-0.9267385569011118,-0.36454018227009116,0.00012268764189770015
whisper-turbo,,fleurs-en,main,beam,8,True,legacy,conf,rover_cg,-0.11547344110854503,-0.39394908069742024,0.12237804168270827,0.13000215207760182,0.8385,200,11,14,175,168,-0.3693213747354315,0.1158944560127045,0.4496917979688909
whisper-turbo,,fleurs-en,main,beam,8,True,whisper,conf,rover_cg,-0.5132991133924405,-0.8062658373646625,-0.23500247633434213,0.14729931166201948,1.0,200,4,23,173,168,-0.8138731662364181,-0.2332021648396731,0.0008557471250771621
whisper-turbo,,fleurs-en,main,beam,8,True,legacy,mbr,rover_cg,-0.046189376443418015,-0.2930172685255493,0.18417588221111827,0.12351058980454485,0.6615,200,9,8,183,168,-0.3037454210853011,0.19134299236632732,0.8165437085568913
whisper-turbo,,fleurs-en,main,beam,8,True,whisper,mbr,rover_cg,-0.2333177788147457,-0.5254860853260718,0.04601059685211156,0.14260416638144102,0.961,200,7,16,177,168,-0.5546064663731951,0.09225411826866535,0.11700364256472548
whisper-turbo,,fleurs-en,main,beam,8,True,legacy,cm05,rover_cg,-0.023094688221709007,-0.26681054110289687,0.20623872792660713,0.11818704416370239,0.5885,200,10,9,181,168,-0.28104693736187614,0.20618792989785234,1.0
whisper-turbo,,fleurs-en,main,beam,8,True,whisper,cm05,rover_cg,-0.2799813345776948,-0.5351647557135517,0.0,0.13243187859424826,0.9825,200,4,16,180,168,-0.5544329376105077,0.0005546927002410379,0.042369158617400746
whisper-turbo,,fleurs-en,main,beam,8,True,legacy,conf,rover_c,-0.06928406466512702,-0.29651799234141113,0.14029841590048706,0.11409735941927872,0.7545,200,10,12,178,168,-0.2983868039306047,0.13867759455025003,0.5485062355001472
whisper-turbo,,fleurs-en,main,beam,8,True,whisper,conf,rover_c,-0.3733084461035931,-0.6400180351210252,-0.11280258370416738,0.1378425345734678,0.9975,200,4,17,179,168,-0.665044697342441,-0.11665210059863176,0.009065579438711072
whisper-turbo,,fleurs-en,main,beam,8,True,legacy,conf,rover_freq,-0.13856812933025403,-0.3792145815257949,0.11398615170694222,0.12479220279750085,0.8855,200,6,12,182,168,-0.39784898673974595,0.1177967709079241,0.2988907644694152
whisper-turbo,,fleurs-en,main,beam,8,True,whisper,conf,rover_freq,-0.30331311245916937,-0.5795287546021698,-0.02365058884552873,0.1399629017054608,0.986,200,5,14,181,168,-0.6114872310192159,-0.023341446991095537,0.03403702853393376
whisper-turbo,,fleurs-en,main,beam,8,True,legacy,first,rover_cg,-0.023094688221709007,-0.2817728586166235,0.23138643402697712,0.12762075683036345,0.5895,200,12,11,177,168,-0.2768883741283278,0.2061787890054473,1.0
whisper-turbo,,fleurs-en,main,beam,8,True,whisper,first,rover_cg,-0.34997666822211854,-0.6270539215156785,-0.08921310228577477,0.13895807823660467,0.9965,200,5,18,177,168,-0.6139746748295669,-0.0734744864142483,0.012461013951984758
whisper-turbo,,fleurs-en,main,beam,8,True,legacy,conf,mbr,-0.06928406466512702,-0.34230834329036036,0.2153102897128037,0.14071538018036014,0.725,200,7,12,181,168,-0.34560607742420146,0.2121017119532102,0.5825546007208319
whisper-turbo,,fleurs-en,main,beam,8,True,whisper,conf,mbr,-0.2799813345776948,-0.5743103860847752,0.0,0.138910498977371,0.9845,200,7,13,180,168,-0.5991411933986766,0.0,0.040423979336908576
whisper-turbo,,fleurs-en,main,beam,8,True,legacy,first,conf,0.09237875288683603,-0.06997047112469976,0.26268671389052334,0.0857605497483665,0.1675,200,6,2,192,168,-0.0692205193591087,0.2599218299264502,0.3046419220366099
whisper-turbo,,fleurs-en,main,beam,8,True,whisper,first,conf,0.163322445170322,0.0,0.35794624938990677,0.09171762653802183,0.0395,200,7,2,191,168,0.0,0.3613081228877358,0.07018225874039759
whisper-turbo,,fleurs-en,main,beam,8,True,legacy,rover_freq,rover_cg,0.023094688221709007,-0.23715232241843148,0.2538788919150473,0.12348508435031445,0.4405,200,11,8,181,168,-0.22373168084175662,0.2573778068327711,0.6698153575994166
whisper-turbo,,fleurs-en,main,beam,8,True,whisper,rover_freq,rover_cg,-0.2099860009332711,-0.4042882353554313,-0.02415255419954925,0.0931262493320843,0.996,200,3,11,186,168,-0.4118505845594804,-0.023030596266031475,0.029049022161940566
whisper-turbo,,fleurs-en,main,greedy,1,True,legacy,conf,rover_cg,0.0,0.0,0.0,0.0,1.0,200,0,0,200,168,0.0,0.0,1.0
whisper-turbo,,fleurs-en,main,greedy,1,True,whisper,conf,rover_cg,0.0,0.0,0.0,0.0,1.0,200,0,0,200,168,0.0,0.0,1.0
whisper-turbo,,fleurs-en,main,greedy,1,True,legacy,mbr,rover_cg,0.0,0.0,0.0,0.0,1.0,200,0,0,200,168,0.0,0.0,1.0
whisper-turbo,,fleurs-en,main,greedy,1,True,whisper,mbr,rover_cg,0.0,0.0,0.0,0.0,1.0,200,0,0,200,168,0.0,0.0,1.0
whisper-turbo,,fleurs-en,main,greedy,1,True,legacy,cm05,rover_cg,0.0,0.0,0.0,0.0,1.0,200,0,0,200,168,0.0,0.0,1.0
whisper-turbo,,fleurs-en,main,greedy,1,True,whisper,cm05,rover_cg,0.0,0.0,0.0,0.0,1.0,200,0,0,200,168,0.0,0.0,1.0
whisper-turbo,,fleurs-en,main,greedy,1,True,legacy,conf,rover_c,0.0,0.0,0.0,0.0,1.0,200,0,0,200,168,0.0,0.0,1.0
whisper-turbo,,fleurs-en,main,greedy,1,True,whisper,conf,rover_c,0.0,0.0,0.0,0.0,1.0,200,0,0,200,168,0.0,0.0,1.0
whisper-turbo,,fleurs-en,main,greedy,1,True,legacy,conf,rover_freq,0.0,0.0,0.0,0.0,1.0,200,0,0,200,168,0.0,0.0,1.0
whisper-turbo,,fleurs-en,main,greedy,1,True,whisper,conf,rover_freq,0.0,0.0,0.0,0.0,1.0,200,0,0,200,168,0.0,0.0,1.0
whisper-turbo,,fleurs-en,main,greedy,1,True,legacy,first,rover_cg,0.0,0.0,0.0,0.0,1.0,200,0,0,200,168,0.0,0.0,1.0
whisper-turbo,,fleurs-en,main,greedy,1,True,whisper,first,rover_cg,0.0,0.0,0.0,0.0,1.0,200,0,0,200,168,0.0,0.0,1.0
whisper-turbo,,fleurs-en,main,greedy,1,True,legacy,conf,mbr,0.0,0.0,0.0,0.0,1.0,200,0,0,200,168,0.0,0.0,1.0
whisper-turbo,,fleurs-en,main,greedy,1,True,whisper,conf,mbr,0.0,0.0,0.0,0.0,1.0,200,0,0,200,168,0.0,0.0,1.0
whisper-turbo,,fleurs-en,main,greedy,1,True,legacy,first,conf,0.0,0.0,0.0,0.0,1.0,200,0,0,200,168,0.0,0.0,1.0
whisper-turbo,,fleurs-en,main,greedy,1,True,whisper,first,conf,0.0,0.0,0.0,0.0,1.0,200,0,0,200,168,0.0,0.0,1.0
whisper-turbo,,fleurs-en,main,greedy,1,True,legacy,rover_freq,rover_cg,0.0,0.0,0.0,0.0,1.0,200,0,0,200,168,0.0,0.0,1.0
whisper-turbo,,fleurs-en,main,greedy,1,True,whisper,rover_freq,rover_cg,0.0,0.0,0.0,0.0,1.0,200,0,0,200,168,0.0,0.0,1.0
whisper-turbo,,fleurs-en,main,sample,16,True,legacy,conf,rover_cg,-0.27713625866050806,-1.0207288249487991,0.23762447280252413,0.3395205834251414,0.766,200,11,11,178,168,-1.0690374608479467,0.2367300231802116,0.9722625211645578
whisper-turbo,,fleurs-en,main,sample,16,True,whisper,conf,rover_cg,-0.6066262249183387,-1.3838266965846349,-0.0922679537608545,0.3459796678176466,0.9955,200,7,20,173,168,-1.3979121722430818,-0.07440267879770845,0.019899253462663368
whisper-turbo,,fleurs-en,main,sample,16,True,legacy,mbr,rover_cg,0.023094688221709007,-0.2116825793774642,0.25731596610350504,0.11860860934099816,0.4485,200,9,7,184,168,-0.2063799341612762,0.23882576843946776,0.868434530013528
whisper-turbo,,fleurs-en,main,sample,16,True,whisper,mbr,rover_cg,-0.163322445170322,-0.4281674072269186,0.09322489954218102,0.13104386414513766,0.911,200,8,14,178,168,-0.42725586658856335,0.07011106845689054,0.211070179454664
whisper-turbo,,fleurs-en,main,sample,16,True,legacy,cm05,rover_cg,-0.09237875288683603,-0.32745693029032513,0.1405168686307777,0.11916575587827,0.8175,200,5,9,186,168,-0.3346300812058215,0.1293434255276018,0.4700608713744324
whisper-turbo,,fleurs-en,main,sample,16,True,whisper,cm05,rover_cg,-0.4199720018665422,-0.6619539274447183,-0.20461761892757588,0.11721653720522406,1.0,200,3,20,177,168,-0.6745443852253962,-0.20578261422676708,0.0004154176483815923
whisper-turbo,,fleurs-en,main,sample,16,True,legacy,conf,rover_c,-0.27713625866050806,-1.0629161641288507,0.21477127749467567,0.34193400562781046,0.76,200,10,10,180,168,-1.0434391505483123,0.2326190068356794,0.9682702240636136
whisper-turbo,,fleurs-en,main,sample,16,True,whisper,conf,rover_c,-0.48996733551096594,-1.2796816138048364,0.0,0.34342057453586555,0.9755,200,7,16,177,168,-1.26795775776968,0.0,0.09346078007432819
whisper-turbo,,fleurs-en,main,sample,16,True,legacy,conf,rover_freq,-0.3002309468822171,-1.0739136234087328,0.2265044165556923,0.3431146321877426,0.804,200,9,12,179,168,-1.086994280766055,0.22029821651532178,0.7067767734960785
whisper-turbo,,fleurs-en,main,sample,16,True,whisper,conf,rover_freq,-0.39664022398506765,-1.1732998287439609,0.11882083784148717,0.3458481285169219,0.9015,200,9,12,179,168,-1.1706961061664787,0.12267229611834861,0.36295420154106683
whisper-turbo,,fleurs-en,main,sample,16,True,legacy,first,rover_cg,0.3464203233256351,-0.46541030294166463,1.0283912127929342,0.37962314652009904,0.185,200,31,15,154,168,-0.4644139907336045,0.9975118892112124,0.02673050940411977
whisper-turbo,,fleurs-en,main,sample,16,True,whisper,first,rover_cg,0.0699953336444237,-0.7732367236876185,0.7180253170774317,0.3790151195098041,0.3875,200,29,20,151,168,-0.8007734366837453,0.7012892860977953,0.12274225137282335
whisper-turbo,,fleurs-en,main,sample,16,True,legacy,conf,mbr,-0.3002309468822171,-1.125571386380471,0.2513711151736746,0.3638228378529838,0.7775,200,9,11,180,168,-1.118055079155397,0.2390286715539359,0.8402782707279407
whisper-turbo,,fleurs-en,main,sample,16,True,whisper,conf,mbr,-0.4433037797480168,-1.2972231646456245,0.13909581449424713,0.38187006404193197,0.9035,200,10,12,178,168,-1.281193727230504,0.14240720043956553,0.3052128367984004
whisper-turbo,,fleurs-en,main,sample,16,True,legacy,first,conf,0.6235565819861432,0.14214472780039453,1.1165550382505522,0.2497033400259708,0.0065,200,30,15,155,168,0.18062988562788632,1.0877638130571416,0.010710986608245016
whisper-turbo,,fleurs-en,main,sample,16,True,whisper,first,conf,0.6766215585627625,0.2155159514748252,1.13976304390872,0.23688118196963942,0.0025,200,31,13,156,168,0.24844038288286918,1.1207556491421802,0.005704811014037504
whisper-turbo,,fleurs-en,main,sample,16,True,legacy,rover_freq,rover_cg,0.023094688221709007,-0.21297238923601902,0.25933157363299064,0.11828866975958328,0.4495,200,9,7,184,168,-0.20844799297150096,0.2390801988202757,0.868434530013528
whisper-turbo,,fleurs-en,main,sample,16,True,whisper,rover_freq,rover_cg,-0.2099860009332711,-0.418621715177222,-0.023391539404977256,0.10165984013167496,0.9905,200,4,12,184,168,-0.4129248173798451,-0.04421126476328698,0.038947455742025426
whisper-turbo,,ls-dev-other,main,beam,8,True,legacy,conf,rover_cg,0.22105554020447638,-0.013831929506582881,0.47686266035838526,0.12066402999059771,0.0395,400,29,15,356,33,-0.041305659851647504,0.4811115270300299,0.05332883692076848
whisper-turbo,,ls-dev-other,main,beam,8,True,whisper,conf,rover_cg,0.04099480732440557,-0.1868733193365428,0.27582519138079076,0.12053147035418874,0.386,400,26,27,347,33,-0.26163337724516533,0.320836883947224,0.886441317647143
whisper-turbo,,ls-dev-other,main,beam,8,True,legacy,mbr,rover_cg,0.08289582757667864,-0.05403963133865995,0.209885622370971,0.06858207125261345,0.13,400,14,9,377,33,-0.0709640607683166,0.2614773539583581,0.23931654122149526
whisper-turbo,,ls-dev-other,main,beam,8,True,whisper,mbr,rover_cg,-0.17764416507242417,-0.3431711551290173,-0.026065525475908992,0.08222561226660237,0.9925,400,10,22,368,33,-0.36895714500345167,0.0,0.02799181548566574
whisper-turbo,,ls-dev-other,main,beam,8,True,legacy,cm05,rover_cg,0.09671179883945841,-0.05294928766085839,0.2483085661827986,0.07620726706717446,0.118,400,17,11,372,33,-0.015680246443235808,0.21357986661190323,0.2086677876982641
whisper-turbo,,ls-dev-other,main,beam,8,True,whisper,cm05,rover_cg,-0.17764416507242417,-0.3654302969882358,-0.012865091959684265,0.09130819572122777,0.9845,400,15,27,358,33,-0.44158142742213535,0.06300587726660796,0.05263230256574061
whisper-turbo,,ls-dev-other,main,beam,8,True,legacy,conf,rover_c,0.22105554020447638,-0.01396292178749909,0.4719216554077988,0.12155925419749107,0.039,400,29,15,356,33,-0.04129801211880492,0.4805579531252396,0.05332883692076848
whisper-turbo,,ls-dev-other,main,beam,8,True,whisper,conf,rover_c,0.0683246788740093,-0.15845544554455446,0.3008771150448395,0.11183509866312641,0.275,400,22,20,358,33,-0.1803028628435542,0.3138003143761887,0.6764164742903477
whisper-turbo,,ls-dev-other,main,beam,8,True,legacy,conf,rover_freq,0.19342359767891681,-0.040244760604202665,0.4403247180371367,0.12024524840509641,0.0545,400,23,11,366,33,-0.028821352299354168,0.411598734620143,0.060989533955757035
whisper-turbo,,ls-dev-other,main,beam,8,True,whisper,conf,rover_freq,0.1366493577480186,-0.07086037037095956,0.35812557143945584,0.10884364452496698,0.1115,400,22,15,363,33,-0.07720997181281414,0.3474110696421104,0.26428079612096667
whisper-turbo,,ls-dev-other,main,beam,8,True,legacy,first,rover_cg,0.16579165515335728,0.0,0.34106644718421036,0.08718429109864854,0.034,400,23,11,366,33,-0.015651978759732225,0.36215475407831627,0.05854431717013972
whisper-turbo,,ls-dev-other,main,beam,8,True,whisper,first,rover_cg,-0.04099480732440557,-0.21728451787394587,0.13541017475152603,0.08976619094115586,0.6995,400,19,21,360,33,-0.28003517466142386,0.20336304943946193,0.6473147843885203
whisper-turbo,,ls-dev-other,main,beam,8,True,legacy,conf,mbr,0.13815971262779772,-0.10758626213746124,0.39882013201320116,0.12773356525085153,0.1455,400,24,13,363,33,-0.1528979956066474,0.415568326055687,0.15667489814839028
whisper-turbo,,ls-dev-other,main,beam,8,True,whisper,conf,mbr,0.21863897239682972,0.0,0.44516010782027526,0.10969645668024536,0.028,400,24,13,363,33,-0.015255132329897204,0.4591130235007737,0.05075115112692961
whisper-turbo,,ls-dev-other,main,beam,8,True,legacy,first,conf,-0.055263885051119094,-0.2932972160449418,0.17828001063373058,0.12012969990610611,0.7165,400,11,15,374,33,-0.3065620271680923,0.19745574925550732,0.5135601219744814
whisper-turbo,,ls-dev-other,main,beam,8,True,whisper,first,conf,-0.08198961464881115,-0.28169236622485366,0.10860822004512218,0.09790137813597953,0.828,400,11,14,375,33,-0.2861259869636858,0.11477848925086352,0.5091374949685543
whisper-turbo,,ls-dev-other,main,beam,8,True,legacy,rover_freq,rover_cg,0.027631942525559547,-0.12777194530344307,0.17319641254942914,0.07550887521195601,0.3705,400,15,12,373,33,-0.10462222159933186,0.17734300118050922,0.7150006546880893
whisper-turbo,,ls-dev-other,main,beam,8,True,whisper,rover_freq,rover_cg,-0.09565455042361301,-0.2294584208657877,0.02805694269501093,0.0662504393102295,0.9405,400,8,15,377,33,-0.27431094263961103,0.046266140444164355,0.14439979221307142
whisper-turbo,,ls-dev-other,main,greedy,1,True,legacy,conf,rover_cg,0.0,0.0,0.0,0.0,1.0,400,0,0,400,33,0.0,0.0,1.0
whisper-turbo,,ls-dev-other,main,greedy,1,True,whisper,conf,rover_cg,0.0,0.0,0.0,0.0,1.0,400,0,0,400,33,0.0,0.0,1.0
whisper-turbo,,ls-dev-other,main,greedy,1,True,legacy,mbr,rover_cg,0.0,0.0,0.0,0.0,1.0,400,0,0,400,33,0.0,0.0,1.0
whisper-turbo,,ls-dev-other,main,greedy,1,True,whisper,mbr,rover_cg,0.0,0.0,0.0,0.0,1.0,400,0,0,400,33,0.0,0.0,1.0
whisper-turbo,,ls-dev-other,main,greedy,1,True,legacy,cm05,rover_cg,0.0,0.0,0.0,0.0,1.0,400,0,0,400,33,0.0,0.0,1.0
whisper-turbo,,ls-dev-other,main,greedy,1,True,whisper,cm05,rover_cg,0.0,0.0,0.0,0.0,1.0,400,0,0,400,33,0.0,0.0,1.0
whisper-turbo,,ls-dev-other,main,greedy,1,True,legacy,conf,rover_c,0.0,0.0,0.0,0.0,1.0,400,0,0,400,33,0.0,0.0,1.0
whisper-turbo,,ls-dev-other,main,greedy,1,True,whisper,conf,rover_c,0.0,0.0,0.0,0.0,1.0,400,0,0,400,33,0.0,0.0,1.0
whisper-turbo,,ls-dev-other,main,greedy,1,True,legacy,conf,rover_freq,0.0,0.0,0.0,0.0,1.0,400,0,0,400,33,0.0,0.0,1.0
whisper-turbo,,ls-dev-other,main,greedy,1,True,whisper,conf,rover_freq,0.0,0.0,0.0,0.0,1.0,400,0,0,400,33,0.0,0.0,1.0
whisper-turbo,,ls-dev-other,main,greedy,1,True,legacy,first,rover_cg,0.0,0.0,0.0,0.0,1.0,400,0,0,400,33,0.0,0.0,1.0
whisper-turbo,,ls-dev-other,main,greedy,1,True,whisper,first,rover_cg,0.0,0.0,0.0,0.0,1.0,400,0,0,400,33,0.0,0.0,1.0
whisper-turbo,,ls-dev-other,main,greedy,1,True,legacy,conf,mbr,0.0,0.0,0.0,0.0,1.0,400,0,0,400,33,0.0,0.0,1.0
whisper-turbo,,ls-dev-other,main,greedy,1,True,whisper,conf,mbr,0.0,0.0,0.0,0.0,1.0,400,0,0,400,33,0.0,0.0,1.0
whisper-turbo,,ls-dev-other,main,greedy,1,True,legacy,first,conf,0.0,0.0,0.0,0.0,1.0,400,0,0,400,33,0.0,0.0,1.0
whisper-turbo,,ls-dev-other,main,greedy,1,True,whisper,first,conf,0.0,0.0,0.0,0.0,1.0,400,0,0,400,33,0.0,0.0,1.0
whisper-turbo,,ls-dev-other,main,greedy,1,True,legacy,rover_freq,rover_cg,0.0,0.0,0.0,0.0,1.0,400,0,0,400,33,0.0,0.0,1.0
whisper-turbo,,ls-dev-other,main,greedy,1,True,whisper,rover_freq,rover_cg,0.0,0.0,0.0,0.0,1.0,400,0,0,400,33,0.0,0.0,1.0
whisper-turbo,,ls-dev-other,main,sample,16,True,legacy,conf,rover_cg,0.1519756838905775,-0.05709412325888506,0.3803375683538062,0.11273052612114841,0.097,400,26,15,359,33,-0.05742942847528562,0.3804787329835923,0.14467058552196893
whisper-turbo,,ls-dev-other,main,sample,16,True,whisper,conf,rover_cg,-0.04099480732440557,-0.26757557380108227,0.19223508488196894,0.11562323877780639,0.66,400,19,19,362,33,-0.28955756338453553,0.22424118905529333,0.5980802848174152
whisper-turbo,,ls-dev-other,main,sample,16,True,legacy,mbr,rover_cg,0.11052777010223819,-0.04028341359269868,0.251027927165031,0.07398716652458706,0.0835,400,16,8,376,33,0.0,0.24784429700386512,0.14647136851949147
whisper-turbo,,ls-dev-other,main,sample,16,True,whisper,mbr,rover_cg,0.0,-0.16795196702157256,0.16096481762838785,0.08277766761416912,0.528,400,11,9,380,33,-0.16795095740992824,0.16229270883712413,0.922257859652062
whisper-turbo,,ls-dev-other,main,sample,16,True,legacy,cm05,rover_cg,0.1519756838905775,-0.013562731269524191,0.3230593723979575,0.0852798292304924,0.04,400,18,10,372,33,0.02920414344971723,0.28095104837288165,0.06825925834423341
whisper-turbo,,ls-dev-other,main,sample,16,True,whisper,cm05,rover_cg,-0.12298442197321673,-0.32033537736379825,0.07794263268578494,0.10338019739627127,0.889,400,11,17,372,33,-0.32304797095526966,0.07313730627651704,0.17746967046746465
whisper-turbo,,ls-dev-other,main,sample,16,True,legacy,conf,rover_c,0.17960762641613706,-0.01442169022209403,0.38965322702759914,0.1052504382347343,0.0425,400,26,13,361,33,-0.027981164150930615,0.40417033798944074,0.06329529168150004
whisper-turbo,,ls-dev-other,main,sample,16,True,whisper,conf,rover_c,-0.05465974309920743,-0.27148894753405484,0.15616696082683157,0.11130967089264845,0.696,400,20,21,359,33,-0.26564571791844516,0.1641155127806184,0.5906953005990204
whisper-turbo,,ls-dev-other,main,sample,16,True,legacy,conf,rover_freq,0.06907985631389886,-0.16326656031210537,0.29912337120456567,0.11825120876293674,0.281,400,25,16,359,33,-0.16382276471668794,0.3123986456837528,0.4624713623761698
whisper-turbo,,ls-dev-other,main,sample,16,True,whisper,conf,rover_freq,-0.04099480732440557,-0.2740138945113553,0.1911042887228128,0.11932050753941803,0.644,400,21,19,360,33,-0.27272904414369725,0.19541682537992014,0.6529708861216142
whisper-turbo,,ls-dev-other,main,sample,16,True,legacy,first,rover_cg,0.42829510914617297,0.12648633423633115,0.7259860947008152,0.15412046311751823,0.004,400,46,20,334,33,0.054431693776850844,0.7462065787917087,0.00480703093597524
whisper-turbo,,ls-dev-other,main,sample,16,True,whisper,first,rover_cg,0.31429352282044276,0.040072003684440784,0.5804920510901244,0.14054895522468455,0.0135,400,38,17,345,33,0.014453484464696485,0.5753107474758277,0.02885937099060593
whisper-turbo,,ls-dev-other,main,sample,16,True,legacy,conf,mbr,0.04144791378833932,-0.18685385055674322,0.2681109207912376,0.11732597716971806,0.354,400,23,15,362,33,-0.16662376187102912,0.26826577946636726,0.4806625520733614
whisper-turbo,,ls-dev-other,main,sample,16,True,whisper,conf,mbr,-0.04099480732440557,-0.26720353182044165,0.18899767119875666,0.11621134900135566,0.6515,400,19,19,362,33,-0.28425972340476163,0.20841014830424556,0.6784031977731569
whisper-turbo,,ls-dev-other,main,sample,16,True,legacy,first,conf,0.27631942525559544,-0.10699214733204498,0.6323065108562569,0.1932274909249266,0.0875,400,44,29,327,33,-0.15728531781579597,0.7013346588664295,0.16949892199779093
whisper-turbo,,ls-dev-other,main,sample,16,True,whisper,first,conf,0.35528833014484834,0.040852501409346015,0.671561002916833,0.1646777255796022,0.015,400,45,24,331,33,0.0,0.6574076783362819,0.032560894597152015
whisper-turbo,,ls-dev-other,main,sample,16,True,legacy,rover_freq,rover_cg,0.08289582757667864,-0.056096945570189065,0.21693300605712548,0.06935892987798939,0.14,400,15,8,377,33,-0.015451249180484107,0.209814401602449,0.23931654122149526
whisper-turbo,,ls-dev-other,main,sample,16,True,whisper,rover_freq,rover_cg,0.0,-0.1224294679386949,0.11348652552303796,0.06051628172526136,0.547,400,7,7,386,33,-0.1344752946886137,0.12147169326611211,1.0
whisper-turbo,,ls-tc-babble5,main,beam,8,True,legacy,conf,rover_cg,0.15507883173946757,-0.2576321714543709,0.6202297761716573,0.22280689386789546,0.27,200,18,19,163,40,-0.2713377878959689,0.6066713542473345,0.6252418723655252
whisper-turbo,,ls-tc-babble5,main,beam,8,True,whisper,conf,rover_cg,-0.02556237218813906,-0.4876917314166373,0.4463420470687667,0.23910655051341703,0.5795,200,19,23,158,40,-0.4080556127046175,0.31017114310811794,0.8460035148344099
whisper-turbo,,ls-tc-babble5,main,beam,8,True,legacy,mbr,rover_cg,0.051692943913155855,-0.24928713107443817,0.3750159310437348,0.15631646977417082,0.3855,200,14,14,172,40,-0.23327592631301516,0.35171919683485525,0.7232288950218325
whisper-turbo,,ls-tc-babble5,main,beam,8,True,whisper,mbr,rover_cg,-0.15337423312883436,-0.42101417235199884,0.10003316182783775,0.13185347352909368,0.8965,200,8,15,177,40,-0.4242044592818282,0.10631661083114319,0.23931654122149526
whisper-turbo,,ls-tc-babble5,main,beam,8,True,legacy,cm05,rover_cg,0.051692943913155855,-0.28798269789599484,0.3936220197316803,0.17407891259085426,0.4085,200,16,17,167,40,-0.291548732834338,0.41866282543540345,0.865336500734222
whisper-turbo,,ls-tc-babble5,main,beam,8,True,whisper,cm05,rover_cg,-0.15337423312883436,-0.4567512391967463,0.13251822002549998,0.151944346366615,0.8705,200,10,15,175,40,-0.4408900750489024,0.10304265083196372,0.36386571766654563
whisper-turbo,,ls-tc-babble5,main,beam,8,True,legacy,conf,rover_c,0.23261824760920136,-0.19963404341169605,0.7147874810937914,0.2404621559231922,0.189,200,18,17,165,40,-0.20457623016537274,0.7116913717638056,0.5232443087829506
whisper-turbo,,ls-tc-babble5,main,beam,8,True,whisper,conf,rover_c,-0.02556237218813906,-0.4619309910148372,0.44308937787371055,0.22910004264101985,0.584,200,17,19,164,40,-0.4059442660978385,0.3263707949195135,0.815259905132994
whisper-turbo,,ls-tc-babble5,main,beam,8,True,legacy,conf,rover_freq,0.12923235978288963,-0.317487706524075,0.6160672006121266,0.23311184041435246,0.3245,200,16,16,168,40,-0.3024043167781699,0.5475018933756204,0.6310470101084655
whisper-turbo,,ls-tc-babble5,main,beam,8,True,whisper,conf,rover_freq,0.05112474437627812,-0.3739879230716927,0.5064077330745447,0.22810999446223046,0.447,200,17,18,165,40,-0.3607287083962933,0.4028711320995766,0.8620859902806646
whisper-turbo,,ls-tc-babble5,main,beam,8,True,legacy,first,rover_cg,0.2843111915223572,-0.11245369655145447,0.716664609049164,0.21147745332179008,0.0965,200,20,15,165,40,-0.20844189682126107,0.839177919618096,0.24074112008299275
whisper-turbo,,ls-tc-babble5,main,beam,8,True,whisper,first,rover_cg,0.10224948875255624,-0.32975718479098365,0.594899510629151,0.22992552621067414,0.3525,200,13,17,170,40,-0.3193355512644534,0.6040161050036897,0.955839961862969
whisper-turbo,,ls-tc-babble5,main,beam,8,True,legacy,conf,mbr,0.10338588782631171,-0.34394807021389295,0.5835752046439292,0.23802819426988425,0.372,200,15,15,170,40,-0.2994586800069636,0.4636795702351952,0.6471451285579646
whisper-turbo,,ls-tc-babble5,main,beam,8,True,whisper,conf,mbr,0.1278118609406953,-0.31589375234788913,0.6051540913169151,0.23688551394566662,0.324,200,16,15,169,40,-0.2697078332326566,0.48470006302674207,0.5763667240311066
whisper-turbo,,ls-tc-babble5,main,beam,8,True,legacy,first,conf,0.12923235978288963,-0.22904133704038748,0.541285081086063,0.19690002260605252,0.2815,200,10,9,181,40,-0.21218229894551113,0.5064168659790058,0.6476381704527525
whisper-turbo,,ls-tc-babble5,main,beam,8,True,whisper,first,conf,0.1278118609406953,-0.27376523932821234,0.5951119880198925,0.2187315881459543,0.311,200,11,10,179,40,-0.2605418612012098,0.5852279827905783,0.7879992255851069
whisper-turbo,,ls-tc-babble5,main,beam,8,True,legacy,rover_freq,rover_cg,0.025846471956577927,-0.25669817773420045,0.2995929326715194,0.1389504726139397,0.4525,200,13,13,174,40,-0.229318412723223,0.2810336872419002,0.8526836843346426
whisper-turbo,,ls-tc-babble5,main,beam,8,True,whisper,rover_freq,rover_cg,-0.07668711656441718,-0.3042083574228888,0.12760239694679676,0.10827436706245241,0.801,200,7,10,183,40,-0.2624844591794447,0.11962700055993408,0.46685427082272546
whisper-turbo,,ls-tc-babble5,main,greedy,1,True,legacy,conf,rover_cg,0.0,0.0,0.0,0.0,1.0,200,0,0,200,40,0.0,0.0,1.0
whisper-turbo,,ls-tc-babble5,main,greedy,1,True,whisper,conf,rover_cg,0.0,0.0,0.0,0.0,1.0,200,0,0,200,40,0.0,0.0,1.0
whisper-turbo,,ls-tc-babble5,main,greedy,1,True,legacy,mbr,rover_cg,0.0,0.0,0.0,0.0,1.0,200,0,0,200,40,0.0,0.0,1.0
whisper-turbo,,ls-tc-babble5,main,greedy,1,True,whisper,mbr,rover_cg,0.0,0.0,0.0,0.0,1.0,200,0,0,200,40,0.0,0.0,1.0
whisper-turbo,,ls-tc-babble5,main,greedy,1,True,legacy,cm05,rover_cg,0.0,0.0,0.0,0.0,1.0,200,0,0,200,40,0.0,0.0,1.0
whisper-turbo,,ls-tc-babble5,main,greedy,1,True,whisper,cm05,rover_cg,0.0,0.0,0.0,0.0,1.0,200,0,0,200,40,0.0,0.0,1.0
whisper-turbo,,ls-tc-babble5,main,greedy,1,True,legacy,conf,rover_c,0.0,0.0,0.0,0.0,1.0,200,0,0,200,40,0.0,0.0,1.0
whisper-turbo,,ls-tc-babble5,main,greedy,1,True,whisper,conf,rover_c,0.0,0.0,0.0,0.0,1.0,200,0,0,200,40,0.0,0.0,1.0
whisper-turbo,,ls-tc-babble5,main,greedy,1,True,legacy,conf,rover_freq,0.0,0.0,0.0,0.0,1.0,200,0,0,200,40,0.0,0.0,1.0
whisper-turbo,,ls-tc-babble5,main,greedy,1,True,whisper,conf,rover_freq,0.0,0.0,0.0,0.0,1.0,200,0,0,200,40,0.0,0.0,1.0
whisper-turbo,,ls-tc-babble5,main,greedy,1,True,legacy,first,rover_cg,0.0,0.0,0.0,0.0,1.0,200,0,0,200,40,0.0,0.0,1.0
whisper-turbo,,ls-tc-babble5,main,greedy,1,True,whisper,first,rover_cg,0.0,0.0,0.0,0.0,1.0,200,0,0,200,40,0.0,0.0,1.0
whisper-turbo,,ls-tc-babble5,main,greedy,1,True,legacy,conf,mbr,0.0,0.0,0.0,0.0,1.0,200,0,0,200,40,0.0,0.0,1.0
whisper-turbo,,ls-tc-babble5,main,greedy,1,True,whisper,conf,mbr,0.0,0.0,0.0,0.0,1.0,200,0,0,200,40,0.0,0.0,1.0
whisper-turbo,,ls-tc-babble5,main,greedy,1,True,legacy,first,conf,0.0,0.0,0.0,0.0,1.0,200,0,0,200,40,0.0,0.0,1.0
whisper-turbo,,ls-tc-babble5,main,greedy,1,True,whisper,first,conf,0.0,0.0,0.0,0.0,1.0,200,0,0,200,40,0.0,0.0,1.0
whisper-turbo,,ls-tc-babble5,main,greedy,1,True,legacy,rover_freq,rover_cg,0.0,0.0,0.0,0.0,1.0,200,0,0,200,40,0.0,0.0,1.0
whisper-turbo,,ls-tc-babble5,main,greedy,1,True,whisper,rover_freq,rover_cg,0.0,0.0,0.0,0.0,1.0,200,0,0,200,40,0.0,0.0,1.0
whisper-turbo,,ls-tc-babble5,main,sample,16,True,legacy,conf,rover_cg,0.051692943913155855,-0.448913952102575,0.5035549988160346,0.24485361557272667,0.433,200,22,19,159,40,-0.4324274708987209,0.4840535198033179,0.5463610386951219
whisper-turbo,,ls-tc-babble5,main,sample,16,True,whisper,conf,rover_cg,-0.15337423312883436,-0.6332684697494262,0.2891057608966807,0.23617478768156808,0.7525,200,19,19,162,40,-0.5865494586812847,0.2529246908183986,0.733906929141221
whisper-turbo,,ls-tc-babble5,main,sample,16,True,legacy,mbr,rover_cg,0.18092530369604548,-0.11008295209515363,0.4746669522296849,0.15411454202821542,0.1425,200,17,11,172,40,-0.048289652899682955,0.4351746791825065,0.2996880307154256
whisper-turbo,,ls-tc-babble5,main,sample,16,True,whisper,mbr,rover_cg,0.1278118609406953,-0.1243510476868948,0.3727819833984142,0.12435016435635886,0.179,200,13,7,180,40,-0.07750790041634621,0.342818276688735,0.2971465303484704
whisper-turbo,,ls-tc-babble5,main,sample,16,True,legacy,cm05,rover_cg,0.20677177565262342,-0.10638368624521008,0.5369470723600103,0.1635831185947125,0.118,200,17,11,172,40,-0.0582928931221594,0.45776525431444887,0.20344461713391626
whisper-turbo,,ls-tc-babble5,main,sample,16,True,whisper,cm05,rover_cg,-0.02556237218813906,-0.3308183689541439,0.27750889563487413,0.15282031735394747,0.6055,200,12,11,177,40,-0.32026904603073,0.25566649567781025,0.9736221499962521
whisper-turbo,,ls-tc-babble5,main,sample,16,True,legacy,conf,rover_c,0.0,-0.5125695651046651,0.47170690261338327,0.25777417414645365,0.5115,200,22,18,160,40,-0.5013136894079564,0.459584694292251,0.7120699287014265
whisper-turbo,,ls-tc-babble5,main,sample,16,True,whisper,conf,rover_c,-0.20449897750511248,-0.6573314856164155,0.22087986876360752,0.22580058736348327,0.8285,200,17,19,164,40,-0.6323093777222789,0.18833280034111496,0.5478009980769869
whisper-turbo,,ls-tc-babble5,main,sample,16,True,legacy,conf,rover_freq,-0.23261824760920136,-0.7218522535767717,0.2266819520121283,0.24418495547925204,0.8375,200,18,21,161,40,-0.6983529684198339,0.19579223502238693,0.4887086543076472
whisper-turbo,,ls-tc-babble5,main,sample,16,True,whisper,conf,rover_freq,-0.23006134969325154,-0.7114216961749761,0.2295473388709577,0.23931674049554105,0.8445,200,18,21,161,40,-0.6902996046130621,0.19690549613744135,0.4887086543076472
whisper-turbo,,ls-tc-babble5,main,sample,16,True,legacy,first,rover_cg,1.8609459808736108,1.1650900536329007,2.6086100577233813,0.3687801563593853,0.0,200,48,11,141,40,1.0955012610101713,2.686156712331653,8.665917464587337e-07
whisper-turbo,,ls-tc-babble5,main,sample,16,True,whisper,first,rover_cg,1.5337423312883436,0.8784512110276563,2.1788204098069843,0.32386628139217716,0.0,200,42,6,152,40,0.8272737005202754,2.2585167199409883,2.0631488388729006e-06
whisper-turbo,,ls-tc-babble5,main,sample,16,True,legacy,conf,mbr,-0.12923235978288963,-0.6890193144346738,0.37727868560893013,0.27182302226986904,0.6945,200,19,19,162,40,-0.6629311862031932,0.33514490242340383,0.9449051151189731
whisper-turbo,,ls-tc-babble5,main,sample,16,True,whisper,conf,mbr,-0.28118609406952966,-0.828214213531028,0.22441937551924868,0.2659833166381446,0.866,200,17,22,161,40,-0.8042979707042033,0.16698417564450632,0.5123774274291852
whisper-turbo,,ls-tc-babble5,main,sample,16,True,legacy,first,conf,1.809253036960455,1.076597286946979,2.6211962411847614,0.3945032056183305,0.0,200,46,13,141,40,1.2080988450951873,2.537189274190856,1.7262113199359208e-06
whisper-turbo,,ls-tc-babble5,main,sample,16,True,whisper,first,conf,1.687116564417178,1.0208665370453165,2.380445105391346,0.3438850503840065,0.0,200,47,12,141,40,1.1227338195948795,2.3243557510999366,1.2013876888398913e-06
whisper-turbo,,ls-tc-babble5,main,sample,16,True,legacy,rover_freq,rover_cg,0.2843111915223572,-0.025738748308477593,0.5909850627784137,0.15906358614485963,0.0475,200,18,11,171,40,0.04696404582305241,0.5535078564172657,0.08013276552072757
whisper-turbo,,ls-tc-babble5,main,sample,16,True,whisper,rover_freq,rover_cg,0.07668711656441718,-0.1021561800110607,0.25340377090781796,0.09196976064364382,0.2555,200,8,5,187,40,-0.1052202968727931,0.2580683022868393,0.40538055645894233
whisper-turbo,,ls-test-clean,main,beam,8,True,legacy,conf,rover_cg,0.012426991425375917,-0.1969855129843165,0.22695658536833352,0.10627102751456032,0.479,400,25,24,351,40,-0.201989035729205,0.2062085881415782,0.9956878873694552
whisper-turbo,,ls-test-clean,main,beam,8,True,whisper,conf,rover_cg,-0.07390072669047912,-0.252593109305374,0.10909853365304922,0.09294673565348399,0.8185,400,17,23,360,40,-0.2516502896983165,0.07880765505369351,0.44440560082655767
whisper-turbo,,ls-test-clean,main,beam,8,True,legacy,mbr,rover_cg,0.11184292282838325,-0.09964440630339536,0.3175299696828636,0.10738172236280534,0.158,400,23,18,359,40,-0.10382449625926522,0.34267594425495,0.3109804744114605
whisper-turbo,,ls-test-clean,main,beam,8,True,whisper,mbr,rover_cg,-0.23401896785318388,-0.4092907344767315,-0.0716964678956808,0.08959934537282702,0.9955,400,8,24,368,40,-0.3884447679256915,-0.07938267317082856,0.0109032847480034
whisper-turbo,,ls-test-clean,main,beam,8,True,legacy,cm05,rover_cg,-0.03728097427612775,-0.20372187132225705,0.13136022957703072,0.08637861630980351,0.6905,400,17,20,363,40,-0.24882889837747746,0.15395275235269767,0.6727349988752522
whisper-turbo,,ls-test-clean,main,beam,8,True,whisper,cm05,rover_cg,-0.20938539228969086,-0.35160180105737054,-0.07462200534358356,0.07204570352281228,0.999,400,7,22,371,40,-0.3850766839123994,-0.061951143971669044,0.004055812487848772
whisper-turbo,,ls-test-clean,main,beam,8,True,legacy,conf,rover_c,-0.024853982850751834,-0.23219791970873718,0.18831295810370807,0.10662569823681824,0.6255,400,21,22,357,40,-0.23880375674584897,0.16971010605372833,0.7993412003145332
whisper-turbo,,ls-test-clean,main,beam,8,True,whisper,conf,rover_c,0.0,-0.15884652981427175,0.15765369369277618,0.08187469078028463,0.549,400,14,14,372,40,-0.1577932026681116,0.14032518077708866,1.0
whisper-turbo,,ls-test-clean,main,beam,8,True,legacy,conf,rover_freq,0.0745619485522555,-0.13513899060205742,0.27821427534374354,0.10609659946660278,0.2545,400,19,13,368,40,-0.13128687398306166,0.25250135123530804,0.500955818229304
whisper-turbo,,ls-test-clean,main,beam,8,True,whisper,conf,rover_freq,0.08621751447222564,-0.07261800942037974,0.24645945670046338,0.08044578063784374,0.1555,400,16,11,373,40,-0.07606901589860642,0.240784359420386,0.29543917546800136
whisper-turbo,,ls-test-clean,main,beam,8,True,legacy,first,rover_cg,0.04970796570150367,-0.17664564470775002,0.3106528259659955,0.12356963298126768,0.374,400,19,21,360,40,-0.18445881876016465,0.2804437939852528,0.9538852593013386
whisper-turbo,,ls-test-clean,main,beam,8,True,whisper,first,rover_cg,-0.20938539228969086,-0.368032424395661,-0.07367160449691974,0.07543044300213776,0.9985,400,8,22,370,40,-0.3739256711694947,-0.0696967225815125,0.006407445459029738
whisper-turbo,,ls-test-clean,main,beam,8,True,legacy,conf,mbr,-0.09941593140300733,-0.3595548957838169,0.15866981513643538,0.13228806490260722,0.7925,400,17,16,367,40,-0.40397370511657693,0.15946216639232236,0.32339434522186983
whisper-turbo,,ls-test-clean,main,beam,8,True,whisper,conf,mbr,0.16011824116270476,-0.012021290930204818,0.35102871080088144,0.09289699807406539,0.0385,400,17,7,376,40,-0.012846898767304396,0.33121187699503807,0.11839934639567665
whisper-turbo,,ls-test-clean,main,beam,8,True,legacy,first,conf,0.03728097427612775,-0.17750145191451192,0.30486698203417895,0.11889506155352968,0.4025,400,6,10,384,40,-0.15906368352500214,0.25518529077538266,0.8949368671304903
whisper-turbo,,ls-test-clean,main,beam,8,True,whisper,first,conf,-0.1354846655992117,-0.26290918114953293,-0.023890106132000218,0.06192747196981617,0.989,400,3,12,385,40,-0.2472222631443039,-0.02292189574378084,0.03966867046306649
whisper-turbo,,ls-test-clean,main,beam,8,True,legacy,rover_freq,rover_cg,-0.06213495712687958,-0.22512596087438227,0.09823605603443065,0.0804986692188611,0.8095,400,12,19,369,40,-0.22934740889554325,0.10402020015720828,0.47441095636763264
whisper-turbo,,ls-test-clean,main,beam,8,True,whisper,rover_freq,rover_cg,-0.16011824116270476,-0.2803628150810974,-0.05113833451317467,0.05658098998694007,0.9995,400,3,15,382,40,-0.26319270398217764,-0.06274521507851724,0.004556349803185131
whisper-turbo,,ls-test-clean,main,greedy,1,True,legacy,conf,rover_cg,0.0,0.0,0.0,0.0,1.0,400,0,0,400,40,0.0,0.0,1.0
whisper-turbo,,ls-test-clean,main,greedy,1,True,whisper,conf,rover_cg,0.0,0.0,0.0,0.0,1.0,400,0,0,400,40,0.0,0.0,1.0
whisper-turbo,,ls-test-clean,main,greedy,1,True,legacy,mbr,rover_cg,0.0,0.0,0.0,0.0,1.0,400,0,0,400,40,0.0,0.0,1.0
whisper-turbo,,ls-test-clean,main,greedy,1,True,whisper,mbr,rover_cg,0.0,0.0,0.0,0.0,1.0,400,0,0,400,40,0.0,0.0,1.0
whisper-turbo,,ls-test-clean,main,greedy,1,True,legacy,cm05,rover_cg,0.0,0.0,0.0,0.0,1.0,400,0,0,400,40,0.0,0.0,1.0
whisper-turbo,,ls-test-clean,main,greedy,1,True,whisper,cm05,rover_cg,0.0,0.0,0.0,0.0,1.0,400,0,0,400,40,0.0,0.0,1.0
whisper-turbo,,ls-test-clean,main,greedy,1,True,legacy,conf,rover_c,0.0,0.0,0.0,0.0,1.0,400,0,0,400,40,0.0,0.0,1.0
whisper-turbo,,ls-test-clean,main,greedy,1,True,whisper,conf,rover_c,0.0,0.0,0.0,0.0,1.0,400,0,0,400,40,0.0,0.0,1.0
whisper-turbo,,ls-test-clean,main,greedy,1,True,legacy,conf,rover_freq,0.0,0.0,0.0,0.0,1.0,400,0,0,400,40,0.0,0.0,1.0
whisper-turbo,,ls-test-clean,main,greedy,1,True,whisper,conf,rover_freq,0.0,0.0,0.0,0.0,1.0,400,0,0,400,40,0.0,0.0,1.0
whisper-turbo,,ls-test-clean,main,greedy,1,True,legacy,first,rover_cg,0.0,0.0,0.0,0.0,1.0,400,0,0,400,40,0.0,0.0,1.0
whisper-turbo,,ls-test-clean,main,greedy,1,True,whisper,first,rover_cg,0.0,0.0,0.0,0.0,1.0,400,0,0,400,40,0.0,0.0,1.0
whisper-turbo,,ls-test-clean,main,greedy,1,True,legacy,conf,mbr,0.0,0.0,0.0,0.0,1.0,400,0,0,400,40,0.0,0.0,1.0
whisper-turbo,,ls-test-clean,main,greedy,1,True,whisper,conf,mbr,0.0,0.0,0.0,0.0,1.0,400,0,0,400,40,0.0,0.0,1.0
whisper-turbo,,ls-test-clean,main,greedy,1,True,legacy,first,conf,0.0,0.0,0.0,0.0,1.0,400,0,0,400,40,0.0,0.0,1.0
whisper-turbo,,ls-test-clean,main,greedy,1,True,whisper,first,conf,0.0,0.0,0.0,0.0,1.0,400,0,0,400,40,0.0,0.0,1.0
whisper-turbo,,ls-test-clean,main,greedy,1,True,legacy,rover_freq,rover_cg,0.0,0.0,0.0,0.0,1.0,400,0,0,400,40,0.0,0.0,1.0
whisper-turbo,,ls-test-clean,main,greedy,1,True,whisper,rover_freq,rover_cg,0.0,0.0,0.0,0.0,1.0,400,0,0,400,40,0.0,0.0,1.0
whisper-turbo,,ls-test-clean,main,sample,16,True,legacy,conf,rover_cg,0.7829004597986827,-0.012866657484391437,2.3058616360770867,0.6883709527002478,0.0445,400,19,13,368,40,-0.026261656081573773,2.257626545536998,0.1758626193158651
whisper-turbo,,ls-test-clean,main,sample,16,True,whisper,conf,rover_cg,0.56657223796034,-0.21781577142261077,2.05986257175112,0.6738786758885303,0.317,400,12,20,368,40,-0.20883167743168715,1.9101219619361678,0.3527127350247511
whisper-turbo,,ls-test-clean,main,sample,16,True,legacy,mbr,rover_cg,0.024853982850751834,-0.11875748477909227,0.17148764970689379,0.07336150908667112,0.4115,400,14,14,372,40,-0.10229597635826324,0.157780259441268,0.7232288950218325
whisper-turbo,,ls-test-clean,main,sample,16,True,whisper,mbr,rover_cg,-0.11085109003571869,-0.22397773323122688,0.0,0.05763105320312951,0.978,400,5,15,380,40,-0.22820283498178462,0.0,0.06056886020265741
whisper-turbo,,ls-test-clean,main,sample,16,True,legacy,cm05,rover_cg,0.012426991425375917,-0.1137519829374702,0.13511621817259925,0.06244967685339355,0.4815,400,12,12,376,40,-0.09556946041616017,0.14166377291593849,0.8473896596867143
whisper-turbo,,ls-test-clean,main,sample,16,True,whisper,cm05,rover_cg,-0.1847518167261978,-0.3016125419892022,-0.08031995696842226,0.05877125337377336,0.9995,400,4,18,378,40,-0.2991593726458526,-0.08365650857015318,0.002699796063260186
whisper-turbo,,ls-test-clean,main,sample,16,True,legacy,conf,rover_c,0.8077544426494345,0.02402308790427753,2.3142765302138146,0.687593903173609,0.0185,400,14,7,379,40,0.0,2.257115527874888,0.06908226682713359
whisper-turbo,,ls-test-clean,main,sample,16,True,whisper,conf,rover_c,0.640472964650819,-0.131700811417345,2.128627177105372,0.6715833161939716,0.23,400,10,12,378,40,-0.11908492905358864,1.9713793494940348,0.9588765479025428
whisper-turbo,,ls-test-clean,main,sample,16,True,legacy,conf,rover_freq,0.7829004597986827,-0.04016462502166804,2.306301070811061,0.6915796273996255,0.0565,400,14,8,378,40,-0.03964075142061788,2.2292806525320414,0.1825742684095346
whisper-turbo,,ls-test-clean,main,sample,16,True,whisper,conf,rover_freq,0.7020569035595516,-0.06243152234985641,2.177091087732379,0.6706109750564281,0.1145,400,10,8,382,40,-0.050680228096487395,2.06160922511548,0.41966636340556585
whisper-turbo,,ls-test-clean,main,sample,16,True,legacy,first,rover_cg,0.18640487138063874,-0.07062667945873159,0.46568827501118487,0.1387344593094699,0.0875,400,28,23,349,40,-0.04606153134036978,0.444887355143483,0.18804773815548093
whisper-turbo,,ls-test-clean,main,sample,16,True,whisper,first,rover_cg,0.04926715112698608,-0.17297405081972056,0.2609146861009014,0.10813665087910962,0.3515,400,20,19,361,40,-0.17188040417704656,0.2764239287101931,0.6722233924499174
whisper-turbo,,ls-test-clean,main,sample,16,True,legacy,conf,mbr,0.7580464769479309,-0.08814876139605411,2.313412130043484,0.7048363048026522,0.097,400,13,9,378,40,-0.06775075177785962,2.2132878722509552,0.3529114223239129
whisper-turbo,,ls-test-clean,main,sample,16,True,whisper,conf,mbr,0.6774233279960586,-0.10535475338185087,2.1639316367016934,0.683952580036439,0.191,400,9,9,382,40,-0.09935675214787604,2.0732914542235594,0.7670028959158551
whisper-turbo,,ls-test-clean,main,sample,16,True,legacy,first,conf,-0.596495588418044,-2.2221463029927615,0.33558782988504143,0.7139626775297301,0.7375,400,27,24,349,40,-2.095244108861375,0.3211827358541181,0.8331995264972047
whisper-turbo,,ls-test-clean,main,sample,16,True,whisper,first,conf,-0.5173050868333539,-2.0700281904483306,0.3437531802323979,0.6908478863547168,0.6835,400,23,17,360,40,-1.9796069526890443,0.35591851274286707,0.3811257169856388
whisper-turbo,,ls-test-clean,main,sample,16,True,legacy,rover_freq,rover_cg,0.0,-0.13284598608623607,0.13171181521058128,0.06839160642027026,0.5495,400,11,13,376,40,-0.12077477122465957,0.13016829526114862,0.9874068799001979
whisper-turbo,,ls-test-clean,main,sample,16,True,whisper,rover_freq,rover_cg,-0.1354846655992117,-0.2456073458529508,-0.03667269191096417,0.054920735270052916,0.997,400,4,14,382,40,-0.23111715459456406,-0.050843045094303256,0.016377308341494895
whisper-turbo,,ls-test-other,main,beam,8,True,legacy,conf,rover_cg,0.11328235627301048,-0.1358673329193639,0.3408455919621261,0.1224161403994523,0.1865,400,34,24,342,33,-0.16603542397837157,0.38198803236779905,0.3774183776312853
whisper-turbo,,ls-test-other,main,beam,8,True,whisper,conf,rover_cg,0.09805294859223981,-0.2050330554178634,0.4040116953185432,0.14912962285824652,0.26,400,37,29,334,33,-0.21359474755273908,0.3444157500564605,0.4799181280104037
whisper-turbo,,ls-test-other,main,beam,8,True,legacy,mbr,rover_cg,-0.02832058906825262,-0.2193399495175108,0.15377794799640707,0.09626555179760767,0.6375,400,16,18,366,33,-0.24243766809151976,0.19171355086784728,0.7718708457370981
whisper-turbo,,ls-test-other,main,beam,8,True,whisper,mbr,rover_cg,-0.18209833309987394,-0.40806075451985413,0.040658176502356626,0.11164279705311278,0.955,400,13,23,364,33,-0.4258229088105612,0.026447490894345498,0.07167915605306556
whisper-turbo,,ls-test-other,main,beam,8,True,legacy,cm05,rover_cg,-0.04248088360237893,-0.248395852762714,0.16128025377357563,0.103532291110247,0.681,400,19,22,359,33,-0.2671174120786523,0.20603827630914687,0.6838878110645468
whisper-turbo,,ls-test-other,main,beam,8,True,whisper,cm05,rover_cg,-0.1120605126768455,-0.3869987241049843,0.15536405238068315,0.13593340501248466,0.815,400,20,27,353,33,-0.38640189558169646,0.10440751021937988,0.3467846075089386
whisper-turbo,,ls-test-other,main,beam,8,True,legacy,conf,rover_c,0.1274426508071368,-0.09839334108020865,0.3512600392576039,0.11479091900193858,0.145,400,31,19,350,33,-0.12277720739122346,0.3778807690145319,0.28487306142243696
whisper-turbo,,ls-test-other,main,beam,8,True,whisper,conf,rover_c,0.2101134612690853,-0.06674557909435529,0.4787697584729184,0.13628460217344016,0.0655,400,35,18,347,33,-0.10303856641994547,0.4896277180835051,0.08935955921134721
whisper-turbo,,ls-test-other,main,beam,8,True,legacy,conf,rover_freq,0.11328235627301048,-0.09919299433478147,0.3210089598158118,0.10880815232999135,0.1565,400,24,13,363,33,-0.13240435085559368,0.3453074978134558,0.26466005129684933
whisper-turbo,,ls-test-other,main,beam,8,True,whisper,conf,rover_freq,0.23812858943829668,-0.013749531662914677,0.49483641813162726,0.12904873151620236,0.0395,400,32,13,355,33,-0.08071351254010228,0.5159994868070641,0.04718963179338623
whisper-turbo,,ls-test-other,main,beam,8,True,legacy,first,rover_cg,-0.08496176720475786,-0.2759473968309148,0.09853136696516407,0.09935198460824127,0.826,400,18,22,360,33,-0.3238169187148937,0.1377614459668589,0.3987443678109236
whisper-turbo,,ls-test-other,main,beam,8,True,whisper,first,rover_cg,-0.14007564084605686,-0.3402545036436945,0.055093295532148916,0.0998692108108429,0.9295,400,18,25,357,33,-0.3298956775685172,0.02736540146436713,0.16178416545330399
whisper-turbo,,ls-test-other,main,beam,8,True,legacy,conf,mbr,0.1416029453412631,-0.060713291079002224,0.34538483161741146,0.10649779257497445,0.102,400,24,11,365,33,-0.08451647197714635,0.36497500073581346,0.2339349223948176
whisper-turbo,,ls-test-other,main,beam,8,True,whisper,conf,mbr,0.28015128169211373,0.08835446503364963,0.47452365443045735,0.09974443419448834,0.003,400,26,8,366,33,0.0785552803953667,0.486073477971739,0.0074166480664880265
whisper-turbo,,ls-test-other,main,beam,8,True,legacy,first,conf,-0.19824412347776835,-0.3795681194236907,-0.014494434611806628,0.09246206336696917,0.986,400,7,22,371,33,-0.4181210185464732,0.014055060869599593,0.044244829468548026
whisper-turbo,,ls-test-other,main,beam,8,True,whisper,first,conf,-0.23812858943829668,-0.43764371644426775,-0.028465220695938452,0.10387055081692836,0.9885,400,6,23,371,33,-0.4708979029735691,0.0,0.018787431046577704
whisper-turbo,,ls-test-other,main,beam,8,True,legacy,rover_freq,rover_cg,0.0,-0.17826291759473661,0.16299073489710394,0.08702173779241323,0.5365,400,17,17,366,33,-0.20278910460383984,0.20264031687483636,1.0
whisper-turbo,,ls-test-other,main,beam,8,True,whisper,rover_freq,rover_cg,-0.14007564084605686,-0.2770629298055138,-0.013578748518608403,0.06798541971984459,0.984,400,7,17,376,33,-0.25564908994835006,-0.029211274279227015,0.04122683333716368
whisper-turbo,,ls-test-other,main,greedy,1,True,legacy,conf,rover_cg,0.0,0.0,0.0,0.0,1.0,400,0,0,400,33,0.0,0.0,1.0
whisper-turbo,,ls-test-other,main,greedy,1,True,whisper,conf,rover_cg,0.0,0.0,0.0,0.0,1.0,400,0,0,400,33,0.0,0.0,1.0
whisper-turbo,,ls-test-other,main,greedy,1,True,legacy,mbr,rover_cg,0.0,0.0,0.0,0.0,1.0,400,0,0,400,33,0.0,0.0,1.0
whisper-turbo,,ls-test-other,main,greedy,1,True,whisper,mbr,rover_cg,0.0,0.0,0.0,0.0,1.0,400,0,0,400,33,0.0,0.0,1.0
whisper-turbo,,ls-test-other,main,greedy,1,True,legacy,cm05,rover_cg,0.0,0.0,0.0,0.0,1.0,400,0,0,400,33,0.0,0.0,1.0
whisper-turbo,,ls-test-other,main,greedy,1,True,whisper,cm05,rover_cg,0.0,0.0,0.0,0.0,1.0,400,0,0,400,33,0.0,0.0,1.0
whisper-turbo,,ls-test-other,main,greedy,1,True,legacy,conf,rover_c,0.0,0.0,0.0,0.0,1.0,400,0,0,400,33,0.0,0.0,1.0
whisper-turbo,,ls-test-other,main,greedy,1,True,whisper,conf,rover_c,0.0,0.0,0.0,0.0,1.0,400,0,0,400,33,0.0,0.0,1.0
whisper-turbo,,ls-test-other,main,greedy,1,True,legacy,conf,rover_freq,0.0,0.0,0.0,0.0,1.0,400,0,0,400,33,0.0,0.0,1.0
whisper-turbo,,ls-test-other,main,greedy,1,True,whisper,conf,rover_freq,0.0,0.0,0.0,0.0,1.0,400,0,0,400,33,0.0,0.0,1.0
whisper-turbo,,ls-test-other,main,greedy,1,True,legacy,first,rover_cg,0.0,0.0,0.0,0.0,1.0,400,0,0,400,33,0.0,0.0,1.0
whisper-turbo,,ls-test-other,main,greedy,1,True,whisper,first,rover_cg,0.0,0.0,0.0,0.0,1.0,400,0,0,400,33,0.0,0.0,1.0
whisper-turbo,,ls-test-other,main,greedy,1,True,legacy,conf,mbr,0.0,0.0,0.0,0.0,1.0,400,0,0,400,33,0.0,0.0,1.0
whisper-turbo,,ls-test-other,main,greedy,1,True,whisper,conf,mbr,0.0,0.0,0.0,0.0,1.0,400,0,0,400,33,0.0,0.0,1.0
whisper-turbo,,ls-test-other,main,greedy,1,True,legacy,first,conf,0.0,0.0,0.0,0.0,1.0,400,0,0,400,33,0.0,0.0,1.0
whisper-turbo,,ls-test-other,main,greedy,1,True,whisper,first,conf,0.0,0.0,0.0,0.0,1.0,400,0,0,400,33,0.0,0.0,1.0
whisper-turbo,,ls-test-other,main,greedy,1,True,legacy,rover_freq,rover_cg,0.0,0.0,0.0,0.0,1.0,400,0,0,400,33,0.0,0.0,1.0
whisper-turbo,,ls-test-other,main,greedy,1,True,whisper,rover_freq,rover_cg,0.0,0.0,0.0,0.0,1.0,400,0,0,400,33,0.0,0.0,1.0
whisper-turbo,,ls-test-other,main,sample,16,True,legacy,conf,rover_cg,0.1557632398753894,-0.07022545913961349,0.38567712789742103,0.1179227282195102,0.098,400,28,19,353,33,-0.09860398330194563,0.4161322266622809,0.2600335609462838
whisper-turbo,,ls-test-other,main,sample,16,True,whisper,conf,rover_cg,0.07003782042302843,-0.19368867018490435,0.35522586404377093,0.14053091758635838,0.362,400,26,21,353,33,-0.18512414054325163,0.34369162758772526,0.8225307003238305
whisper-turbo,,ls-test-other,main,sample,16,True,legacy,mbr,rover_cg,0.19824412347776835,0.028372718226718947,0.3982434059430105,0.0951025900219719,0.014,400,23,12,365,33,0.04313211493852157,0.35578634304975554,0.03398285221207693
whisper-turbo,,ls-test-other,main,sample,16,True,whisper,mbr,rover_cg,0.07003782042302843,-0.07911915327938966,0.22342047750639127,0.07914121810045363,0.239,400,15,10,375,33,-0.059028078615413246,0.18398965942674836,0.3717567639510644
whisper-turbo,,ls-test-other,main,sample,16,True,legacy,cm05,rover_cg,0.1274426508071368,-0.07166357750129472,0.32710071520959494,0.10427433478646701,0.122,400,23,13,364,33,-0.060194481809970744,0.2951222479261388,0.16028034874776387
whisper-turbo,,ls-test-other,main,sample,16,True,whisper,cm05,rover_cg,0.0,-0.1914242183964456,0.18124912672744198,0.09389249653524132,0.5375,400,17,14,369,33,-0.20046993981870018,0.18666752836421083,0.9149904722246035
whisper-turbo,,ls-test-other,main,sample,16,True,legacy,conf,rover_c,-0.01416029453412631,-0.256973460444719,0.2242078238752875,0.12380049369847154,0.581,400,20,18,362,33,-0.25968077110322885,0.24217393259388537,0.871946943019992
whisper-turbo,,ls-test-other,main,sample,16,True,whisper,conf,rover_c,0.028015128169211374,-0.22874135801881837,0.2997257245953914,0.13634287227448358,0.465,400,20,17,363,33,-0.22517163754038105,0.29201196790968315,1.0
whisper-turbo,,ls-test-other,main,sample,16,True,legacy,conf,rover_freq,-0.05664117813650524,-0.3272743172191002,0.2004668157164741,0.1352038355336947,0.6875,400,20,18,362,33,-0.3413334854107993,0.24919513744458147,0.6355148477675153
whisper-turbo,,ls-test-other,main,sample,16,True,whisper,conf,rover_freq,0.0,-0.25573909929739874,0.2628544404827268,0.1336183063760837,0.5435,400,18,17,365,33,-0.24099843250553232,0.25566593181010955,0.8310947737331584
whisper-turbo,,ls-test-other,main,sample,16,True,legacy,first,rover_cg,0.7221750212404418,0.372493485488978,1.097184595578888,0.18321601979084315,0.0,400,55,21,324,33,0.3779812325191981,1.0806622024403796,9.266685876048432e-05
whisper-turbo,,ls-test-other,main,sample,16,True,whisper,first,rover_cg,0.5042723070458047,0.16969052092704529,0.8493343479757145,0.1732369062626629,0.001,400,46,20,334,33,0.20027466375541117,0.8244168823213069,0.005162546586659232
whisper-turbo,,ls-test-other,main,sample,16,True,legacy,conf,mbr,-0.04248088360237893,-0.31183465346597866,0.22254378211329892,0.13618956809209182,0.65,400,20,18,362,33,-0.32481018145230534,0.23509268823124926,0.7535264215212464
whisper-turbo,,ls-test-other,main,sample,16,True,whisper,conf,mbr,0.0,-0.27585488371573136,0.28858095472084755,0.1457863753029054,0.535,400,21,20,359,33,-0.2653453947038386,0.2899988213107025,0.9201690897638161
whisper-turbo,,ls-test-other,main,sample,16,True,legacy,first,conf,0.5664117813650524,0.18454739640122267,0.9657132004121547,0.20330474572645912,0.001,400,45,27,328,33,0.18930115963106128,0.9561772411539757,0.0078095810196590985
whisper-turbo,,ls-test-other,main,sample,16,True,whisper,first,conf,0.4342344866227763,0.05571414617943378,0.8325665955670711,0.19684079906085636,0.0145,400,44,27,329,33,0.07886707264833089,0.8105067694093101,0.053860074723268495
whisper-turbo,,ls-test-other,main,sample,16,True,legacy,rover_freq,rover_cg,0.21240441801189464,0.028357844961186908,0.42020645761818903,0.09967770608495312,0.0155,400,23,11,366,33,0.016060766157599573,0.4210017888266332,0.03230363856301156
whisper-turbo,,ls-test-other,main,sample,16,True,whisper,rover_freq,rover_cg,0.07003782042302843,-0.05711124270098469,0.2014368550644984,0.06598065358969797,0.174,400,14,9,377,33,-0.031951376026435975,0.1795828153059815,0.2971465303484704
