[{"stream_name":"stderr","time":6.693557449,"data":"/usr/local/lib/python3.12/dist-packages/nbformat/__init__.py:96: MissingIDFieldWarning: Cell is missing an id field, this will become a hard error in future nbformat versions. You may want to use `normalize()` on your notebooks before validations (available since nbformat 5.1.4). Previous versions of nbformat are fixing this issue transparently, and will stop doing so in the future.\n"}
,{"stream_name":"stderr","time":6.693647347,"data":"  validate(nb)\n"}
,{"stream_name":"stderr","time":7.605307871,"data":"0.00s - Debugger warning: It seems that frozen modules are being used, which may\n"}
,{"stream_name":"stderr","time":7.605340334,"data":"0.00s - make the debugger miss breakpoints. Please pass -Xfrozen_modules=off\n"}
,{"stream_name":"stderr","time":7.605346277,"data":"0.00s - to python to disable frozen modules.\n"}
,{"stream_name":"stderr","time":7.605351339,"data":"0.00s - Note: Debugging will proceed. Set PYDEVD_DISABLE_FILE_VALIDATION=1 to disable this validation.\n"}
,{"stream_name":"stderr","time":8.257055465,"data":"0.00s - Debugger warning: It seems that frozen modules are being used, which may\n"}
,{"stream_name":"stderr","time":8.257087731,"data":"0.00s - make the debugger miss breakpoints. Please pass -Xfrozen_modules=off\n"}
,{"stream_name":"stderr","time":8.257093545,"data":"0.00s - to python to disable frozen modules.\n"}
,{"stream_name":"stderr","time":8.25709775,"data":"0.00s - Note: Debugging will proceed. Set PYDEVD_DISABLE_FILE_VALIDATION=1 to disable this validation.\n"}
,{"stream_name":"stdout","time":9.447457354,"data":"Writing /kaggle/working/code/src/scorers.py\n"}
,{"stream_name":"stdout","time":9.469930797,"data":"Writing /kaggle/working/code/src/compose.py\n"}
,{"stream_name":"stdout","time":9.491187373,"data":"Writing /kaggle/working/code/src/bootstrap.py\n"}
,{"stream_name":"stdout","time":9.512233793,"data":"Writing /kaggle/working/code/src/decode.py\n"}
,{"stream_name":"stdout","time":9.534401809,"data":"Writing /kaggle/working/code/src/wf_model.py\n"}
,{"stream_name":"stdout","time":9.556401377,"data":"Writing /kaggle/working/code/src/wf_compat.py\n"}
,{"stream_name":"stdout","time":9.576703771,"data":"Writing /kaggle/working/code/src/data.py\n"}
,{"stream_name":"stdout","time":9.596917793,"data":"Writing /kaggle/working/code/src/campaign/__init__.py\n"}
,{"stream_name":"stdout","time":9.629870046,"data":"Writing /kaggle/working/code/src/campaign/config.py\n"}
,{"stream_name":"stdout","time":9.653431666,"data":"Writing /kaggle/working/code/src/campaign/state.py\n"}
,{"stream_name":"stdout","time":9.67642644,"data":"Writing /kaggle/working/code/src/campaign/tokwords.py\n"}
,{"stream_name":"stdout","time":9.70491532,"data":"Writing /kaggle/working/code/src/campaign/prep_data.py\n"}
,{"stream_name":"stdout","time":9.731689737,"data":"Writing /kaggle/working/code/src/campaign/drax_fast.py\n"}
,{"stream_name":"stdout","time":9.758454593,"data":"Writing /kaggle/working/code/src/campaign/families.py\n"}
,{"stream_name":"stdout","time":9.784209209,"data":"Writing /kaggle/working/code/src/campaign/worker.py\n"}
,{"stream_name":"stdout","time":9.814902911,"data":"Writing /kaggle/working/code/src/campaign/analysis.py\n"}
,{"stream_name":"stdout","time":9.851576608,"data":"Writing /kaggle/working/code/src/campaign/aggregate.py\n"}
,{"stream_name":"stdout","time":9.881804273,"data":"Writing /kaggle/working/code/src/campaign/run.py\n"}
,{"stream_name":"stdout","time":20.448036199,"data":"upstream: {'Whisfusion': 'aa9afe3688ccd15ebf096ec9845d67925d1a3aea', 'drax': 'ffab757b1c88d9c6cdf9912d543032f98fc085e3'}\n"}
,{"stream_name":"stdout","time":25.026951827,"data":"torch 2.10.0+cu128 gpus ['Tesla T4', 'Tesla T4']\n"}
,{"stream_name":"stdout","time":25.027011847,"data":"setup 15 s\n"}
,{"stream_name":"stdout","time":25.228455339,"data":"campaign budget 11.40 h\n"}
,{"stream_name":"stdout","time":43.459987919,"data":"[19:50:02 +   0.3m] env: {\"python\": \"3.12.13\", \"host\": \"3953d49cb228\", \"torch\": \"2.10.0+cu128\", \"cuda\": \"12.8\", \"n_gpus\": 2, \"gpus\": [\"Tesla T4\", \"Tesla T4\"], \"transformers\": \"5.0.0\", \"huggingface_hub\": \"1.11.0\", \"numpy\": \"2.0.2\", \"pandas\": \"2.3.3\", \"rapidfuzz\": \"3.14.6\", \"soundfile\": \"0.13.1\", \"librosa\": \"0.11.0\", \"nvidia_smi\": \"Tesla T4, 15360 MiB, 580.159.04\\nTesla T4, 15360 MiB, 580.159.04\", \"tmp_free_gb\": 1100.2, \"cpu_count\": 4}\n"}
,{"stream_name":"stdout","time":43.46024064,"data":"[19:50:02 +   0.3m] plan: 243 jobs, per tier {0: 12, 1: 16, 2: 43, 3: 57, 4: 35, 5: 80}; GPU work until +10.98 h, results by +11.40 h\n"}
,{"stream_name":"stdout","time":63.50292652,"data":"[19:50:22 +   0.6m] progress: jobs {'waiting': 243}; tiers {0: '0/12', 1: '0/16', 2: '0/43', 3: '0/57', 4: '0/35', 5: '0/80'}; analysed 0/0\n"}
,{"stream_name":"stdout","time":103.574330144,"data":"[19:51:02 +   1.3m] lane 0: starting whisper-turbo\n"}
,{"stream_name":"stdout","time":103.593646113,"data":"[19:51:02 +   1.3m] lane 1: starting whisper-small\n"}
,{"stream_name":"stdout","time":550.144744404,"data":"[19:58:29 +   8.7m] lane 1: whisper-small exited rc=0, 1 jobs, 0 error lines\n"}
,{"stream_name":"stdout","time":550.14605311,"data":"[19:58:29 +   8.7m]     done whisper-small__ls-dev-other__s02__main [done] 200 utts in 6.1 min (1.82 s/utt, RTF 0.290)\n"}
,{"stream_name":"stdout","time":550.159729288,"data":"[19:58:29 +   8.7m] lane 1: starting whisfusion\n"}
,{"stream_name":"stdout","time":555.450347103,"data":"[19:58:34 +   8.8m] lane 0: whisper-turbo exited rc=0, 1 jobs, 0 error lines\n"}
,{"stream_name":"stdout","time":555.451861914,"data":"[19:58:34 +   8.8m]     done whisper-turbo__ls-dev-other__s02__main [done] 200 utts in 6.2 min (1.86 s/utt, RTF 0.296)\n"}
,{"stream_name":"stdout","time":555.460957726,"data":"[19:58:34 +   8.8m] lane 0: starting drax\n"}
,{"stream_name":"stdout","time":663.647271513,"data":"[20:00:23 +  10.6m] progress: jobs {'claimed': 2, 'ready': 208, 'waiting': 21, 'done': 2, 'dead': 10}; tiers {0: '0/12', 1: '0/16', 2: '0/43', 3: '2/57', 4: '0/35', 5: '0/80'}; analysed 2/2\n"}
,{"stream_name":"stdout","time":663.648537043,"data":"[20:00:23 +  10.6m]     whisper-small       1 jobs    200 utts   0.35 h audio   0.10 GPU-h\n"}
,{"stream_name":"stdout","time":663.649559689,"data":"[20:00:23 +  10.6m]     whisper-turbo       1 jobs    200 utts   0.35 h audio   0.10 GPU-h\n"}
,{"stream_name":"stdout","time":1023.657396767,"data":"[20:06:23 +  16.6m] data prep finished rc=0; failed sets: []\n"}
,{"stream_name":"stdout","time":1263.744627193,"data":"[20:10:23 +  20.6m] progress: jobs {'claimed': 2, 'ready': 229, 'done': 2, 'dead': 10}; tiers {0: '0/12', 1: '0/16', 2: '0/43', 3: '2/57', 4: '0/35', 5: '0/80'}; analysed 2/2\n"}
,{"stream_name":"stdout","time":1263.745909731,"data":"[20:10:23 +  20.6m]     whisper-small       1 jobs    200 utts   0.35 h audio   0.10 GPU-h\n"}
,{"stream_name":"stdout","time":1263.747217306,"data":"[20:10:23 +  20.6m]     whisper-turbo       1 jobs    200 utts   0.35 h audio   0.10 GPU-h\n"}
,{"stream_name":"stdout","time":1505.658736379,"data":"[20:14:25 +  24.7m] lane 1: whisfusion exited rc=0, 1 jobs, 0 error lines\n"}
,{"stream_name":"stdout","time":1505.658772471,"data":"[20:14:25 +  24.7m]     done whisfusion__ls-test-other__s00__sweepT [done] 100 utts in 13.3 min (7.99 s/utt, RTF 1.241)\n"}
,{"stream_name":"stdout","time":1505.659343549,"data":"[20:14:25 +  24.7m] lane 1: starting parakeet-ctc\n"}
,{"stream_name":"stdout","time":1822.308249351,"data":"[20:19:41 +  30.0m] lane 1: parakeet-ctc exited rc=0, 3 jobs, 0 error lines\n"}
,{"stream_name":"stdout","time":1822.309532593,"data":"[20:19:41 +  30.0m]     done parakeet-ctc__ls-test-other__s00__sweepT [done] 100 utts in 1.6 min (0.96 s/utt, RTF 0.149)\n"}
,{"stream_name":"stdout","time":1822.310695431,"data":"[20:19:41 +  30.0m]     done parakeet-ctc__ami__s00__sweepT [done] 100 utts in 0.9 min (0.55 s/utt, RTF 0.172)\n"}
,{"stream_name":"stdout","time":1822.311796158,"data":"[20:19:41 +  30.0m]     done parakeet-ctc__ls-tc-babble5__s00__sweepT [done] 100 utts in 1.2 min (0.73 s/utt, RTF 0.100)\n"}
,{"stream_name":"stdout","time":1822.312794293,"data":"[20:19:41 +  30.0m] lane 1: starting whisfusion\n"}
,{"stream_name":"stdout","time":1863.785947777,"data":"[20:20:23 +  30.6m] progress: jobs {'done': 6, 'claimed': 2, 'ready': 225, 'dead': 10}; tiers {0: '4/12', 1: '0/16', 2: '0/43', 3: '2/57', 4: '0/35', 5: '0/80'}; analysed 6/6\n"}
,{"stream_name":"stdout","time":1863.787048147,"data":"[20:20:23 +  30.6m]     parakeet-ctc        3 jobs    300 utts   0.47 h audio   0.06 GPU-h\n"}
,{"stream_name":"stdout","time":1863.78790521,"data":"[20:20:23 +  30.6m]     whisfusion          1 jobs    100 utts   0.18 h audio   0.22 GPU-h\n"}
,{"stream_name":"stdout","time":1863.788772585,"data":"[20:20:23 +  30.6m]     whisper-small       1 jobs    200 utts   0.35 h audio   0.10 GPU-h\n"}
,{"stream_name":"stdout","time":1863.789671879,"data":"[20:20:23 +  30.6m]     whisper-turbo       1 jobs    200 utts   0.35 h audio   0.10 GPU-h\n"}
,{"stream_name":"stdout","time":2463.832015344,"data":"[20:30:23 +  40.6m] progress: jobs {'done': 7, 'ready': 224, 'claimed': 2, 'dead': 10}; tiers {0: '5/12', 1: '0/16', 2: '0/43', 3: '2/57', 4: '0/35', 5: '0/80'}; analysed 7/7\n"}
,{"stream_name":"stdout","time":2463.832650263,"data":"[20:30:23 +  40.6m]     drax                1 jobs    100 utts   0.18 h audio   0.47 GPU-h\n"}
,{"stream_name":"stdout","time":2463.833623714,"data":"[20:30:23 +  40.6m]     parakeet-ctc        3 jobs    300 utts   0.47 h audio   0.06 GPU-h\n"}
,{"stream_name":"stdout","time":2463.83448778,"data":"[20:30:23 +  40.6m]     whisfusion          1 jobs    100 utts   0.18 h audio   0.22 GPU-h\n"}
,{"stream_name":"stdout","time":2463.83543262,"data":"[20:30:23 +  40.6m]     whisper-small       1 jobs    200 utts   0.35 h audio   0.10 GPU-h\n"}
,{"stream_name":"stdout","time":2463.83633878,"data":"[20:30:23 +  40.6m]     whisper-turbo       1 jobs    200 utts   0.35 h audio   0.10 GPU-h\n"}
,{"stream_name":"stdout","time":3063.888869274,"data":"[20:40:23 +  50.6m] progress: jobs {'done': 8, 'ready': 223, 'claimed': 2, 'dead': 10}; tiers {0: '6/12', 1: '0/16', 2: '0/43', 3: '2/57', 4: '0/35', 5: '0/80'}; analysed 8/8\n"}
,{"stream_name":"stdout","time":3063.890368884,"data":"[20:40:23 +  50.6m]     drax                1 jobs    100 utts   0.18 h audio   0.47 GPU-h\n"}
,{"stream_name":"stdout","time":3063.891559323,"data":"[20:40:23 +  50.6m]     parakeet-ctc        3 jobs    300 utts   0.47 h audio   0.06 GPU-h\n"}
,{"stream_name":"stdout","time":3063.892759203,"data":"[20:40:23 +  50.6m]     whisfusion          2 jobs    200 utts   0.27 h audio   0.44 GPU-h\n"}
,{"stream_name":"stdout","time":3063.893959491,"data":"[20:40:23 +  50.6m]     whisper-small       1 jobs    200 utts   0.35 h audio   0.10 GPU-h\n"}
,{"stream_name":"stdout","time":3063.895180533,"data":"[20:40:23 +  50.6m]     whisper-turbo       1 jobs    200 utts   0.35 h audio   0.10 GPU-h\n"}
,{"stream_name":"stdout","time":3462.559370561,"data":"[20:47:01 +  57.3m] lane 1: whisfusion exited rc=0, 2 jobs, 0 error lines\n"}
,{"stream_name":"stdout","time":3462.559417321,"data":"[20:47:01 +  57.3m]     done whisfusion__ami__s00__sweepT [done] 100 utts in 13.3 min (7.97 s/utt, RTF 2.499)\n"}
,{"stream_name":"stdout","time":3462.559445627,"data":"[20:47:01 +  57.3m]     done whisfusion__ls-tc-babble5__s00__sweepT [done] 100 utts in 13.7 min (8.21 s/utt, RTF 1.119)\n"}
,{"stream_name":"stdout","time":3462.560567745,"data":"[20:47:01 +  57.3m] lane 1: starting whisper-turbo\n"}
,{"stream_name":"stdout","time":3663.926762086,"data":"[20:50:23 +  60.6m] progress: jobs {'done': 9, 'claimed': 2, 'ready': 222, 'dead': 10}; tiers {0: '7/12', 1: '0/16', 2: '0/43', 3: '2/57', 4: '0/35', 5: '0/80'}; analysed 9/9\n"}
,{"stream_name":"stdout","time":3663.92817413,"data":"[20:50:23 +  60.6m]     drax                1 jobs    100 utts   0.18 h audio   0.47 GPU-h\n"}
,{"stream_name":"stdout","time":3663.929128925,"data":"[20:50:23 +  60.6m]     parakeet-ctc        3 jobs    300 utts   0.47 h audio   0.06 GPU-h\n"}
,{"stream_name":"stdout","time":3663.930088355,"data":"[20:50:23 +  60.6m]     whisfusion          3 jobs    300 utts   0.47 h audio   0.67 GPU-h\n"}
,{"stream_name":"stdout","time":3663.93100395,"data":"[20:50:23 +  60.6m]     whisper-small       1 jobs    200 utts   0.35 h audio   0.10 GPU-h\n"}
,{"stream_name":"stdout","time":3663.931999317,"data":"[20:50:23 +  60.6m]     whisper-turbo       1 jobs    200 utts   0.35 h audio   0.10 GPU-h\n"}
,{"stream_name":"stdout","time":4263.974088896,"data":"[21:00:23 +  70.6m] progress: jobs {'done': 12, 'claimed': 2, 'ready': 219, 'dead': 10}; tiers {0: '10/12', 1: '0/16', 2: '0/43', 3: '2/57', 4: '0/35', 5: '0/80'}; analysed 12/12\n"}
,{"stream_name":"stdout","time":4263.97436932,"data":"[21:00:23 +  70.6m]     drax                2 jobs    200 utts   0.27 h audio   0.95 GPU-h\n"}
,{"stream_name":"stdout","time":4263.975220945,"data":"[21:00:23 +  70.6m]     parakeet-ctc        3 jobs    300 utts   0.47 h audio   0.06 GPU-h\n"}
,{"stream_name":"stdout","time":4263.976080175,"data":"[21:00:23 +  70.6m]     whisfusion          3 jobs    300 utts   0.47 h audio   0.67 GPU-h\n"}
,{"stream_name":"stdout","time":4263.976939043,"data":"[21:00:23 +  70.6m]     whisper-small       1 jobs    200 utts   0.35 h audio   0.10 GPU-h\n"}
,{"stream_name":"stdout","time":4263.977798895,"data":"[21:00:23 +  70.6m]     whisper-turbo       3 jobs    400 utts   0.62 h audio   0.27 GPU-h\n"}
,{"stream_name":"stdout","time":4864.022238495,"data":"[21:10:23 +  80.6m] progress: jobs {'done': 14, 'claimed': 2, 'ready': 217, 'dead': 10}; tiers {0: '11/12', 1: '1/16', 2: '0/43', 3: '2/57', 4: '0/35', 5: '0/80'}; analysed 14/14\n"}
,{"stream_name":"stdout","time":4864.023165244,"data":"[21:10:23 +  80.6m]     drax                2 jobs    200 utts   0.27 h audio   0.95 GPU-h\n"}
,{"stream_name":"stdout","time":4864.024193361,"data":"[21:10:23 +  80.6m]     parakeet-ctc        3 jobs    300 utts   0.47 h audio   0.06 GPU-h\n"}
,{"stream_name":"stdout","time":4864.02520187,"data":"[21:10:23 +  80.6m]     whisfusion          3 jobs    300 utts   0.47 h audio   0.67 GPU-h\n"}
,{"stream_name":"stdout","time":4864.02619947,"data":"[21:10:23 +  80.6m]     whisper-small       1 jobs    200 utts   0.35 h audio   0.10 GPU-h\n"}
,{"stream_name":"stdout","time":4864.027189166,"data":"[21:10:23 +  80.6m]     whisper-turbo       5 jobs    700 utts   1.21 h audio   0.48 GPU-h\n"}
,{"stream_name":"stdout","time":5464.075938842,"data":"[21:20:23 +  90.6m] progress: jobs {'done': 15, 'claimed': 2, 'ready': 216, 'dead': 10}; tiers {0: '11/12', 1: '2/16', 2: '0/43', 3: '2/57', 4: '0/35', 5: '0/80'}; analysed 14/15\n"}
,{"stream_name":"stdout","time":5464.076008191,"data":"[21:20:23 +  90.6m]     drax                2 jobs    200 utts   0.27 h audio   0.95 GPU-h\n"}
,{"stream_name":"stdout","time":5464.076037885,"data":"[21:20:23 +  90.6m]     parakeet-ctc        3 jobs    300 utts   0.47 h audio   0.06 GPU-h\n"}
,{"stream_name":"stdout","time":5464.07711982,"data":"[21:20:23 +  90.6m]     whisfusion          3 jobs    300 utts   0.47 h audio   0.67 GPU-h\n"}
,{"stream_name":"stdout","time":5464.078188751,"data":"[21:20:23 +  90.6m]     whisper-small       1 jobs    200 utts   0.35 h audio   0.10 GPU-h\n"}
,{"stream_name":"stdout","time":5464.079153056,"data":"[21:20:23 +  90.6m]     whisper-turbo       6 jobs    900 utts   1.61 h audio   0.65 GPU-h\n"}
,{"stream_name":"stdout","time":6064.112863858,"data":"[21:30:23 + 100.6m] progress: jobs {'done': 17, 'claimed': 2, 'ready': 214, 'dead': 10}; tiers {0: '12/12', 1: '3/16', 2: '0/43', 3: '2/57', 4: '0/35', 5: '0/80'}; analysed 17/17\n"}
,{"stream_name":"stdout","time":6064.113969389,"data":"[21:30:23 + 100.6m]     drax                3 jobs    300 utts   0.47 h audio   1.42 GPU-h\n"}
,{"stream_name":"stdout","time":6064.114740407,"data":"[21:30:23 + 100.6m]     parakeet-ctc        3 jobs    300 utts   0.47 h audio   0.06 GPU-h\n"}
,{"stream_name":"stdout","time":6064.115503259,"data":"[21:30:23 + 100.6m]     whisfusion          3 jobs    300 utts   0.47 h audio   0.67 GPU-h\n"}
,{"stream_name":"stdout","time":6064.116229448,"data":"[21:30:23 + 100.6m]     whisper-small       1 jobs    200 utts   0.35 h audio   0.10 GPU-h\n"}
,{"stream_name":"stdout","time":6064.117086674,"data":"[21:30:23 + 100.6m]     whisper-turbo       7 jobs   1100 utts   2.00 h audio   0.75 GPU-h\n"}
,{"stream_name":"stdout","time":6158.530536692,"data":"[21:31:57 + 102.2m] lane 1: whisper-turbo exited rc=0, 7 jobs, 0 error lines\n"}
,{"stream_name":"stdout","time":6158.531695855,"data":"[21:31:57 + 102.2m]     done whisper-turbo__ami__s00__sweepT [done] 100 utts in 4.6 min (2.77 s/utt, RTF 0.870)\n"}
,{"stream_name":"stdout","time":6158.532493379,"data":"[21:31:57 + 102.2m]     done whisper-turbo__ls-tc-babble5__s00__sweepT [done] 100 utts in 6.3 min (3.80 s/utt, RTF 0.518)\n"}
,{"stream_name":"stdout","time":6158.533334301,"data":"[21:31:57 + 102.2m]     done whisper-turbo__ls-tc-babble15__s00__main [done] 200 utts in 5.9 min (1.78 s/utt, RTF 0.250)\n"}
,{"stream_name":"stdout","time":6158.534145789,"data":"[21:31:57 + 102.2m]     done whisper-turbo__ls-tc-babbleM5__s00__main [done] 200 utts in 10.3 min (3.09 s/utt, RTF 0.435)\n"}
,{"stream_name":"stdout","time":6158.534964669,"data":"[21:31:57 + 102.2m]     done whisper-turbo__ls-tc-white10__s00__main [done] 200 utts in 5.9 min (1.78 s/utt, RTF 0.250)\n"}
,{"stream_name":"stdout","time":6158.535729919,"data":"[21:31:57 + 102.2m]     done whisper-turbo__ls-tc-white0__s00__main [done] 200 utts in 5.9 min (1.77 s/utt, RTF 0.249)\n"}
,{"stream_name":"stdout","time":6158.536562756,"data":"[21:31:57 + 102.2m] lane 1: starting whisfusion\n"}
,{"stream_name":"stdout","time":6664.153943899,"data":"[21:40:23 + 110.6m] progress: jobs {'done': 20, 'claimed': 2, 'ready': 211, 'dead': 10}; tiers {0: '12/12', 1: '6/16', 2: '0/43', 3: '2/57', 4: '0/35', 5: '0/80'}; analysed 19/20\n"}
,{"stream_name":"stdout","time":6664.154011326,"data":"[21:40:23 + 110.6m]     drax                4 jobs    500 utts   0.87 h audio   1.67 GPU-h\n"}
,{"stream_name":"stdout","time":6664.154726849,"data":"[21:40:23 + 110.6m]     parakeet-ctc        3 jobs    300 utts   0.47 h audio   0.06 GPU-h\n"}
,{"stream_name":"stdout","time":6664.155669291,"data":"[21:40:23 + 110.6m]     whisfusion          4 jobs    500 utts   0.87 h audio   0.78 GPU-h\n"}
,{"stream_name":"stdout","time":6664.156559995,"data":"[21:40:23 + 110.6m]     whisper-small       1 jobs    200 utts   0.35 h audio   0.10 GPU-h\n"}
,{"stream_name":"stdout","time":6664.157524698,"data":"[21:40:23 + 110.6m]     whisper-turbo       8 jobs   1300 utts   2.40 h audio   0.85 GPU-h\n"}
,{"stream_name":"stdout","time":7264.203132332,"data":"[21:50:23 + 120.7m] progress: jobs {'done': 21, 'claimed': 2, 'ready': 210, 'dead': 10}; tiers {0: '12/12', 1: '7/16', 2: '0/43', 3: '2/57', 4: '0/35', 5: '0/80'}; analysed 21/21\n"}
,{"stream_name":"stdout","time":7264.203828995,"data":"[21:50:23 + 120.7m]     drax                4 jobs    500 utts   0.87 h audio   1.67 GPU-h\n"}
,{"stream_name":"stdout","time":7264.204886457,"data":"[21:50:23 + 120.7m]     parakeet-ctc        3 jobs    300 utts   0.47 h audio   0.06 GPU-h\n"}
,{"stream_name":"stdout","time":7264.205806673,"data":"[21:50:23 + 120.7m]     whisfusion          5 jobs    700 utts   1.26 h audio   0.90 GPU-h\n"}
,{"stream_name":"stdout","time":7264.206749756,"data":"[21:50:23 + 120.7m]     whisper-small       1 jobs    200 utts   0.35 h audio   0.10 GPU-h\n"}
,{"stream_name":"stdout","time":7264.207618847,"data":"[21:50:23 + 120.7m]     whisper-turbo       8 jobs   1300 utts   2.40 h audio   0.85 GPU-h\n"}
,{"stream_name":"stdout","time":7797.15577963,"data":"[21:59:16 + 129.5m] lane 1: whisfusion exited rc=0, 4 jobs, 0 error lines\n"}
,{"stream_name":"stdout","time":7797.157345161,"data":"[21:59:16 + 129.5m]     done whisfusion__ls-tc-babble15__s00__main [done] 200 utts in 6.7 min (2.00 s/utt, RTF 0.281)\n"}
,{"stream_name":"stdout","time":7797.158540715,"data":"[21:59:16 + 129.5m]     done whisfusion__ls-tc-babbleM5__s00__main [done] 200 utts in 6.8 min (2.03 s/utt, RTF 0.286)\n"}
,{"stream_name":"stdout","time":7797.159569874,"data":"[21:59:16 + 129.5m]     done whisfusion__ls-tc-white10__s00__main [done] 200 utts in 6.8 min (2.03 s/utt, RTF 0.285)\n"}
,{"stream_name":"stdout","time":7797.160475665,"data":"[21:59:16 + 129.5m]     done whisfusion__ls-tc-white0__s00__main [done] 200 utts in 6.8 min (2.03 s/utt, RTF 0.286)\n"}
,{"stream_name":"stdout","time":7797.161405805,"data":"[21:59:16 + 129.5m] lane 1: starting drax\n"}
,{"stream_name":"stdout","time":7864.242709394,"data":"[22:00:23 + 130.7m] progress: jobs {'done': 24, 'claimed': 2, 'ready': 207, 'dead': 10}; tiers {0: '12/12', 1: '10/16', 2: '0/43', 3: '2/57', 4: '0/35', 5: '0/80'}; analysed 24/24\n"}
,{"stream_name":"stdout","time":7864.243639938,"data":"[22:00:23 + 130.7m]     drax                5 jobs    700 utts   1.26 h audio   1.87 GPU-h\n"}
,{"stream_name":"stdout","time":7864.244509507,"data":"[22:00:23 + 130.7m]     parakeet-ctc        3 jobs    300 utts   0.47 h audio   0.06 GPU-h\n"}
,{"stream_name":"stdout","time":7864.245439291,"data":"[22:00:23 + 130.7m]     whisfusion          7 jobs   1100 utts   2.05 h audio   1.12 GPU-h\n"}
,{"stream_name":"stdout","time":7864.24626141,"data":"[22:00:23 + 130.7m]     whisper-small       1 jobs    200 utts   0.35 h audio   0.10 GPU-h\n"}
,{"stream_name":"stdout","time":7864.247064003,"data":"[22:00:23 + 130.7m]     whisper-turbo       8 jobs   1300 utts   2.40 h audio   0.85 GPU-h\n"}
,{"stream_name":"stdout","time":8464.286746223,"data":"[22:10:23 + 140.7m] progress: jobs {'done': 25, 'claimed': 2, 'ready': 206, 'dead': 10}; tiers {0: '12/12', 1: '11/16', 2: '0/43', 3: '2/57', 4: '0/35', 5: '0/80'}; analysed 25/25\n"}
,{"stream_name":"stdout","time":8464.288160667,"data":"[22:10:23 + 140.7m]     drax                6 jobs    900 utts   1.66 h audio   2.12 GPU-h\n"}
,{"stream_name":"stdout","time":8464.28926223,"data":"[22:10:23 + 140.7m]     parakeet-ctc        3 jobs    300 utts   0.47 h audio   0.06 GPU-h\n"}
,{"stream_name":"stdout","time":8464.290397833,"data":"[22:10:23 + 140.7m]     whisfusion          7 jobs   1100 utts   2.05 h audio   1.12 GPU-h\n"}
,{"stream_name":"stdout","time":8464.291454917,"data":"[22:10:23 + 140.7m]     whisper-small       1 jobs    200 utts   0.35 h audio   0.10 GPU-h\n"}
,{"stream_name":"stdout","time":8464.292473291,"data":"[22:10:23 + 140.7m]     whisper-turbo       8 jobs   1300 utts   2.40 h audio   0.85 GPU-h\n"}
,{"stream_name":"stdout","time":9064.334004581,"data":"[22:20:23 + 150.7m] progress: jobs {'done': 26, 'claimed': 2, 'ready': 205, 'dead': 10}; tiers {0: '12/12', 1: '12/16', 2: '0/43', 3: '2/57', 4: '0/35', 5: '0/80'}; analysed 26/26\n"}
,{"stream_name":"stdout","time":9064.334635986,"data":"[22:20:23 + 150.7m]     drax                7 jobs   1100 utts   2.05 h audio   2.30 GPU-h\n"}
,{"stream_name":"stdout","time":9064.335615882,"data":"[22:20:23 + 150.7m]     parakeet-ctc        3 jobs    300 utts   0.47 h audio   0.06 GPU-h\n"}
,{"stream_name":"stdout","time":9064.336582582,"data":"[22:20:23 + 150.7m]     whisfusion          7 jobs   1100 utts   2.05 h audio   1.12 GPU-h\n"}
,{"stream_name":"stdout","time":9064.337551218,"data":"[22:20:23 + 150.7m]     whisper-small       1 jobs    200 utts   0.35 h audio   0.10 GPU-h\n"}
,{"stream_name":"stdout","time":9064.338555425,"data":"[22:20:23 + 150.7m]     whisper-turbo       8 jobs   1300 utts   2.40 h audio   0.85 GPU-h\n"}
,{"stream_name":"stdout","time":9664.377947384,"data":"[22:30:23 + 160.7m] progress: jobs {'done': 28, 'claimed': 2, 'ready': 203, 'dead': 10}; tiers {0: '12/12', 1: '14/16', 2: '0/43', 3: '2/57', 4: '0/35', 5: '0/80'}; analysed 28/28\n"}
,{"stream_name":"stdout","time":9664.377988211,"data":"[22:30:23 + 160.7m]     drax                9 jobs   1500 utts   2.84 h audio   2.73 GPU-h\n"}
,{"stream_name":"stdout","time":9664.378600606,"data":"[22:30:23 + 160.7m]     parakeet-ctc        3 jobs    300 utts   0.47 h audio   0.06 GPU-h\n"}
,{"stream_name":"stdout","time":9664.379529089,"data":"[22:30:23 + 160.7m]     whisfusion          7 jobs   1100 utts   2.05 h audio   1.12 GPU-h\n"}
,{"stream_name":"stdout","time":9664.380442928,"data":"[22:30:23 + 160.7m]     whisper-small       1 jobs    200 utts   0.35 h audio   0.10 GPU-h\n"}
,{"stream_name":"stdout","time":9664.381301902,"data":"[22:30:23 + 160.7m]     whisper-turbo       8 jobs   1300 utts   2.40 h audio   0.85 GPU-h\n"}
,{"stream_name":"stdout","time":10264.42001739,"data":"[22:40:23 + 170.7m] progress: jobs {'done': 30, 'claimed': 2, 'ready': 201, 'dead': 10}; tiers {0: '12/12', 1: '16/16', 2: '0/43', 3: '2/57', 4: '0/35', 5: '0/80'}; analysed 30/30\n"}
,{"stream_name":"stdout","time":10264.420778178,"data":"[22:40:23 + 170.7m]     drax               11 jobs   1900 utts   3.63 h audio   3.16 GPU-h\n"}
,{"stream_name":"stdout","time":10264.421749144,"data":"[22:40:23 + 170.7m]     parakeet-ctc        3 jobs    300 utts   0.47 h audio   0.06 GPU-h\n"}
,{"stream_name":"stdout","time":10264.422664083,"data":"[22:40:23 + 170.7m]     whisfusion          7 jobs   1100 utts   2.05 h audio   1.12 GPU-h\n"}
,{"stream_name":"stdout","time":10264.423549257,"data":"[22:40:23 + 170.7m]     whisper-small       1 jobs    200 utts   0.35 h audio   0.10 GPU-h\n"}
,{"stream_name":"stdout","time":10264.424565025,"data":"[22:40:23 + 170.7m]     whisper-turbo       8 jobs   1300 utts   2.40 h audio   0.85 GPU-h\n"}
,{"stream_name":"stdout","time":10864.460390455,"data":"[22:50:23 + 180.7m] progress: jobs {'done': 31, 'ready': 200, 'claimed': 2, 'dead': 10}; tiers {0: '12/12', 1: '16/16', 2: '1/43', 3: '2/57', 4: '0/35', 5: '0/80'}; analysed 31/31\n"}
,{"stream_name":"stdout","time":10864.461507637,"data":"[22:50:23 + 180.7m]     drax               12 jobs   2100 utts   4.04 h audio   3.40 GPU-h\n"}
,{"stream_name":"stdout","time":10864.462278094,"data":"[22:50:23 + 180.7m]     parakeet-ctc        3 jobs    300 utts   0.47 h audio   0.06 GPU-h\n"}
,{"stream_name":"stdout","time":10864.463107474,"data":"[22:50:23 + 180.7m]     whisfusion          7 jobs   1100 utts   2.05 h audio   1.12 GPU-h\n"}
,{"stream_name":"stdout","time":10864.463868073,"data":"[22:50:23 + 180.7m]     whisper-small       1 jobs    200 utts   0.35 h audio   0.10 GPU-h\n"}
,{"stream_name":"stdout","time":10864.464694961,"data":"[22:50:23 + 180.7m]     whisper-turbo       8 jobs   1300 utts   2.40 h audio   0.85 GPU-h\n"}
,{"stream_name":"stdout","time":11464.504011537,"data":"[23:00:23 + 190.7m] progress: jobs {'done': 32, 'ready': 199, 'claimed': 2, 'dead': 10}; tiers {0: '12/12', 1: '16/16', 2: '2/43', 3: '2/57', 4: '0/35', 5: '0/80'}; analysed 32/32\n"}
,{"stream_name":"stdout","time":11464.504582325,"data":"[23:00:23 + 190.7m]     drax               13 jobs   2300 utts   4.40 h audio   3.65 GPU-h\n"}
,{"stream_name":"stdout","time":11464.505451001,"data":"[23:00:23 + 190.7m]     parakeet-ctc        3 jobs    300 utts   0.47 h audio   0.06 GPU-h\n"}
,{"stream_name":"stdout","time":11464.506256824,"data":"[23:00:23 + 190.7m]     whisfusion          7 jobs   1100 utts   2.05 h audio   1.12 GPU-h\n"}
,{"stream_name":"stdout","time":11464.507108639,"data":"[23:00:23 + 190.7m]     whisper-small       1 jobs    200 utts   0.35 h audio   0.10 GPU-h\n"}
,{"stream_name":"stdout","time":11464.507900314,"data":"[23:00:23 + 190.7m]     whisper-turbo       8 jobs   1300 utts   2.40 h audio   0.85 GPU-h\n"}
,{"stream_name":"stdout","time":12064.555080002,"data":"[23:10:23 + 200.7m] progress: jobs {'done': 34, 'ready': 197, 'claimed': 2, 'dead': 10}; tiers {0: '12/12', 1: '16/16', 2: '4/43', 3: '2/57', 4: '0/35', 5: '0/80'}; analysed 34/34\n"}
,{"stream_name":"stdout","time":12064.556523503,"data":"[23:10:23 + 200.7m]     drax               15 jobs   2700 utts   4.95 h audio   4.13 GPU-h\n"}
,{"stream_name":"stdout","time":12064.557669768,"data":"[23:10:23 + 200.7m]     parakeet-ctc        3 jobs    300 utts   0.47 h audio   0.06 GPU-h\n"}
,{"stream_name":"stdout","time":12064.558859109,"data":"[23:10:23 + 200.7m]     whisfusion          7 jobs   1100 utts   2.05 h audio   1.12 GPU-h\n"}
,{"stream_name":"stdout","time":12064.560114729,"data":"[23:10:23 + 200.7m]     whisper-small       1 jobs    200 utts   0.35 h audio   0.10 GPU-h\n"}
,{"stream_name":"stdout","time":12064.561329182,"data":"[23:10:23 + 200.7m]     whisper-turbo       8 jobs   1300 utts   2.40 h audio   0.85 GPU-h\n"}
,{"stream_name":"stdout","time":12664.591003293,"data":"[23:20:23 + 210.7m] progress: jobs {'done': 35, 'ready': 196, 'claimed': 2, 'dead': 10}; tiers {0: '12/12', 1: '16/16', 2: '5/43', 3: '2/57', 4: '0/35', 5: '0/80'}; analysed 35/35\n"}
,{"stream_name":"stdout","time":12664.59208409,"data":"[23:20:23 + 210.7m]     drax               16 jobs   2900 utts   5.35 h audio   4.36 GPU-h\n"}
,{"stream_name":"stdout","time":12664.593175594,"data":"[23:20:23 + 210.7m]     parakeet-ctc        3 jobs    300 utts   0.47 h audio   0.06 GPU-h\n"}
,{"stream_name":"stdout","time":12664.594194148,"data":"[23:20:23 + 210.7m]     whisfusion          7 jobs   1100 utts   2.05 h audio   1.12 GPU-h\n"}
,{"stream_name":"stdout","time":12664.595053434,"data":"[23:20:23 + 210.7m]     whisper-small       1 jobs    200 utts   0.35 h audio   0.10 GPU-h\n"}
,{"stream_name":"stdout","time":12664.595830385,"data":"[23:20:23 + 210.7m]     whisper-turbo       8 jobs   1300 utts   2.40 h audio   0.85 GPU-h\n"}
,{"stream_name":"stdout","time":13264.650080018,"data":"[23:30:24 + 220.7m] progress: jobs {'done': 37, 'ready': 194, 'claimed': 2, 'dead': 10}; tiers {0: '12/12', 1: '16/16', 2: '7/43', 3: '2/57', 4: '0/35', 5: '0/80'}; analysed 37/37\n"}
,{"stream_name":"stdout","time":13264.650238787,"data":"[23:30:24 + 220.7m]     drax               18 jobs   3300 utts   6.20 h audio   4.84 GPU-h\n"}
,{"stream_name":"stdout","time":13264.651458708,"data":"[23:30:24 + 220.7m]     parakeet-ctc        3 jobs    300 utts   0.47 h audio   0.06 GPU-h\n"}
,{"stream_name":"stdout","time":13264.652536528,"data":"[23:30:24 + 220.7m]     whisfusion          7 jobs   1100 utts   2.05 h audio   1.12 GPU-h\n"}
,{"stream_name":"stdout","time":13264.653650925,"data":"[23:30:24 + 220.7m]     whisper-small       1 jobs    200 utts   0.35 h audio   0.10 GPU-h\n"}
,{"stream_name":"stdout","time":13264.654734227,"data":"[23:30:24 + 220.7m]     whisper-turbo       8 jobs   1300 utts   2.40 h audio   0.85 GPU-h\n"}
,{"stream_name":"stdout","time":13864.693081535,"data":"[23:40:24 + 230.7m] progress: jobs {'done': 39, 'ready': 192, 'claimed': 2, 'dead': 10}; tiers {0: '12/12', 1: '16/16', 2: '9/43', 3: '2/57', 4: '0/35', 5: '0/80'}; analysed 39/39\n"}
,{"stream_name":"stdout","time":13864.693660486,"data":"[23:40:24 + 230.7m]     drax               20 jobs   3546 utts   6.65 h audio   5.14 GPU-h\n"}
,{"stream_name":"stdout","time":13864.6947931,"data":"[23:40:24 + 230.7m]     parakeet-ctc        3 jobs    300 utts   0.47 h audio   0.06 GPU-h\n"}
,{"stream_name":"stdout","time":13864.695867593,"data":"[23:40:24 + 230.7m]     whisfusion          7 jobs   1100 utts   2.05 h audio   1.12 GPU-h\n"}
,{"stream_name":"stdout","time":13864.697061123,"data":"[23:40:24 + 230.7m]     whisper-small       1 jobs    200 utts   0.35 h audio   0.10 GPU-h\n"}
,{"stream_name":"stdout","time":13864.698174371,"data":"[23:40:24 + 230.7m]     whisper-turbo       8 jobs   1300 utts   2.40 h audio   0.85 GPU-h\n"}
,{"stream_name":"stdout","time":14464.737247675,"data":"[23:50:24 + 240.7m] progress: jobs {'done': 40, 'ready': 191, 'claimed': 2, 'dead': 10}; tiers {0: '12/12', 1: '16/16', 2: '10/43', 3: '2/57', 4: '0/35', 5: '0/80'}; analysed 40/40\n"}
,{"stream_name":"stdout","time":14464.738638848,"data":"[23:50:24 + 240.7m]     drax               21 jobs   3746 utts   7.01 h audio   5.37 GPU-h\n"}
,{"stream_name":"stdout","time":14464.740060181,"data":"[23:50:24 + 240.7m]     parakeet-ctc        3 jobs    300 utts   0.47 h audio   0.06 GPU-h\n"}
,{"stream_name":"stdout","time":14464.74100688,"data":"[23:50:24 + 240.7m]     whisfusion          7 jobs   1100 utts   2.05 h audio   1.12 GPU-h\n"}
,{"stream_name":"stdout","time":14464.742173284,"data":"[23:50:24 + 240.7m]     whisper-small       1 jobs    200 utts   0.35 h audio   0.10 GPU-h\n"}
,{"stream_name":"stdout","time":14464.743217051,"data":"[23:50:24 + 240.7m]     whisper-turbo       8 jobs   1300 utts   2.40 h audio   0.85 GPU-h\n"}
,{"stream_name":"stdout","time":15064.787344526,"data":"[00:00:24 + 250.7m] progress: jobs {'done': 42, 'ready': 189, 'claimed': 2, 'dead': 10}; tiers {0: '12/12', 1: '16/16', 2: '12/43', 3: '2/57', 4: '0/35', 5: '0/80'}; analysed 42/42\n"}
,{"stream_name":"stdout","time":15064.788221017,"data":"[00:00:24 + 250.7m]     drax               23 jobs   4020 utts   7.90 h audio   5.71 GPU-h\n"}
,{"stream_name":"stdout","time":15064.789111062,"data":"[00:00:24 + 250.7m]     parakeet-ctc        3 jobs    300 utts   0.47 h audio   0.06 GPU-h\n"}
,{"stream_name":"stdout","time":15064.789908491,"data":"[00:00:24 + 250.7m]     whisfusion          7 jobs   1100 utts   2.05 h audio   1.12 GPU-h\n"}
,{"stream_name":"stdout","time":15064.790725308,"data":"[00:00:24 + 250.7m]     whisper-small       1 jobs    200 utts   0.35 h audio   0.10 GPU-h\n"}
,{"stream_name":"stdout","time":15064.791585471,"data":"[00:00:24 + 250.7m]     whisper-turbo       8 jobs   1300 utts   2.40 h audio   0.85 GPU-h\n"}
,{"stream_name":"stdout","time":15664.833020815,"data":"[00:10:24 + 260.7m] progress: jobs {'done': 44, 'ready': 187, 'claimed': 2, 'dead': 10}; tiers {0: '12/12', 1: '16/16', 2: '14/43', 3: '2/57', 4: '0/35', 5: '0/80'}; analysed 44/44\n"}
,{"stream_name":"stdout","time":15664.83423131,"data":"[00:10:24 + 260.7m]     drax               25 jobs   4420 utts   9.36 h audio   6.19 GPU-h\n"}
,{"stream_name":"stdout","time":15664.835207063,"data":"[00:10:24 + 260.7m]     parakeet-ctc        3 jobs    300 utts   0.47 h audio   0.06 GPU-h\n"}
,{"stream_name":"stdout","time":15664.83621813,"data":"[00:10:24 + 260.7m]     whisfusion          7 jobs   1100 utts   2.05 h audio   1.12 GPU-h\n"}
,{"stream_name":"stdout","time":15664.837042127,"data":"[00:10:24 + 260.7m]     whisper-small       1 jobs    200 utts   0.35 h audio   0.10 GPU-h\n"}
,{"stream_name":"stdout","time":15664.837836504,"data":"[00:10:24 + 260.7m]     whisper-turbo       8 jobs   1300 utts   2.40 h audio   0.85 GPU-h\n"}
,{"stream_name":"stdout","time":16264.87710716,"data":"[00:20:24 + 270.7m] progress: jobs {'done': 45, 'ready': 186, 'claimed': 2, 'dead': 10}; tiers {0: '12/12', 1: '16/16', 2: '15/43', 3: '2/57', 4: '0/35', 5: '0/80'}; analysed 45/45\n"}
,{"stream_name":"stdout","time":16264.87742805,"data":"[00:20:24 + 270.7m]     drax               26 jobs   4620 utts  10.04 h audio   6.43 GPU-h\n"}
,{"stream_name":"stdout","time":16264.87846384,"data":"[00:20:24 + 270.7m]     parakeet-ctc        3 jobs    300 utts   0.47 h audio   0.06 GPU-h\n"}
,{"stream_name":"stdout","time":16264.879348648,"data":"[00:20:24 + 270.7m]     whisfusion          7 jobs   1100 utts   2.05 h audio   1.12 GPU-h\n"}
,{"stream_name":"stdout","time":16264.88020393,"data":"[00:20:24 + 270.7m]     whisper-small       1 jobs    200 utts   0.35 h audio   0.10 GPU-h\n"}
,{"stream_name":"stdout","time":16264.881083583,"data":"[00:20:24 + 270.7m]     whisper-turbo       8 jobs   1300 utts   2.40 h audio   0.85 GPU-h\n"}
,{"stream_name":"stdout","time":16864.920059563,"data":"[00:30:24 + 280.7m] progress: jobs {'done': 46, 'ready': 185, 'claimed': 2, 'dead': 10}; tiers {0: '12/12', 1: '16/16', 2: '16/43', 3: '2/57', 4: '0/35', 5: '0/80'}; analysed 46/46\n"}
,{"stream_name":"stdout","time":16864.921389321,"data":"[00:30:24 + 280.7m]     drax               27 jobs   4820 utts  10.43 h audio   6.68 GPU-h\n"}
,{"stream_name":"stdout","time":16864.922402084,"data":"[00:30:24 + 280.7m]     parakeet-ctc        3 jobs    300 utts   0.47 h audio   0.06 GPU-h\n"}
,{"stream_name":"stdout","time":16864.923251107,"data":"[00:30:24 + 280.7m]     whisfusion          7 jobs   1100 utts   2.05 h audio   1.12 GPU-h\n"}
,{"stream_name":"stdout","time":16864.924041945,"data":"[00:30:24 + 280.7m]     whisper-small       1 jobs    200 utts   0.35 h audio   0.10 GPU-h\n"}
,{"stream_name":"stdout","time":16864.924814236,"data":"[00:30:24 + 280.7m]     whisper-turbo       8 jobs   1300 utts   2.40 h audio   0.85 GPU-h\n"}
,{"stream_name":"stdout","time":17464.974971355,"data":"[00:40:24 + 290.7m] progress: jobs {'done': 48, 'ready': 183, 'claimed': 2, 'dead': 10}; tiers {0: '12/12', 1: '16/16', 2: '18/43', 3: '2/57', 4: '0/35', 5: '0/80'}; analysed 48/48\n"}
,{"stream_name":"stdout","time":17464.975014342,"data":"[00:40:24 + 290.7m]     drax               29 jobs   5220 utts  10.93 h audio   7.16 GPU-h\n"}
,{"stream_name":"stdout","time":17464.976030437,"data":"[00:40:24 + 290.7m]     parakeet-ctc        3 jobs    300 utts   0.47 h audio   0.06 GPU-h\n"}
,{"stream_name":"stdout","time":17464.97696402,"data":"[00:40:24 + 290.7m]     whisfusion          7 jobs   1100 utts   2.05 h audio   1.12 GPU-h\n"}
,{"stream_name":"stdout","time":17464.977990015,"data":"[00:40:24 + 290.7m]     whisper-small       1 jobs    200 utts   0.35 h audio   0.10 GPU-h\n"}
,{"stream_name":"stdout","time":17464.978966049,"data":"[00:40:24 + 290.7m]     whisper-turbo       8 jobs   1300 utts   2.40 h audio   0.85 GPU-h\n"}
,{"stream_name":"stdout","time":18065.017743929,"data":"[00:50:24 + 300.7m] progress: jobs {'done': 50, 'ready': 181, 'claimed': 2, 'dead': 10}; tiers {0: '12/12', 1: '16/16', 2: '20/43', 3: '2/57', 4: '0/35', 5: '0/80'}; analysed 50/50\n"}
,{"stream_name":"stdout","time":18065.01885383,"data":"[00:50:24 + 300.7m]     drax               31 jobs   5538 utts  11.50 h audio   7.53 GPU-h\n"}
,{"stream_name":"stdout","time":18065.019770946,"data":"[00:50:24 + 300.7m]     parakeet-ctc        3 jobs    300 utts   0.47 h audio   0.06 GPU-h\n"}
,{"stream_name":"stdout","time":18065.020607008,"data":"[00:50:24 + 300.7m]     whisfusion          7 jobs   1100 utts   2.05 h audio   1.12 GPU-h\n"}
,{"stream_name":"stdout","time":18065.021537339,"data":"[00:50:24 + 300.7m]     whisper-small       1 jobs    200 utts   0.35 h audio   0.10 GPU-h\n"}
,{"stream_name":"stdout","time":18065.02243521,"data":"[00:50:24 + 300.7m]     whisper-turbo       8 jobs   1300 utts   2.40 h audio   0.85 GPU-h\n"}
,{"stream_name":"stdout","time":18665.082087512,"data":"[01:00:24 + 310.7m] progress: jobs {'done': 51, 'ready': 180, 'claimed': 2, 'dead': 10}; tiers {0: '12/12', 1: '16/16', 2: '21/43', 3: '2/57', 4: '0/35', 5: '0/80'}; analysed 50/51\n"}
,{"stream_name":"stdout","time":18665.082671332,"data":"[01:00:24 + 310.7m]     drax               32 jobs   5738 utts  11.85 h audio   7.78 GPU-h\n"}
,{"stream_name":"stdout","time":18665.083839055,"data":"[01:00:24 + 310.7m]     parakeet-ctc        3 jobs    300 utts   0.47 h audio   0.06 GPU-h\n"}
,{"stream_name":"stdout","time":18665.084916748,"data":"[01:00:24 + 310.7m]     whisfusion          7 jobs   1100 utts   2.05 h audio   1.12 GPU-h\n"}
,{"stream_name":"stdout","time":18665.086024096,"data":"[01:00:24 + 310.7m]     whisper-small       1 jobs    200 utts   0.35 h audio   0.10 GPU-h\n"}
,{"stream_name":"stdout","time":18665.087137583,"data":"[01:00:24 + 310.7m]     whisper-turbo       8 jobs   1300 utts   2.40 h audio   0.85 GPU-h\n"}
,{"stream_name":"stdout","time":19265.120505902,"data":"[01:10:24 + 320.7m] progress: jobs {'done': 52, 'ready': 179, 'claimed': 2, 'dead': 10}; tiers {0: '12/12', 1: '16/16', 2: '22/43', 3: '2/57', 4: '0/35', 5: '0/80'}; analysed 52/52\n"}
,{"stream_name":"stdout","time":19265.121655616,"data":"[01:10:24 + 320.7m]     drax               33 jobs   5938 utts  12.33 h audio   8.02 GPU-h\n"}
,{"stream_name":"stdout","time":19265.122554681,"data":"[01:10:24 + 320.7m]     parakeet-ctc        3 jobs    300 utts   0.47 h audio   0.06 GPU-h\n"}
,{"stream_name":"stdout","time":19265.123406916,"data":"[01:10:24 + 320.7m]     whisfusion          7 jobs   1100 utts   2.05 h audio   1.12 GPU-h\n"}
,{"stream_name":"stdout","time":19265.124351362,"data":"[01:10:24 + 320.7m]     whisper-small       1 jobs    200 utts   0.35 h audio   0.10 GPU-h\n"}
,{"stream_name":"stdout","time":19265.125240864,"data":"[01:10:24 + 320.7m]     whisper-turbo       8 jobs   1300 utts   2.40 h audio   0.85 GPU-h\n"}
,{"stream_name":"stdout","time":19521.960039806,"data":"[01:14:41 + 324.9m] lane 1: drax exited rc=0, 16 jobs, 0 error lines\n"}
,{"stream_name":"stdout","time":19521.961137353,"data":"[01:14:41 + 324.9m]     done drax__fleurs-es__s03__main [done] 200 utts in 14.0 min (4.20 s/utt, RTF 0.344)\n"}
,{"stream_name":"stdout","time":19521.962002973,"data":"[01:14:41 + 324.9m]     done drax__fleurs-pt__s03__main [done] 200 utts in 14.0 min (4.19 s/utt, RTF 0.340)\n"}
,{"stream_name":"stdout","time":19521.962808386,"data":"[01:14:41 + 324.9m]     done drax__ls-test-other__s04__main [done] 200 utts in 13.9 min (4.18 s/utt, RTF 0.686)\n"}
,{"stream_name":"stdout","time":19521.963517458,"data":"[01:14:41 + 324.9m]     done drax__earnings22__s04__main [done] 200 utts in 13.9 min (4.18 s/utt, RTF 0.667)\n"}
,{"stream_name":"stdout","time":19521.964324907,"data":"[01:14:41 + 324.9m]     done drax__spgispeech__s04__main [done] 200 utts in 13.9 min (4.18 s/utt, RTF 0.477)\n"}
,{"stream_name":"stdout","time":19521.965055799,"data":"[01:14:41 + 324.9m]     done drax__slr83__s04__main [done] 200 utts in 13.9 min (4.17 s/utt, RTF 0.630)\n"}
,{"stream_name":"stdout","time":19521.965837317,"data":"[01:14:41 + 324.9m] lane 1: starting whisfusion\n"}
,{"stream_name":"stdout","time":19543.74323997,"data":"[01:15:03 + 325.3m] lane 0: drax exited rc=0, 19 jobs, 0 error lines\n"}
,{"stream_name":"stdout","time":19543.745196124,"data":"[01:15:03 + 325.3m]     done drax__fleurs-it__s03__main [done] 200 utts in 15.0 min (4.51 s/utt, RTF 0.323)\n"}
,{"stream_name":"stdout","time":19543.746852908,"data":"[01:15:03 + 325.3m]     done drax__ls-test-clean__s04__main [done] 200 utts in 14.9 min (4.48 s/utt, RTF 0.640)\n"}
,{"stream_name":"stdout","time":19543.747759408,"data":"[01:15:03 + 325.3m]     done drax__ami__s04__main [done] 200 utts in 14.9 min (4.47 s/utt, RTF 1.555)\n"}
,{"stream_name":"stdout","time":19543.748624413,"data":"[01:15:03 + 325.3m]     done drax__voxpopuli__s04__main [done] 118 utts in 8.8 min (4.48 s/utt, RTF 0.665)\n"}
,{"stream_name":"stdout","time":19543.749436049,"data":"[01:15:03 + 325.3m]     done drax__gigaspeech__s04__main [done] 200 utts in 14.9 min (4.48 s/utt, RTF 0.715)\n"}
,{"stream_name":"stdout","time":19543.750231439,"data":"[01:15:03 + 325.3m]     done drax__common_voice__s04__main [done] 200 utts in 14.9 min (4.47 s/utt, RTF 0.798)\n"}
,{"stream_name":"stdout","time":19543.751069847,"data":"[01:15:03 + 325.3m] lane 0: starting whisfusion\n"}
,{"stream_name":"stdout","time":19865.176066655,"data":"[01:20:24 + 330.7m] progress: jobs {'done': 54, 'claimed': 2, 'ready': 177, 'dead': 10}; tiers {0: '12/12', 1: '16/16', 2: '24/43', 3: '2/57', 4: '0/35', 5: '0/80'}; analysed 54/54\n"}
,{"stream_name":"stdout","time":19865.17708217,"data":"[01:20:24 + 330.7m]     drax               35 jobs   6338 utts  13.01 h audio   8.50 GPU-h\n"}
,{"stream_name":"stdout","time":19865.178416187,"data":"[01:20:24 + 330.7m]     parakeet-ctc        3 jobs    300 utts   0.47 h audio   0.06 GPU-h\n"}
,{"stream_name":"stdout","time":19865.179635961,"data":"[01:20:24 + 330.7m]     whisfusion          7 jobs   1100 utts   2.05 h audio   1.12 GPU-h\n"}
,{"stream_name":"stdout","time":19865.180897814,"data":"[01:20:24 + 330.7m]     whisper-small       1 jobs    200 utts   0.35 h audio   0.10 GPU-h\n"}
,{"stream_name":"stdout","time":19865.182034245,"data":"[01:20:24 + 330.7m]     whisper-turbo       8 jobs   1300 utts   2.40 h audio   0.85 GPU-h\n"}
,{"stream_name":"stdout","time":20465.245046679,"data":"[01:30:24 + 340.7m] progress: jobs {'done': 58, 'claimed': 2, 'ready': 173, 'dead': 10}; tiers {0: '12/12', 1: '16/16', 2: '28/43', 3: '2/57', 4: '0/35', 5: '0/80'}; analysed 57/58\n"}
,{"stream_name":"stdout","time":20465.245975424,"data":"[01:30:24 + 340.7m]     drax               35 jobs   6338 utts  13.01 h audio   8.50 GPU-h\n"}
,{"stream_name":"stdout","time":20465.246636814,"data":"[01:30:24 + 340.7m]     parakeet-ctc        3 jobs    300 utts   0.47 h audio   0.06 GPU-h\n"}
,{"stream_name":"stdout","time":20465.247867304,"data":"[01:30:24 + 340.7m]     whisfusion         11 jobs   1900 utts   3.37 h audio   1.59 GPU-h\n"}
,{"stream_name":"stdout","time":20465.248945903,"data":"[01:30:24 + 340.7m]     whisper-small       1 jobs    200 utts   0.35 h audio   0.10 GPU-h\n"}
,{"stream_name":"stdout","time":20465.250013025,"data":"[01:30:24 + 340.7m]     whisper-turbo       8 jobs   1300 utts   2.40 h audio   0.85 GPU-h\n"}
,{"stream_name":"stdout","time":21065.32406589,"data":"[01:40:24 + 350.7m] progress: jobs {'done': 60, 'claimed': 2, 'ready': 171, 'dead': 10}; tiers {0: '12/12', 1: '16/16', 2: '30/43', 3: '2/57', 4: '0/35', 5: '0/80'}; analysed 60/60\n"}
,{"stream_name":"stdout","time":21065.325430217,"data":"[01:40:24 + 350.7m]     drax               35 jobs   6338 utts  13.01 h audio   8.50 GPU-h\n"}
,{"stream_name":"stdout","time":21065.32678078,"data":"[01:40:24 + 350.7m]     parakeet-ctc        3 jobs    300 utts   0.47 h audio   0.06 GPU-h\n"}
,{"stream_name":"stdout","time":21065.327839158,"data":"[01:40:24 + 350.7m]     whisfusion         13 jobs   2300 utts   4.12 h audio   1.83 GPU-h\n"}
,{"stream_name":"stdout","time":21065.328986179,"data":"[01:40:24 + 350.7m]     whisper-small       1 jobs    200 utts   0.35 h audio   0.10 GPU-h\n"}
,{"stream_name":"stdout","time":21065.33007816,"data":"[01:40:24 + 350.7m]     whisper-turbo       8 jobs   1300 utts   2.40 h audio   0.85 GPU-h\n"}
,{"stream_name":"stdout","time":21665.392431204,"data":"[01:50:24 + 360.7m] progress: jobs {'done': 64, 'claimed': 2, 'ready': 167, 'dead': 10}; tiers {0: '12/12', 1: '16/16', 2: '34/43', 3: '2/57', 4: '0/35', 5: '0/80'}; analysed 63/64\n"}
,{"stream_name":"stdout","time":21665.393853942,"data":"[01:50:24 + 360.7m]     drax               35 jobs   6338 utts  13.01 h audio   8.50 GPU-h\n"}
,{"stream_name":"stdout","time":21665.395156863,"data":"[01:50:24 + 360.7m]     parakeet-ctc        3 jobs    300 utts   0.47 h audio   0.06 GPU-h\n"}
,{"stream_name":"stdout","time":21665.396406456,"data":"[01:50:24 + 360.7m]     whisfusion         17 jobs   2946 utts   5.43 h audio   2.20 GPU-h\n"}
,{"stream_name":"stdout","time":21665.397741078,"data":"[01:50:24 + 360.7m]     whisper-small       1 jobs    200 utts   0.35 h audio   0.10 GPU-h\n"}
,{"stream_name":"stdout","time":21665.39906931,"data":"[01:50:24 + 360.7m]     whisper-turbo       8 jobs   1300 utts   2.40 h audio   0.85 GPU-h\n"}
,{"stream_name":"stdout","time":22265.429101551,"data":"[02:00:24 + 370.7m] progress: jobs {'done': 67, 'claimed': 2, 'ready': 164, 'dead': 10}; tiers {0: '12/12', 1: '16/16', 2: '37/43', 3: '2/57', 4: '0/35', 5: '0/80'}; analysed 67/67\n"}
,{"stream_name":"stdout","time":22265.430127816,"data":"[02:00:24 + 370.7m]     drax               35 jobs   6338 utts  13.01 h audio   8.50 GPU-h\n"}
,{"stream_name":"stdout","time":22265.430925251,"data":"[02:00:24 + 370.7m]     parakeet-ctc        3 jobs    300 utts   0.47 h audio   0.06 GPU-h\n"}
,{"stream_name":"stdout","time":22265.431699252,"data":"[02:00:24 + 370.7m]     whisfusion         20 jobs   3546 utts   6.32 h audio   2.56 GPU-h\n"}
,{"stream_name":"stdout","time":22265.432446273,"data":"[02:00:24 + 370.7m]     whisper-small       1 jobs    200 utts   0.35 h audio   0.10 GPU-h\n"}
,{"stream_name":"stdout","time":22265.433233995,"data":"[02:00:24 + 370.7m]     whisper-turbo       8 jobs   1300 utts   2.40 h audio   0.85 GPU-h\n"}
,{"stream_name":"stdout","time":22865.483082708,"data":"[02:10:24 + 380.7m] progress: jobs {'done': 69, 'claimed': 2, 'ready': 162, 'dead': 10}; tiers {0: '12/12', 1: '16/16', 2: '39/43', 3: '2/57', 4: '0/35', 5: '0/80'}; analysed 69/69\n"}
,{"stream_name":"stdout","time":22865.483156094,"data":"[02:10:24 + 380.7m]     drax               35 jobs   6338 utts  13.01 h audio   8.50 GPU-h\n"}
,{"stream_name":"stdout","time":22865.484042684,"data":"[02:10:24 + 380.7m]     parakeet-ctc        3 jobs    300 utts   0.47 h audio   0.06 GPU-h\n"}
,{"stream_name":"stdout","time":22865.484843998,"data":"[02:10:24 + 380.7m]     whisfusion         22 jobs   3864 utts   6.89 h audio   2.74 GPU-h\n"}
,{"stream_name":"stdout","time":22865.485628732,"data":"[02:10:24 + 380.7m]     whisper-small       1 jobs    200 utts   0.35 h audio   0.10 GPU-h\n"}
,{"stream_name":"stdout","time":22865.486404456,"data":"[02:10:24 + 380.7m]     whisper-turbo       8 jobs   1300 utts   2.40 h audio   0.85 GPU-h\n"}
,{"stream_name":"stdout","time":23465.536692765,"data":"[02:20:24 + 390.7m] progress: jobs {'done': 73, 'claimed': 2, 'ready': 158, 'dead': 10}; tiers {0: '12/12', 1: '16/16', 2: '43/43', 3: '2/57', 4: '0/35', 5: '0/80'}; analysed 73/73\n"}
,{"stream_name":"stdout","time":23465.537623041,"data":"[02:20:24 + 390.7m]     drax               35 jobs   6338 utts  13.01 h audio   8.50 GPU-h\n"}
,{"stream_name":"stdout","time":23465.538420916,"data":"[02:20:24 + 390.7m]     parakeet-ctc        3 jobs    300 utts   0.47 h audio   0.06 GPU-h\n"}
,{"stream_name":"stdout","time":23465.53917965,"data":"[02:20:24 + 390.7m]     whisfusion         26 jobs   4664 utts   8.40 h audio   3.21 GPU-h\n"}
,{"stream_name":"stdout","time":23465.539951296,"data":"[02:20:24 + 390.7m]     whisper-small       1 jobs    200 utts   0.35 h audio   0.10 GPU-h\n"}
,{"stream_name":"stdout","time":23465.54071665,"data":"[02:20:24 + 390.7m]     whisper-turbo       8 jobs   1300 utts   2.40 h audio   0.85 GPU-h\n"}
,{"stream_name":"stdout","time":24065.617048763,"data":"[02:30:24 + 400.7m] progress: jobs {'done': 73, 'claimed': 2, 'ready': 158, 'dead': 10}; tiers {0: '12/12', 1: '16/16', 2: '43/43', 3: '2/57', 4: '0/35', 5: '0/80'}; analysed 73/73\n"}
,{"stream_name":"stdout","time":24065.617785489,"data":"[02:30:24 + 400.7m]     drax               35 jobs   6338 utts  13.01 h audio   8.50 GPU-h\n"}
,{"stream_name":"stdout","time":24065.619021537,"data":"[02:30:24 + 400.7m]     parakeet-ctc        3 jobs    300 utts   0.47 h audio   0.06 GPU-h\n"}
,{"stream_name":"stdout","time":24065.620260908,"data":"[02:30:24 + 400.7m]     whisfusion         26 jobs   4664 utts   8.40 h audio   3.21 GPU-h\n"}
,{"stream_name":"stdout","time":24065.621392899,"data":"[02:30:24 + 400.7m]     whisper-small       1 jobs    200 utts   0.35 h audio   0.10 GPU-h\n"}
,{"stream_name":"stdout","time":24065.622574397,"data":"[02:30:24 + 400.7m]     whisper-turbo       8 jobs   1300 utts   2.40 h audio   0.85 GPU-h\n"}
,{"stream_name":"stdout","time":24243.628969299,"data":"[02:33:22 + 403.6m] lane 0: whisfusion exited rc=0, 10 jobs, 0 error lines\n"}
,{"stream_name":"stdout","time":24243.629409257,"data":"[02:33:22 + 403.6m]     done whisfusion__ls-test-clean__s04__main [done] 200 utts in 7.4 min (2.21 s/utt, RTF 0.315)\n"}
,{"stream_name":"stdout","time":24243.630463132,"data":"[02:33:22 + 403.6m]     done whisfusion__ami__s04__main [done] 200 utts in 7.3 min (2.20 s/utt, RTF 0.767)\n"}
,{"stream_name":"stdout","time":24243.63141094,"data":"[02:33:22 + 403.6m]     done whisfusion__voxpopuli__s04__main [done] 118 utts in 4.3 min (2.21 s/utt, RTF 0.328)\n"}
,{"stream_name":"stdout","time":24243.632352823,"data":"[02:33:22 + 403.6m]     done whisfusion__spgispeech__s04__main [done] 200 utts in 7.4 min (2.22 s/utt, RTF 0.253)\n"}
,{"stream_name":"stdout","time":24243.633231083,"data":"[02:33:22 + 403.6m]     done whisfusion__slr83__s04__main [done] 200 utts in 7.3 min (2.20 s/utt, RTF 0.332)\n"}
,{"stream_name":"stdout","time":24243.634146125,"data":"[02:33:22 + 403.6m]     done whisfusion__ami__s01__sweepT [done] 100 utts in 14.8 min (8.88 s/utt, RTF 2.985)\n"}
,{"stream_name":"stdout","time":24243.635121531,"data":"[02:33:23 + 403.6m] lane 0: starting drax\n"}
,{"stream_name":"stdout","time":24665.662039144,"data":"[02:40:25 + 410.7m] progress: jobs {'done': 75, 'claimed': 2, 'ready': 156, 'dead': 10}; tiers {0: '12/12', 1: '16/16', 2: '43/43', 3: '4/57', 4: '0/35', 5: '0/80'}; analysed 75/75\n"}
,{"stream_name":"stdout","time":24665.662954648,"data":"[02:40:25 + 410.7m]     drax               35 jobs   6338 utts  13.01 h audio   8.50 GPU-h\n"}
,{"stream_name":"stdout","time":24665.664027054,"data":"[02:40:25 + 410.7m]     parakeet-ctc        3 jobs    300 utts   0.47 h audio   0.06 GPU-h\n"}
,{"stream_name":"stdout","time":24665.664932934,"data":"[02:40:25 + 410.7m]     whisfusion         28 jobs   4864 utts   8.67 h audio   3.69 GPU-h\n"}
,{"stream_name":"stdout","time":24665.665851954,"data":"[02:40:25 + 410.7m]     whisper-small       1 jobs    200 utts   0.35 h audio   0.10 GPU-h\n"}
,{"stream_name":"stdout","time":24665.666713628,"data":"[02:40:25 + 410.7m]     whisper-turbo       8 jobs   1300 utts   2.40 h audio   0.85 GPU-h\n"}
,{"stream_name":"stdout","time":24920.183560631,"data":"[02:44:39 + 414.9m] lane 1: whisfusion exited rc=0, 12 jobs, 0 error lines\n"}
,{"stream_name":"stdout","time":24920.184242886,"data":"[02:44:39 + 414.9m]     done whisfusion__ls-test-other__s04__main [done] 200 utts in 6.7 min (2.02 s/utt, RTF 0.333)\n"}
,{"stream_name":"stdout","time":24920.185042587,"data":"[02:44:39 + 414.9m]     done whisfusion__earnings22__s04__main [done] 200 utts in 6.7 min (2.02 s/utt, RTF 0.323)\n"}
,{"stream_name":"stdout","time":24920.185816715,"data":"[02:44:39 + 414.9m]     done whisfusion__gigaspeech__s04__main [done] 200 utts in 6.8 min (2.03 s/utt, RTF 0.323)\n"}
,{"stream_name":"stdout","time":24920.186608115,"data":"[02:44:39 + 414.9m]     done whisfusion__common_voice__s04__main [done] 200 utts in 6.7 min (2.02 s/utt, RTF 0.360)\n"}
,{"stream_name":"stdout","time":24920.187395831,"data":"[02:44:39 + 414.9m]     done whisfusion__ls-test-other__s01__sweepT [done] 100 utts in 13.6 min (8.17 s/utt, RTF 1.236)\n"}
,{"stream_name":"stdout","time":24920.188168789,"data":"[02:44:39 + 414.9m]     done whisfusion__ls-tc-babble5__s01__sweepT [done] 100 utts in 13.7 min (8.23 s/utt, RTF 1.195)\n"}
,{"stream_name":"stdout","time":24920.188950256,"data":"[02:44:39 + 414.9m] lane 1: starting whisper-small\n"}
,{"stream_name":"stdout","time":25265.728654071,"data":"[02:50:25 + 420.7m] progress: jobs {'done': 77, 'claimed': 2, 'ready': 154, 'dead': 10}; tiers {0: '12/12', 1: '16/16', 2: '43/43', 3: '6/57', 4: '0/35', 5: '0/80'}; analysed 76/77\n"}
,{"stream_name":"stdout","time":25265.7300493,"data":"[02:50:25 + 420.7m]     drax               35 jobs   6338 utts  13.01 h audio   8.50 GPU-h\n"}
,{"stream_name":"stdout","time":25265.731228318,"data":"[02:50:25 + 420.7m]     parakeet-ctc        3 jobs    300 utts   0.47 h audio   0.06 GPU-h\n"}
,{"stream_name":"stdout","time":25265.732330208,"data":"[02:50:25 + 420.7m]     whisfusion         29 jobs   4964 utts   8.86 h audio   3.91 GPU-h\n"}
,{"stream_name":"stdout","time":25265.733415297,"data":"[02:50:25 + 420.7m]     whisper-small       2 jobs    400 utts   0.75 h audio   0.19 GPU-h\n"}
,{"stream_name":"stdout","time":25265.734434688,"data":"[02:50:25 + 420.7m]     whisper-turbo       8 jobs   1300 utts   2.40 h audio   0.85 GPU-h\n"}
,{"stream_name":"stdout","time":25865.777819439,"data":"[03:00:25 + 430.7m] progress: jobs {'done': 79, 'claimed': 2, 'ready': 152, 'dead': 10}; tiers {0: '12/12', 1: '16/16', 2: '43/43', 3: '8/57', 4: '0/35', 5: '0/80'}; analysed 79/79\n"}
,{"stream_name":"stdout","time":25865.779172826,"data":"[03:00:25 + 430.7m]     drax               35 jobs   6338 utts  13.01 h audio   8.50 GPU-h\n"}
,{"stream_name":"stdout","time":25865.780175991,"data":"[03:00:25 + 430.7m]     parakeet-ctc        3 jobs    300 utts   0.47 h audio   0.06 GPU-h\n"}
,{"stream_name":"stdout","time":25865.78107312,"data":"[03:00:25 + 430.7m]     whisfusion         29 jobs   4964 utts   8.86 h audio   3.91 GPU-h\n"}
,{"stream_name":"stdout","time":25865.782019583,"data":"[03:00:25 + 430.7m]     whisper-small       4 jobs    800 utts   1.28 h audio   0.34 GPU-h\n"}
,{"stream_name":"stdout","time":25865.782926581,"data":"[03:00:25 + 430.7m]     whisper-turbo       8 jobs   1300 utts   2.40 h audio   0.85 GPU-h\n"}
,{"stream_name":"stdout","time":26465.842046408,"data":"[03:10:25 + 440.7m] progress: jobs {'done': 82, 'ready': 149, 'claimed': 2, 'dead': 10}; tiers {0: '12/12', 1: '16/16', 2: '43/43', 3: '11/57', 4: '0/35', 5: '0/80'}; analysed 82/82\n"}
,{"stream_name":"stdout","time":26465.842683636,"data":"[03:10:25 + 440.7m]     drax               36 jobs   6438 utts  13.20 h audio   8.97 GPU-h\n"}
,{"stream_name":"stdout","time":26465.843763497,"data":"[03:10:25 + 440.7m]     parakeet-ctc        3 jobs    300 utts   0.47 h audio   0.06 GPU-h\n"}
,{"stream_name":"stdout","time":26465.84486133,"data":"[03:10:25 + 440.7m]     whisfusion         29 jobs   4964 utts   8.86 h audio   3.91 GPU-h\n"}
,{"stream_name":"stdout","time":26465.845902447,"data":"[03:10:25 + 440.7m]     whisper-small       6 jobs   1200 utts   1.96 h audio   0.47 GPU-h\n"}
,{"stream_name":"stdout","time":26465.846909211,"data":"[03:10:25 + 440.7m]     whisper-turbo       8 jobs   1300 utts   2.40 h audio   0.85 GPU-h\n"}
,{"stream_name":"stdout","time":27065.888258237,"data":"[03:20:25 + 450.7m] progress: jobs {'done': 84, 'ready': 147, 'claimed': 2, 'dead': 10}; tiers {0: '12/12', 1: '16/16', 2: '43/43', 3: '13/57', 4: '0/35', 5: '0/80'}; analysed 84/84\n"}
,{"stream_name":"stdout","time":27065.889377715,"data":"[03:20:25 + 450.7m]     drax               36 jobs   6438 utts  13.20 h audio   8.97 GPU-h\n"}
,{"stream_name":"stdout","time":27065.89029267,"data":"[03:20:25 + 450.7m]     parakeet-ctc        3 jobs    300 utts   0.47 h audio   0.06 GPU-h\n"}
,{"stream_name":"stdout","time":27065.891194813,"data":"[03:20:25 + 450.7m]     whisfusion         29 jobs   4964 utts   8.86 h audio   3.91 GPU-h\n"}
,{"stream_name":"stdout","time":27065.892084845,"data":"[03:20:25 + 450.7m]     whisper-small       8 jobs   1600 utts   2.90 h audio   0.66 GPU-h\n"}
,{"stream_name":"stdout","time":27065.892992148,"data":"[03:20:25 + 450.7m]     whisper-turbo       8 jobs   1300 utts   2.40 h audio   0.85 GPU-h\n"}
,{"stream_name":"stdout","time":27665.956082104,"data":"[03:30:25 + 460.7m] progress: jobs {'done': 86, 'ready': 145, 'claimed': 2, 'dead': 10}; tiers {0: '12/12', 1: '16/16', 2: '43/43', 3: '15/57', 4: '0/35', 5: '0/80'}; analysed 86/86\n"}
,{"stream_name":"stdout","time":27665.957310349,"data":"[03:30:25 + 460.7m]     drax               36 jobs   6438 utts  13.20 h audio   8.97 GPU-h\n"}
,{"stream_name":"stdout","time":27665.958446901,"data":"[03:30:25 + 460.7m]     parakeet-ctc        3 jobs    300 utts   0.47 h audio   0.06 GPU-h\n"}
,{"stream_name":"stdout","time":27665.959449859,"data":"[03:30:25 + 460.7m]     whisfusion         29 jobs   4964 utts   8.86 h audio   3.91 GPU-h\n"}
,{"stream_name":"stdout","time":27665.960449058,"data":"[03:30:25 + 460.7m]     whisper-small      10 jobs   2000 utts   3.66 h audio   0.84 GPU-h\n"}
,{"stream_name":"stdout","time":27665.961448597,"data":"[03:30:25 + 460.7m]     whisper-turbo       8 jobs   1300 utts   2.40 h audio   0.85 GPU-h\n"}
,{"stream_name":"stdout","time":28266.00515547,"data":"[03:40:25 + 470.7m] progress: jobs {'done': 89, 'ready': 142, 'claimed': 2, 'dead': 10}; tiers {0: '12/12', 1: '16/16', 2: '43/43', 3: '18/57', 4: '0/35', 5: '0/80'}; analysed 89/89\n"}
,{"stream_name":"stdout","time":28266.00625069,"data":"[03:40:25 + 470.7m]     drax               37 jobs   6538 utts  13.28 h audio   9.44 GPU-h\n"}
,{"stream_name":"stdout","time":28266.006990905,"data":"[03:40:25 + 470.7m]     parakeet-ctc        3 jobs    300 utts   0.47 h audio   0.06 GPU-h\n"}
,{"stream_name":"stdout","time":28266.007736103,"data":"[03:40:25 + 470.7m]     whisfusion         29 jobs   4964 utts   8.86 h audio   3.91 GPU-h\n"}
,{"stream_name":"stdout","time":28266.008546934,"data":"[03:40:25 + 470.7m]     whisper-small      12 jobs   2400 utts   4.21 h audio   0.98 GPU-h\n"}
,{"stream_name":"stdout","time":28266.009281491,"data":"[03:40:25 + 470.7m]     whisper-turbo       8 jobs   1300 utts   2.40 h audio   0.85 GPU-h\n"}
,{"stream_name":"stdout","time":28659.028728656,"data":"[03:46:58 + 477.2m] lane 1: whisper-small exited rc=0, 14 jobs, 0 error lines\n"}
,{"stream_name":"stdout","time":28659.030268344,"data":"[03:46:58 + 477.2m]     done whisper-small__ls-test-clean__s03__main [done] 200 utts in 5.5 min (1.66 s/utt, RTF 0.225)\n"}
,{"stream_name":"stdout","time":28659.031018096,"data":"[03:46:58 + 477.2m]     done whisper-small__ls-test-other__s03__main [done] 200 utts in 5.0 min (1.50 s/utt, RTF 0.232)\n"}
,{"stream_name":"stdout","time":28659.031787404,"data":"[03:46:58 + 477.2m]     done whisper-small__ami__s03__main [done] 200 utts in 3.5 min (1.05 s/utt, RTF 0.310)\n"}
,{"stream_name":"stdout","time":28659.032543165,"data":"[03:46:58 + 477.2m]     done whisper-small__earnings22__s03__main [done] 200 utts in 4.7 min (1.41 s/utt, RTF 0.216)\n"}
,{"stream_name":"stdout","time":28659.033308747,"data":"[03:46:58 + 477.2m]     done whisper-small__common_voice__s03__main [done] 200 utts in 3.3 min (0.99 s/utt, RTF 0.175)\n"}
,{"stream_name":"stdout","time":28659.034108861,"data":"[03:46:58 + 477.2m]     done whisper-small__fleurs-en__s03__main [done] 46 utts in 1.4 min (1.77 s/utt, RTF 0.169)\n"}
,{"stream_name":"stdout","time":28659.034814698,"data":"[03:46:58 + 477.2m] lane 1: starting parakeet-ctc\n"}
,{"stream_name":"stdout","time":28866.058036526,"data":"[03:50:25 + 480.7m] progress: jobs {'done': 94, 'ready': 137, 'claimed': 2, 'dead': 10}; tiers {0: '12/12', 1: '16/16', 2: '43/43', 3: '23/57', 4: '0/35', 5: '0/80'}; analysed 94/94\n"}
,{"stream_name":"stdout","time":28866.058972362,"data":"[03:50:25 + 480.7m]     drax               37 jobs   6538 utts  13.28 h audio   9.44 GPU-h\n"}
,{"stream_name":"stdout","time":28866.059811565,"data":"[03:50:25 + 480.7m]     parakeet-ctc        5 jobs    500 utts   0.74 h audio   0.10 GPU-h\n"}
,{"stream_name":"stdout","time":28866.060676189,"data":"[03:50:25 + 480.7m]     whisfusion         29 jobs   4964 utts   8.86 h audio   3.91 GPU-h\n"}
,{"stream_name":"stdout","time":28866.0615621,"data":"[03:50:25 + 480.7m]     whisper-small      15 jobs   2846 utts   5.02 h audio   1.14 GPU-h\n"}
,{"stream_name":"stdout","time":28866.062445217,"data":"[03:50:25 + 480.7m]     whisper-turbo       8 jobs   1300 utts   2.40 h audio   0.85 GPU-h\n"}
,{"stream_name":"stdout","time":29376.915362308,"data":"[03:58:56 + 489.2m] lane 0: drax exited rc=0, 3 jobs, 0 error lines\n"}
,{"stream_name":"stdout","time":29376.916396291,"data":"[03:58:56 + 489.2m]     done drax__ls-test-other__s01__sweepT [done] 100 utts in 28.4 min (17.04 s/utt, RTF 2.579)\n"}
,{"stream_name":"stdout","time":29376.917219615,"data":"[03:58:56 + 489.2m]     done drax__ami__s01__sweepT [done] 100 utts in 28.4 min (17.02 s/utt, RTF 5.723)\n"}
,{"stream_name":"stdout","time":29376.917968167,"data":"[03:58:56 + 489.2m]     done drax__ls-tc-babble5__s01__sweepT [done] 100 utts in 28.4 min (17.03 s/utt, RTF 2.473)\n"}
,{"stream_name":"stdout","time":29376.918696294,"data":"[03:58:56 + 489.2m] lane 0: starting whisper-turbo\n"}
,{"stream_name":"stdout","time":29466.124001733,"data":"[04:00:25 + 490.7m] progress: jobs {'done': 110, 'claimed': 2, 'ready': 121, 'dead': 10}; tiers {0: '12/12', 1: '16/16', 2: '43/43', 3: '39/57', 4: '0/35', 5: '0/80'}; analysed 109/110\n"}
,{"stream_name":"stdout","time":29466.124042202,"data":"[04:00:25 + 490.7m]     drax               38 jobs   6638 utts  13.47 h audio   9.91 GPU-h\n"}
,{"stream_name":"stdout","time":29466.124195597,"data":"[04:00:25 + 490.7m]     parakeet-ctc       20 jobs   3400 utts   5.81 h audio   0.28 GPU-h\n"}
,{"stream_name":"stdout","time":29466.125223379,"data":"[04:00:25 + 490.7m]     whisfusion         29 jobs   4964 utts   8.86 h audio   3.91 GPU-h\n"}
,{"stream_name":"stdout","time":29466.126233177,"data":"[04:00:25 + 490.7m]     whisper-small      15 jobs   2846 utts   5.02 h audio   1.14 GPU-h\n"}
,{"stream_name":"stdout","time":29466.127189458,"data":"[04:00:25 + 490.7m]     whisper-turbo       8 jobs   1300 utts   2.40 h audio   0.85 GPU-h\n"}
,{"stream_name":"stdout","time":29477.24102651,"data":"[04:00:36 + 490.9m] lane 1: parakeet-ctc exited rc=0, 18 jobs, 0 error lines\n"}
,{"stream_name":"stdout","time":29477.241931055,"data":"[04:00:36 + 490.9m]     done parakeet-ctc__ls-test-clean__s03__main [done] 200 utts in 0.7 min (0.22 s/utt, RTF 0.029)\n"}
,{"stream_name":"stdout","time":29477.244019994,"data":"[04:00:36 + 490.9m]     done parakeet-ctc__ls-test-other__s03__main [done] 200 utts in 0.6 min (0.18 s/utt, RTF 0.027)\n"}
,{"stream_name":"stdout","time":29477.246845708,"data":"[04:00:36 + 490.9m]     done parakeet-ctc__ami__s03__main [done] 200 utts in 0.3 min (0.10 s/utt, RTF 0.029)\n"}
,{"stream_name":"stdout","time":29477.248432619,"data":"[04:00:36 + 490.9m]     done parakeet-ctc__earnings22__s03__main [done] 200 utts in 0.4 min (0.12 s/utt, RTF 0.018)\n"}
,{"stream_name":"stdout","time":29477.249667086,"data":"[04:00:36 + 490.9m]     done parakeet-ctc__common_voice__s03__main [done] 200 utts in 0.3 min (0.10 s/utt, RTF 0.018)\n"}
,{"stream_name":"stdout","time":29477.251774507,"data":"[04:00:36 + 490.9m]     done parakeet-ctc__fleurs-en__s03__main [done] 46 utts in 0.2 min (0.24 s/utt, RTF 0.023)\n"}
,{"stream_name":"stdout","time":29477.253103915,"data":"[04:00:36 + 490.9m] lane 1: starting whisper-turbo\n"}
,{"stream_name":"stdout","time":30066.175079273,"data":"[04:10:25 + 500.7m] progress: jobs {'done': 113, 'claimed': 2, 'ready': 118, 'dead': 10}; tiers {0: '12/12', 1: '16/16', 2: '43/43', 3: '42/57', 4: '0/35', 5: '0/80'}; analysed 113/113\n"}
,{"stream_name":"stdout","time":30066.176024625,"data":"[04:10:25 + 500.7m]     drax               38 jobs   6638 utts  13.47 h audio   9.91 GPU-h\n"}
,{"stream_name":"stdout","time":30066.176803747,"data":"[04:10:25 + 500.7m]     parakeet-ctc       21 jobs   3446 utts   5.95 h audio   0.28 GPU-h\n"}
,{"stream_name":"stdout","time":30066.177576095,"data":"[04:10:25 + 500.7m]     whisfusion         29 jobs   4964 utts   8.86 h audio   3.91 GPU-h\n"}
,{"stream_name":"stdout","time":30066.178377704,"data":"[04:10:25 + 500.7m]     whisper-small      15 jobs   2846 utts   5.02 h audio   1.14 GPU-h\n"}
,{"stream_name":"stdout","time":30066.179270685,"data":"[04:10:25 + 500.7m]     whisper-turbo      10 jobs   1500 utts   2.67 h audio   1.02 GPU-h\n"}
,{"stream_name":"stdout","time":30666.24000965,"data":"[04:20:25 + 510.7m] progress: jobs {'done': 117, 'claimed': 2, 'ready': 114, 'dead': 10}; tiers {0: '12/12', 1: '16/16', 2: '43/43', 3: '46/57', 4: '0/35', 5: '0/80'}; analysed 117/117\n"}
,{"stream_name":"stdout","time":30666.240412596,"data":"[04:20:25 + 510.7m]     drax               38 jobs   6638 utts  13.47 h audio   9.91 GPU-h\n"}
,{"stream_name":"stdout","time":30666.241311588,"data":"[04:20:25 + 510.7m]     parakeet-ctc       21 jobs   3446 utts   5.95 h audio   0.28 GPU-h\n"}
,{"stream_name":"stdout","time":30666.242231181,"data":"[04:20:25 + 510.7m]     whisfusion         29 jobs   4964 utts   8.86 h audio   3.91 GPU-h\n"}
,{"stream_name":"stdout","time":30666.243086954,"data":"[04:20:25 + 510.7m]     whisper-small      15 jobs   2846 utts   5.02 h audio   1.14 GPU-h\n"}
,{"stream_name":"stdout","time":30666.243973711,"data":"[04:20:25 + 510.7m]     whisper-turbo      14 jobs   2200 utts   3.79 h audio   1.40 GPU-h\n"}
,{"stream_name":"stdout","time":31266.304034865,"data":"[04:30:25 + 520.7m] progress: jobs {'done': 121, 'claimed': 2, 'ready': 110, 'dead': 10}; tiers {0: '12/12', 1: '16/16', 2: '43/43', 3: '50/57', 4: '0/35', 5: '0/80'}; analysed 121/121\n"}
,{"stream_name":"stdout","time":31266.304722627,"data":"[04:30:25 + 520.7m]     drax               38 jobs   6638 utts  13.47 h audio   9.91 GPU-h\n"}
,{"stream_name":"stdout","time":31266.305484677,"data":"[04:30:25 + 520.7m]     parakeet-ctc       21 jobs   3446 utts   5.95 h audio   0.28 GPU-h\n"}
,{"stream_name":"stdout","time":31266.30632074,"data":"[04:30:25 + 520.7m]     whisfusion         29 jobs   4964 utts   8.86 h audio   3.91 GPU-h\n"}
,{"stream_name":"stdout","time":31266.307031745,"data":"[04:30:25 + 520.7m]     whisper-small      15 jobs   2846 utts   5.02 h audio   1.14 GPU-h\n"}
,{"stream_name":"stdout","time":31266.307814037,"data":"[04:30:25 + 520.7m]     whisper-turbo      18 jobs   3000 utts   5.41 h audio   1.78 GPU-h\n"}
,{"stream_name":"stdout","time":31866.380073584,"data":"[04:40:25 + 530.7m] progress: jobs {'done': 125, 'claimed': 2, 'ready': 106, 'dead': 10}; tiers {0: '12/12', 1: '16/16', 2: '43/43', 3: '54/57', 4: '0/35', 5: '0/80'}; analysed 124/125\n"}
,{"stream_name":"stdout","time":31866.381213911,"data":"[04:40:25 + 530.7m]     drax               38 jobs   6638 utts  13.47 h audio   9.91 GPU-h\n"}
,{"stream_name":"stdout","time":31866.382360968,"data":"[04:40:25 + 530.7m]     parakeet-ctc       21 jobs   3446 utts   5.95 h audio   0.28 GPU-h\n"}
,{"stream_name":"stdout","time":31866.38349409,"data":"[04:40:25 + 530.7m]     whisfusion         29 jobs   4964 utts   8.86 h audio   3.91 GPU-h\n"}
,{"stream_name":"stdout","time":31866.384672785,"data":"[04:40:25 + 530.7m]     whisper-small      15 jobs   2846 utts   5.02 h audio   1.14 GPU-h\n"}
,{"stream_name":"stdout","time":31866.385812796,"data":"[04:40:25 + 530.7m]     whisper-turbo      22 jobs   3800 utts   6.72 h audio   2.17 GPU-h\n"}
,{"stream_name":"stdout","time":32172.53747834,"data":"[04:45:31 + 535.8m] lane 0: whisper-turbo exited rc=0, 8 jobs, 0 error lines\n"}
,{"stream_name":"stdout","time":32172.538623796,"data":"[04:45:31 + 535.8m]     done whisper-turbo__ami__s02__main [done] 200 utts in 5.2 min (1.55 s/utt, RTF 0.527)\n"}
,{"stream_name":"stdout","time":32172.539469802,"data":"[04:45:31 + 535.8m]     done whisper-turbo__earnings22__s02__main [done] 200 utts in 5.8 min (1.74 s/utt, RTF 0.263)\n"}
,{"stream_name":"stdout","time":32172.540282749,"data":"[04:45:31 + 535.8m]     done whisper-turbo__ls-tc-babble5__s02__main [done] 200 utts in 6.2 min (1.86 s/utt, RTF 0.259)\n"}
,{"stream_name":"stdout","time":32172.54113153,"data":"[04:45:31 + 535.8m]     done whisper-turbo__ls-test-clean__s03__main [done] 200 utts in 6.3 min (1.90 s/utt, RTF 0.256)\n"}
,{"stream_name":"stdout","time":32172.541979346,"data":"[04:45:31 + 535.8m]     done whisper-turbo__ami__s03__main [done] 200 utts in 5.4 min (1.61 s/utt, RTF 0.475)\n"}
,{"stream_name":"stdout","time":32172.542818263,"data":"[04:45:31 + 535.8m]     done whisper-turbo__common_voice__s03__main [done] 200 utts in 5.2 min (1.55 s/utt, RTF 0.275)\n"}
,{"stream_name":"stdout","time":32172.543707408,"data":"[04:45:31 + 535.8m] lane 0: starting drax\n"}
,{"stream_name":"stdout","time":32210.356048027,"data":"[04:46:09 + 536.4m] lane 1: whisper-turbo exited rc=0, 9 jobs, 0 error lines\n"}
,{"stream_name":"stdout","time":32210.356849066,"data":"[04:46:09 + 536.4m]     done whisper-turbo__common_voice__s02__main [done] 200 utts in 4.8 min (1.44 s/utt, RTF 0.252)\n"}
,{"stream_name":"stdout","time":32210.358475188,"data":"[04:46:09 + 536.4m]     done whisper-turbo__fleurs-en__s02__main [done] 200 utts in 6.1 min (1.83 s/utt, RTF 0.189)\n"}
,{"stream_name":"stdout","time":32210.359507977,"data":"[04:46:09 + 536.4m]     done whisper-turbo__ls-dev-other__s03__main [done] 200 utts in 5.6 min (1.68 s/utt, RTF 0.263)\n"}
,{"stream_name":"stdout","time":32210.36069646,"data":"[04:46:09 + 536.4m]     done whisper-turbo__ls-test-other__s03__main [done] 200 utts in 5.8 min (1.73 s/utt, RTF 0.268)\n"}
,{"stream_name":"stdout","time":32210.362063742,"data":"[04:46:09 + 536.4m]     done whisper-turbo__earnings22__s03__main [done] 200 utts in 5.6 min (1.69 s/utt, RTF 0.259)\n"}
,{"stream_name":"stdout","time":32210.363290875,"data":"[04:46:09 + 536.4m]     done whisper-turbo__fleurs-en__s03__main [done] 46 utts in 1.5 min (1.92 s/utt, RTF 0.184)\n"}
,{"stream_name":"stdout","time":32210.364436734,"data":"[04:46:09 + 536.4m] lane 1: starting whisfusion\n"}
,{"stream_name":"stdout","time":32466.463257473,"data":"[04:50:25 + 540.7m] progress: jobs {'done': 128, 'claimed': 2, 'ready': 103, 'dead': 10}; tiers {0: '12/12', 1: '16/16', 2: '43/43', 3: '57/57', 4: '0/35', 5: '0/80'}; analysed 128/128\n"}
,{"stream_name":"stdout","time":32466.464436292,"data":"[04:50:25 + 540.7m]     drax               38 jobs   6638 utts  13.47 h audio   9.91 GPU-h\n"}
,{"stream_name":"stdout","time":32466.465307283,"data":"[04:50:25 + 540.7m]     parakeet-ctc       21 jobs   3446 utts   5.95 h audio   0.28 GPU-h\n"}
,{"stream_name":"stdout","time":32466.466243688,"data":"[04:50:25 + 540.7m]     whisfusion         29 jobs   4964 utts   8.86 h audio   3.91 GPU-h\n"}
,{"stream_name":"stdout","time":32466.467099596,"data":"[04:50:25 + 540.7m]     whisper-small      15 jobs   2846 utts   5.02 h audio   1.14 GPU-h\n"}
,{"stream_name":"stdout","time":32466.468011861,"data":"[04:50:25 + 540.7m]     whisper-turbo      25 jobs   4246 utts   7.53 h audio   2.37 GPU-h\n"}
,{"stream_name":"stdout","time":33066.51604009,"data":"[05:00:25 + 550.7m] progress: jobs {'done': 130, 'claimed': 2, 'ready': 101, 'dead': 10}; tiers {0: '12/12', 1: '16/16', 2: '43/43', 3: '57/57', 4: '2/35', 5: '0/80'}; analysed 129/130\n"}
,{"stream_name":"stdout","time":33066.518022573,"data":"[05:00:25 + 550.7m]     drax               38 jobs   6638 utts  13.47 h audio   9.91 GPU-h\n"}
,{"stream_name":"stdout","time":33066.518347294,"data":"[05:00:25 + 550.7m]     parakeet-ctc       21 jobs   3446 utts   5.95 h audio   0.28 GPU-h\n"}
,{"stream_name":"stdout","time":33066.51938139,"data":"[05:00:25 + 550.7m]     whisfusion         31 jobs   5364 utts   9.71 h audio   4.14 GPU-h\n"}
,{"stream_name":"stdout","time":33066.520396207,"data":"[05:00:25 + 550.7m]     whisper-small      15 jobs   2846 utts   5.02 h audio   1.14 GPU-h\n"}
,{"stream_name":"stdout","time":33066.521399885,"data":"[05:00:25 + 550.7m]     whisper-turbo      25 jobs   4246 utts   7.53 h audio   2.37 GPU-h\n"}
,{"stream_name":"stdout","time":33666.587295623,"data":"[05:10:25 + 560.7m] progress: jobs {'done': 132, 'claimed': 2, 'ready': 99, 'dead': 10}; tiers {0: '12/12', 1: '16/16', 2: '43/43', 3: '57/57', 4: '4/35', 5: '0/80'}; analysed 132/132\n"}
,{"stream_name":"stdout","time":33666.588715522,"data":"[05:10:25 + 560.7m]     drax               39 jobs   6838 utts  13.90 h audio  10.16 GPU-h\n"}
,{"stream_name":"stdout","time":33666.589596347,"data":"[05:10:25 + 560.7m]     parakeet-ctc       21 jobs   3446 utts   5.95 h audio   0.28 GPU-h\n"}
,{"stream_name":"stdout","time":33666.59035214,"data":"[05:10:25 + 560.7m]     whisfusion         32 jobs   5564 utts  10.13 h audio   4.26 GPU-h\n"}
,{"stream_name":"stdout","time":33666.591114494,"data":"[05:10:25 + 560.7m]     whisper-small      15 jobs   2846 utts   5.02 h audio   1.14 GPU-h\n"}
,{"stream_name":"stdout","time":33666.591963966,"data":"[05:10:25 + 560.7m]     whisper-turbo      25 jobs   4246 utts   7.53 h audio   2.37 GPU-h\n"}
,{"stream_name":"stdout","time":34266.662127262,"data":"[05:20:26 + 570.7m] progress: jobs {'done': 134, 'claimed': 2, 'ready': 97, 'dead': 10}; tiers {0: '12/12', 1: '16/16', 2: '43/43', 3: '57/57', 4: '6/35', 5: '0/80'}; analysed 134/134\n"}
,{"stream_name":"stdout","time":34266.663237498,"data":"[05:20:26 + 570.7m]     drax               40 jobs   7038 utts  14.32 h audio  10.41 GPU-h\n"}
,{"stream_name":"stdout","time":34266.664132358,"data":"[05:20:26 + 570.7m]     parakeet-ctc       21 jobs   3446 utts   5.95 h audio   0.28 GPU-h\n"}
,{"stream_name":"stdout","time":34266.664942501,"data":"[05:20:26 + 570.7m]     whisfusion         33 jobs   5764 utts  10.56 h audio   4.37 GPU-h\n"}
,{"stream_name":"stdout","time":34266.665833497,"data":"[05:20:26 + 570.7m]     whisper-small      15 jobs   2846 utts   5.02 h audio   1.14 GPU-h\n"}
,{"stream_name":"stdout","time":34266.666693332,"data":"[05:20:26 + 570.7m]     whisper-turbo      25 jobs   4246 utts   7.53 h audio   2.37 GPU-h\n"}
,{"stream_name":"stdout","time":34866.731997565,"data":"[05:30:26 + 580.7m] progress: jobs {'done': 136, 'claimed': 2, 'ready': 95, 'dead': 10}; tiers {0: '12/12', 1: '16/16', 2: '43/43', 3: '57/57', 4: '8/35', 5: '0/80'}; analysed 136/136\n"}
,{"stream_name":"stdout","time":34866.732193095,"data":"[05:30:26 + 580.7m]     drax               40 jobs   7038 utts  14.32 h audio  10.41 GPU-h\n"}
,{"stream_name":"stdout","time":34866.732937075,"data":"[05:30:26 + 580.7m]     parakeet-ctc       21 jobs   3446 utts   5.95 h audio   0.28 GPU-h\n"}
,{"stream_name":"stdout","time":34866.733745297,"data":"[05:30:26 + 580.7m]     whisfusion         35 jobs   6164 utts  11.35 h audio   4.60 GPU-h\n"}
,{"stream_name":"stdout","time":34866.734492373,"data":"[05:30:26 + 580.7m]     whisper-small      15 jobs   2846 utts   5.02 h audio   1.14 GPU-h\n"}
,{"stream_name":"stdout","time":34866.735286552,"data":"[05:30:26 + 580.7m]     whisper-turbo      25 jobs   4246 utts   7.53 h audio   2.37 GPU-h\n"}
,{"stream_name":"stdout","time":35466.796037059,"data":"[05:40:26 + 590.7m] progress: jobs {'done': 138, 'claimed': 2, 'ready': 93, 'dead': 10}; tiers {0: '12/12', 1: '16/16', 2: '43/43', 3: '57/57', 4: '10/35', 5: '0/80'}; analysed 138/138\n"}
,{"stream_name":"stdout","time":35466.796748053,"data":"[05:40:26 + 590.7m]     drax               41 jobs   7238 utts  14.75 h audio  10.66 GPU-h\n"}
,{"stream_name":"stdout","time":35466.797669901,"data":"[05:40:26 + 590.7m]     parakeet-ctc       21 jobs   3446 utts   5.95 h audio   0.28 GPU-h\n"}
,{"stream_name":"stdout","time":35466.798586543,"data":"[05:40:26 + 590.7m]     whisfusion         36 jobs   6364 utts  11.75 h audio   4.71 GPU-h\n"}
,{"stream_name":"stdout","time":35466.799440349,"data":"[05:40:26 + 590.7m]     whisper-small      15 jobs   2846 utts   5.02 h audio   1.14 GPU-h\n"}
,{"stream_name":"stdout","time":35466.800369713,"data":"[05:40:26 + 590.7m]     whisper-turbo      25 jobs   4246 utts   7.53 h audio   2.37 GPU-h\n"}
,{"stream_name":"stdout","time":35505.685118317,"data":"[05:41:05 + 591.3m] lane 1: whisfusion exited rc=0, 8 jobs, 0 error lines\n"}
,{"stream_name":"stdout","time":35505.686545416,"data":"[05:41:05 + 591.3m]     done whisfusion__ls-tc-white10__s01__main [done] 200 utts in 6.8 min (2.05 s/utt, RTF 0.268)\n"}
,{"stream_name":"stdout","time":35505.68745706,"data":"[05:41:05 + 591.3m]     done whisfusion__ls-tc-white0__s01__main [done] 200 utts in 6.8 min (2.04 s/utt, RTF 0.267)\n"}
,{"stream_name":"stdout","time":35505.688248861,"data":"[05:41:05 + 591.3m]     done whisfusion__ls-tc-babble15__s02__main [done] 200 utts in 6.8 min (2.05 s/utt, RTF 0.286)\n"}
,{"stream_name":"stdout","time":35505.689115884,"data":"[05:41:05 + 591.3m]     done whisfusion__ls-tc-babbleM5__s02__main [done] 200 utts in 6.8 min (2.05 s/utt, RTF 0.286)\n"}
,{"stream_name":"stdout","time":35505.689952964,"data":"[05:41:05 + 591.3m]     done whisfusion__ls-tc-white10__s02__main [done] 200 utts in 6.8 min (2.05 s/utt, RTF 0.285)\n"}
,{"stream_name":"stdout","time":35505.690696057,"data":"[05:41:05 + 591.3m]     done whisfusion__ls-tc-white0__s02__main [done] 200 utts in 6.8 min (2.05 s/utt, RTF 0.285)\n"}
,{"stream_name":"stdout","time":35505.691553117,"data":"[05:41:05 + 591.3m] lane 1: starting drax\n"}
,{"stream_name":"stdout","time":36066.861333717,"data":"[05:50:26 + 600.7m] progress: jobs {'done': 140, 'claimed': 2, 'ready': 91, 'dead': 10}; tiers {0: '12/12', 1: '16/16', 2: '43/43', 3: '57/57', 4: '12/35', 5: '0/80'}; analysed 140/140\n"}
,{"stream_name":"stdout","time":36066.8623045,"data":"[05:50:26 + 600.7m]     drax               42 jobs   7438 utts  15.17 h audio  10.91 GPU-h\n"}
,{"stream_name":"stdout","time":36066.863229211,"data":"[05:50:26 + 600.7m]     parakeet-ctc       21 jobs   3446 utts   5.95 h audio   0.28 GPU-h\n"}
,{"stream_name":"stdout","time":36066.864089228,"data":"[05:50:26 + 600.7m]     whisfusion         37 jobs   6564 utts  12.15 h audio   4.82 GPU-h\n"}
,{"stream_name":"stdout","time":36066.865030452,"data":"[05:50:26 + 600.7m]     whisper-small      15 jobs   2846 utts   5.02 h audio   1.14 GPU-h\n"}
,{"stream_name":"stdout","time":36066.865939926,"data":"[05:50:26 + 600.7m]     whisper-turbo      25 jobs   4246 utts   7.53 h audio   2.37 GPU-h\n"}
,{"stream_name":"stdout","time":36666.932043503,"data":"[06:00:26 + 610.7m] progress: jobs {'done': 141, 'claimed': 2, 'ready': 90, 'dead': 10}; tiers {0: '12/12', 1: '16/16', 2: '43/43', 3: '57/57', 4: '13/35', 5: '0/80'}; analysed 141/141\n"}
,{"stream_name":"stdout","time":36666.933245421,"data":"[06:00:26 + 610.7m]     drax               43 jobs   7638 utts  15.57 h audio  11.14 GPU-h\n"}
,{"stream_name":"stdout","time":36666.934227856,"data":"[06:00:26 + 610.7m]     parakeet-ctc       21 jobs   3446 utts   5.95 h audio   0.28 GPU-h\n"}
,{"stream_name":"stdout","time":36666.935153416,"data":"[06:00:26 + 610.7m]     whisfusion         37 jobs   6564 utts  12.15 h audio   4.82 GPU-h\n"}
,{"stream_name":"stdout","time":36666.936198432,"data":"[06:00:26 + 610.7m]     whisper-small      15 jobs   2846 utts   5.02 h audio   1.14 GPU-h\n"}
,{"stream_name":"stdout","time":36666.937134378,"data":"[06:00:26 + 610.7m]     whisper-turbo      25 jobs   4246 utts   7.53 h audio   2.37 GPU-h\n"}
,{"stream_name":"stdout","time":37266.984323625,"data":"[06:10:26 + 620.7m] progress: jobs {'done': 143, 'claimed': 2, 'ready': 88, 'dead': 10}; tiers {0: '12/12', 1: '16/16', 2: '43/43', 3: '57/57', 4: '15/35', 5: '0/80'}; analysed 143/143\n"}
,{"stream_name":"stdout","time":37266.98523824,"data":"[06:10:26 + 620.7m]     drax               45 jobs   8038 utts  16.37 h audio  11.62 GPU-h\n"}
,{"stream_name":"stdout","time":37266.986058016,"data":"[06:10:26 + 620.7m]     parakeet-ctc       21 jobs   3446 utts   5.95 h audio   0.28 GPU-h\n"}
,{"stream_name":"stdout","time":37266.986779879,"data":"[06:10:26 + 620.7m]     whisfusion         37 jobs   6564 utts  12.15 h audio   4.82 GPU-h\n"}
,{"stream_name":"stdout","time":37266.987583083,"data":"[06:10:26 + 620.7m]     whisper-small      15 jobs   2846 utts   5.02 h audio   1.14 GPU-h\n"}
,{"stream_name":"stdout","time":37266.988324082,"data":"[06:10:26 + 620.7m]     whisper-turbo      25 jobs   4246 utts   7.53 h audio   2.37 GPU-h\n"}
,{"stream_name":"stdout","time":37867.050100052,"data":"[06:20:26 + 630.7m] progress: jobs {'done': 145, 'claimed': 2, 'ready': 86, 'dead': 10}; tiers {0: '12/12', 1: '16/16', 2: '43/43', 3: '57/57', 4: '17/35', 5: '0/80'}; analysed 144/145\n"}
,{"stream_name":"stdout","time":37867.05142226,"data":"[06:20:26 + 630.7m]     drax               47 jobs   8438 utts  17.16 h audio  12.06 GPU-h\n"}
,{"stream_name":"stdout","time":37867.052499413,"data":"[06:20:26 + 630.7m]     parakeet-ctc       21 jobs   3446 utts   5.95 h audio   0.28 GPU-h\n"}
,{"stream_name":"stdout","time":37867.053430882,"data":"[06:20:26 + 630.7m]     whisfusion         37 jobs   6564 utts  12.15 h audio   4.82 GPU-h\n"}
,{"stream_name":"stdout","time":37867.054403466,"data":"[06:20:26 + 630.7m]     whisper-small      15 jobs   2846 utts   5.02 h audio   1.14 GPU-h\n"}
,{"stream_name":"stdout","time":37867.055371673,"data":"[06:20:26 + 630.7m]     whisper-turbo      25 jobs   4246 utts   7.53 h audio   2.37 GPU-h\n"}
,{"stream_name":"stdout","time":38467.114079794,"data":"[06:30:26 + 640.7m] progress: jobs {'done': 146, 'claimed': 2, 'ready': 85, 'dead': 10}; tiers {0: '12/12', 1: '16/16', 2: '43/43', 3: '57/57', 4: '18/35', 5: '0/80'}; analysed 146/146\n"}
,{"stream_name":"stdout","time":38467.114769627,"data":"[06:30:26 + 640.7m]     drax               48 jobs   8638 utts  17.53 h audio  12.25 GPU-h\n"}
,{"stream_name":"stdout","time":38467.115591236,"data":"[06:30:26 + 640.7m]     parakeet-ctc       21 jobs   3446 utts   5.95 h audio   0.28 GPU-h\n"}
,{"stream_name":"stdout","time":38467.116364823,"data":"[06:30:26 + 640.7m]     whisfusion         37 jobs   6564 utts  12.15 h audio   4.82 GPU-h\n"}
,{"stream_name":"stdout","time":38467.117208604,"data":"[06:30:26 + 640.7m]     whisper-small      15 jobs   2846 utts   5.02 h audio   1.14 GPU-h\n"}
,{"stream_name":"stdout","time":38467.118001396,"data":"[06:30:26 + 640.7m]     whisper-turbo      25 jobs   4246 utts   7.53 h audio   2.37 GPU-h\n"}
,{"stream_name":"stdout","time":39067.182898215,"data":"[06:40:26 + 650.7m] progress: jobs {'done': 148, 'claimed': 2, 'ready': 83, 'dead': 10}; tiers {0: '12/12', 1: '16/16', 2: '43/43', 3: '57/57', 4: '20/35', 5: '0/80'}; analysed 148/148\n"}
,{"stream_name":"stdout","time":39067.183845033,"data":"[06:40:26 + 650.7m]     drax               50 jobs   9038 utts  18.06 h audio  12.64 GPU-h\n"}
,{"stream_name":"stdout","time":39067.184678789,"data":"[06:40:26 + 650.7m]     parakeet-ctc       21 jobs   3446 utts   5.95 h audio   0.28 GPU-h\n"}
,{"stream_name":"stdout","time":39067.185497227,"data":"[06:40:26 + 650.7m]     whisfusion         37 jobs   6564 utts  12.15 h audio   4.82 GPU-h\n"}
,{"stream_name":"stdout","time":39067.186284055,"data":"[06:40:26 + 650.7m]     whisper-small      15 jobs   2846 utts   5.02 h audio   1.14 GPU-h\n"}
,{"stream_name":"stdout","time":39067.187084343,"data":"[06:40:26 + 650.7m]     whisper-turbo      25 jobs   4246 utts   7.53 h audio   2.37 GPU-h\n"}
,{"stream_name":"stdout","time":39551.115482916,"data":"[06:48:30 + 658.8m] lane 1: drax exited rc=0, 6 jobs, 0 error lines\n"}
,{"stream_name":"stdout","time":39551.116677148,"data":"[06:48:30 + 658.8m]     done drax__ls-tc-babble15__s02__main [done] 200 utts in 13.9 min (4.18 s/utt, RTF 0.583)\n"}
,{"stream_name":"stdout","time":39551.117537787,"data":"[06:48:30 + 658.8m]     done drax__ls-tc-white10__s02__main [done] 200 utts in 14.0 min (4.21 s/utt, RTF 0.587)\n"}
,{"stream_name":"stdout","time":39551.118759292,"data":"[06:48:30 + 658.8m]     done drax__ls-test-clean__s02__lowT [done] 200 utts in 11.1 min (3.32 s/utt, RTF 0.463)\n"}
,{"stream_name":"stdout","time":39551.119170743,"data":"[06:48:30 + 658.8m]     done drax__ami__s02__lowT [done] 200 utts in 11.0 min (3.31 s/utt, RTF 1.120)\n"}
,{"stream_name":"stdout","time":39551.119964768,"data":"[06:48:30 + 658.8m]     done drax__voxpopuli__s02__lowT [done] 200 utts in 11.0 min (3.31 s/utt, RTF 0.499)\n"}
,{"stream_name":"stdout","time":39551.120926727,"data":"[06:48:30 + 658.8m]     done drax__spgispeech__s02__lowT [partial] 109 utts in 6.0 min (3.32 s/utt, RTF 0.370)\n"}
,{"stream_name":"stdout","time":39551.121686958,"data":"[06:48:30 + 658.8m] lane 1: finished (13 worker launches, idle 1.0 min)\n"}
,{"stream_name":"stdout","time":39553.170852737,"data":"[06:48:32 + 658.8m] lane 0: drax exited rc=0, 9 jobs, 0 error lines\n"}
,{"stream_name":"stdout","time":39553.172033413,"data":"[06:48:32 + 658.8m]     done drax__ls-tc-white0__s01__main [done] 200 utts in 14.9 min (4.48 s/utt, RTF 0.585)\n"}
,{"stream_name":"stdout","time":39553.172993505,"data":"[06:48:32 + 658.8m]     done drax__ls-tc-babbleM5__s02__main [done] 200 utts in 14.9 min (4.48 s/utt, RTF 0.625)\n"}
,{"stream_name":"stdout","time":39553.17397306,"data":"[06:48:32 + 658.8m]     done drax__ls-tc-white0__s02__main [done] 200 utts in 14.9 min (4.47 s/utt, RTF 0.624)\n"}
,{"stream_name":"stdout","time":39553.174635728,"data":"[06:48:32 + 658.8m]     done drax__ls-test-other__s02__lowT [done] 200 utts in 11.9 min (3.56 s/utt, RTF 0.539)\n"}
,{"stream_name":"stdout","time":39553.175411584,"data":"[06:48:32 + 658.8m]     done drax__earnings22__s02__lowT [done] 200 utts in 11.9 min (3.56 s/utt, RTF 0.537)\n"}
,{"stream_name":"stdout","time":39553.176129918,"data":"[06:48:32 + 658.8m]     done drax__gigaspeech__s02__lowT [partial] 159 utts in 9.4 min (3.56 s/utt, RTF 0.565)\n"}
,{"stream_name":"stdout","time":39553.17683084,"data":"[06:48:32 + 658.8m] lane 0: finished (6 worker launches, idle 1.0 min)\n"}
,{"stream_name":"stdout","time":39567.165864613,"data":"[06:48:46 + 659.0m] GPU phase over; finishing analysis\n"}
,{"stream_name":"stdout","time":39569.350694975,"data":"[06:48:48 + 659.1m] aggregating\n"}
,{"stream_name":"stdout","time":39575.026074883,"data":"/kaggle/working/code/src/campaign/aggregate.py:122: FutureWarning: The behavior of DataFrame concatenation with empty or all-NA entries is deprecated. In a future version, this will no longer exclude empty or all-NA columns when determining the result dtypes. To retain the old behavior, exclude the relevant entries before the concat operation.\n"}
,{"stream_name":"stdout","time":39575.027301733,"data":"  per_df = pd.concat(per, ignore_index=True) if per else pd.DataFrame()\n"}
,{"stream_name":"stdout","time":39576.27447974,"data":"/kaggle/working/code/src/campaign/aggregate.py:123: FutureWarning: The behavior of DataFrame concatenation with empty or all-NA entries is deprecated. In a future version, this will no longer exclude empty or all-NA columns when determining the result dtypes. To retain the old behavior, exclude the relevant entries before the concat operation.\n"}
,{"stream_name":"stdout","time":39576.275388393,"data":"  grid_df = pd.concat(grid, ignore_index=True) if grid else pd.DataFrame()\n"}
,{"stream_name":"stdout","time":39611.757005426,"data":"[aggregate] cells 1741 (42 s)\n"}
,{"stream_name":"stdout","time":39644.431464706,"data":"[aggregate] contrasts 2898 (75 s)\n"}
,{"stream_name":"stdout","time":39657.849849273,"data":"[aggregate] done in 88 s -\u003e /kaggle/working/campaign/results\n"}
,{"stream_name":"stdout","time":39658.197320606,"data":"[06:50:17 + 660.6m] aggregate rc=0\n"}
,{"stream_name":"stdout","time":39658.611550244,"data":"[06:50:18 + 660.6m] packed dumps.tar (48 MB)\n"}
,{"stream_name":"stdout","time":39658.763647957,"data":"[06:50:18 + 660.6m] packed analysis.tar (31 MB)\n"}
,{"stream_name":"stdout","time":39658.834349458,"data":"[06:50:18 + 660.6m] packed state.tar (1 MB)\n"}
,{"stream_name":"stdout","time":39658.847385735,"data":"[06:50:18 + 660.6m] packed logs.tar (0 MB)\n"}
,{"stream_name":"stdout","time":39658.866898754,"data":"[06:50:18 + 660.6m] packed manifests.tar (9 MB)\n"}
,{"stream_name":"stdout","time":39658.868009027,"data":"[06:50:18 + 660.6m] done in 11.01 h\n"}
,{"stream_name":"stdout","time":39659.501331503,"data":"campaign exit code 0\n"}
,{"stream_name":"stdout","time":39659.592687963,"data":"# Campaign report\n"}
,{"stream_name":"stdout","time":39659.592724117,"data":"\n"}
,{"stream_name":"stdout","time":39659.592730982,"data":"generated 2026-09-21 06:50 UTC\n"}
,{"stream_name":"stdout","time":39659.592736276,"data":"\n"}
,{"stream_name":"stdout","time":39659.592741438,"data":"utterance decodes analysed: 496087; cells: 1741\n"}
,{"stream_name":"stdout","time":39659.592746251,"data":"\n"}
,{"stream_name":"stdout","time":39659.592751091,"data":"\n"}
,{"stream_name":"stdout","time":39659.592755328,"data":"## Main arm at the largest K, corpus WER (legacy normalisation)\n"}
,{"stream_name":"stdout","time":39659.592759757,"data":"\n"}
,{"stream_name":"stdout","time":39659.592764333,"data":"| model | set | n | K | first | conf | MBR | ROVER | ROVER-cg | oracle | oracle-comp | control | pairwise % |\n"}
,{"stream_name":"stdout","time":39659.592772529,"data":"|---|---|---|---|---|---|---|---|---|---|---|---|---|\n"}
,{"stream_name":"stdout","time":39659.59277603,"data":"| drax/main | ami | 400 | 16 | 18.47 | 14.12 | 12.79 | 12.60 | 12.68 | 8.63 | 4.80 | 7.59 | 25.1 |\n"}
,{"stream_name":"stdout","time":39659.592779176,"data":"| drax/ref | ami | 400 | 4 | 12.63 | 12.55 | 12.34 | 12.28 | 12.39 | 10.07 | 7.75 | 8.15 | 7.2 |\n"}
,{"stream_name":"stdout","time":39659.592782353,"data":"| drax/main | common_voice | 318 | 16 | 23.00 | 15.92 | 14.70 | 14.34 | 14.48 | 10.48 | 7.47 | 9.80 | 24.6 |\n"}
,{"stream_name":"stdout","time":39659.592794023,"data":"| drax/ref | common_voice | 318 | 4 | 14.59 | 13.73 | 13.88 | 13.48 | 13.59 | 10.98 | 9.23 | 10.05 | 8.2 |\n"}
,{"stream_name":"stdout","time":39659.592796629,"data":"| drax/main | earnings22 | 400 | 16 | 39.56 | 26.67 | 23.18 | 22.46 | 22.60 | 18.46 | 9.33 | 13.95 | 33.5 |\n"}
,{"stream_name":"stdout","time":39659.592798938,"data":"| drax/ref | earnings22 | 400 | 4 | 21.03 | 19.98 | 20.10 | 20.03 | 20.18 | 17.57 | 12.58 | 13.24 | 10.1 |\n"}
,{"stream_name":"stdout","time":39659.592801407,"data":"| drax/main | fleurs-de | 200 | 16 | 13.41 | 10.26 | 8.95 | 8.17 | 8.13 | 6.55 | 4.39 | 6.32 | 14.1 |\n"}
,{"stream_name":"stdout","time":39659.592803697,"data":"| drax/ref | fleurs-de | 200 | 4 | 9.58 | 9.07 | 8.71 | 8.27 | 8.38 | 7.12 | 5.97 | 6.65 | 6.3 |\n"}
,{"stream_name":"stdout","time":39659.592806848,"data":"| drax/main | fleurs-en | 46 | 16 | 14.43 | 12.08 | 10.28 | 9.62 | 9.53 | 7.92 | 4.91 | 7.26 | 15.0 |\n"}
,{"stream_name":"stdout","time":39659.59282013,"data":"| drax/ref | fleurs-en | 46 | 4 | 10.66 | 10.09 | 9.25 | 9.91 | 10.09 | 8.11 | 6.04 | 6.60 | 4.7 |\n"}
,{"stream_name":"stdout","time":39659.592824382,"data":"| drax/main | fleurs-es | 200 | 16 | 11.01 | 8.38 | 7.55 | 7.39 | 7.47 | 6.07 | 3.40 | 5.18 | 10.9 |\n"}
,{"stream_name":"stdout","time":39659.592828599,"data":"| drax/ref | fleurs-es | 200 | 4 | 7.93 | 7.73 | 7.77 | 7.53 | 7.53 | 6.48 | 4.57 | 5.02 | 3.9 |\n"}
,{"stream_name":"stdout","time":39659.592832578,"data":"| drax/main | fleurs-fr | 74 | 16 | 15.83 | 12.94 | 11.70 | 11.27 | 11.27 | 8.80 | 5.53 | 7.89 | 13.8 |\n"}
,{"stream_name":"stdout","time":39659.592836416,"data":"| drax/ref | fleurs-fr | 74 | 4 | 12.35 | 12.24 | 11.43 | 11.38 | 11.49 | 9.98 | 7.35 | 8.59 | 5.6 |\n"}
,{"stream_name":"stdout","time":39659.59283995,"data":"| drax/main | fleurs-it | 200 | 16 | 10.99 | 7.86 | 6.73 | 6.39 | 6.45 | 4.82 | 3.22 | 4.52 | 11.9 |\n"}
,{"stream_name":"stdout","time":39659.592843406,"data":"| drax/ref | fleurs-it | 200 | 4 | 7.50 | 6.95 | 6.78 | 6.65 | 6.60 | 5.67 | 4.56 | 5.00 | 4.4 |\n"}
,{"stream_name":"stdout","time":39659.592848085,"data":"| drax/main | fleurs-pt | 200 | 16 | 19.21 | 14.69 | 12.75 | 11.89 | 11.95 | 10.51 | 5.11 | 9.18 | 19.8 |\n"}
,{"stream_name":"stdout","time":39659.592851612,"data":"| drax/ref | fleurs-pt | 200 | 4 | 13.24 | 12.93 | 12.47 | 12.02 | 12.23 | 10.58 | 7.10 | 8.23 | 7.4 |\n"}
,{"stream_name":"stdout","time":39659.592855147,"data":"| drax/main | gigaspeech | 400 | 16 | 19.94 | 14.57 | 14.04 | 13.29 | 13.36 | 10.26 | 6.46 | 9.07 | 20.8 |\n"}
,{"stream_name":"stdout","time":39659.592858621,"data":"| drax/ref | gigaspeech | 400 | 4 | 13.25 | 13.04 | 12.86 | 12.89 | 12.94 | 10.75 | 8.55 | 9.14 | 6.5 |\n"}
,{"stream_name":"stdout","time":39659.592862105,"data":"| drax/main | ls-tc-babble15 | 600 | 16 | 5.70 | 3.52 | 2.93 | 2.85 | 2.89 | 1.72 | 1.12 | 1.67 | 8.6 |\n"}
,{"stream_name":"stdout","time":39659.592865531,"data":"| drax/ref | ls-tc-babble15 | 600 | 4 | 3.15 | 3.01 | 2.90 | 2.85 | 2.86 | 2.27 | 1.97 | 2.10 | 2.0 |\n"}
,{"stream_name":"stdout","time":39659.592868985,"data":"| drax/main | ls-tc-babbleM5 | 600 | 16 | 106.23 | 98.61 | 92.73 | 90.54 | 90.57 | 85.64 | 78.00 | 79.93 | 94.1 |\n"}
,{"stream_name":"stdout","time":39659.592872528,"data":"| drax/ref | ls-tc-babbleM5 | 600 | 4 | 90.25 | 91.14 | 91.91 | 91.18 | 91.17 | 87.31 | 86.68 | 86.58 | 61.3 |\n"}
,{"stream_name":"stdout","time":39659.592890032,"data":"| drax/main | ls-tc-white0 | 600 | 16 | 25.44 | 19.75 | 17.64 | 15.68 | 15.73 | 14.77 | 8.27 | 14.00 | 32.0 |\n"}
,{"stream_name":"stdout","time":39659.59289486,"data":"| drax/ref | ls-tc-white0 | 600 | 4 | 16.32 | 15.68 | 15.38 | 15.18 | 15.19 | 13.31 | 11.38 | 12.61 | 10.4 |\n"}
,{"stream_name":"stdout","time":39659.592903452,"data":"| drax/main | ls-tc-white10 | 600 | 16 | 7.75 | 4.95 | 4.14 | 3.99 | 4.09 | 2.64 | 1.69 | 2.58 | 11.7 |\n"}
,{"stream_name":"stdout","time":39659.592907042,"data":"| drax/ref | ls-tc-white10 | 600 | 4 | 4.46 | 4.22 | 4.04 | 4.04 | 4.06 | 3.30 | 2.95 | 3.10 | 2.6 |\n"}
,{"stream_name":"stdout","time":39659.592910512,"data":"| drax/main | ls-test-clean | 400 | 16 | 5.16 | 3.13 | 2.46 | 2.39 | 2.46 | 1.54 | 1.03 | 1.50 | 8.0 |\n"}
,{"stream_name":"stdout","time":39659.592913932,"data":"| drax/ref | ls-test-clean | 400 | 4 | 2.62 | 2.64 | 2.48 | 2.49 | 2.49 | 1.85 | 1.68 | 1.77 | 1.9 |\n"}
,{"stream_name":"stdout","time":39659.592917542,"data":"| drax/main | ls-test-other | 400 | 16 | 10.08 | 6.86 | 6.02 | 5.66 | 5.75 | 3.99 | 2.38 | 3.81 | 14.6 |\n"}
,{"stream_name":"stdout","time":39659.592920956,"data":"| drax/ref | ls-test-other | 400 | 4 | 5.96 | 5.78 | 5.85 | 5.63 | 5.60 | 4.57 | 3.98 | 4.23 | 4.0 |\n"}
,{"stream_name":"stdout","time":39659.592924463,"data":"| drax/main | slr83 | 400 | 16 | 13.36 | 9.78 | 9.00 | 8.27 | 8.38 | 5.97 | 3.85 | 5.51 | 14.2 |\n"}
,{"stream_name":"stdout","time":39659.592927865,"data":"| drax/ref | slr83 | 400 | 4 | 9.32 | 8.63 | 8.54 | 8.56 | 8.67 | 7.18 | 5.86 | 6.43 | 4.1 |\n"}
,{"stream_name":"stdout","time":39659.592931422,"data":"| drax/main | spgispeech | 400 | 16 | 11.79 | 8.44 | 7.48 | 7.43 | 7.53 | 5.17 | 2.52 | 4.22 | 12.1 |\n"}
,{"stream_name":"stdout","time":39659.592934862,"data":"| drax/ref | spgispeech | 400 | 4 | 7.82 | 7.48 | 7.38 | 7.57 | 7.72 | 6.09 | 3.70 | 4.20 | 3.3 |\n"}
,{"stream_name":"stdout","time":39659.592938745,"data":"| drax/main | voxpopuli | 318 | 16 | 11.62 | 6.92 | 6.23 | 6.30 | 6.35 | 4.83 | 2.98 | 4.38 | 11.7 |\n"}
,{"stream_name":"stdout","time":39659.592942199,"data":"| drax/ref | voxpopuli | 318 | 4 | 6.73 | 6.57 | 6.45 | 6.52 | 6.52 | 5.67 | 4.26 | 4.47 | 2.2 |\n"}
,{"stream_name":"stdout","time":39659.592945796,"data":"| parakeet-ctc/greedy | ami | 400 | 1 | 17.13 | 17.13 | 17.13 | 17.13 | 17.13 | 17.13 |  |  | 0.0 |\n"}
,{"stream_name":"stdout","time":39659.592952152,"data":"| parakeet-ctc/sample | ami | 400 | 32 | 22.91 | 21.63 | 17.67 | 17.77 | 17.91 | 11.75 | 7.52 | 10.52 | 24.8 |\n"}
,{"stream_name":"stdout","time":39659.592954615,"data":"| parakeet-ctc/greedy | common_voice | 321 | 1 | 11.56 | 11.56 | 11.56 | 11.56 | 11.56 | 11.56 |  |  | 0.0 |\n"}
,{"stream_name":"stdout","time":39659.592957367,"data":"| parakeet-ctc/sample | common_voice | 321 | 32 | 13.60 | 12.09 | 11.63 | 11.35 | 11.28 | 8.77 | 6.94 | 8.10 | 9.6 |\n"}
,{"stream_name":"stdout","time":39659.5929714,"data":"| parakeet-ctc/greedy | earnings22 | 400 | 1 | 19.91 | 19.91 | 19.91 | 19.91 | 19.91 | 19.91 |  |  | 0.0 |\n"}
,{"stream_name":"stdout","time":39659.592975872,"data":"| parakeet-ctc/sample | earnings22 | 400 | 32 | 25.25 | 21.66 | 20.04 | 19.39 | 19.40 | 16.23 | 10.81 | 13.88 | 18.0 |\n"}
,{"stream_name":"stdout","time":39659.592979843,"data":"| parakeet-ctc/greedy | fleurs-en | 246 | 1 | 8.66 | 8.66 | 8.66 | 8.66 | 8.66 | 8.66 |  |  | 0.0 |\n"}
,{"stream_name":"stdout","time":39659.592984274,"data":"| parakeet-ctc/sample | fleurs-en | 246 | 32 | 10.06 | 9.61 | 8.59 | 8.45 | 8.50 | 6.53 | 3.91 | 5.18 | 5.3 |\n"}
,{"stream_name":"stdout","time":39659.59298842,"data":"| parakeet-ctc/greedy | ls-dev-other | 400 | 1 | 3.46 | 3.46 | 3.46 | 3.46 | 3.46 | 3.46 |  |  | 0.0 |\n"}
,{"stream_name":"stdout","time":39659.59299199,"data":"| parakeet-ctc/sample | ls-dev-other | 400 | 32 | 4.76 | 4.07 | 3.37 | 3.35 | 3.35 | 1.89 | 1.38 | 1.77 | 4.3 |\n"}
,{"stream_name":"stdout","time":39659.59299547,"data":"| parakeet-ctc/greedy | ls-tc-babble5 | 200 | 1 | 9.97 | 9.97 | 9.97 | 9.97 | 9.97 | 9.97 |  |  | 0.0 |\n"}
,{"stream_name":"stdout","time":39659.592998917,"data":"| parakeet-ctc/sample | ls-tc-babble5 | 200 | 32 | 13.17 | 11.00 | 10.02 | 9.92 | 9.89 | 7.41 | 5.48 | 6.92 | 15.4 |\n"}
,{"stream_name":"stdout","time":39659.593005883,"data":"| parakeet-ctc/greedy | ls-test-clean | 400 | 1 | 1.83 | 1.83 | 1.83 | 1.83 | 1.83 | 1.83 |  |  | 0.0 |\n"}
,{"stream_name":"stdout","time":39659.593015016,"data":"| parakeet-ctc/sample | ls-test-clean | 400 | 32 | 3.32 | 2.61 | 1.92 | 1.77 | 1.82 | 0.97 | 0.58 | 0.92 | 3.7 |\n"}
,{"stream_name":"stdout","time":39659.593018694,"data":"| parakeet-ctc/greedy | ls-test-other | 400 | 1 | 4.14 | 4.14 | 4.14 | 4.14 | 4.14 | 4.14 |  |  | 0.0 |\n"}
,{"stream_name":"stdout","time":39659.593022165,"data":"| parakeet-ctc/sample | ls-test-other | 400 | 32 | 5.76 | 4.60 | 4.07 | 3.93 | 3.95 | 2.36 | 1.74 | 2.26 | 5.5 |\n"}
,{"stream_name":"stdout","time":39659.593025637,"data":"| whisfusion/main | ami | 400 | 32 | 47.35 | 38.50 | 38.29 | 35.78 | 35.54 | 30.40 | 22.38 | 28.99 | 43.1 |\n"}
,{"stream_name":"stdout","time":39659.593029832,"data":"| whisfusion/main | common_voice | 318 | 32 | 41.85 | 34.23 | 33.08 | 30.65 | 30.65 | 26.32 | 19.17 | 23.82 | 35.3 |\n"}
,{"stream_name":"stdout","time":39659.593033378,"data":"| whisfusion/main | earnings22 | 400 | 32 | 46.32 | 37.84 | 35.76 | 33.01 | 33.02 | 29.97 | 17.78 | 26.73 | 39.1 |\n"}
,{"stream_name":"stdout","time":39659.593036866,"data":"| whisfusion/main | fleurs-en | 46 | 32 | 36.89 | 27.26 | 24.15 | 21.89 | 21.89 | 20.85 | 11.32 | 19.72 | 30.8 |\n"}
,{"stream_name":"stdout","time":39659.593040425,"data":"| whisfusion/main | gigaspeech | 400 | 32 | 31.94 | 24.92 | 23.08 | 20.97 | 20.99 | 18.83 | 11.14 | 17.55 | 30.3 |\n"}
,{"stream_name":"stdout","time":39659.593047429,"data":"| whisfusion/main | ls-tc-babble15 | 600 | 32 | 16.96 | 11.03 | 9.34 | 7.43 | 7.37 | 7.48 | 3.27 | 7.03 | 19.3 |\n"}
,{"stream_name":"stdout","time":39659.593050644,"data":"| whisfusion/main | ls-tc-babbleM5 | 600 | 32 | 106.40 | 102.96 | 98.42 | 90.85 | 90.83 | 90.18 | 73.08 | 72.38 | 75.4 |\n"}
,{"stream_name":"stdout","time":39659.593053464,"data":"| whisfusion/main | ls-tc-white0 | 600 | 32 | 48.61 | 41.48 | 39.24 | 35.46 | 35.44 | 34.26 | 22.36 | 32.11 | 43.8 |\n"}
,{"stream_name":"stdout","time":39659.593066029,"data":"| whisfusion/main | ls-tc-white10 | 600 | 32 | 20.66 | 14.49 | 12.99 | 11.04 | 11.03 | 10.18 | 5.23 | 9.87 | 22.0 |\n"}
,{"stream_name":"stdout","time":39659.593070341,"data":"| whisfusion/main | ls-test-clean | 400 | 32 | 12.37 | 7.99 | 6.76 | 5.41 | 5.40 | 4.88 | 2.34 | 4.70 | 13.9 |\n"}
,{"stream_name":"stdout","time":39659.59307444,"data":"| whisfusion/main | ls-test-other | 400 | 32 | 22.01 | 15.41 | 13.73 | 12.51 | 12.46 | 10.81 | 6.39 | 10.54 | 22.0 |\n"}
,{"stream_name":"stdout","time":39659.593078696,"data":"| whisfusion/main | slr83 | 400 | 32 | 30.59 | 23.66 | 21.75 | 20.44 | 20.27 | 17.04 | 10.43 | 15.66 | 28.6 |\n"}
,{"stream_name":"stdout","time":39659.593082661,"data":"| whisfusion/main | spgispeech | 400 | 32 | 26.90 | 19.87 | 17.95 | 15.50 | 15.46 | 14.92 | 6.32 | 13.44 | 27.4 |\n"}
,{"stream_name":"stdout","time":39659.593086137,"data":"| whisfusion/main | voxpopuli | 318 | 32 | 26.70 | 20.63 | 18.99 | 17.20 | 17.20 | 15.73 | 9.59 | 14.49 | 23.4 |\n"}
,{"stream_name":"stdout","time":39659.593089647,"data":"| whisper-small/beam | ami | 400 | 8 | 34.34 | 34.29 | 31.21 | 31.32 | 31.69 | 24.76 | 13.17 | 13.49 | 21.5 |\n"}
,{"stream_name":"stdout","time":39659.593093156,"data":"| whisper-small/greedy | ami | 400 | 1 | 21.92 | 21.92 | 21.92 | 21.92 | 21.92 | 21.92 |  |  | 0.0 |\n"}
,{"stream_name":"stdout","time":39659.593096638,"data":"| whisper-small/sample | ami | 400 | 16 | 23.45 | 24.04 | 22.08 | 21.79 | 22.03 | 14.67 | 12.98 | 13.89 | 16.1 |\n"}
,{"stream_name":"stdout","time":39659.593100142,"data":"| whisper-small/beam | common_voice | 321 | 8 | 21.11 | 20.75 | 20.89 | 20.65 | 20.79 | 15.61 | 9.23 | 9.97 | 12.5 |\n"}
,{"stream_name":"stdout","time":39659.593106883,"data":"| whisper-small/greedy | common_voice | 321 | 1 | 18.92 | 18.92 | 18.92 | 18.92 | 18.92 | 18.92 |  |  | 0.0 |\n"}
,{"stream_name":"stdout","time":39659.593110784,"data":"| whisper-small/sample | common_voice | 321 | 16 | 20.37 | 16.46 | 18.18 | 17.27 | 17.41 | 11.38 | 9.06 | 10.29 | 13.2 |\n"}
,{"stream_name":"stdout","time":39659.593114202,"data":"| whisper-small/beam | earnings22 | 400 | 8 | 16.70 | 16.64 | 16.40 | 16.28 | 16.24 | 12.52 | 9.46 | 9.92 | 9.5 |\n"}
,{"stream_name":"stdout","time":39659.593117683,"data":"| whisper-small/greedy | earnings22 | 400 | 1 | 15.44 | 15.44 | 15.44 | 15.44 | 15.44 | 15.44 |  |  | 0.0 |\n"}
,{"stream_name":"stdout","time":39659.59312117,"data":"| whisper-small/sample | earnings22 | 400 | 16 | 18.43 | 16.53 | 19.81 | 19.03 | 19.20 | 10.79 | 9.12 | 9.92 | 13.0 |\n"}
,{"stream_name":"stdout","time":39659.593124565,"data":"| whisper-small/beam | fleurs-en | 246 | 8 | 6.46 | 6.29 | 6.40 | 6.64 | 6.58 | 4.38 | 3.41 | 3.84 | 4.6 |\n"}
,{"stream_name":"stdout","time":39659.593127998,"data":"| whisper-small/greedy | fleurs-en | 246 | 1 | 7.32 | 7.32 | 7.32 | 7.32 | 7.32 | 7.32 |  |  | 0.0 |\n"}
,{"stream_name":"stdout","time":39659.593131423,"data":"| whisper-small/sample | fleurs-en | 246 | 16 | 7.93 | 6.60 | 7.25 | 6.96 | 7.08 | 4.23 | 3.07 | 3.89 | 4.9 |\n"}
,{"stream_name":"stdout","time":39659.593135088,"data":"| whisper-small/beam | ls-dev-other | 400 | 8 | 7.30 | 7.22 | 7.40 | 7.22 | 7.30 | 5.00 | 4.40 | 4.67 | 6.9 |\n"}
,{"stream_name":"stdout","time":39659.593141548,"data":"| whisper-small/greedy | ls-dev-other | 400 | 1 | 7.56 | 7.56 | 7.56 | 7.56 | 7.56 | 7.56 |  |  | 0.0 |\n"}
,{"stream_name":"stdout","time":39659.593143947,"data":"| whisper-small/sample | ls-dev-other | 400 | 16 | 8.44 | 8.90 | 8.06 | 7.74 | 7.90 | 4.50 | 3.66 | 4.30 | 7.2 |\n"}
,{"stream_name":"stdout","time":39659.593146734,"data":"| whisper-small/beam | ls-tc-babble5 | 200 | 8 | 12.78 | 13.04 | 12.63 | 12.65 | 12.68 | 9.81 | 8.83 | 9.38 | 9.4 |\n"}
,{"stream_name":"stdout","time":39659.593159278,"data":"| whisper-small/greedy | ls-tc-babble5 | 200 | 1 | 13.79 | 13.79 | 13.79 | 13.79 | 13.79 | 13.79 |  |  | 0.0 |\n"}
,{"stream_name":"stdout","time":39659.593163657,"data":"| whisper-small/sample | ls-tc-babble5 | 200 | 16 | 16.22 | 14.88 | 13.33 | 12.96 | 12.96 | 9.04 | 6.59 | 8.70 | 13.7 |\n"}
,{"stream_name":"stdout","time":39659.593167807,"data":"| whisper-small/beam | ls-test-clean | 400 | 8 | 3.92 | 4.11 | 4.01 | 3.92 | 3.96 | 2.37 | 2.16 | 2.26 | 4.6 |\n"}
,{"stream_name":"stdout","time":39659.593171817,"data":"| whisper-small/greedy | ls-test-clean | 400 | 1 | 4.14 | 4.14 | 4.14 | 4.14 | 4.14 | 4.14 |  |  | 0.0 |\n"}
,{"stream_name":"stdout","time":39659.593175767,"data":"| whisper-small/sample | ls-test-clean | 400 | 16 | 4.63 | 4.81 | 4.34 | 4.22 | 4.29 | 2.40 | 2.06 | 2.32 | 4.1 |\n"}
,{"stream_name":"stdout","time":39659.593179377,"data":"| whisper-small/beam | ls-test-other | 400 | 8 | 8.23 | 8.06 | 7.95 | 7.89 | 8.05 | 5.46 | 4.94 | 5.25 | 7.5 |\n"}
,{"stream_name":"stdout","time":39659.593182882,"data":"| whisper-small/greedy | ls-test-other | 400 | 1 | 8.90 | 8.90 | 8.90 | 8.90 | 8.90 | 8.90 |  |  | 0.0 |\n"}
,{"stream_name":"stdout","time":39659.593186372,"data":"| whisper-small/sample | ls-test-other | 400 | 16 | 10.13 | 8.94 | 8.85 | 8.64 | 8.71 | 5.26 | 4.41 | 5.08 | 7.8 |\n"}
,{"stream_name":"stdout","time":39659.59319029,"data":"| whisper-turbo/beam | ami | 400 | 8 | 33.11 | 46.20 | 33.32 | 33.46 | 33.75 | 25.46 | 12.10 | 12.58 | 21.1 |\n"}
,{"stream_name":"stdout","time":39659.593193814,"data":"| whisper-turbo/greedy | ami | 400 | 1 | 20.05 | 20.05 | 20.05 | 20.05 | 20.05 | 20.05 |  |  | 0.0 |\n"}
,{"stream_name":"stdout","time":39659.59319721,"data":"| whisper-turbo/sample | ami | 400 | 16 | 21.09 | 20.64 | 20.24 | 19.89 | 20.13 | 13.89 | 12.26 | 13.04 | 12.5 |\n"}
,{"stream_name":"stdout","time":39659.593203986,"data":"| whisper-turbo/beam | common_voice | 321 | 8 | 23.43 | 22.90 | 23.29 | 23.61 | 23.68 | 18.32 | 7.01 | 7.29 | 10.4 |\n"}
,{"stream_name":"stdout","time":39659.593207569,"data":"| whisper-turbo/greedy | common_voice | 321 | 1 | 13.39 | 13.39 | 13.39 | 13.39 | 13.39 | 13.39 |  |  | 0.0 |\n"}
,{"stream_name":"stdout","time":39659.593211067,"data":"| whisper-turbo/sample | common_voice | 321 | 16 | 14.02 | 12.76 | 13.11 | 12.79 | 12.79 | 8.25 | 6.62 | 7.33 | 8.0 |\n"}
,{"stream_name":"stdout","time":39659.593214685,"data":"| whisper-turbo/beam | earnings22 | 400 | 8 | 14.04 | 13.84 | 13.95 | 13.75 | 13.84 | 10.58 | 9.09 | 9.28 | 8.2 |\n"}
,{"stream_name":"stdout","time":39659.593218204,"data":"| whisper-turbo/greedy | earnings22 | 400 | 1 | 13.98 | 13.98 | 13.98 | 13.98 | 13.98 | 13.98 |  |  | 0.0 |\n"}
,{"stream_name":"stdout","time":39659.593221647,"data":"| whisper-turbo/sample | earnings22 | 400 | 16 | 14.81 | 13.87 | 14.48 | 14.34 | 14.37 | 10.62 | 9.08 | 9.46 | 6.0 |\n"}
,{"stream_name":"stdout","time":39659.593225085,"data":"| whisper-turbo/beam | fleurs-en | 246 | 8 | 4.95 | 4.95 | 4.95 | 4.93 | 5.02 | 3.16 | 2.65 | 2.85 | 4.0 |\n"}
,{"stream_name":"stdout","time":39659.593228642,"data":"| whisper-turbo/greedy | fleurs-en | 246 | 1 | 5.06 | 5.06 | 5.06 | 5.06 | 5.06 | 5.06 |  |  | 0.0 |\n"}
,{"stream_name":"stdout","time":39659.593235067,"data":"| whisper-turbo/sample | fleurs-en | 246 | 16 | 5.52 | 5.02 | 4.90 | 5.00 | 5.00 | 3.16 | 2.58 | 2.89 | 2.7 |\n"}
,{"stream_name":"stdout","time":39659.59323747,"data":"| whisper-turbo/beam | ls-dev-other | 400 | 8 | 4.13 | 4.51 | 4.16 | 4.19 | 4.14 | 2.41 | 2.14 | 2.29 | 5.8 |\n"}
,{"stream_name":"stdout","time":39659.593240372,"data":"| whisper-turbo/greedy | ls-dev-other | 400 | 1 | 4.10 | 4.10 | 4.10 | 4.10 | 4.10 | 4.10 |  |  | 0.0 |\n"}
,{"stream_name":"stdout","time":39659.59325274,"data":"| whisper-turbo/sample | ls-dev-other | 400 | 16 | 4.78 | 4.34 | 4.09 | 4.09 | 4.03 | 2.72 | 2.42 | 2.66 | 2.8 |\n"}
,{"stream_name":"stdout","time":39659.593257207,"data":"| whisper-turbo/beam | ls-tc-babble15 | 200 | 8 | 3.67 | 3.72 | 3.52 | 3.41 | 3.52 | 1.96 | 1.81 | 1.91 | 3.7 |\n"}
,{"stream_name":"stdout","time":39659.593261191,"data":"| whisper-turbo/greedy | ls-tc-babble15 | 200 | 1 | 3.41 | 3.41 | 3.41 | 3.41 | 3.41 | 3.41 |  |  | 0.0 |\n"}
,{"stream_name":"stdout","time":39659.593265032,"data":"| whisper-turbo/sample | ls-tc-babble15 | 200 | 16 | 3.83 | 3.57 | 3.49 | 3.54 | 3.52 | 2.27 | 2.09 | 2.22 | 2.3 |\n"}
,{"stream_name":"stdout","time":39659.593269103,"data":"| whisper-turbo/beam | ls-tc-babble5 | 200 | 8 | 7.00 | 6.95 | 6.95 | 7.00 | 7.05 | 4.52 | 4.16 | 4.44 | 7.1 |\n"}
,{"stream_name":"stdout","time":39659.593273625,"data":"| whisper-turbo/greedy | ls-tc-babble5 | 200 | 1 | 7.33 | 7.33 | 7.33 | 7.33 | 7.33 | 7.33 |  |  | 0.0 |\n"}
,{"stream_name":"stdout","time":39659.593277252,"data":"| whisper-turbo/sample | ls-tc-babble5 | 200 | 16 | 7.83 | 6.90 | 7.05 | 6.87 | 6.92 | 4.67 | 3.95 | 4.49 | 5.8 |\n"}
,{"stream_name":"stdout","time":39659.593280717,"data":"| whisper-turbo/beam | ls-tc-babbleM5 | 200 | 8 | 403.62 | 401.29 | 394.34 | 396.23 | 396.12 | 369.32 | 76.89 | 75.06 | 18.2 |\n"}
,{"stream_name":"stdout","time":39659.593284278,"data":"| whisper-turbo/greedy | ls-tc-babbleM5 | 200 | 1 | 158.05 | 158.05 | 158.05 | 158.05 | 158.05 | 158.05 |  |  | 0.0 |\n"}
,{"stream_name":"stdout","time":39659.59328773,"data":"| whisper-turbo/sample | ls-tc-babbleM5 | 200 | 16 | 105.09 | 194.06 | 89.79 | 88.14 | 88.11 | 78.03 | 70.61 | 72.34 | 72.7 |\n"}
,{"stream_name":"stdout","time":39659.59329128,"data":"| whisper-turbo/beam | ls-tc-white0 | 200 | 8 | 11.73 | 12.20 | 11.86 | 11.79 | 11.99 | 9.20 | 8.17 | 8.58 | 8.9 |\n"}
,{"stream_name":"stdout","time":39659.593298525,"data":"| whisper-turbo/greedy | ls-tc-white0 | 200 | 1 | 12.54 | 12.54 | 12.54 | 12.54 | 12.54 | 12.54 |  |  | 0.0 |\n"}
,{"stream_name":"stdout","time":39659.593302092,"data":"| whisper-turbo/sample | ls-tc-white0 | 200 | 16 | 13.85 | 12.66 | 12.87 | 12.51 | 12.51 | 8.56 | 6.72 | 8.25 | 10.3 |\n"}
,{"stream_name":"stdout","time":39659.593305616,"data":"| whisper-turbo/beam | ls-tc-white10 | 200 | 8 | 4.42 | 4.63 | 4.34 | 4.42 | 4.50 | 2.43 | 2.27 | 2.38 | 4.7 |\n"}
,{"stream_name":"stdout","time":39659.59330912,"data":"| whisper-turbo/greedy | ls-tc-white10 | 200 | 1 | 4.16 | 4.16 | 4.16 | 4.16 | 4.16 | 4.16 |  |  | 0.0 |\n"}
,{"stream_name":"stdout","time":39659.593312565,"data":"| whisper-turbo/sample | ls-tc-white10 | 200 | 16 | 4.57 | 5.94 | 4.14 | 4.14 | 4.14 | 2.51 | 2.27 | 2.43 | 3.1 |\n"}
,{"stream_name":"stdout","time":39659.593316141,"data":"| whisper-turbo/beam | ls-test-clean | 400 | 8 | 3.02 | 3.00 | 3.02 | 2.97 | 2.99 | 1.44 | 1.36 | 1.40 | 4.6 |\n"}
,{"stream_name":"stdout","time":39659.593319743,"data":"| whisper-turbo/greedy | ls-test-clean | 400 | 1 | 3.02 | 3.02 | 3.02 | 3.02 | 3.02 | 3.02 |  |  | 0.0 |\n"}
,{"stream_name":"stdout","time":39659.593323241,"data":"| whisper-turbo/sample | ls-test-clean | 400 | 16 | 3.31 | 2.99 | 3.55 | 3.56 | 3.60 | 1.72 | 1.55 | 1.64 | 2.1 |\n"}
,{"stream_name":"stdout","time":39659.59332672,"data":"| whisper-turbo/beam | ls-test-other | 400 | 8 | 5.30 | 5.37 | 5.43 | 5.36 | 5.39 | 2.91 | 2.66 | 2.81 | 6.7 |\n"}
,{"stream_name":"stdout","time":39659.593333368,"data":"| whisper-turbo/greedy | ls-test-other | 400 | 1 | 5.22 | 5.22 | 5.22 | 5.22 | 5.22 | 5.22 |  |  | 0.0 |\n"}
,{"stream_name":"stdout","time":39659.593336277,"data":"| whisper-turbo/sample | ls-test-other | 400 | 16 | 5.88 | 5.19 | 5.11 | 5.19 | 5.20 | 3.22 | 2.86 | 3.17 | 3.7 |\n"}
,{"stream_name":"stdout","time":39659.593338616,"data":"\n"}
,{"stream_name":"stdout","time":39659.593350487,"data":"## ROVER-cg against the best selection, paired bootstrap (main arm, largest K)\n"}
,{"stream_name":"stdout","time":39659.593354713,"data":"\n"}
,{"stream_name":"stdout","time":39659.59335844,"data":"| model | set | vs | delta | 95% CI | cluster CI | Wilcoxon p | better/worse/tied |\n"}
,{"stream_name":"stdout","time":39659.593362137,"data":"|---|---|---|---|---|---|---|---|\n"}
,{"stream_name":"stdout","time":39659.593366367,"data":"| drax/main | ami | conf | +1.44 | [+0.63, +2.27] | [0.45, 2.45] | 0.0012 | 76/41/283 |\n"}
,{"stream_name":"stdout","time":39659.593369933,"data":"| drax/main | ami | mbr | +0.11 | [-0.33, +0.52] | [-0.22, 0.41] | 0.5700 | 22/23/355 |\n"}
,{"stream_name":"stdout","time":39659.593373287,"data":"| drax/ref | ami | conf | +0.16 | [-0.30, +0.64] | [-0.36, 0.67] | 0.6000 | 26/25/349 |\n"}
,{"stream_name":"stdout","time":39659.593376655,"data":"| drax/ref | ami | mbr | -0.05 | [-0.45, +0.37] | [-0.41, 0.25] | 0.7009 | 22/26/352 |\n"}
,{"stream_name":"stdout","time":39659.593380084,"data":"| drax/main | common_voice | conf | +1.43 | [+0.56, +2.35] | [, ] | 0.0020 | 53/32/233 |\n"}
,{"stream_name":"stdout","time":39659.593383561,"data":"| drax/main | common_voice | mbr | +0.21 | [-0.40, +0.86] | [, ] | 0.5273 | 28/28/262 |\n"}
,{"stream_name":"stdout","time":39659.593386905,"data":"| drax/ref | common_voice | conf | +0.14 | [-0.56, +0.81] | [, ] | 0.5855 | 21/20/277 |\n"}
,{"stream_name":"stdout","time":39659.593390345,"data":"| drax/ref | common_voice | mbr | +0.29 | [-0.15, +0.74] | [, ] | 0.2103 | 19/14/285 |\n"}
,{"stream_name":"stdout","time":39659.59339372,"data":"| drax/main | earnings22 | conf | +4.07 | [+2.21, +6.59] | [2.35, 5.77] | 0.0000 | 141/76/183 |\n"}
,{"stream_name":"stdout","time":39659.593397118,"data":"| drax/main | earnings22 | mbr | +0.58 | [+0.12, +1.04] | [0.22, 1.12] | 0.0113 | 89/66/245 |\n"}
,{"stream_name":"stdout","time":39659.593403572,"data":"| drax/ref | earnings22 | conf | -0.19 | [-0.76, +0.38] | [-1.14, 0.51] | 0.9183 | 68/63/269 |\n"}
,{"stream_name":"stdout","time":39659.593407117,"data":"| drax/ref | earnings22 | mbr | -0.07 | [-0.39, +0.22] | [-0.46, 0.12] | 0.6504 | 40/46/314 |\n"}
,{"stream_name":"stdout","time":39659.593410542,"data":"| drax/main | fleurs-de | conf | +2.14 | [+1.53, +2.81] | [1.49, 2.79] | 0.0000 | 74/13/113 |\n"}
,{"stream_name":"stdout","time":39659.593414005,"data":"| drax/main | fleurs-de | mbr | +0.82 | [+0.43, +1.25] | [0.37, 1.27] | 0.0002 | 41/12/147 |\n"}
,{"stream_name":"stdout","time":39659.593417372,"data":"| drax/ref | fleurs-de | conf | +0.68 | [+0.24, +1.15] | [0.22, 1.15] | 0.0043 | 42/22/136 |\n"}
,{"stream_name":"stdout","time":39659.593421023,"data":"| drax/ref | fleurs-de | mbr | +0.33 | [+0.02, +0.64] | [0.02, 0.64] | 0.0387 | 26/14/160 |\n"}
,{"stream_name":"stdout","time":39659.593427622,"data":"| drax/main | fleurs-en | conf | +2.55 | [+1.14, +4.07] | [1.20, 4.15] | 0.0016 | 20/4/22 |\n"}
,{"stream_name":"stdout","time":39659.593430067,"data":"| drax/main | fleurs-en | mbr | +0.75 | [+0.10, +1.43] | [0.10, 1.36] | 0.0325 | 11/3/32 |\n"}
,{"stream_name":"stdout","time":39659.593432782,"data":"| drax/ref | fleurs-en | conf | +0.00 | [-0.85, +0.81] | [-0.82, 0.82] | 0.9629 | 5/6/35 |\n"}
,{"stream_name":"stdout","time":39659.59344601,"data":"| drax/ref | fleurs-en | mbr | -0.85 | [-1.61, +0.00] | [-1.64, -0.09] | 0.0578 | 2/10/34 |\n"}
,{"stream_name":"stdout","time":39659.593450126,"data":"| drax/main | fleurs-es | conf | +0.91 | [+0.41, +1.46] | [0.42, 1.46] | 0.0010 | 46/22/132 |\n"}
,{"stream_name":"stdout","time":39659.593454503,"data":"| drax/main | fleurs-es | mbr | +0.08 | [-0.16, +0.31] | [-0.15, 0.32] | 0.5136 | 16/13/171 |\n"}
,{"stream_name":"stdout","time":39659.593458824,"data":"| drax/ref | fleurs-es | conf | +0.20 | [-0.08, +0.48] | [-0.08, 0.48] | 0.1508 | 21/16/163 |\n"}
,{"stream_name":"stdout","time":39659.593462831,"data":"| drax/ref | fleurs-es | mbr | +0.24 | [+0.00, +0.47] | [0.02, 0.50] | 0.0466 | 15/7/178 |\n"}
,{"stream_name":"stdout","time":39659.593466328,"data":"| drax/main | fleurs-fr | conf | +1.66 | [+0.67, +2.73] | [0.62, 2.68] | 0.0026 | 26/7/41 |\n"}
,{"stream_name":"stdout","time":39659.59346975,"data":"| drax/main | fleurs-fr | mbr | +0.43 | [-0.11, +0.96] | [-0.06, 0.94] | 0.1102 | 11/6/57 |\n"}
,{"stream_name":"stdout","time":39659.593473123,"data":"| drax/ref | fleurs-fr | conf | +0.75 | [-0.16, +1.70] | [-0.16, 1.80] | 0.2442 | 14/10/50 |\n"}
,{"stream_name":"stdout","time":39659.593476537,"data":"| drax/ref | fleurs-fr | mbr | -0.05 | [-0.49, +0.35] | [-0.44, 0.33] | 0.7963 | 6/6/62 |\n"}
,{"stream_name":"stdout","time":39659.593479922,"data":"| drax/main | fleurs-it | conf | +1.41 | [+0.89, +1.95] | [0.86, 2.00] | 0.0000 | 55/13/132 |\n"}
,{"stream_name":"stdout","time":39659.593483329,"data":"| drax/main | fleurs-it | mbr | +0.28 | [-0.02, +0.59] | [0.00, 0.59] | 0.0781 | 25/15/160 |\n"}
,{"stream_name":"stdout","time":39659.593486697,"data":"| drax/ref | fleurs-it | conf | +0.35 | [-0.07, +0.74] | [-0.09, 0.74] | 0.0416 | 35/18/147 |\n"}
,{"stream_name":"stdout","time":39659.593490104,"data":"| drax/ref | fleurs-it | mbr | +0.17 | [-0.11, +0.45] | [-0.13, 0.47] | 0.2269 | 19/11/170 |\n"}
,{"stream_name":"stdout","time":39659.593493525,"data":"| drax/main | fleurs-pt | conf | +2.73 | [+1.97, +3.50] | [2.01, 3.41] | 0.0000 | 90/22/88 |\n"}
,{"stream_name":"stdout","time":39659.593496915,"data":"| drax/main | fleurs-pt | mbr | +0.79 | [+0.32, +1.26] | [0.32, 1.27] | 0.0014 | 43/19/138 |\n"}
,{"stream_name":"stdout","time":39659.59350033,"data":"| drax/ref | fleurs-pt | conf | +0.70 | [+0.24, +1.17] | [0.21, 1.19] | 0.0025 | 46/24/130 |\n"}
,{"stream_name":"stdout","time":39659.593506833,"data":"| drax/ref | fleurs-pt | mbr | +0.25 | [-0.13, +0.63] | [-0.13, 0.68] | 0.1936 | 33/25/142 |\n"}
,{"stream_name":"stdout","time":39659.593510373,"data":"| drax/main | gigaspeech | conf | +1.21 | [+0.25, +2.42] | [0.31, 2.50] | 0.0003 | 106/51/243 |\n"}
,{"stream_name":"stdout","time":39659.59351386,"data":"| drax/main | gigaspeech | mbr | +0.68 | [+0.33, +1.08] | [0.28, 1.11] | 0.0002 | 63/27/310 |\n"}
,{"stream_name":"stdout","time":39659.593517472,"data":"| drax/ref | gigaspeech | conf | +0.10 | [-0.27, +0.46] | [-0.27, 0.47] | 0.5511 | 53/42/305 |\n"}
,{"stream_name":"stdout","time":39659.593523802,"data":"| drax/ref | gigaspeech | mbr | -0.08 | [-0.39, +0.23] | [-0.42, 0.27] | 0.7758 | 41/40/319 |\n"}
,{"stream_name":"stdout","time":39659.593526144,"data":"| drax/main | ls-tc-babble15 | conf | +0.62 | [+0.38, +0.87] | [0.36, 0.89] | 0.0000 | 87/35/478 |\n"}
,{"stream_name":"stdout","time":39659.593529137,"data":"| drax/main | ls-tc-babble15 | mbr | +0.03 | [-0.08, +0.15] | [-0.07, 0.13] | 0.5637 | 24/21/555 |\n"}
,{"stream_name":"stdout","time":39659.593542322,"data":"| drax/ref | ls-tc-babble15 | conf | +0.15 | [-0.02, +0.33] | [-0.02, 0.35] | 0.1067 | 37/28/535 |\n"}
,{"stream_name":"stdout","time":39659.593546386,"data":"| drax/ref | ls-tc-babble15 | mbr | +0.04 | [-0.09, +0.17] | [-0.08, 0.15] | 0.4967 | 21/18/561 |\n"}
,{"stream_name":"stdout","time":39659.593550353,"data":"| drax/main | ls-tc-babbleM5 | conf | +8.04 | [+6.35, +9.84] | [6.25, 9.95] | 0.0000 | 250/76/274 |\n"}
,{"stream_name":"stdout","time":39659.593554757,"data":"| drax/main | ls-tc-babbleM5 | mbr | +2.16 | [+1.81, +2.50] | [1.72, 2.60] | 0.0000 | 224/47/329 |\n"}
,{"stream_name":"stdout","time":39659.593558462,"data":"| drax/ref | ls-tc-babbleM5 | conf | -0.03 | [-0.45, +0.37] | [-0.44, 0.37] | 0.2307 | 96/62/442 |\n"}
,{"stream_name":"stdout","time":39659.593561941,"data":"| drax/ref | ls-tc-babbleM5 | mbr | +0.75 | [+0.54, +0.95] | [0.53, 0.99] | 0.0000 | 92/18/490 |\n"}
,{"stream_name":"stdout","time":39659.593565344,"data":"| drax/main | ls-tc-white0 | conf | +4.02 | [+3.40, +4.63] | [3.29, 4.76] | 0.0000 | 275/69/256 |\n"}
,{"stream_name":"stdout","time":39659.593568725,"data":"| drax/main | ls-tc-white0 | mbr | +1.91 | [+1.53, +2.30] | [1.43, 2.39] | 0.0000 | 163/46/391 |\n"}
,{"stream_name":"stdout","time":39659.593572101,"data":"| drax/ref | ls-tc-white0 | conf | +0.50 | [+0.21, +0.79] | [0.17, 0.84] | 0.0020 | 106/75/419 |\n"}
,{"stream_name":"stdout","time":39659.593575506,"data":"| drax/ref | ls-tc-white0 | mbr | +0.19 | [-0.04, +0.44] | [-0.06, 0.44] | 0.1533 | 67/60/473 |\n"}
,{"stream_name":"stdout","time":39659.593578922,"data":"| drax/main | ls-tc-white10 | conf | +0.86 | [+0.57, +1.14] | [0.55, 1.17] | 0.0000 | 116/41/443 |\n"}
,{"stream_name":"stdout","time":39659.593582407,"data":"| drax/main | ls-tc-white10 | mbr | +0.05 | [-0.11, +0.21] | [-0.10, 0.20] | 0.8020 | 30/27/543 |\n"}
,{"stream_name":"stdout","time":39659.593588553,"data":"| drax/ref | ls-tc-white10 | conf | +0.16 | [-0.03, +0.34] | [0.00, 0.33] | 0.0809 | 40/29/531 |\n"}
,{"stream_name":"stdout","time":39659.593592039,"data":"| drax/ref | ls-tc-white10 | mbr | -0.03 | [-0.16, +0.10] | [-0.15, 0.11] | 0.6158 | 21/24/555 |\n"}
,{"stream_name":"stdout","time":39659.593595494,"data":"| drax/main | ls-test-clean | conf | +0.67 | [+0.42, +0.94] | [0.42, 0.93] | 0.0000 | 61/16/323 |\n"}
,{"stream_name":"stdout","time":39659.593599183,"data":"| drax/main | ls-test-clean | mbr | +0.00 | [-0.14, +0.15] | [-0.13, 0.13] | 1.0000 | 15/15/370 |\n"}
,{"stream_name":"stdout","time":39659.593602713,"data":"| drax/ref | ls-test-clean | conf | +0.15 | [-0.04, +0.35] | [-0.03, 0.36] | 0.0937 | 25/14/361 |\n"}
,{"stream_name":"stdout","time":39659.593606093,"data":"| drax/ref | ls-test-clean | mbr | -0.01 | [-0.21, +0.18] | [-0.18, 0.17] | 0.9138 | 16/14/370 |\n"}
,{"stream_name":"stdout","time":39659.593616417,"data":"| drax/main | ls-test-other | conf | +1.11 | [+0.66, +1.60] | [0.60, 1.65] | 0.0000 | 72/33/295 |\n"}
,{"stream_name":"stdout","time":39659.593619105,"data":"| drax/main | ls-test-other | mbr | +0.27 | [+0.03, +0.51] | [0.04, 0.52] | 0.0297 | 31/20/349 |\n"}
,{"stream_name":"stdout","time":39659.593621908,"data":"| drax/ref | ls-test-other | conf | +0.18 | [-0.08, +0.44] | [-0.08, 0.44] | 0.2179 | 28/21/351 |\n"}
,{"stream_name":"stdout","time":39659.593634792,"data":"| drax/ref | ls-test-other | mbr | +0.25 | [+0.04, +0.46] | [0.04, 0.50] | 0.0234 | 24/11/365 |\n"}
,{"stream_name":"stdout","time":39659.593638929,"data":"| drax/main | slr83 | conf | +1.40 | [+0.85, +1.95] | [0.74, 2.09] | 0.0000 | 73/30/297 |\n"}
,{"stream_name":"stdout","time":39659.593643033,"data":"| drax/main | slr83 | mbr | +0.61 | [+0.26, +0.97] | [0.23, 1.07] | 0.0008 | 41/19/340 |\n"}
,{"stream_name":"stdout","time":39659.593647279,"data":"| drax/ref | slr83 | conf | -0.04 | [-0.46, +0.36] | [-0.45, 0.34] | 0.8286 | 27/25/348 |\n"}
,{"stream_name":"stdout","time":39659.593650958,"data":"| drax/ref | slr83 | mbr | -0.13 | [-0.38, +0.13] | [-0.37, 0.11] | 0.3150 | 14/21/365 |\n"}
,{"stream_name":"stdout","time":39659.593654307,"data":"| drax/main | spgispeech | conf | +0.92 | [+0.47, +1.37] | [0.48, 1.35] | 0.0003 | 102/60/238 |\n"}
,{"stream_name":"stdout","time":39659.593657692,"data":"| drax/main | spgispeech | mbr | -0.05 | [-0.29, +0.19] | [-0.29, 0.18] | 0.6321 | 35/42/323 |\n"}
,{"stream_name":"stdout","time":39659.593661148,"data":"| drax/ref | spgispeech | conf | -0.24 | [-0.61, +0.09] | [-0.63, 0.09] | 0.2652 | 46/63/291 |\n"}
,{"stream_name":"stdout","time":39659.593664585,"data":"| drax/ref | spgispeech | mbr | -0.34 | [-0.51, -0.15] | [-0.52, -0.16] | 0.0004 | 20/53/327 |\n"}
,{"stream_name":"stdout","time":39659.593667992,"data":"| drax/main | voxpopuli | conf | +0.57 | [+0.19, +0.96] | [0.18, 0.96] | 0.0055 | 56/29/233 |\n"}
,{"stream_name":"stdout","time":39659.593671388,"data":"| drax/main | voxpopuli | mbr | -0.12 | [-0.31, +0.07] | [-0.30, 0.05] | 0.1936 | 11/18/289 |\n"}
,{"stream_name":"stdout","time":39659.593674762,"data":"| drax/ref | voxpopuli | conf | +0.05 | [-0.18, +0.29] | [-0.16, 0.28] | 0.6648 | 21/19/278 |\n"}
,{"stream_name":"stdout","time":39659.593678149,"data":"| drax/ref | voxpopuli | mbr | -0.07 | [-0.27, +0.12] | [-0.25, 0.12] | 0.4730 | 12/14/292 |\n"}
,{"stream_name":"stdout","time":39659.593681568,"data":"| parakeet-ctc/greedy | ami | conf | +0.00 | [+0.00, +0.00] | [0.00, 0.00] | 1.0000 | 0/0/400 |\n"}
,{"stream_name":"stdout","time":39659.593684983,"data":"| parakeet-ctc/greedy | ami | mbr | +0.00 | [+0.00, +0.00] | [0.00, 0.00] | 1.0000 | 0/0/400 |\n"}
,{"stream_name":"stdout","time":39659.593688433,"data":"| parakeet-ctc/sample | ami | conf | +3.72 | [+2.90, +4.51] | [2.79, 4.39] | 0.0000 | 118/24/258 |\n"}
,{"stream_name":"stdout","time":39659.59369187,"data":"| parakeet-ctc/sample | ami | mbr | -0.24 | [-0.66, +0.19] | [-0.62, 0.10] | 0.2517 | 19/27/354 |\n"}
,{"stream_name":"stdout","time":39659.593695307,"data":"| parakeet-ctc/greedy | common_voice | conf | +0.00 | [+0.00, +0.00] | [, ] | 1.0000 | 0/0/321 |\n"}
,{"stream_name":"stdout","time":39659.593698769,"data":"| parakeet-ctc/greedy | common_voice | mbr | +0.00 | [+0.00, +0.00] | [, ] | 1.0000 | 0/0/321 |\n"}
,{"stream_name":"stdout","time":39659.593702275,"data":"| parakeet-ctc/sample | common_voice | conf | +0.81 | [+0.32, +1.31] | [, ] | 0.0013 | 35/13/273 |\n"}
,{"stream_name":"stdout","time":39659.59370887,"data":"| parakeet-ctc/sample | common_voice | mbr | +0.35 | [+0.07, +0.67] | [, ] | 0.0253 | 13/4/304 |\n"}
,{"stream_name":"stdout","time":39659.593711391,"data":"| parakeet-ctc/greedy | earnings22 | conf | +0.00 | [+0.00, +0.00] | [0.00, 0.00] | 1.0000 | 0/0/400 |\n"}
,{"stream_name":"stdout","time":39659.593727402,"data":"| parakeet-ctc/greedy | earnings22 | mbr | +0.00 | [+0.00, +0.00] | [0.00, 0.00] | 1.0000 | 0/0/400 |\n"}
,{"stream_name":"stdout","time":39659.593732053,"data":"| parakeet-ctc/sample | earnings22 | conf | +2.26 | [+1.77, +2.79] | [1.77, 2.71] | 0.0000 | 145/42/213 |\n"}
,{"stream_name":"stdout","time":39659.593736171,"data":"| parakeet-ctc/sample | earnings22 | mbr | +0.64 | [+0.32, +0.96] | [0.40, 1.00] | 0.0002 | 58/24/318 |\n"}
,{"stream_name":"stdout","time":39659.593740788,"data":"| parakeet-ctc/greedy | fleurs-en | conf | +0.00 | [+0.00, +0.00] | [0.00, 0.00] | 1.0000 | 0/0/246 |\n"}
,{"stream_name":"stdout","time":39659.593744668,"data":"| parakeet-ctc/greedy | fleurs-en | mbr | +0.00 | [+0.00, +0.00] | [0.00, 0.00] | 1.0000 | 0/0/246 |\n"}
,{"stream_name":"stdout","time":39659.593748163,"data":"| parakeet-ctc/sample | fleurs-en | conf | +1.11 | [+0.77, +1.48] | [0.76, 1.47] | 0.0000 | 60/9/177 |\n"}
,{"stream_name":"stdout","time":39659.593751611,"data":"| parakeet-ctc/sample | fleurs-en | mbr | +0.09 | [-0.09, +0.28] | [-0.10, 0.28] | 0.3532 | 17/12/217 |\n"}
,{"stream_name":"stdout","time":39659.593755012,"data":"| parakeet-ctc/greedy | ls-dev-other | conf | +0.00 | [+0.00, +0.00] | [0.00, 0.00] | 1.0000 | 0/0/400 |\n"}
,{"stream_name":"stdout","time":39659.59375847,"data":"| parakeet-ctc/greedy | ls-dev-other | mbr | +0.00 | [+0.00, +0.00] | [0.00, 0.00] | 1.0000 | 0/0/400 |\n"}
,{"stream_name":"stdout","time":39659.593761892,"data":"| parakeet-ctc/sample | ls-dev-other | conf | +0.73 | [+0.47, +1.02] | [0.44, 1.02] | 0.0000 | 56/12/332 |\n"}
,{"stream_name":"stdout","time":39659.593765295,"data":"| parakeet-ctc/sample | ls-dev-other | mbr | +0.03 | [-0.07, +0.13] | [-0.08, 0.16] | 0.5637 | 7/5/388 |\n"}
,{"stream_name":"stdout","time":39659.593768778,"data":"| parakeet-ctc/greedy | ls-tc-babble5 | conf | +0.00 | [+0.00, +0.00] | [0.00, 0.00] | 1.0000 | 0/0/200 |\n"}
,{"stream_name":"stdout","time":39659.593773632,"data":"| parakeet-ctc/greedy | ls-tc-babble5 | mbr | +0.00 | [+0.00, +0.00] | [0.00, 0.00] | 1.0000 | 0/0/200 |\n"}
,{"stream_name":"stdout","time":39659.593777086,"data":"| parakeet-ctc/sample | ls-tc-babble5 | conf | +1.11 | [+0.66, +1.62] | [0.69, 1.59] | 0.0000 | 50/16/134 |\n"}
,{"stream_name":"stdout","time":39659.593780562,"data":"| parakeet-ctc/sample | ls-tc-babble5 | mbr | +0.13 | [-0.24, +0.52] | [-0.21, 0.47] | 0.4967 | 21/18/161 |\n"}
,{"stream_name":"stdout","time":39659.593784038,"data":"| parakeet-ctc/greedy | ls-test-clean | conf | +0.00 | [+0.00, +0.00] | [0.00, 0.00] | 1.0000 | 0/0/400 |\n"}
,{"stream_name":"stdout","time":39659.593787639,"data":"| parakeet-ctc/greedy | ls-test-clean | mbr | +0.00 | [+0.00, +0.00] | [0.00, 0.00] | 1.0000 | 0/0/400 |\n"}
,{"stream_name":"stdout","time":39659.593791234,"data":"| parakeet-ctc/sample | ls-test-clean | conf | +0.80 | [+0.52, +1.09] | [0.45, 1.17] | 0.0000 | 58/11/331 |\n"}
,{"stream_name":"stdout","time":39659.593794693,"data":"| parakeet-ctc/sample | ls-test-clean | mbr | +0.10 | [-0.05, +0.26] | [-0.07, 0.28] | 0.2071 | 16/11/373 |\n"}
,{"stream_name":"stdout","time":39659.593801553,"data":"| parakeet-ctc/greedy | ls-test-other | conf | +0.00 | [+0.00, +0.00] | [0.00, 0.00] | 1.0000 | 0/0/400 |\n"}
,{"stream_name":"stdout","time":39659.593804565,"data":"| parakeet-ctc/greedy | ls-test-other | mbr | +0.00 | [+0.00, +0.00] | [0.00, 0.00] | 1.0000 | 0/0/400 |\n"}
,{"stream_name":"stdout","time":39659.593806962,"data":"| parakeet-ctc/sample | ls-test-other | conf | +0.65 | [+0.42, +0.89] | [0.41, 0.89] | 0.0000 | 55/12/333 |\n"}
,{"stream_name":"stdout","time":39659.593819151,"data":"| parakeet-ctc/sample | ls-test-other | mbr | +0.13 | [-0.03, +0.28] | [-0.03, 0.30] | 0.1060 | 18/10/372 |\n"}
,{"stream_name":"stdout","time":39659.593826773,"data":"| whisfusion/main | ami | conf | +2.96 | [+1.90, +3.96] | [2.11, 3.79] | 0.0000 | 117/52/231 |\n"}
,{"stream_name":"stdout","time":39659.593831081,"data":"| whisfusion/main | ami | mbr | +2.74 | [+2.01, +3.45] | [2.23, 3.24] | 0.0000 | 89/15/296 |\n"}
,{"stream_name":"stdout","time":39659.593835256,"data":"| whisfusion/main | common_voice | conf | +3.58 | [+2.45, +4.73] | [, ] | 0.0000 | 90/37/191 |\n"}
,{"stream_name":"stdout","time":39659.593838716,"data":"| whisfusion/main | common_voice | mbr | +2.43 | [+1.71, +3.23] | [, ] | 0.0000 | 61/12/245 |\n"}
,{"stream_name":"stdout","time":39659.593842215,"data":"| whisfusion/main | earnings22 | conf | +4.82 | [+3.91, +5.72] | [3.75, 5.69] | 0.0000 | 199/52/149 |\n"}
,{"stream_name":"stdout","time":39659.593846126,"data":"| whisfusion/main | earnings22 | mbr | +2.74 | [+2.21, +3.26] | [2.36, 3.38] | 0.0000 | 150/26/224 |\n"}
,{"stream_name":"stdout","time":39659.593849646,"data":"| whisfusion/main | fleurs-en | conf | +5.38 | [+3.53, +7.55] | [3.33, 7.62] | 0.0000 | 31/2/13 |\n"}
,{"stream_name":"stdout","time":39659.593853132,"data":"| whisfusion/main | fleurs-en | mbr | +2.26 | [+1.07, +3.51] | [1.04, 3.50] | 0.0016 | 18/2/26 |\n"}
,{"stream_name":"stdout","time":39659.593856596,"data":"| whisfusion/main | gigaspeech | conf | +3.93 | [+3.26, +4.57] | [3.21, 4.69] | 0.0000 | 186/42/172 |\n"}
,{"stream_name":"stdout","time":39659.593860972,"data":"| whisfusion/main | gigaspeech | mbr | +2.09 | [+1.62, +2.56] | [1.51, 2.71] | 0.0000 | 124/30/246 |\n"}
,{"stream_name":"stdout","time":39659.593864476,"data":"| whisfusion/main | ls-tc-babble15 | conf | +3.66 | [+3.12, +4.20] | [3.09, 4.22] | 0.0000 | 226/38/336 |\n"}
,{"stream_name":"stdout","time":39659.593868533,"data":"| whisfusion/main | ls-tc-babble15 | mbr | +1.96 | [+1.61, +2.31] | [1.51, 2.42] | 0.0000 | 150/21/429 |\n"}
,{"stream_name":"stdout","time":39659.593872117,"data":"| whisfusion/main | ls-tc-babbleM5 | conf | +12.13 | [+10.23, +14.50] | [9.76, 14.76] | 0.0000 | 359/52/189 |\n"}
,{"stream_name":"stdout","time":39659.593889455,"data":"| whisfusion/main | ls-tc-babbleM5 | mbr | +7.59 | [+6.44, +8.92] | [6.15, 9.26] | 0.0000 | 301/39/260 |\n"}
,{"stream_name":"stdout","time":39659.59389716,"data":"| whisfusion/main | ls-tc-white0 | conf | +6.04 | [+5.41, +6.70] | [5.28, 6.73] | 0.0000 | 324/62/214 |\n"}
,{"stream_name":"stdout","time":39659.593900821,"data":"| whisfusion/main | ls-tc-white0 | mbr | +3.80 | [+3.32, +4.29] | [3.31, 4.28] | 0.0000 | 253/50/297 |\n"}
,{"stream_name":"stdout","time":39659.593904864,"data":"| whisfusion/main | ls-tc-white10 | conf | +3.46 | [+2.90, +3.99] | [2.87, 3.99] | 0.0000 | 231/51/318 |\n"}
,{"stream_name":"stdout","time":39659.593908393,"data":"| whisfusion/main | ls-tc-white10 | mbr | +1.95 | [+1.62, +2.28] | [1.53, 2.37] | 0.0000 | 155/22/423 |\n"}
,{"stream_name":"stdout","time":39659.593911905,"data":"| whisfusion/main | ls-test-clean | conf | +2.59 | [+2.07, +3.09] | [1.96, 3.22] | 0.0000 | 123/22/255 |\n"}
,{"stream_name":"stdout","time":39659.593915393,"data":"| whisfusion/main | ls-test-clean | mbr | +1.36 | [+1.02, +1.71] | [1.01, 1.70] | 0.0000 | 74/7/319 |\n"}
,{"stream_name":"stdout","time":39659.593918906,"data":"| whisfusion/main | ls-test-other | conf | +2.94 | [+2.30, +3.56] | [2.32, 3.54] | 0.0000 | 125/40/235 |\n"}
,{"stream_name":"stdout","time":39659.593922438,"data":"| whisfusion/main | ls-test-other | mbr | +1.27 | [+0.84, +1.72] | [0.79, 1.72] | 0.0000 | 80/25/295 |\n"}
,{"stream_name":"stdout","time":39659.593927008,"data":"| whisfusion/main | slr83 | conf | +3.39 | [+2.69, +4.14] | [2.68, 4.06] | 0.0000 | 151/35/214 |\n"}
,{"stream_name":"stdout","time":39659.59393043,"data":"| whisfusion/main | slr83 | mbr | +1.47 | [+1.06, +1.89] | [0.93, 1.95] | 0.0000 | 83/17/300 |\n"}
,{"stream_name":"stdout","time":39659.593936874,"data":"| whisfusion/main | spgispeech | conf | +4.41 | [+3.88, +4.95] | [3.84, 4.96] | 0.0000 | 251/35/114 |\n"}
,{"stream_name":"stdout","time":39659.593940449,"data":"| whisfusion/main | spgispeech | mbr | +2.50 | [+2.14, +2.84] | [2.13, 2.87] | 0.0000 | 178/17/205 |\n"}
,{"stream_name":"stdout","time":39659.593944035,"data":"| whisfusion/main | voxpopuli | conf | +3.43 | [+2.74, +4.08] | [2.81, 4.09] | 0.0000 | 127/31/160 |\n"}
,{"stream_name":"stdout","time":39659.593950911,"data":"| whisfusion/main | voxpopuli | mbr | +1.79 | [+1.35, +2.23] | [1.35, 2.25] | 0.0000 | 83/13/222 |\n"}
,{"stream_name":"stdout","time":39659.593954125,"data":"| whisper-small/beam | ami | conf | +2.60 | [-0.60, +8.77] | [-0.33, 8.62] | 0.6680 | 60/52/288 |\n"}
,{"stream_name":"stdout","time":39659.593956552,"data":"| whisper-small/beam | ami | mbr | -0.48 | [-0.97, -0.03] | [-0.92, 0.00] | 0.0478 | 25/42/333 |\n"}
,{"stream_name":"stdout","time":39659.593969275,"data":"| whisper-small/greedy | ami | conf | +0.00 | [+0.00, +0.00] | [0.00, 0.00] | 1.0000 | 0/0/400 |\n"}
,{"stream_name":"stdout","time":39659.593973374,"data":"| whisper-small/greedy | ami | mbr | +0.00 | [+0.00, +0.00] | [0.00, 0.00] | 1.0000 | 0/0/400 |\n"}
,{"stream_name":"stdout","time":39659.593977409,"data":"| whisper-small/sample | ami | conf | +2.01 | [-0.99, +7.09] | [-0.98, 5.84] | 0.9921 | 57/49/294 |\n"}
,{"stream_name":"stdout","time":39659.593981189,"data":"| whisper-small/sample | ami | mbr | +0.05 | [-0.41, +0.50] | [-0.28, 0.37] | 0.8195 | 34/31/335 |\n"}
,{"stream_name":"stdout","time":39659.593985616,"data":"| whisper-small/beam | common_voice | conf | -0.04 | [-0.69, +0.66] | [, ] | 0.9505 | 31/30/260 |\n"}
,{"stream_name":"stdout","time":39659.593989167,"data":"| whisper-small/beam | common_voice | mbr | +0.11 | [-0.27, +0.53] | [, ] | 0.6121 | 19/16/286 |\n"}
,{"stream_name":"stdout","time":39659.593992635,"data":"| whisper-small/greedy | common_voice | conf | +0.00 | [+0.00, +0.00] | [, ] | 1.0000 | 0/0/321 |\n"}
,{"stream_name":"stdout","time":39659.59399645,"data":"| whisper-small/greedy | common_voice | mbr | +0.00 | [+0.00, +0.00] | [, ] | 1.0000 | 0/0/321 |\n"}
,{"stream_name":"stdout","time":39659.593999908,"data":"| whisper-small/sample | common_voice | conf | -0.95 | [-1.87, +0.00] | [, ] | 0.0427 | 30/39/252 |\n"}
,{"stream_name":"stdout","time":39659.594003445,"data":"| whisper-small/sample | common_voice | mbr | +0.78 | [+0.22, +1.32] | [, ] | 0.0064 | 37/15/269 |\n"}
,{"stream_name":"stdout","time":39659.594006911,"data":"| whisper-small/beam | earnings22 | conf | +0.40 | [-0.07, +0.95] | [0.08, 0.78] | 0.2693 | 60/57/283 |\n"}
,{"stream_name":"stdout","time":39659.594015275,"data":"| whisper-small/beam | earnings22 | mbr | +0.16 | [-0.11, +0.43] | [-0.08, 0.33] | 0.2895 | 42/33/325 |\n"}
,{"stream_name":"stdout","time":39659.594018885,"data":"| whisper-small/greedy | earnings22 | conf | +0.00 | [+0.00, +0.00] | [0.00, 0.00] | 1.0000 | 0/0/400 |\n"}
,{"stream_name":"stdout","time":39659.594022375,"data":"| whisper-small/greedy | earnings22 | mbr | +0.00 | [+0.00, +0.00] | [0.00, 0.00] | 1.0000 | 0/0/400 |\n"}
,{"stream_name":"stdout","time":39659.594025895,"data":"| whisper-small/sample | earnings22 | conf | -2.67 | [-6.13, +2.41] | [-4.85, -0.46] | 0.0030 | 53/84/263 |\n"}
,{"stream_name":"stdout","time":39659.594029359,"data":"| whisper-small/sample | earnings22 | mbr | +0.61 | [+0.25, +0.97] | [0.28, 0.88] | 0.0009 | 61/37/302 |\n"}
,{"stream_name":"stdout","time":39659.594032792,"data":"| whisper-small/beam | fleurs-en | conf | -0.29 | [-0.54, -0.04] | [-0.53, -0.06] | 0.0290 | 11/26/209 |\n"}
,{"stream_name":"stdout","time":39659.594036203,"data":"| whisper-small/beam | fleurs-en | mbr | -0.18 | [-0.37, +0.02] | [-0.38, 0.02] | 0.0810 | 7/19/220 |\n"}
,{"stream_name":"stdout","time":39659.594046744,"data":"| whisper-small/greedy | fleurs-en | conf | +0.00 | [+0.00, +0.00] | [0.00, 0.00] | 1.0000 | 0/0/246 |\n"}
,{"stream_name":"stdout","time":39659.594049443,"data":"| whisper-small/greedy | fleurs-en | mbr | +0.00 | [+0.00, +0.00] | [0.00, 0.00] | 1.0000 | 0/0/246 |\n"}
,{"stream_name":"stdout","time":39659.594052235,"data":"| whisper-small/sample | fleurs-en | conf | -0.48 | [-1.56, +0.23] | [-1.64, 0.22] | 0.4385 | 20/26/200 |\n"}
,{"stream_name":"stdout","time":39659.594064547,"data":"| whisper-small/sample | fleurs-en | mbr | +0.16 | [-0.11, +0.44] | [-0.11, 0.45] | 0.2624 | 21/17/208 |\n"}
,{"stream_name":"stdout","time":39659.594069018,"data":"| whisper-small/beam | ls-dev-other | conf | -0.09 | [-0.43, +0.30] | [-0.49, 0.32] | 0.2477 | 28/44/328 |\n"}
,{"stream_name":"stdout","time":39659.594073159,"data":"| whisper-small/beam | ls-dev-other | mbr | +0.10 | [-0.13, +0.34] | [-0.16, 0.34] | 0.4511 | 32/26/342 |\n"}
,{"stream_name":"stdout","time":39659.594077333,"data":"| whisper-small/greedy | ls-dev-other | conf | +0.00 | [+0.00, +0.00] | [0.00, 0.00] | 1.0000 | 0/0/400 |\n"}
,{"stream_name":"stdout","time":39659.594081275,"data":"| whisper-small/greedy | ls-dev-other | mbr | +0.00 | [+0.00, +0.00] | [0.00, 0.00] | 1.0000 | 0/0/400 |\n"}
,{"stream_name":"stdout","time":39659.594084769,"data":"| whisper-small/sample | ls-dev-other | conf | +1.00 | [-1.05, +4.32] | [-1.21, 3.85] | 0.2170 | 34/52/314 |\n"}
,{"stream_name":"stdout","time":39659.594089055,"data":"| whisper-small/sample | ls-dev-other | mbr | +0.16 | [-0.06, +0.39] | [-0.07, 0.39] | 0.1820 | 33/22/345 |\n"}
,{"stream_name":"stdout","time":39659.594092596,"data":"| whisper-small/beam | ls-tc-babble5 | conf | +0.36 | [-0.31, +1.15] | [-0.22, 1.03] | 0.3900 | 30/27/143 |\n"}
,{"stream_name":"stdout","time":39659.5940961,"data":"| whisper-small/beam | ls-tc-babble5 | mbr | -0.05 | [-0.40, +0.30] | [-0.33, 0.21] | 0.7961 | 16/20/164 |\n"}
,{"stream_name":"stdout","time":39659.594099558,"data":"| whisper-small/greedy | ls-tc-babble5 | conf | +0.00 | [+0.00, +0.00] | [0.00, 0.00] | 1.0000 | 0/0/200 |\n"}
,{"stream_name":"stdout","time":39659.594103032,"data":"| whisper-small/greedy | ls-tc-babble5 | mbr | +0.00 | [+0.00, +0.00] | [0.00, 0.00] | 1.0000 | 0/0/200 |\n"}
,{"stream_name":"stdout","time":39659.594106712,"data":"| whisper-small/sample | ls-tc-babble5 | conf | +1.91 | [-0.23, +5.76] | [-0.23, 6.18] | 0.4925 | 37/37/126 |\n"}
,{"stream_name":"stdout","time":39659.594110179,"data":"| whisper-small/sample | ls-tc-babble5 | mbr | +0.36 | [-0.13, +0.84] | [-0.10, 0.84] | 0.1233 | 31/22/147 |\n"}
,{"stream_name":"stdout","time":39659.594113667,"data":"| whisper-small/beam | ls-test-clean | conf | +0.15 | [-0.05, +0.39] | [-0.07, 0.45] | 0.3109 | 22/17/361 |\n"}
,{"stream_name":"stdout","time":39659.594117167,"data":"| whisper-small/beam | ls-test-clean | mbr | +0.05 | [-0.10, +0.20] | [-0.10, 0.19] | 0.5164 | 20/15/365 |\n"}
,{"stream_name":"stdout","time":39659.594120488,"data":"| whisper-small/greedy | ls-test-clean | conf | +0.00 | [+0.00, +0.00] | [0.00, 0.00] | 1.0000 | 0/0/400 |\n"}
,{"stream_name":"stdout","time":39659.59412401,"data":"| whisper-small/greedy | ls-test-clean | mbr | +0.00 | [+0.00, +0.00] | [0.00, 0.00] | 1.0000 | 0/0/400 |\n"}
,{"stream_name":"stdout","time":39659.594127408,"data":"| whisper-small/sample | ls-test-clean | conf | +0.52 | [-0.15, +1.38] | [-0.17, 1.34] | 0.6769 | 16/23/361 |\n"}
,{"stream_name":"stdout","time":39659.594130917,"data":"| whisper-small/sample | ls-test-clean | mbr | +0.05 | [-0.12, +0.22] | [-0.11, 0.21] | 0.5885 | 18/14/368 |\n"}
,{"stream_name":"stdout","time":39659.594134559,"data":"| whisper-small/beam | ls-test-other | conf | +0.01 | [-0.36, +0.39] | [-0.34, 0.38] | 0.8388 | 41/47/312 |\n"}
,{"stream_name":"stdout","time":39659.594143739,"data":"| whisper-small/beam | ls-test-other | mbr | -0.10 | [-0.32, +0.11] | [-0.29, 0.08] | 0.3601 | 24/29/347 |\n"}
,{"stream_name":"stdout","time":39659.594158105,"data":"| whisper-small/greedy | ls-test-other | conf | +0.00 | [+0.00, +0.00] | [0.00, 0.00] | 1.0000 | 0/0/400 |\n"}
,{"stream_name":"stdout","time":39659.594162775,"data":"| whisper-small/greedy | ls-test-other | mbr | +0.00 | [+0.00, +0.00] | [0.00, 0.00] | 1.0000 | 0/0/400 |\n"}
,{"stream_name":"stdout","time":39659.594166696,"data":"| whisper-small/sample | ls-test-other | conf | +0.23 | [-0.49, +1.06] | [-0.44, 0.95] | 0.9106 | 51/54/295 |\n"}
,{"stream_name":"stdout","time":39659.594170993,"data":"| whisper-small/sample | ls-test-other | mbr | +0.14 | [-0.14, +0.44] | [-0.11, 0.43] | 0.4404 | 37/29/334 |\n"}
,{"stream_name":"stdout","time":39659.59417562,"data":"| whisper-turbo/beam | ami | conf | +12.45 | [+2.17, +25.85] | [1.15, 28.92] | 0.1990 | 66/61/273 |\n"}
,{"stream_name":"stdout","time":39659.594179161,"data":"| whisper-turbo/beam | ami | mbr | -0.43 | [-0.92, +0.03] | [-0.83, 0.06] | 0.0700 | 29/46/325 |\n"}
,{"stream_name":"stdout","time":39659.594182586,"data":"| whisper-turbo/greedy | ami | conf | +0.00 | [+0.00, +0.00] | [0.00, 0.00] | 1.0000 | 0/0/400 |\n"}
,{"stream_name":"stdout","time":39659.594186014,"data":"| whisper-turbo/greedy | ami | mbr | +0.00 | [+0.00, +0.00] | [0.00, 0.00] | 1.0000 | 0/0/400 |\n"}
,{"stream_name":"stdout","time":39659.594189423,"data":"| whisper-turbo/sample | ami | conf | +0.51 | [-0.23, +1.28] | [-0.29, 1.17] | 0.1613 | 43/35/322 |\n"}
,{"stream_name":"stdout","time":39659.594192936,"data":"| whisper-turbo/sample | ami | mbr | +0.11 | [-0.25, +0.48] | [-0.21, 0.37] | 0.5553 | 25/21/354 |\n"}
,{"stream_name":"stdout","time":39659.594196421,"data":"| whisper-turbo/beam | common_voice | conf | -0.78 | [-1.46, -0.14] | [, ] | 0.0201 | 16/29/276 |\n"}
,{"stream_name":"stdout","time":39659.594199862,"data":"| whisper-turbo/beam | common_voice | mbr | -0.39 | [-0.84, +0.04] | [, ] | 0.0850 | 13/22/286 |\n"}
,{"stream_name":"stdout","time":39659.594203287,"data":"| whisper-turbo/greedy | common_voice | conf | +0.00 | [+0.00, +0.00] | [, ] | 1.0000 | 0/0/321 |\n"}
,{"stream_name":"stdout","time":39659.594206735,"data":"| whisper-turbo/greedy | common_voice | mbr | +0.00 | [+0.00, +0.00] | [, ] | 1.0000 | 0/0/321 |\n"}
,{"stream_name":"stdout","time":39659.594210131,"data":"| whisper-turbo/sample | common_voice | conf | -0.04 | [-0.81, +0.77] | [, ] | 0.6771 | 20/20/281 |\n"}
,{"stream_name":"stdout","time":39659.594213511,"data":"| whisper-turbo/sample | common_voice | mbr | +0.32 | [-0.14, +0.76] | [, ] | 0.1684 | 19/12/290 |\n"}
,{"stream_name":"stdout","time":39659.59421696,"data":"| whisper-turbo/beam | earnings22 | conf | +0.00 | [-0.37, +0.35] | [-0.44, 0.42] | 0.9387 | 49/49/302 |\n"}
,{"stream_name":"stdout","time":39659.594220427,"data":"| whisper-turbo/beam | earnings22 | mbr | +0.11 | [-0.12, +0.36] | [-0.12, 0.28] | 0.3517 | 36/29/335 |\n"}
,{"stream_name":"stdout","time":39659.594223877,"data":"| whisper-turbo/greedy | earnings22 | conf | +0.00 | [+0.00, +0.00] | [0.00, 0.00] | 1.0000 | 0/0/400 |\n"}
,{"stream_name":"stdout","time":39659.594227344,"data":"| whisper-turbo/greedy | earnings22 | mbr | +0.00 | [+0.00, +0.00] | [0.00, 0.00] | 1.0000 | 0/0/400 |\n"}
,{"stream_name":"stdout","time":39659.594233903,"data":"| whisper-turbo/sample | earnings22 | conf | -0.50 | [-1.41, +0.16] | [-1.69, 0.34] | 0.9585 | 40/40/320 |\n"}
,{"stream_name":"stdout","time":39659.594236794,"data":"| whisper-turbo/sample | earnings22 | mbr | +0.11 | [-0.14, +0.35] | [-0.10, 0.39] | 0.3550 | 35/27/338 |\n"}
,{"stream_name":"stdout","time":39659.594239473,"data":"| whisper-turbo/beam | fleurs-en | conf | -0.07 | [-0.30, +0.16] | [-0.32, 0.17] | 0.5747 | 13/19/214 |\n"}
,{"stream_name":"stdout","time":39659.594255441,"data":"| whisper-turbo/beam | fleurs-en | mbr | -0.07 | [-0.24, +0.11] | [-0.23, 0.09] | 0.4142 | 10/14/222 |\n"}
,{"stream_name":"stdout","time":39659.594260099,"data":"| whisper-turbo/greedy | fleurs-en | conf | +0.00 | [+0.00, +0.00] | [0.00, 0.00] | 1.0000 | 0/0/246 |\n"}
,{"stream_name":"stdout","time":39659.594263999,"data":"| whisper-turbo/greedy | fleurs-en | mbr | +0.00 | [+0.00, +0.00] | [0.00, 0.00] | 1.0000 | 0/0/246 |\n"}
,{"stream_name":"stdout","time":39659.594268307,"data":"| whisper-turbo/sample | fleurs-en | conf | +0.02 | [-0.25, +0.33] | [-0.27, 0.33] | 0.9527 | 10/14/222 |\n"}
,{"stream_name":"stdout","time":39659.594272473,"data":"| whisper-turbo/sample | fleurs-en | mbr | -0.11 | [-0.27, +0.05] | [-0.29, 0.05] | 0.2008 | 8/14/224 |\n"}
,{"stream_name":"stdout","time":39659.594275964,"data":"| whisper-turbo/beam | ls-dev-other | conf | +0.37 | [+0.12, +0.63] | [0.08, 0.67] | 0.0046 | 40/20/340 |\n"}
,{"stream_name":"stdout","time":39659.594279434,"data":"| whisper-turbo/beam | ls-dev-other | mbr | +0.01 | [-0.17, +0.21] | [-0.17, 0.20] | 0.8756 | 19/20/361 |\n"}
,{"stream_name":"stdout","time":39659.594282893,"data":"| whisper-turbo/greedy | ls-dev-other | conf | +0.00 | [+0.00, +0.00] | [0.00, 0.00] | 1.0000 | 0/0/400 |\n"}
,{"stream_name":"stdout","time":39659.594286318,"data":"| whisper-turbo/greedy | ls-dev-other | mbr | +0.00 | [+0.00, +0.00] | [0.00, 0.00] | 1.0000 | 0/0/400 |\n"}
,{"stream_name":"stdout","time":39659.594289784,"data":"| whisper-turbo/sample | ls-dev-other | conf | +0.31 | [+0.13, +0.52] | [0.13, 0.50] | 0.0017 | 29/10/361 |\n"}
,{"stream_name":"stdout","time":39659.594293241,"data":"| whisper-turbo/sample | ls-dev-other | mbr | +0.06 | [-0.09, +0.21] | [-0.08, 0.19] | 0.4652 | 17/13/370 |\n"}
,{"stream_name":"stdout","time":39659.594297103,"data":"| whisper-turbo/beam | ls-tc-babble15 | conf | +0.21 | [-0.08, +0.57] | [-0.08, 0.58] | 0.3111 | 11/8/181 |\n"}
,{"stream_name":"stdout","time":39659.594300582,"data":"| whisper-turbo/beam | ls-tc-babble15 | mbr | +0.00 | [-0.24, +0.25] | [-0.28, 0.29] | 0.9798 | 8/9/183 |\n"}
,{"stream_name":"stdout","time":39659.594304029,"data":"| whisper-turbo/greedy | ls-tc-babble15 | conf | +0.00 | [+0.00, +0.00] | [0.00, 0.00] | 1.0000 | 0/0/200 |\n"}
,{"stream_name":"stdout","time":39659.594307469,"data":"| whisper-turbo/greedy | ls-tc-babble15 | mbr | +0.00 | [+0.00, +0.00] | [0.00, 0.00] | 1.0000 | 0/0/200 |\n"}
,{"stream_name":"stdout","time":39659.594310943,"data":"| whisper-turbo/sample | ls-tc-babble15 | conf | +0.05 | [-0.18, +0.29] | [-0.18, 0.30] | 0.6736 | 9/7/184 |\n"}
,{"stream_name":"stdout","time":39659.5943144,"data":"| whisper-turbo/sample | ls-tc-babble15 | mbr | -0.03 | [-0.21, +0.15] | [-0.21, 0.13] | 0.7815 | 5/5/190 |\n"}
,{"stream_name":"stdout","time":39659.594317834,"data":"| whisper-turbo/beam | ls-tc-babble5 | conf | -0.10 | [-0.40, +0.20] | [-0.46, 0.28] | 0.3937 | 11/16/173 |\n"}
,{"stream_name":"stdout","time":39659.594321328,"data":"| whisper-turbo/beam | ls-tc-babble5 | mbr | -0.10 | [-0.32, +0.11] | [-0.33, 0.10] | 0.3458 | 7/11/182 |\n"}
,{"stream_name":"stdout","time":39659.594324894,"data":"| whisper-turbo/greedy | ls-tc-babble5 | conf | +0.00 | [+0.00, +0.00] | [0.00, 0.00] | 1.0000 | 0/0/200 |\n"}
,{"stream_name":"stdout","time":39659.594331619,"data":"| whisper-turbo/greedy | ls-tc-babble5 | mbr | +0.00 | [+0.00, +0.00] | [0.00, 0.00] | 1.0000 | 0/0/200 |\n"}
,{"stream_name":"stdout","time":39659.594334492,"data":"| whisper-turbo/sample | ls-tc-babble5 | conf | -0.03 | [-0.37, +0.30] | [-0.39, 0.32] | 0.8084 | 18/14/168 |\n"}
,{"stream_name":"stdout","time":39659.594337158,"data":"| whisper-turbo/sample | ls-tc-babble5 | mbr | +0.13 | [-0.15, +0.39] | [-0.14, 0.40] | 0.3692 | 17/11/172 |\n"}
,{"stream_name":"stdout","time":39659.594352595,"data":"| whisper-turbo/beam | ls-tc-babbleM5 | conf | +5.17 | [+0.46, +10.34] | [0.46, 10.22] | 0.0000 | 81/34/85 |\n"}
,{"stream_name":"stdout","time":39659.594357044,"data":"| whisper-turbo/beam | ls-tc-babbleM5 | mbr | -1.78 | [-3.62, -0.36] | [-3.42, -0.37] | 0.0492 | 32/51/117 |\n"}
,{"stream_name":"stdout","time":39659.59436129,"data":"| whisper-turbo/greedy | ls-tc-babbleM5 | conf | +0.00 | [+0.00, +0.00] | [0.00, 0.00] | 1.0000 | 0/0/200 |\n"}
,{"stream_name":"stdout","time":39659.594365413,"data":"| whisper-turbo/greedy | ls-tc-babbleM5 | mbr | +0.00 | [+0.00, +0.00] | [0.00, 0.00] | 1.0000 | 0/0/200 |\n"}
,{"stream_name":"stdout","time":39659.594368861,"data":"| whisper-turbo/sample | ls-tc-babbleM5 | conf | +105.94 | [+74.37, +141.54] | [69.06, 143.91] | 0.0000 | 112/28/60 |\n"}
,{"stream_name":"stdout","time":39659.594372288,"data":"| whisper-turbo/sample | ls-tc-babbleM5 | mbr | +1.68 | [+0.96, +2.35] | [1.16, 2.30] | 0.0000 | 66/17/117 |\n"}
,{"stream_name":"stdout","time":39659.59437573,"data":"| whisper-turbo/beam | ls-tc-white0 | conf | +0.21 | [-0.22, +0.65] | [-0.19, 0.64] | 0.4347 | 25/19/156 |\n"}
,{"stream_name":"stdout","time":39659.59437913,"data":"| whisper-turbo/beam | ls-tc-white0 | mbr | -0.13 | [-0.41, +0.15] | [-0.38, 0.15] | 0.3692 | 13/18/169 |\n"}
,{"stream_name":"stdout","time":39659.594382553,"data":"| whisper-turbo/greedy | ls-tc-white0 | conf | +0.00 | [+0.00, +0.00] | [0.00, 0.00] | 1.0000 | 0/0/200 |\n"}
,{"stream_name":"stdout","time":39659.594386015,"data":"| whisper-turbo/greedy | ls-tc-white0 | mbr | +0.00 | [+0.00, +0.00] | [0.00, 0.00] | 1.0000 | 0/0/200 |\n"}
,{"stream_name":"stdout","time":39659.594389501,"data":"| whisper-turbo/sample | ls-tc-white0 | conf | +0.16 | [-0.61, +0.86] | [-0.62, 0.84] | 0.3293 | 34/24/142 |\n"}
,{"stream_name":"stdout","time":39659.594392977,"data":"| whisper-turbo/sample | ls-tc-white0 | mbr | +0.36 | [-0.16, +0.85] | [-0.19, 0.88] | 0.0574 | 30/14/156 |\n"}
,{"stream_name":"stdout","time":39659.594396457,"data":"| whisper-turbo/beam | ls-tc-white10 | conf | +0.13 | [-0.31, +0.51] | [-0.35, 0.52] | 0.1326 | 14/7/179 |\n"}
,{"stream_name":"stdout","time":39659.594399919,"data":"| whisper-turbo/beam | ls-tc-white10 | mbr | -0.16 | [-0.44, +0.10] | [-0.47, 0.09] | 0.2003 | 6/8/186 |\n"}
,{"stream_name":"stdout","time":39659.594403344,"data":"| whisper-turbo/greedy | ls-tc-white10 | conf | +0.00 | [+0.00, +0.00] | [0.00, 0.00] | 1.0000 | 0/0/200 |\n"}
,{"stream_name":"stdout","time":39659.594406815,"data":"| whisper-turbo/greedy | ls-tc-white10 | mbr | +0.00 | [+0.00, +0.00] | [0.00, 0.00] | 1.0000 | 0/0/200 |\n"}
,{"stream_name":"stdout","time":39659.594410481,"data":"| whisper-turbo/sample | ls-tc-white10 | conf | +1.81 | [+0.17, +4.86] | [0.18, 4.99] | 0.0074 | 16/5/179 |\n"}
,{"stream_name":"stdout","time":39659.594413979,"data":"| whisper-turbo/sample | ls-tc-white10 | mbr | +0.00 | [-0.14, +0.15] | [-0.13, 0.12] | 1.0000 | 4/4/192 |\n"}
,{"stream_name":"stdout","time":39659.594417541,"data":"| whisper-turbo/beam | ls-test-clean | conf | +0.01 | [-0.15, +0.18] | [-0.14, 0.16] | 0.8788 | 20/20/360 |\n"}
,{"stream_name":"stdout","time":39659.594424348,"data":"| whisper-turbo/beam | ls-test-clean | mbr | +0.03 | [-0.12, +0.18] | [-0.12, 0.18] | 0.7386 | 16/16/368 |\n"}
,{"stream_name":"stdout","time":39659.594427274,"data":"| whisper-turbo/greedy | ls-test-clean | conf | +0.00 | [+0.00, +0.00] | [0.00, 0.00] | 1.0000 | 0/0/400 |\n"}
,{"stream_name":"stdout","time":39659.594430009,"data":"| whisper-turbo/greedy | ls-test-clean | mbr | +0.00 | [+0.00, +0.00] | [0.00, 0.00] | 1.0000 | 0/0/400 |\n"}
,{"stream_name":"stdout","time":39659.594442267,"data":"| whisper-turbo/sample | ls-test-clean | conf | -0.61 | [-1.93, +0.11] | [-2.01, 0.11] | 0.8466 | 13/12/375 |\n"}
,{"stream_name":"stdout","time":39659.594449851,"data":"| whisper-turbo/sample | ls-test-clean | mbr | -0.05 | [-0.16, +0.05] | [-0.14, 0.04] | 0.3711 | 8/12/380 |\n"}
,{"stream_name":"stdout","time":39659.594454318,"data":"| whisper-turbo/beam | ls-test-other | conf | -0.01 | [-0.38, +0.26] | [-0.31, 0.22] | 0.5442 | 27/23/350 |\n"}
,{"stream_name":"stdout","time":39659.594458398,"data":"| whisper-turbo/beam | ls-test-other | mbr | +0.04 | [-0.14, +0.23] | [-0.12, 0.20] | 0.6186 | 16/17/367 |\n"}
,{"stream_name":"stdout","time":39659.594461912,"data":"| whisper-turbo/greedy | ls-test-other | conf | +0.00 | [+0.00, +0.00] | [0.00, 0.00] | 1.0000 | 0/0/400 |\n"}
,{"stream_name":"stdout","time":39659.594465463,"data":"| whisper-turbo/greedy | ls-test-other | mbr | +0.00 | [+0.00, +0.00] | [0.00, 0.00] | 1.0000 | 0/0/400 |\n"}
,{"stream_name":"stdout","time":39659.594468936,"data":"| whisper-turbo/sample | ls-test-other | conf | -0.01 | [-0.22, +0.20] | [-0.18, 0.18] | 0.8602 | 21/19/360 |\n"}
,{"stream_name":"stdout","time":39659.594472433,"data":"| whisper-turbo/sample | ls-test-other | mbr | -0.10 | [-0.28, +0.08] | [-0.27, 0.06] | 0.2773 | 15/19/366 |\n"}
,{"stream_name":"stdout","time":39659.594475998,"data":"\n"}
,{"stream_name":"stdout","time":39659.594479133,"data":"## Pooled over test sets (random effects)\n"}
,{"stream_name":"stdout","time":39659.594482363,"data":"\n"}
,{"stream_name":"stdout","time":39659.594485498,"data":"| model | arm | norm | a -\u003e b | sets | pooled delta | 95% CI | I2 | sets sig + / - |\n"}
,{"stream_name":"stdout","time":39659.594489454,"data":"|---|---|---|---|---|---|---|---|---|\n"}
,{"stream_name":"stdout","time":39659.594492801,"data":"| drax | main | legacy | cm05 -\u003e rover_cg | 19 | +0.65 | [+0.40, +0.89] | 0.90 | 11 / 0 |\n"}
,{"stream_name":"stdout","time":39659.594496244,"data":"| drax | main | legacy | conf -\u003e mbr | 19 | +1.17 | [+0.90, +1.43] | 0.79 | 18 / 0 |\n"}
,{"stream_name":"stdout","time":39659.594499679,"data":"| drax | main | legacy | conf -\u003e rover_c | 19 | +1.78 | [+1.36, +2.21] | 0.92 | 19 / 0 |\n"}
,{"stream_name":"stdout","time":39659.594503129,"data":"| drax | main | legacy | conf -\u003e rover_cg | 19 | +1.73 | [+1.30, +2.16] | 0.92 | 19 / 0 |\n"}
,{"stream_name":"stdout","time":39659.594506608,"data":"| drax | main | legacy | conf -\u003e rover_freq | 19 | +1.87 | [+1.41, +2.33] | 0.93 | 19 / 0 |\n"}
,{"stream_name":"stdout","time":39659.594510598,"data":"| drax | main | legacy | first -\u003e conf | 19 | +3.99 | [+3.35, +4.62] | 0.89 | 19 / 0 |\n"}
,{"stream_name":"stdout","time":39659.594517359,"data":"| drax | main | legacy | first -\u003e rover_cg | 19 | +5.99 | [+4.98, +6.99] | 0.96 | 19 / 0 |\n"}
,{"stream_name":"stdout","time":39659.594519837,"data":"| drax | main | legacy | mbr -\u003e rover_cg | 19 | +0.49 | [+0.25, +0.72] | 0.93 | 9 / 0 |\n"}
,{"stream_name":"stdout","time":39659.594522633,"data":"| drax | main | legacy | rover_freq -\u003e rover_cg | 19 | -0.15 | [-0.25, -0.04] | 0.75 | 1 / 5 |\n"}
,{"stream_name":"stdout","time":39659.594535212,"data":"| drax | main | whisper | cm05 -\u003e rover_cg | 19 | -1.77 | [-2.55, -0.98] | 0.97 | 3 / 11 |\n"}
,{"stream_name":"stdout","time":39659.59453951,"data":"| drax | main | whisper | conf -\u003e mbr | 19 | +1.12 | [+0.86, +1.39] | 0.78 | 18 / 0 |\n"}
,{"stream_name":"stdout","time":39659.594543731,"data":"| drax | main | whisper | conf -\u003e rover_c | 19 | -0.61 | [-1.52, +0.30] | 0.96 | 5 / 10 |\n"}
,{"stream_name":"stdout","time":39659.59454785,"data":"| drax | main | whisper | conf -\u003e rover_cg | 19 | -0.67 | [-1.59, +0.25] | 0.96 | 5 / 10 |\n"}
,{"stream_name":"stdout","time":39659.594551666,"data":"| drax | main | whisper | conf -\u003e rover_freq | 19 | -0.55 | [-1.50, +0.39] | 0.97 | 5 / 10 |\n"}
,{"stream_name":"stdout","time":39659.594558286,"data":"| drax | main | whisper | first -\u003e conf | 19 | +3.88 | [+3.24, +4.52] | 0.89 | 19 / 0 |\n"}
,{"stream_name":"stdout","time":39659.594561856,"data":"| drax | main | whisper | first -\u003e rover_cg | 19 | +3.39 | [+2.06, +4.71] | 0.97 | 15 / 1 |\n"}
,{"stream_name":"stdout","time":39659.594565441,"data":"| drax | main | whisper | mbr -\u003e rover_cg | 19 | -1.97 | [-2.78, -1.17] | 0.98 | 1 / 13 |\n"}
,{"stream_name":"stdout","time":39659.594568891,"data":"| drax | main | whisper | rover_freq -\u003e rover_cg | 19 | -0.12 | [-0.23, -0.00] | 0.79 | 1 / 5 |\n"}
,{"stream_name":"stdout","time":39659.594572382,"data":"| drax | ref | legacy | cm05 -\u003e rover_cg | 19 | +0.03 | [-0.07, +0.14] | 0.75 | 1 / 1 |\n"}
,{"stream_name":"stdout","time":39659.594575843,"data":"| drax | ref | legacy | conf -\u003e mbr | 19 | +0.11 | [+0.01, +0.22] | 0.44 | 3 / 1 |\n"}
,{"stream_name":"stdout","time":39659.594579311,"data":"| drax | ref | legacy | conf -\u003e rover_c | 19 | +0.21 | [+0.12, +0.31] | 0.38 | 4 / 0 |\n"}
,{"stream_name":"stdout","time":39659.594582774,"data":"| drax | ref | legacy | conf -\u003e rover_cg | 19 | +0.17 | [+0.08, +0.27] | 0.33 | 3 / 0 |\n"}
,{"stream_name":"stdout","time":39659.594586251,"data":"| drax | ref | legacy | conf -\u003e rover_freq | 19 | +0.20 | [+0.12, +0.28] | 0.11 | 6 / 0 |\n"}
,{"stream_name":"stdout","time":39659.594589728,"data":"| drax | ref | legacy | first -\u003e conf | 19 | +0.27 | [+0.12, +0.41] | 0.54 | 5 / 1 |\n"}
,{"stream_name":"stdout","time":39659.594593226,"data":"| drax | ref | legacy | first -\u003e rover_cg | 19 | +0.47 | [+0.29, +0.66] | 0.78 | 11 / 1 |\n"}
,{"stream_name":"stdout","time":39659.594596662,"data":"| drax | ref | legacy | mbr -\u003e rover_cg | 19 | +0.07 | [-0.05, +0.20] | 0.80 | 3 / 1 |\n"}
,{"stream_name":"stdout","time":39659.594600134,"data":"| drax | ref | legacy | rover_freq -\u003e rover_cg | 19 | -0.04 | [-0.07, +0.00] | 0.00 | 0 / 1 |\n"}
,{"stream_name":"stdout","time":39659.594604093,"data":"| drax | ref | whisper | cm05 -\u003e rover_cg | 19 | -2.53 | [-3.28, -1.79] | 0.98 | 1 / 15 |\n"}
,{"stream_name":"stdout","time":39659.594610721,"data":"| drax | ref | whisper | conf -\u003e mbr | 19 | +0.13 | [+0.03, +0.24] | 0.49 | 4 / 1 |\n"}
,{"stream_name":"stdout","time":39659.594613148,"data":"| drax | ref | whisper | conf -\u003e rover_c | 19 | -2.31 | [-3.05, -1.58] | 0.97 | 1 / 15 |\n"}
,{"stream_name":"stdout","time":39659.594616033,"data":"| drax | ref | whisper | conf -\u003e rover_cg | 19 | -2.35 | [-3.09, -1.62] | 0.97 | 0 / 15 |\n"}
,{"stream_name":"stdout","time":39659.594629348,"data":"| drax | ref | whisper | conf -\u003e rover_freq | 19 | -2.35 | [-3.08, -1.61] | 0.97 | 0 / 15 |\n"}
,{"stream_name":"stdout","time":39659.594633878,"data":"| drax | ref | whisper | first -\u003e conf | 19 | +0.22 | [+0.09, +0.35] | 0.48 | 5 / 1 |\n"}
,{"stream_name":"stdout","time":39659.594637857,"data":"| drax | ref | whisper | first -\u003e rover_cg | 19 | -2.12 | [-2.87, -1.37] | 0.97 | 2 / 12 |\n"}
,{"stream_name":"stdout","time":39659.594642072,"data":"| drax | ref | whisper | mbr -\u003e rover_cg | 19 | -2.52 | [-3.26, -1.78] | 0.98 | 1 / 15 |\n"}
,{"stream_name":"stdout","time":39659.594646149,"data":"| drax | ref | whisper | rover_freq -\u003e rover_cg | 19 | -0.02 | [-0.05, +0.02] | 0.00 | 0 / 0 |\n"}
,{"stream_name":"stdout","time":39659.594650606,"data":"| parakeet-ctc | greedy | whisper | cm05 -\u003e rover_cg | 7 | -2.53 | [-3.34, -1.71] | 0.92 | 0 / 7 |\n"}
,{"stream_name":"stdout","time":39659.594654128,"data":"| parakeet-ctc | greedy | whisper | conf -\u003e rover_c | 7 | -2.53 | [-3.34, -1.71] | 0.92 | 0 / 7 |\n"}
,{"stream_name":"stdout","time":39659.594657694,"data":"| parakeet-ctc | greedy | whisper | conf -\u003e rover_cg | 7 | -2.53 | [-3.34, -1.71] | 0.92 | 0 / 7 |\n"}
,{"stream_name":"stdout","time":39659.594665013,"data":"| parakeet-ctc | greedy | whisper | conf -\u003e rover_freq | 7 | -2.53 | [-3.34, -1.71] | 0.92 | 0 / 7 |\n"}
,{"stream_name":"stdout","time":39659.594668648,"data":"| parakeet-ctc | greedy | whisper | first -\u003e rover_cg | 7 | -2.53 | [-3.34, -1.71] | 0.92 | 0 / 7 |\n"}
,{"stream_name":"stdout","time":39659.594672138,"data":"| parakeet-ctc | greedy | whisper | mbr -\u003e rover_cg | 7 | -2.53 | [-3.34, -1.71] | 0.92 | 0 / 7 |\n"}
,{"stream_name":"stdout","time":39659.594675624,"data":"| parakeet-ctc | sample | legacy | cm05 -\u003e rover_cg | 7 | +0.36 | [+0.18, +0.54] | 0.69 | 4 / 0 |\n"}
,{"stream_name":"stdout","time":39659.594679074,"data":"| parakeet-ctc | sample | legacy | conf -\u003e mbr | 7 | +1.23 | [+0.71, +1.74] | 0.92 | 6 / 0 |\n"}
,{"stream_name":"stdout","time":39659.594682484,"data":"| parakeet-ctc | sample | legacy | conf -\u003e rover_c | 7 | +1.45 | [+0.89, +2.00] | 0.93 | 7 / 0 |\n"}
,{"stream_name":"stdout","time":39659.594685921,"data":"| parakeet-ctc | sample | legacy | conf -\u003e rover_cg | 7 | +1.42 | [+0.88, +1.96] | 0.92 | 7 / 0 |\n"}
,{"stream_name":"stdout","time":39659.594689383,"data":"| parakeet-ctc | sample | legacy | conf -\u003e rover_freq | 7 | +1.46 | [+0.86, +2.06] | 0.93 | 7 / 0 |\n"}
,{"stream_name":"stdout","time":39659.594692872,"data":"| parakeet-ctc | sample | legacy | first -\u003e conf | 7 | +1.52 | [+0.80, +2.24] | 0.90 | 6 / 0 |\n"}
,{"stream_name":"stdout","time":39659.594696366,"data":"| parakeet-ctc | sample | legacy | first -\u003e rover_cg | 7 | +3.01 | [+1.89, +4.12] | 0.96 | 7 / 0 |\n"}
,{"stream_name":"stdout","time":39659.594700308,"data":"| parakeet-ctc | sample | legacy | mbr -\u003e rover_cg | 7 | +0.17 | [+0.03, +0.32] | 0.60 | 2 / 0 |\n"}
,{"stream_name":"stdout","time":39659.594706324,"data":"| parakeet-ctc | sample | legacy | rover_freq -\u003e rover_cg | 7 | +0.00 | [-0.12, +0.13] | 0.59 | 0 / 1 |\n"}
,{"stream_name":"stdout","time":39659.594708684,"data":"| parakeet-ctc | sample | whisper | cm05 -\u003e rover_cg | 7 | -1.92 | [-2.57, -1.28] | 0.86 | 0 / 7 |\n"}
,{"stream_name":"stdout","time":39659.594711676,"data":"| parakeet-ctc | sample | whisper | conf -\u003e mbr | 7 | +1.22 | [+0.71, +1.73] | 0.91 | 6 / 0 |\n"}
,{"stream_name":"stdout","time":39659.594723951,"data":"| parakeet-ctc | sample | whisper | conf -\u003e rover_c | 7 | -0.88 | [-1.49, -0.27] | 0.82 | 0 / 4 |\n"}
,{"stream_name":"stdout","time":39659.594728024,"data":"| parakeet-ctc | sample | whisper | conf -\u003e rover_cg | 7 | -0.90 | [-1.52, -0.29] | 0.82 | 0 / 4 |\n"}
,{"stream_name":"stdout","time":39659.594732057,"data":"| parakeet-ctc | sample | whisper | conf -\u003e rover_freq | 7 | -0.88 | [-1.47, -0.29] | 0.80 | 0 / 4 |\n"}
,{"stream_name":"stdout","time":39659.594736404,"data":"| parakeet-ctc | sample | whisper | first -\u003e conf | 7 | +1.61 | [+0.91, +2.31] | 0.89 | 7 / 0 |\n"}
,{"stream_name":"stdout","time":39659.594740274,"data":"| parakeet-ctc | sample | whisper | first -\u003e rover_cg | 7 | +0.69 | [-0.45, +1.83] | 0.92 | 2 / 0 |\n"}
,{"stream_name":"stdout","time":39659.594743819,"data":"| parakeet-ctc | sample | whisper | mbr -\u003e rover_cg | 7 | -2.16 | [-2.90, -1.43] | 0.89 | 0 / 7 |\n"}
,{"stream_name":"stdout","time":39659.594747311,"data":"| parakeet-ctc | sample | whisper | rover_freq -\u003e rover_cg | 7 | -0.00 | [-0.11, +0.11] | 0.49 | 0 / 0 |\n"}
,{"stream_name":"stdout","time":39659.594750848,"data":"| whisfusion | main | legacy | cm05 -\u003e rover_cg | 14 | +2.66 | [+2.08, +3.23] | 0.94 | 14 / 0 |\n"}
,{"stream_name":"stdout","time":39659.594754371,"data":"| whisfusion | main | legacy | conf -\u003e mbr | 14 | +1.73 | [+1.45, +2.01] | 0.62 | 13 / 0 |\n"}
,{"stream_name":"stdout","time":39659.594757816,"data":"| whisfusion | main | legacy | conf -\u003e rover_c | 14 | +4.18 | [+3.51, +4.85] | 0.92 | 14 / 0 |\n"}
,{"stream_name":"stdout","time":39659.594764344,"data":"| whisfusion | main | legacy | conf -\u003e rover_cg | 14 | +4.22 | [+3.55, +4.88] | 0.91 | 14 / 0 |\n"}
,{"stream_name":"stdout","time":39659.594767958,"data":"| whisfusion | main | legacy | conf -\u003e rover_freq | 14 | +3.50 | [+2.96, +4.04] | 0.87 | 14 / 0 |\n"}
,{"stream_name":"stdout","time":39659.594771473,"data":"| whisfusion | main | legacy | first -\u003e conf | 14 | +6.72 | [+6.03, +7.40] | 0.83 | 14 / 0 |\n"}
,{"stream_name":"stdout","time":39659.594774951,"data":"| whisfusion | main | legacy | first -\u003e rover_cg | 14 | +11.14 | [+10.04, +12.23] | 0.94 | 14 / 0 |\n"}
,{"stream_name":"stdout","time":39659.594778452,"data":"| whisfusion | main | legacy | mbr -\u003e rover_cg | 14 | +2.45 | [+1.98, +2.92] | 0.93 | 14 / 0 |\n"}
,{"stream_name":"stdout","time":39659.594781939,"data":"| whisfusion | main | legacy | rover_freq -\u003e rover_cg | 14 | +0.59 | [+0.39, +0.80] | 0.88 | 12 / 0 |\n"}
,{"stream_name":"stdout","time":39659.594785454,"data":"| whisfusion | main | whisper | cm05 -\u003e rover_cg | 14 | +1.00 | [+0.06, +1.94] | 0.96 | 6 / 2 |\n"}
,{"stream_name":"stdout","time":39659.594789269,"data":"| whisfusion | main | whisper | conf -\u003e mbr | 14 | +1.62 | [+1.31, +1.94] | 0.69 | 12 / 0 |\n"}
,{"stream_name":"stdout","time":39659.594795836,"data":"| whisfusion | main | whisper | conf -\u003e rover_c | 14 | +2.54 | [+1.53, +3.54] | 0.94 | 12 / 1 |\n"}
,{"stream_name":"stdout","time":39659.59479894,"data":"| whisfusion | main | whisper | conf -\u003e rover_cg | 14 | +2.58 | [+1.58, +3.58] | 0.94 | 12 / 1 |\n"}
,{"stream_name":"stdout","time":39659.594801273,"data":"| whisfusion | main | whisper | conf -\u003e rover_freq | 14 | +1.83 | [+0.97, +2.68] | 0.92 | 10 / 1 |\n"}
,{"stream_name":"stdout","time":39659.594804116,"data":"| whisfusion | main | whisper | first -\u003e conf | 14 | +6.85 | [+6.13, +7.57] | 0.84 | 14 / 0 |\n"}
,{"stream_name":"stdout","time":39659.594816593,"data":"| whisfusion | main | whisper | first -\u003e rover_cg | 14 | +9.54 | [+8.28, +10.81] | 0.94 | 14 / 0 |\n"}
,{"stream_name":"stdout","time":39659.594820841,"data":"| whisfusion | main | whisper | mbr -\u003e rover_cg | 14 | +0.91 | [+0.10, +1.71] | 0.95 | 6 / 2 |\n"}
,{"stream_name":"stdout","time":39659.594825012,"data":"| whisfusion | main | whisper | rover_freq -\u003e rover_cg | 14 | +0.60 | [+0.40, +0.80] | 0.87 | 12 / 0 |\n"}
,{"stream_name":"stdout","time":39659.594829179,"data":"| whisper-small | beam | legacy | cm05 -\u003e rover_cg | 7 | -0.10 | [-0.19, -0.00] | 0.00 | 0 / 1 |\n"}
,{"stream_name":"stdout","time":39659.594832784,"data":"| whisper-small | beam | legacy | conf -\u003e mbr | 7 | +0.06 | [-0.09, +0.22] | 0.00 | 0 / 0 |\n"}
,{"stream_name":"stdout","time":39659.594836314,"data":"| whisper-small | beam | legacy | conf -\u003e rover_c | 7 | +0.10 | [-0.16, +0.36] | 0.58 | 0 / 1 |\n"}
,{"stream_name":"stdout","time":39659.594839811,"data":"| whisper-small | beam | legacy | conf -\u003e rover_cg | 7 | +0.05 | [-0.18, +0.27] | 0.45 | 0 / 1 |\n"}
,{"stream_name":"stdout","time":39659.594843278,"data":"| whisper-small | beam | legacy | conf -\u003e rover_freq | 7 | +0.07 | [-0.12, +0.26] | 0.30 | 1 / 0 |\n"}
,{"stream_name":"stdout","time":39659.594846711,"data":"| whisper-small | beam | legacy | first -\u003e conf | 7 | +0.04 | [-0.11, +0.20] | 0.26 | 0 / 0 |\n"}
,{"stream_name":"stdout","time":39659.594850191,"data":"| whisper-small | beam | legacy | first -\u003e rover_cg | 7 | +0.05 | [-0.10, +0.20] | 0.21 | 1 / 0 |\n"}
,{"stream_name":"stdout","time":39659.594853664,"data":"| whisper-small | beam | legacy | mbr -\u003e rover_cg | 7 | -0.04 | [-0.17, +0.08] | 0.38 | 0 / 1 |\n"}
,{"stream_name":"stdout","time":39659.594857128,"data":"| whisper-small | beam | legacy | rover_freq -\u003e rover_cg | 7 | -0.08 | [-0.22, +0.07] | 0.56 | 0 / 1 |\n"}
,{"stream_name":"stdout","time":39659.594863723,"data":"| whisper-small | beam | whisper | cm05 -\u003e rover_cg | 7 | -2.97 | [-3.93, -2.01] | 0.91 | 0 / 6 |\n"}
,{"stream_name":"stdout","time":39659.594867346,"data":"| whisper-small | beam | whisper | conf -\u003e mbr | 7 | -0.01 | [-0.23, +0.22] | 0.43 | 0 / 1 |\n"}
,{"stream_name":"stdout","time":39659.594870843,"data":"| whisper-small | beam | whisper | conf -\u003e rover_c | 7 | -2.26 | [-2.74, -1.77] | 0.52 | 0 / 5 |\n"}
,{"stream_name":"stdout","time":39659.594874751,"data":"| whisper-small | beam | whisper | conf -\u003e rover_cg | 7 | -2.30 | [-2.80, -1.80] | 0.54 | 0 / 5 |\n"}
,{"stream_name":"stdout","time":39659.594895803,"data":"| whisper-small | beam | whisper | conf -\u003e rover_freq | 7 | -2.27 | [-2.84, -1.69] | 0.64 | 0 / 5 |\n"}
,{"stream_name":"stdout","time":39659.594899739,"data":"| whisper-small | beam | whisper | first -\u003e conf | 7 | +0.07 | [-0.09, +0.24] | 0.32 | 0 / 0 |\n"}
,{"stream_name":"stdout","time":39659.594903214,"data":"| whisper-small | beam | whisper | first -\u003e rover_cg | 7 | -2.26 | [-2.74, -1.78] | 0.52 | 0 / 5 |\n"}
,{"stream_name":"stdout","time":39659.59490672,"data":"| whisper-small | beam | whisper | mbr -\u003e rover_cg | 7 | -2.85 | [-3.77, -1.93] | 0.90 | 0 / 6 |\n"}
,{"stream_name":"stdout","time":39659.594910201,"data":"| whisper-small | beam | whisper | rover_freq -\u003e rover_cg | 7 | -0.08 | [-0.24, +0.08] | 0.64 | 0 / 1 |\n"}
,{"stream_name":"stdout","time":39659.594913739,"data":"| whisper-small | greedy | whisper | cm05 -\u003e rover_cg | 7 | -2.75 | [-3.69, -1.82] | 0.93 | 0 / 7 |\n"}
,{"stream_name":"stdout","time":39659.594917239,"data":"| whisper-small | greedy | whisper | conf -\u003e rover_c | 7 | -2.75 | [-3.69, -1.82] | 0.93 | 0 / 7 |\n"}
,{"stream_name":"stdout","time":39659.594920868,"data":"| whisper-small | greedy | whisper | conf -\u003e rover_cg | 7 | -2.75 | [-3.69, -1.82] | 0.93 | 0 / 7 |\n"}
,{"stream_name":"stdout","time":39659.594924431,"data":"| whisper-small | greedy | whisper | conf -\u003e rover_freq | 7 | -2.75 | [-3.69, -1.82] | 0.93 | 0 / 7 |\n"}
,{"stream_name":"stdout","time":39659.594927853,"data":"| whisper-small | greedy | whisper | first -\u003e rover_cg | 7 | -2.75 | [-3.69, -1.82] | 0.93 | 0 / 7 |\n"}
,{"stream_name":"stdout","time":39659.594931417,"data":"| whisper-small | greedy | whisper | mbr -\u003e rover_cg | 7 | -2.75 | [-3.69, -1.82] | 0.93 | 0 / 7 |\n"}
,{"stream_name":"stdout","time":39659.594934839,"data":"| whisper-small | sample | legacy | cm05 -\u003e rover_cg | 7 | -0.26 | [-0.50, -0.02] | 0.47 | 0 / 1 |\n"}
,{"stream_name":"stdout","time":39659.594938306,"data":"| whisper-small | sample | legacy | conf -\u003e mbr | 7 | -0.32 | [-1.19, +0.54] | 0.64 | 0 / 1 |\n"}
,{"stream_name":"stdout","time":39659.594941819,"data":"| whisper-small | sample | legacy | conf -\u003e rover_c | 7 | +0.02 | [-0.59, +0.64] | 0.40 | 0 / 0 |\n"}
,{"stream_name":"stdout","time":39659.594945309,"data":"| whisper-small | sample | legacy | conf -\u003e rover_cg | 7 | -0.07 | [-0.71, +0.57] | 0.43 | 0 / 0 |\n"}
,{"stream_name":"stdout","time":39659.594948915,"data":"| whisper-small | sample | legacy | conf -\u003e rover_freq | 7 | -0.16 | [-0.94, +0.63] | 0.59 | 0 / 1 |\n"}
,{"stream_name":"stdout","time":39659.594956133,"data":"| whisper-small | sample | legacy | first -\u003e conf | 7 | +1.37 | [+0.19, +2.55] | 0.76 | 3 / 0 |\n"}
,{"stream_name":"stdout","time":39659.594958777,"data":"| whisper-small | sample | legacy | first -\u003e rover_cg | 7 | +1.34 | [+0.59, +2.09] | 0.86 | 5 / 0 |\n"}
,{"stream_name":"stdout","time":39659.594961668,"data":"| whisper-small | sample | legacy | mbr -\u003e rover_cg | 7 | +0.26 | [+0.07, +0.44] | 0.55 | 2 / 0 |\n"}
,{"stream_name":"stdout","time":39659.594983344,"data":"| whisper-small | sample | legacy | rover_freq -\u003e rover_cg | 7 | +0.04 | [-0.11, +0.19] | 0.50 | 1 / 0 |\n"}
,{"stream_name":"stdout","time":39659.594988358,"data":"| whisper-small | sample | whisper | cm05 -\u003e rover_cg | 7 | -3.34 | [-4.41, -2.26] | 0.92 | 0 / 7 |\n"}
,{"stream_name":"stdout","time":39659.594992524,"data":"| whisper-small | sample | whisper | conf -\u003e mbr | 7 | -0.34 | [-1.27, +0.58] | 0.68 | 0 / 2 |\n"}
,{"stream_name":"stdout","time":39659.594996024,"data":"| whisper-small | sample | whisper | conf -\u003e rover_c | 7 | -2.02 | [-2.58, -1.46] | 0.16 | 0 / 5 |\n"}
,{"stream_name":"stdout","time":39659.594999473,"data":"| whisper-small | sample | whisper | conf -\u003e rover_cg | 7 | -2.09 | [-2.66, -1.52] | 0.18 | 0 / 5 |\n"}
,{"stream_name":"stdout","time":39659.595002925,"data":"| whisper-small | sample | whisper | conf -\u003e rover_freq | 7 | -2.18 | [-2.81, -1.55] | 0.27 | 0 / 5 |\n"}
,{"stream_name":"stdout","time":39659.595006279,"data":"| whisper-small | sample | whisper | first -\u003e conf | 7 | +1.35 | [+0.09, +2.60] | 0.79 | 3 / 0 |\n"}
,{"stream_name":"stdout","time":39659.5950183,"data":"| whisper-small | sample | whisper | first -\u003e rover_cg | 7 | -1.36 | [-2.62, -0.10] | 0.91 | 1 / 4 |\n"}
,{"stream_name":"stdout","time":39659.595022071,"data":"| whisper-small | sample | whisper | mbr -\u003e rover_cg | 7 | -2.40 | [-3.39, -1.41] | 0.92 | 0 / 6 |\n"}
,{"stream_name":"stdout","time":39659.595025631,"data":"| whisper-small | sample | whisper | rover_freq -\u003e rover_cg | 7 | +0.01 | [-0.17, +0.20] | 0.68 | 1 / 1 |\n"}
,{"stream_name":"stdout","time":39659.595029202,"data":"| whisper-turbo | beam | legacy | cm05 -\u003e rover_cg | 11 | -0.13 | [-0.23, -0.03] | 0.37 | 0 / 2 |\n"}
,{"stream_name":"stdout","time":39659.59503268,"data":"| whisper-turbo | beam | legacy | conf -\u003e mbr | 11 | +0.03 | [-0.12, +0.19] | 0.45 | 2 / 0 |\n"}
,{"stream_name":"stdout","time":39659.595036134,"data":"| whisper-turbo | beam | legacy | conf -\u003e rover_c | 11 | +0.07 | [-0.08, +0.22] | 0.51 | 3 / 1 |\n"}
,{"stream_name":"stdout","time":39659.595039569,"data":"| whisper-turbo | beam | legacy | conf -\u003e rover_cg | 11 | -0.00 | [-0.15, +0.15] | 0.42 | 2 / 1 |\n"}
,{"stream_name":"stdout","time":39659.595043174,"data":"| whisper-turbo | beam | legacy | conf -\u003e rover_freq | 11 | +0.05 | [-0.13, +0.23] | 0.64 | 3 / 1 |\n"}
,{"stream_name":"stdout","time":39659.595050244,"data":"| whisper-turbo | beam | legacy | first -\u003e conf | 11 | -0.00 | [-0.12, +0.12] | 0.44 | 0 / 2 |\n"}
,{"stream_name":"stdout","time":39659.595052876,"data":"| whisper-turbo | beam | legacy | first -\u003e rover_cg | 11 | -0.04 | [-0.19, +0.11] | 0.61 | 1 / 0 |\n"}
,{"stream_name":"stdout","time":39659.595055756,"data":"| whisper-turbo | beam | legacy | mbr -\u003e rover_cg | 11 | -0.06 | [-0.15, +0.03] | 0.28 | 0 / 1 |\n"}
,{"stream_name":"stdout","time":39659.595068241,"data":"| whisper-turbo | beam | legacy | rover_freq -\u003e rover_cg | 11 | -0.09 | [-0.18, -0.01] | 0.45 | 0 / 2 |\n"}
,{"stream_name":"stdout","time":39659.595072481,"data":"| whisper-turbo | beam | whisper | cm05 -\u003e rover_cg | 11 | -2.75 | [-3.68, -1.83] | 0.92 | 1 / 9 |\n"}
,{"stream_name":"stdout","time":39659.595076668,"data":"| whisper-turbo | beam | whisper | conf -\u003e mbr | 11 | +0.06 | [-0.10, +0.22] | 0.60 | 3 / 0 |\n"}
,{"stream_name":"stdout","time":39659.595081008,"data":"| whisper-turbo | beam | whisper | conf -\u003e rover_c | 11 | -2.17 | [-2.97, -1.37] | 0.88 | 1 / 8 |\n"}
,{"stream_name":"stdout","time":39659.595085283,"data":"| whisper-turbo | beam | whisper | conf -\u003e rover_cg | 11 | -2.22 | [-3.01, -1.43] | 0.88 | 1 / 8 |\n"}
,{"stream_name":"stdout","time":39659.595088798,"data":"| whisper-turbo | beam | whisper | conf -\u003e rover_freq | 11 | -2.17 | [-2.99, -1.34] | 0.89 | 1 / 8 |\n"}
,{"stream_name":"stdout","time":39659.595095586,"data":"| whisper-turbo | beam | whisper | first -\u003e conf | 11 | -0.00 | [-0.13, +0.13] | 0.56 | 2 / 2 |\n"}
,{"stream_name":"stdout","time":39659.595099208,"data":"| whisper-turbo | beam | whisper | first -\u003e rover_cg | 11 | -2.61 | [-3.53, -1.68] | 0.93 | 1 / 9 |\n"}
,{"stream_name":"stdout","time":39659.595102759,"data":"| whisper-turbo | beam | whisper | mbr -\u003e rover_cg | 11 | -2.67 | [-3.53, -1.81] | 0.92 | 1 / 9 |\n"}
,{"stream_name":"stdout","time":39659.595106191,"data":"| whisper-turbo | beam | whisper | rover_freq -\u003e rover_cg | 11 | -0.06 | [-0.15, +0.03] | 0.51 | 0 / 1 |\n"}
,{"stream_name":"stdout","time":39659.595109694,"data":"| whisper-turbo | greedy | whisper | cm05 -\u003e rover_cg | 11 | -2.56 | [-3.27, -1.85] | 0.90 | 1 / 10 |\n"}
,{"stream_name":"stdout","time":39659.595113244,"data":"| whisper-turbo | greedy | whisper | conf -\u003e rover_c | 11 | -2.56 | [-3.27, -1.85] | 0.90 | 1 / 10 |\n"}
,{"stream_name":"stdout","time":39659.59511668,"data":"| whisper-turbo | greedy | whisper | conf -\u003e rover_cg | 11 | -2.56 | [-3.27, -1.85] | 0.90 | 1 / 10 |\n"}
,{"stream_name":"stdout","time":39659.595120173,"data":"| whisper-turbo | greedy | whisper | conf -\u003e rover_freq | 11 | -2.56 | [-3.27, -1.85] | 0.90 | 1 / 10 |\n"}
,{"stream_name":"stdout","time":39659.595123661,"data":"| whisper-turbo | greedy | whisper | first -\u003e rover_cg | 11 | -2.56 | [-3.27, -1.85] | 0.90 | 1 / 10 |\n"}
,{"stream_name":"stdout","time":39659.595127129,"data":"| whisper-turbo | greedy | whisper | mbr -\u003e rover_cg | 11 | -2.56 | [-3.27, -1.85] | 0.90 | 1 / 10 |\n"}
,{"stream_name":"stdout","time":39659.595130618,"data":"| whisper-turbo | sample | legacy | cm05 -\u003e rover_cg | 11 | -0.01 | [-0.07, +0.05] | 0.00 | 0 / 1 |\n"}
,{"stream_name":"stdout","time":39659.595134065,"data":"| whisper-turbo | sample | legacy | conf -\u003e mbr | 11 | -0.03 | [-0.39, +0.33] | 0.79 | 2 / 0 |\n"}
,{"stream_name":"stdout","time":39659.595137696,"data":"| whisper-turbo | sample | legacy | conf -\u003e rover_c | 11 | +0.05 | [-0.28, +0.39] | 0.79 | 3 / 0 |\n"}
,{"stream_name":"stdout","time":39659.59514382,"data":"| whisper-turbo | sample | legacy | conf -\u003e rover_cg | 11 | +0.02 | [-0.31, +0.35] | 0.79 | 2 / 0 |\n"}
,{"stream_name":"stdout","time":39659.595146177,"data":"| whisper-turbo | sample | legacy | conf -\u003e rover_freq | 11 | -0.00 | [-0.36, +0.35] | 0.79 | 2 / 0 |\n"}
,{"stream_name":"stdout","time":39659.595149044,"data":"| whisper-turbo | sample | legacy | first -\u003e conf | 11 | +0.64 | [+0.24, +1.03] | 0.76 | 6 / 1 |\n"}
,{"stream_name":"stdout","time":39659.595161619,"data":"| whisper-turbo | sample | legacy | first -\u003e rover_cg | 11 | +0.65 | [+0.39, +0.90] | 0.55 | 8 / 0 |\n"}
,{"stream_name":"stdout","time":39659.595165883,"data":"| whisper-turbo | sample | legacy | mbr -\u003e rover_cg | 11 | +0.07 | [-0.05, +0.20] | 0.69 | 1 / 0 |\n"}
,{"stream_name":"stdout","time":39659.595170008,"data":"| whisper-turbo | sample | legacy | rover_freq -\u003e rover_cg | 11 | -0.01 | [-0.07, +0.04] | 0.00 | 0 / 0 |\n"}
,{"stream_name":"stdout","time":39659.595174518,"data":"| whisper-turbo | sample | whisper | cm05 -\u003e rover_cg | 11 | -2.60 | [-3.41, -1.80] | 0.89 | 0 / 10 |\n"}
,{"stream_name":"stdout","time":39659.595178449,"data":"| whisper-turbo | sample | whisper | conf -\u003e mbr | 11 | -0.08 | [-0.46, +0.30] | 0.80 | 1 / 1 |\n"}
,{"stream_name":"stdout","time":39659.595181943,"data":"| whisper-turbo | sample | whisper | conf -\u003e rover_c | 11 | -2.73 | [-3.69, -1.77] | 0.90 | 1 / 9 |\n"}
,{"stream_name":"stdout","time":39659.595185957,"data":"| whisper-turbo | sample | whisper | conf -\u003e rover_cg | 11 | -2.76 | [-3.75, -1.77] | 0.90 | 1 / 9 |\n"}
,{"stream_name":"stdout","time":39659.595192953,"data":"| whisper-turbo | sample | whisper | conf -\u003e rover_freq | 11 | -2.77 | [-3.74, -1.80] | 0.89 | 1 / 9 |\n"}
,{"stream_name":"stdout","time":39659.595196581,"data":"| whisper-turbo | sample | whisper | first -\u003e conf | 11 | +0.61 | [+0.24, +0.97] | 0.76 | 7 / 1 |\n"}
,{"stream_name":"stdout","time":39659.59520005,"data":"| whisper-turbo | sample | whisper | first -\u003e rover_cg | 11 | -2.16 | [-2.97, -1.34] | 0.86 | 1 / 8 |\n"}
,{"stream_name":"stdout","time":39659.595203601,"data":"| whisper-turbo | sample | whisper | mbr -\u003e rover_cg | 11 | -2.36 | [-3.29, -1.43] | 0.94 | 1 / 10 |\n"}
,{"stream_name":"stdout","time":39659.595207206,"data":"| whisper-turbo | sample | whisper | rover_freq -\u003e rover_cg | 11 | -0.00 | [-0.06, +0.06] | 0.00 | 0 / 0 |\n"}
,{"stream_name":"stdout","time":39659.595210685,"data":"\n"}
,{"stream_name":"stdout","time":39659.595213823,"data":"## Against each model's standard decoding\n"}
,{"stream_name":"stdout","time":39659.595217051,"data":"\n"}
,{"stream_name":"stdout","time":39659.595220228,"data":"| model | set | comparison | WER a | WER b | delta | 95% CI |\n"}
,{"stream_name":"stdout","time":39659.595223636,"data":"|---|---|---|---|---|---|---|\n"}
,{"stream_name":"stdout","time":39659.595226994,"data":"| drax | ami | Drax standard (T=0.1, 1 sample) vs ROVER@main | 12.63 | 12.68 | -0.05 | [-0.75, +0.59] |\n"}
,{"stream_name":"stdout","time":39659.595230566,"data":"| drax | common_voice | Drax standard (T=0.1, 1 sample) vs ROVER@main | 14.59 | 14.48 | +0.11 | [-1.08, +1.35] |\n"}
,{"stream_name":"stdout","time":39659.595237851,"data":"| drax | earnings22 | Drax standard (T=0.1, 1 sample) vs ROVER@main | 21.03 | 22.60 | -1.57 | [-3.22, -0.22] |\n"}
,{"stream_name":"stdout","time":39659.595240279,"data":"| drax | fleurs-de | Drax standard (T=0.1, 1 sample) vs ROVER@main | 9.58 | 8.13 | +1.46 | [+0.88, +2.03] |\n"}
,{"stream_name":"stdout","time":39659.595243236,"data":"| drax | fleurs-en | Drax standard (T=0.1, 1 sample) vs ROVER@main | 10.66 | 9.53 | +1.13 | [-0.35, +2.72] |\n"}
,{"stream_name":"stdout","time":39659.595256015,"data":"| drax | fleurs-es | Drax standard (T=0.1, 1 sample) vs ROVER@main | 7.93 | 7.47 | +0.45 | [+0.04, +0.85] |\n"}
,{"stream_name":"stdout","time":39659.595260148,"data":"| drax | fleurs-fr | Drax standard (T=0.1, 1 sample) vs ROVER@main | 12.35 | 11.27 | +1.07 | [+0.12, +1.99] |\n"}
,{"stream_name":"stdout","time":39659.595264236,"data":"| drax | fleurs-it | Drax standard (T=0.1, 1 sample) vs ROVER@main | 7.50 | 6.45 | +1.04 | [+0.55, +1.52] |\n"}
,{"stream_name":"stdout","time":39659.595268551,"data":"| drax | fleurs-pt | Drax standard (T=0.1, 1 sample) vs ROVER@main | 13.24 | 11.95 | +1.29 | [+0.65, +1.94] |\n"}
,{"stream_name":"stdout","time":39659.595273396,"data":"| drax | gigaspeech | Drax standard (T=0.1, 1 sample) vs ROVER@main | 13.25 | 13.36 | -0.10 | [-0.83, +0.65] |\n"}
,{"stream_name":"stdout","time":39659.595277001,"data":"| drax | ls-tc-babble15 | Drax standard (T=0.1, 1 sample) vs ROVER@main | 3.15 | 2.89 | +0.25 | [+0.03, +0.47] |\n"}
,{"stream_name":"stdout","time":39659.595280466,"data":"| drax | ls-tc-babbleM5 | Drax standard (T=0.1, 1 sample) vs ROVER@main | 90.25 | 90.57 | -0.32 | [-0.95, +0.25] |\n"}
,{"stream_name":"stdout","time":39659.595283949,"data":"| drax | ls-tc-white0 | Drax standard (T=0.1, 1 sample) vs ROVER@main | 16.32 | 15.73 | +0.59 | [+0.15, +1.01] |\n"}
,{"stream_name":"stdout","time":39659.595287401,"data":"| drax | ls-tc-white10 | Drax standard (T=0.1, 1 sample) vs ROVER@main | 4.46 | 4.09 | +0.37 | [+0.10, +0.65] |\n"}
,{"stream_name":"stdout","time":39659.595291028,"data":"| drax | ls-test-clean | Drax standard (T=0.1, 1 sample) vs ROVER@main | 2.62 | 2.46 | +0.15 | [-0.05, +0.37] |\n"}
,{"stream_name":"stdout","time":39659.595297673,"data":"| drax | ls-test-other | Drax standard (T=0.1, 1 sample) vs ROVER@main | 5.96 | 5.75 | +0.21 | [-0.17, +0.58] |\n"}
,{"stream_name":"stdout","time":39659.595301195,"data":"| drax | slr83 | Drax standard (T=0.1, 1 sample) vs ROVER@main | 9.32 | 8.38 | +0.94 | [+0.44, +1.44] |\n"}
,{"stream_name":"stdout","time":39659.595304673,"data":"| drax | spgispeech | Drax standard (T=0.1, 1 sample) vs ROVER@main | 7.82 | 7.53 | +0.29 | [-0.11, +0.75] |\n"}
,{"stream_name":"stdout","time":39659.595308134,"data":"| drax | voxpopuli | Drax standard (T=0.1, 1 sample) vs ROVER@main | 6.73 | 6.35 | +0.38 | [+0.03, +0.72] |\n"}
,{"stream_name":"stdout","time":39659.595311588,"data":"| drax | ami | Drax standard vs confidence pick@main | 12.63 | 14.12 | -1.49 | [-2.52, -0.54] |\n"}
,{"stream_name":"stdout","time":39659.595315022,"data":"| drax | common_voice | Drax standard vs confidence pick@main | 14.59 | 15.92 | -1.32 | [-2.81, +0.11] |\n"}
,{"stream_name":"stdout","time":39659.595318424,"data":"| drax | earnings22 | Drax standard vs confidence pick@main | 21.03 | 26.67 | -5.64 | [-9.50, -2.80] |\n"}
,{"stream_name":"stdout","time":39659.595321796,"data":"| drax | fleurs-de | Drax standard vs confidence pick@main | 9.58 | 10.26 | -0.68 | [-1.45, +0.05] |\n"}
,{"stream_name":"stdout","time":39659.595325217,"data":"| drax | fleurs-en | Drax standard vs confidence pick@main | 10.66 | 12.08 | -1.42 | [-3.35, +0.38] |\n"}
,{"stream_name":"stdout","time":39659.595328984,"data":"| drax | fleurs-es | Drax standard vs confidence pick@main | 7.93 | 8.38 | -0.45 | [-1.01, +0.06] |\n"}
,{"stream_name":"stdout","time":39659.595335159,"data":"| drax | fleurs-fr | Drax standard vs confidence pick@main | 12.35 | 12.94 | -0.59 | [-1.68, +0.43] |\n"}
,{"stream_name":"stdout","time":39659.595337504,"data":"| drax | fleurs-it | Drax standard vs confidence pick@main | 7.50 | 7.86 | -0.37 | [-1.05, +0.30] |\n"}
,{"stream_name":"stdout","time":39659.595340316,"data":"| drax | fleurs-pt | Drax standard vs confidence pick@main | 13.24 | 14.69 | -1.45 | [-2.31, -0.55] |\n"}
,{"stream_name":"stdout","time":39659.595352826,"data":"| drax | gigaspeech | Drax standard vs confidence pick@main | 13.25 | 14.57 | -1.32 | [-2.45, -0.35] |\n"}
,{"stream_name":"stdout","time":39659.595356963,"data":"| drax | ls-tc-babble15 | Drax standard vs confidence pick@main | 3.15 | 3.52 | -0.37 | [-0.66, -0.09] |\n"}
,{"stream_name":"stdout","time":39659.595361035,"data":"| drax | ls-tc-babbleM5 | Drax standard vs confidence pick@main | 90.25 | 98.61 | -8.36 | [-10.26, -6.58] |\n"}
,{"stream_name":"stdout","time":39659.595365226,"data":"| drax | ls-tc-white0 | Drax standard vs confidence pick@main | 16.32 | 19.75 | -3.43 | [-4.07, -2.79] |\n"}
,{"stream_name":"stdout","time":39659.595368949,"data":"| drax | ls-tc-white10 | Drax standard vs confidence pick@main | 4.46 | 4.95 | -0.49 | [-0.80, -0.16] |\n"}
,{"stream_name":"stdout","time":39659.595372504,"data":"| drax | ls-test-clean | Drax standard vs confidence pick@main | 2.62 | 3.13 | -0.51 | [-0.82, -0.21] |\n"}
,{"stream_name":"stdout","time":39659.595375951,"data":"| drax | ls-test-other | Drax standard vs confidence pick@main | 5.96 | 6.86 | -0.90 | [-1.46, -0.38] |\n"}
,{"stream_name":"stdout","time":39659.595379411,"data":"| drax | slr83 | Drax standard vs confidence pick@main | 9.32 | 9.78 | -0.46 | [-1.09, +0.17] |\n"}
,{"stream_name":"stdout","time":39659.595382824,"data":"| drax | spgispeech | Drax standard vs confidence pick@main | 7.82 | 8.44 | -0.62 | [-1.17, -0.04] |\n"}
,{"stream_name":"stdout","time":39659.595386253,"data":"| drax | voxpopuli | Drax standard vs confidence pick@main | 6.73 | 6.92 | -0.19 | [-0.67, +0.29] |\n"}
,{"stream_name":"stdout","time":39659.595389689,"data":"| drax | ami | Drax standard vs MBR pick@main | 12.63 | 12.79 | -0.16 | [-0.95, +0.55] |\n"}
,{"stream_name":"stdout","time":39659.595396264,"data":"| drax | common_voice | Drax standard vs MBR pick@main | 14.59 | 14.70 | -0.11 | [-1.44, +1.32] |\n"}
,{"stream_name":"stdout","time":39659.595399763,"data":"| drax | earnings22 | Drax standard vs MBR pick@main | 21.03 | 23.18 | -2.15 | [-3.78, -0.85] |\n"}
,{"stream_name":"stdout","time":39659.59540322,"data":"| drax | fleurs-de | Drax standard vs MBR pick@main | 9.58 | 8.95 | +0.63 | [-0.05, +1.28] |\n"}
,{"stream_name":"stdout","time":39659.595406625,"data":"| drax | fleurs-en | Drax standard vs MBR pick@main | 10.66 | 10.28 | +0.38 | [-1.27, +2.21] |\n"}
,{"stream_name":"stdout","time":39659.595410119,"data":"| drax | fleurs-es | Drax standard vs MBR pick@main | 7.93 | 7.55 | +0.38 | [-0.02, +0.79] |\n"}
,{"stream_name":"stdout","time":39659.595413545,"data":"| drax | fleurs-fr | Drax standard vs MBR pick@main | 12.35 | 11.70 | +0.64 | [-0.28, +1.52] |\n"}
,{"stream_name":"stdout","time":39659.595416972,"data":"| drax | fleurs-it | Drax standard vs MBR pick@main | 7.50 | 6.73 | +0.76 | [+0.22, +1.30] |\n"}
,{"stream_name":"stdout","time":39659.59542059,"data":"| drax | fleurs-pt | Drax standard vs MBR pick@main | 13.24 | 12.75 | +0.50 | [-0.16, +1.20] |\n"}
,{"stream_name":"stdout","time":39659.595427413,"data":"| drax | gigaspeech | Drax standard vs MBR pick@main | 13.25 | 14.04 | -0.78 | [-1.75, +0.10] |\n"}
,{"stream_name":"stdout","time":39659.595429947,"data":"| drax | ls-tc-babble15 | Drax standard vs MBR pick@main | 3.15 | 2.93 | +0.22 | [+0.01, +0.42] |\n"}
,{"stream_name":"stdout","time":39659.595432938,"data":"| drax | ls-tc-babbleM5 | Drax standard vs MBR pick@main | 90.25 | 92.73 | -2.48 | [-3.13, -1.85] |\n"}
,{"stream_name":"stdout","time":39659.595445358,"data":"| drax | ls-tc-white0 | Drax standard vs MBR pick@main | 16.32 | 17.64 | -1.33 | [-1.86, -0.82] |\n"}
,{"stream_name":"stdout","time":39659.595449531,"data":"| drax | ls-tc-white10 | Drax standard vs MBR pick@main | 4.46 | 4.14 | +0.32 | [+0.04, +0.59] |\n"}
,{"stream_name":"stdout","time":39659.595453616,"data":"| drax | ls-test-clean | Drax standard vs MBR pick@main | 2.62 | 2.46 | +0.15 | [-0.07, +0.38] |\n"}
,{"stream_name":"stdout","time":39659.595457778,"data":"| drax | ls-test-other | Drax standard vs MBR pick@main | 5.96 | 6.02 | -0.06 | [-0.47, +0.35] |\n"}
,{"stream_name":"stdout","time":39659.595461539,"data":"| drax | slr83 | Drax standard vs MBR pick@main | 9.32 | 9.00 | +0.33 | [-0.20, +0.85] |\n"}
,{"stream_name":"stdout","time":39659.595464963,"data":"| drax | spgispeech | Drax standard vs MBR pick@main | 7.82 | 7.48 | +0.35 | [-0.07, +0.81] |\n"}
,{"stream_name":"stdout","time":39659.595468341,"data":"| drax | voxpopuli | Drax standard vs MBR pick@main | 6.73 | 6.23 | +0.50 | [+0.16, +0.85] |\n"}
,{"stream_name":"stdout","time":39659.595471775,"data":"| drax | ami | ROVER@T=0.1 vs ROVER@main | 12.39 | 12.68 | -0.29 | [-0.98, +0.32] |\n"}
,{"stream_name":"stdout","time":39659.595475158,"data":"| drax | common_voice | ROVER@T=0.1 vs ROVER@main | 13.59 | 14.48 | -0.89 | [-2.03, +0.14] |\n"}
,{"stream_name":"stdout","time":39659.595478615,"data":"| drax | earnings22 | ROVER@T=0.1 vs ROVER@main | 20.18 | 22.60 | -2.42 | [-4.04, -1.16] |\n"}
,{"stream_name":"stdout","time":39659.595481973,"data":"| drax | fleurs-de | ROVER@T=0.1 vs ROVER@main | 8.38 | 8.13 | +0.26 | [-0.22, +0.73] |\n"}
,{"stream_name":"stdout","time":39659.595485334,"data":"| drax | fleurs-en | ROVER@T=0.1 vs ROVER@main | 10.09 | 9.53 | +0.57 | [-0.47, +1.62] |\n"}
,{"stream_name":"stdout","time":39659.595488711,"data":"| drax | fleurs-es | ROVER@T=0.1 vs ROVER@main | 7.53 | 7.47 | +0.06 | [-0.29, +0.43] |\n"}
,{"stream_name":"stdout","time":39659.595492097,"data":"| drax | fleurs-fr | ROVER@T=0.1 vs ROVER@main | 11.49 | 11.27 | +0.21 | [-0.56, +0.95] |\n"}
,{"stream_name":"stdout","time":39659.595498708,"data":"| drax | fleurs-it | ROVER@T=0.1 vs ROVER@main | 6.60 | 6.45 | +0.15 | [-0.26, +0.56] |\n"}
,{"stream_name":"stdout","time":39659.595502155,"data":"| drax | fleurs-pt | ROVER@T=0.1 vs ROVER@main | 12.23 | 11.95 | +0.27 | [-0.24, +0.79] |\n"}
,{"stream_name":"stdout","time":39659.595505569,"data":"| drax | gigaspeech | ROVER@T=0.1 vs ROVER@main | 12.94 | 13.36 | -0.42 | [-1.14, +0.29] |\n"}
,{"stream_name":"stdout","time":39659.595508997,"data":"| drax | ls-tc-babble15 | ROVER@T=0.1 vs ROVER@main | 2.86 | 2.89 | -0.03 | [-0.21, +0.15] |\n"}
,{"stream_name":"stdout","time":39659.595512481,"data":"| drax | ls-tc-babbleM5 | ROVER@T=0.1 vs ROVER@main | 91.17 | 90.57 | +0.60 | [-0.01, +1.19] |\n"}
,{"stream_name":"stdout","time":39659.595519491,"data":"| drax | ls-tc-white0 | ROVER@T=0.1 vs ROVER@main | 15.19 | 15.73 | -0.55 | [-1.01, -0.11] |\n"}
,{"stream_name":"stdout","time":39659.595522097,"data":"| drax | ls-tc-white10 | ROVER@T=0.1 vs ROVER@main | 4.06 | 4.09 | -0.03 | [-0.22, +0.16] |\n"}
,{"stream_name":"stdout","time":39659.595525069,"data":"| drax | ls-test-clean | ROVER@T=0.1 vs ROVER@main | 2.49 | 2.46 | +0.03 | [-0.15, +0.21] |\n"}
,{"stream_name":"stdout","time":39659.595538028,"data":"| drax | ls-test-other | ROVER@T=0.1 vs ROVER@main | 5.60 | 5.75 | -0.15 | [-0.48, +0.17] |\n"}
,{"stream_name":"stdout","time":39659.59554243,"data":"| drax | slr83 | ROVER@T=0.1 vs ROVER@main | 8.67 | 8.38 | +0.29 | [-0.12, +0.69] |\n"}
,{"stream_name":"stdout","time":39659.595546738,"data":"| drax | spgispeech | ROVER@T=0.1 vs ROVER@main | 7.72 | 7.53 | +0.19 | [-0.15, +0.54] |\n"}
,{"stream_name":"stdout","time":39659.595550718,"data":"| drax | voxpopuli | ROVER@T=0.1 vs ROVER@main | 6.52 | 6.35 | +0.17 | [-0.07, +0.43] |\n"}
,{"stream_name":"stdout","time":39659.595554593,"data":"| drax | ls-tc-babble15 | Drax standard vs ROVER@T=0.4 | 3.59 | 3.15 | +0.44 | [+0.05, +0.84] |\n"}
,{"stream_name":"stdout","time":39659.595558018,"data":"| drax | ls-tc-babbleM5 | Drax standard vs ROVER@T=0.4 | 92.71 | 93.93 | -1.21 | [-2.63, -0.08] |\n"}
,{"stream_name":"stdout","time":39659.595561449,"data":"| drax | ls-tc-white0 | Drax standard vs ROVER@T=0.4 | 18.07 | 15.87 | +2.20 | [+1.48, +2.95] |\n"}
,{"stream_name":"stdout","time":39659.595565921,"data":"| drax | ls-tc-white10 | Drax standard vs ROVER@T=0.4 | 4.94 | 4.47 | +0.47 | [+0.00, +0.88] |\n"}
,{"stream_name":"stdout","time":39659.595569338,"data":"| drax | ls-tc-babble15 | Drax standard vs MBR@T=0.4 | 3.59 | 3.26 | +0.34 | [-0.11, +0.77] |\n"}
,{"stream_name":"stdout","time":39659.595572748,"data":"| drax | ls-tc-babbleM5 | Drax standard vs MBR@T=0.4 | 92.71 | 94.78 | -2.07 | [-3.66, -0.78] |\n"}
,{"stream_name":"stdout","time":39659.595576188,"data":"| drax | ls-tc-white0 | Drax standard vs MBR@T=0.4 | 18.07 | 16.02 | +2.04 | [+1.40, +2.72] |\n"}
,{"stream_name":"stdout","time":39659.595579586,"data":"| drax | ls-tc-white10 | Drax standard vs MBR@T=0.4 | 4.94 | 4.55 | +0.39 | [-0.07, +0.83] |\n"}
,{"stream_name":"stdout","time":39659.595583018,"data":"| drax | ami | MBR vs ROVER, both @T=0.4 | 11.14 | 10.97 | +0.18 | [-0.34, +0.65] |\n"}
,{"stream_name":"stdout","time":39659.595586396,"data":"| drax | earnings22 | MBR vs ROVER, both @T=0.4 | 19.65 | 19.39 | +0.26 | [-0.12, +0.67] |\n"}
,{"stream_name":"stdout","time":39659.595589778,"data":"| drax | gigaspeech | MBR vs ROVER, both @T=0.4 | 12.72 | 12.56 | +0.16 | [-0.13, +0.46] |\n"}
,{"stream_name":"stdout","time":39659.595593132,"data":"| drax | ls-tc-babble15 | MBR vs ROVER, both @T=0.4 | 3.26 | 3.15 | +0.10 | [-0.08, +0.29] |\n"}
,{"stream_name":"stdout","time":39659.59559649,"data":"| drax | ls-tc-babbleM5 | MBR vs ROVER, both @T=0.4 | 94.78 | 93.93 | +0.85 | [+0.55, +1.19] |\n"}
,{"stream_name":"stdout","time":39659.595600023,"data":"| drax | ls-tc-white0 | MBR vs ROVER, both @T=0.4 | 16.02 | 15.87 | +0.16 | [-0.12, +0.44] |\n"}
,{"stream_name":"stdout","time":39659.595606613,"data":"| drax | ls-tc-white10 | MBR vs ROVER, both @T=0.4 | 4.55 | 4.47 | +0.08 | [-0.10, +0.25] |\n"}
,{"stream_name":"stdout","time":39659.595613794,"data":"| drax | ls-test-clean | MBR vs ROVER, both @T=0.4 | 2.01 | 2.04 | -0.03 | [-0.12, +0.05] |\n"}
,{"stream_name":"stdout","time":39659.595616252,"data":"| drax | ls-test-other | MBR vs ROVER, both @T=0.4 | 6.14 | 6.06 | +0.08 | [-0.14, +0.33] |\n"}
,{"stream_name":"stdout","time":39659.595619033,"data":"| drax | spgispeech | MBR vs ROVER, both @T=0.4 | 7.16 | 7.55 | -0.39 | [-0.64, -0.19] |\n"}
,{"stream_name":"stdout","time":39659.595631969,"data":"| drax | voxpopuli | MBR vs ROVER, both @T=0.4 | 7.40 | 7.51 | -0.12 | [-0.30, +0.06] |\n"}
,{"stream_name":"stdout","time":39659.595636175,"data":"| drax | ls-tc-babble15 | ROVER@main vs ROVER@T=0.4 | 3.20 | 3.15 | +0.05 | [-0.25, +0.37] |\n"}
,{"stream_name":"stdout","time":39659.595640282,"data":"| drax | ls-tc-babbleM5 | ROVER@main vs ROVER@T=0.4 | 93.38 | 93.93 | -0.54 | [-1.81, +0.61] |\n"}
,{"stream_name":"stdout","time":39659.595644308,"data":"| drax | ls-tc-white0 | ROVER@main vs ROVER@T=0.4 | 16.88 | 15.87 | +1.01 | [+0.28, +1.79] |\n"}
,{"stream_name":"stdout","time":39659.595648281,"data":"| drax | ls-tc-white10 | ROVER@main vs ROVER@T=0.4 | 4.57 | 4.47 | +0.10 | [-0.22, +0.46] |\n"}
,{"stream_name":"stdout","time":39659.595651712,"data":"| whisfusion | ami | Whisfusion upstream (K=15 confidence) vs ROVER@main | 39.30 | 35.54 | +3.76 | [+2.68, +4.84] |\n"}
,{"stream_name":"stdout","time":39659.595655234,"data":"| whisfusion | common_voice | Whisfusion upstream (K=15 confidence) vs ROVER@main | 35.69 | 30.65 | +5.04 | [+3.73, +6.36] |\n"}
,{"stream_name":"stdout","time":39659.595658751,"data":"| whisfusion | earnings22 | Whisfusion upstream (K=15 confidence) vs ROVER@main | 38.86 | 33.02 | +5.83 | [+5.01, +6.70] |\n"}
,{"stream_name":"stdout","time":39659.59566233,"data":"| whisfusion | fleurs-en | Whisfusion upstream (K=15 confidence) vs ROVER@main | 26.89 | 21.89 | +5.00 | [+2.99, +6.95] |\n"}
,{"stream_name":"stdout","time":39659.595665816,"data":"| whisfusion | gigaspeech | Whisfusion upstream (K=15 confidence) vs ROVER@main | 25.02 | 20.99 | +4.02 | [+3.34, +4.67] |\n"}
,{"stream_name":"stdout","time":39659.595669351,"data":"| whisfusion | ls-tc-babble15 | Whisfusion upstream (K=15 confidence) vs ROVER@main | 11.34 | 7.37 | +3.97 | [+3.47, +4.45] |\n"}
,{"stream_name":"stdout","time":39659.595672984,"data":"| whisfusion | ls-tc-babbleM5 | Whisfusion upstream (K=15 confidence) vs ROVER@main | 102.15 | 90.83 | +11.32 | [+9.83, +13.01] |\n"}
,{"stream_name":"stdout","time":39659.595676563,"data":"| whisfusion | ls-tc-white0 | Whisfusion upstream (K=15 confidence) vs ROVER@main | 42.43 | 35.44 | +6.99 | [+6.27, +7.71] |\n"}
,{"stream_name":"stdout","time":39659.595680071,"data":"| whisfusion | ls-tc-white10 | Whisfusion upstream (K=15 confidence) vs ROVER@main | 14.69 | 11.03 | +3.66 | [+3.10, +4.21] |\n"}
,{"stream_name":"stdout","time":39659.595683548,"data":"| whisfusion | ls-test-clean | Whisfusion upstream (K=15 confidence) vs ROVER@main | 8.47 | 5.40 | +3.07 | [+2.53, +3.63] |\n"}
,{"stream_name":"stdout","time":39659.595687144,"data":"| whisfusion | ls-test-other | Whisfusion upstream (K=15 confidence) vs ROVER@main | 16.01 | 12.46 | +3.55 | [+2.88, +4.22] |\n"}
,{"stream_name":"stdout","time":39659.595690654,"data":"| whisfusion | slr83 | Whisfusion upstream (K=15 confidence) vs ROVER@main | 23.99 | 20.27 | +3.71 | [+3.02, +4.40] |\n"}
,{"stream_name":"stdout","time":39659.595694536,"data":"| whisfusion | spgispeech | Whisfusion upstream (K=15 confidence) vs ROVER@main | 20.93 | 15.46 | +5.47 | [+4.89, +6.06] |\n"}
,{"stream_name":"stdout","time":39659.595701856,"data":"| whisfusion | voxpopuli | Whisfusion upstream (K=15 confidence) vs ROVER@main | 21.33 | 17.20 | +4.14 | [+3.40, +4.85] |\n"}
,{"stream_name":"stdout","time":39659.595708694,"data":"| whisfusion | ami | Whisfusion upstream vs ROVER at the same K=15 | 39.30 | 35.94 | +3.36 | [+2.26, +4.40] |\n"}
,{"stream_name":"stdout","time":39659.595711133,"data":"| whisfusion | common_voice | Whisfusion upstream vs ROVER at the same K=15 | 35.69 | 31.33 | +4.36 | [+3.11, +5.66] |\n"}
,{"stream_name":"stdout","time":39659.595722976,"data":"| whisfusion | earnings22 | Whisfusion upstream vs ROVER at the same K=15 | 38.86 | 33.50 | +5.35 | [+4.56, +6.18] |\n"}
,{"stream_name":"stdout","time":39659.595727058,"data":"| whisfusion | fleurs-en | Whisfusion upstream vs ROVER at the same K=15 | 26.89 | 22.45 | +4.43 | [+2.29, +6.52] |\n"}
,{"stream_name":"stdout","time":39659.595731248,"data":"| whisfusion | gigaspeech | Whisfusion upstream vs ROVER at the same K=15 | 25.02 | 21.09 | +3.93 | [+3.25, +4.61] |\n"}
,{"stream_name":"stdout","time":39659.595734952,"data":"| whisfusion | ls-tc-babble15 | Whisfusion upstream vs ROVER at the same K=15 | 11.34 | 7.66 | +3.68 | [+3.20, +4.18] |\n"}
,{"stream_name":"stdout","time":39659.595739401,"data":"| whisfusion | ls-tc-babbleM5 | Whisfusion upstream vs ROVER at the same K=15 | 102.15 | 91.39 | +10.76 | [+9.30, +12.36] |\n"}
,{"stream_name":"stdout","time":39659.59574304,"data":"| whisfusion | ls-tc-white0 | Whisfusion upstream vs ROVER at the same K=15 | 42.43 | 35.78 | +6.64 | [+5.98, +7.31] |\n"}
,{"stream_name":"stdout","time":39659.595746569,"data":"| whisfusion | ls-tc-white10 | Whisfusion upstream vs ROVER at the same K=15 | 14.69 | 11.26 | +3.43 | [+2.89, +3.95] |\n"}
,{"stream_name":"stdout","time":39659.595750065,"data":"| whisfusion | ls-test-clean | Whisfusion upstream vs ROVER at the same K=15 | 8.47 | 5.74 | +2.73 | [+2.23, +3.26] |\n"}
,{"stream_name":"stdout","time":39659.595753544,"data":"| whisfusion | ls-test-other | Whisfusion upstream vs ROVER at the same K=15 | 16.01 | 12.55 | +3.46 | [+2.78, +4.12] |\n"}
,{"stream_name":"stdout","time":39659.595757029,"data":"| whisfusion | slr83 | Whisfusion upstream vs ROVER at the same K=15 | 23.99 | 20.67 | +3.31 | [+2.57, +4.01] |\n"}
,{"stream_name":"stdout","time":39659.595760447,"data":"| whisfusion | spgispeech | Whisfusion upstream vs ROVER at the same K=15 | 20.93 | 15.97 | +4.96 | [+4.40, +5.50] |\n"}
,{"stream_name":"stdout","time":39659.595763958,"data":"| whisfusion | voxpopuli | Whisfusion upstream vs ROVER at the same K=15 | 21.33 | 17.68 | +3.66 | [+2.96, +4.36] |\n"}
,{"stream_name":"stdout","time":39659.595767466,"data":"| whisper-small | ami | greedy vs ROVER over samples | 21.92 | 22.03 | -0.11 | [-0.97, +0.66] |\n"}
,{"stream_name":"stdout","time":39659.595770891,"data":"| whisper-small | common_voice | greedy vs ROVER over samples | 18.92 | 17.41 | +1.52 | [+0.71, +2.45] |\n"}
,{"stream_name":"stdout","time":39659.595774682,"data":"| whisper-small | earnings22 | greedy vs ROVER over samples | 15.44 | 19.20 | -3.76 | [-5.89, -1.82] |\n"}
,{"stream_name":"stdout","time":39659.595778092,"data":"| whisper-small | fleurs-en | greedy vs ROVER over samples | 7.32 | 7.08 | +0.23 | [-0.11, +0.60] |\n"}
,{"stream_name":"stdout","time":39659.595781493,"data":"| whisper-small | ls-dev-other | greedy vs ROVER over samples | 7.56 | 7.90 | -0.34 | [-1.27, +0.34] |\n"}
,{"stream_name":"stdout","time":39659.595784909,"data":"| whisper-small | ls-tc-babble5 | greedy vs ROVER over samples | 13.79 | 12.96 | +0.83 | [+0.16, +1.51] |\n"}
,{"stream_name":"stdout","time":39659.595788353,"data":"| whisper-small | ls-test-clean | greedy vs ROVER over samples | 4.14 | 4.29 | -0.15 | [-0.42, +0.13] |\n"}
,{"stream_name":"stdout","time":39659.5957918,"data":"| whisper-small | ls-test-other | greedy vs ROVER over samples | 8.90 | 8.71 | +0.18 | [-0.21, +0.55] |\n"}
,{"stream_name":"stdout","time":39659.595802149,"data":"| whisper-small | ami | greedy vs ROVER over beam n-best | 21.92 | 31.69 | -9.77 | [-21.23, -1.19] |\n"}
,{"stream_name":"stdout","time":39659.595804961,"data":"| whisper-small | common_voice | greedy vs ROVER over beam n-best | 18.92 | 20.79 | -1.87 | [-10.29, +2.74] |\n"}
,{"stream_name":"stdout","time":39659.595818175,"data":"| whisper-small | earnings22 | greedy vs ROVER over beam n-best | 15.44 | 16.24 | -0.80 | [-5.88, +1.88] |\n"}
,{"stream_name":"stdout","time":39659.595822762,"data":"| whisper-small | fleurs-en | greedy vs ROVER over beam n-best | 7.32 | 6.58 | +0.74 | [+0.05, +1.82] |\n"}
,{"stream_name":"stdout","time":39659.595826653,"data":"| whisper-small | ls-dev-other | greedy vs ROVER over beam n-best | 7.56 | 7.30 | +0.26 | [-0.29, +0.74] |\n"}
,{"stream_name":"stdout","time":39659.595830943,"data":"| whisper-small | ls-tc-babble5 | greedy vs ROVER over beam n-best | 13.79 | 12.68 | +1.11 | [+0.48, +1.84] |\n"}
,{"stream_name":"stdout","time":39659.5958346,"data":"| whisper-small | ls-test-clean | greedy vs ROVER over beam n-best | 4.14 | 3.96 | +0.18 | [-0.04, +0.42] |\n"}
,{"stream_name":"stdout","time":39659.59583809,"data":"| whisper-small | ls-test-other | greedy vs ROVER over beam n-best | 8.90 | 8.05 | +0.85 | [+0.33, +1.48] |\n"}
,{"stream_name":"stdout","time":39659.595841649,"data":"| whisper-small | ami | top beam vs ROVER over n-best | 34.34 | 31.69 | +2.65 | [-0.52, +8.83] |\n"}
,{"stream_name":"stdout","time":39659.595845099,"data":"| whisper-small | common_voice | top beam vs ROVER over n-best | 21.11 | 20.79 | +0.32 | [-0.28, +0.94] |\n"}
,{"stream_name":"stdout","time":39659.595848636,"data":"| whisper-small | earnings22 | top beam vs ROVER over n-best | 16.70 | 16.24 | +0.46 | [+0.01, +1.01] |\n"}
,{"stream_name":"stdout","time":39659.595852061,"data":"| whisper-small | fleurs-en | top beam vs ROVER over n-best | 6.46 | 6.58 | -0.13 | [-0.39, +0.13] |\n"}
,{"stream_name":"stdout","time":39659.595855473,"data":"| whisper-small | ls-dev-other | top beam vs ROVER over n-best | 7.30 | 7.30 | +0.00 | [-0.32, +0.37] |\n"}
,{"stream_name":"stdout","time":39659.595858898,"data":"| whisper-small | ls-tc-babble5 | top beam vs ROVER over n-best | 12.78 | 12.68 | +0.10 | [-0.33, +0.56] |\n"}
,{"stream_name":"stdout","time":39659.595862645,"data":"| whisper-small | ls-test-clean | top beam vs ROVER over n-best | 3.92 | 3.96 | -0.04 | [-0.19, +0.13] |\n"}
,{"stream_name":"stdout","time":39659.595866178,"data":"| whisper-small | ls-test-other | top beam vs ROVER over n-best | 8.23 | 8.05 | +0.18 | [-0.17, +0.53] |\n"}
,{"stream_name":"stdout","time":39659.595869565,"data":"| whisper-small | ami | greedy vs MBR over samples | 21.92 | 22.08 | -0.16 | [-0.99, +0.60] |\n"}
,{"stream_name":"stdout","time":39659.595872905,"data":"| whisper-small | common_voice | greedy vs MBR over samples | 18.92 | 18.18 | +0.74 | [-0.14, +1.65] |\n"}
,{"stream_name":"stdout","time":39659.595890908,"data":"| whisper-small | earnings22 | greedy vs MBR over samples | 15.44 | 19.81 | -4.37 | [-6.68, -2.29] |\n"}
,{"stream_name":"stdout","time":39659.595898498,"data":"| whisper-small | fleurs-en | greedy vs MBR over samples | 7.32 | 7.25 | +0.07 | [-0.25, +0.39] |\n"}
,{"stream_name":"stdout","time":39659.595902118,"data":"| whisper-small | ls-dev-other | greedy vs MBR over samples | 7.56 | 8.06 | -0.50 | [-1.49, +0.21] |\n"}
,{"stream_name":"stdout","time":39659.595905581,"data":"| whisper-small | ls-tc-babble5 | greedy vs MBR over samples | 13.79 | 13.33 | +0.46 | [-0.13, +1.07] |\n"}
,{"stream_name":"stdout","time":39659.595909023,"data":"| whisper-small | ls-test-clean | greedy vs MBR over samples | 4.14 | 4.34 | -0.20 | [-0.52, +0.10] |\n"}
,{"stream_name":"stdout","time":39659.595915868,"data":"| whisper-small | ls-test-other | greedy vs MBR over samples | 8.90 | 8.85 | +0.04 | [-0.42, +0.46] |\n"}
,{"stream_name":"stdout","time":39659.595919406,"data":"| whisper-turbo | ami | greedy vs ROVER over samples | 20.05 | 20.13 | -0.08 | [-0.61, +0.42] |\n"}
,{"stream_name":"stdout","time":39659.595922908,"data":"| whisper-turbo | common_voice | greedy vs ROVER over samples | 13.39 | 12.79 | +0.60 | [-0.24, +1.62] |\n"}
,{"stream_name":"stdout","time":39659.595926366,"data":"| whisper-turbo | earnings22 | greedy vs ROVER over samples | 13.98 | 14.37 | -0.39 | [-1.30, +0.26] |\n"}
,{"stream_name":"stdout","time":39659.595929789,"data":"| whisper-turbo | fleurs-en | greedy vs ROVER over samples | 5.06 | 5.00 | +0.05 | [-0.11, +0.22] |\n"}
,{"stream_name":"stdout","time":39659.595933226,"data":"| whisper-turbo | ls-dev-other | greedy vs ROVER over samples | 4.10 | 4.03 | +0.07 | [-0.09, +0.25] |\n"}
,{"stream_name":"stdout","time":39659.595936618,"data":"| whisper-turbo | ls-tc-babble15 | greedy vs ROVER over samples | 3.41 | 3.52 | -0.10 | [-0.28, +0.05] |\n"}
,{"stream_name":"stdout","time":39659.595940039,"data":"| whisper-turbo | ls-tc-babble5 | greedy vs ROVER over samples | 7.33 | 6.92 | +0.41 | [+0.08, +0.78] |\n"}
,{"stream_name":"stdout","time":39659.595943533,"data":"| whisper-turbo | ls-tc-babbleM5 | greedy vs ROVER over samples | 158.05 | 88.11 | +69.94 | [+43.11, +99.03] |\n"}
,{"stream_name":"stdout","time":39659.595946954,"data":"| whisper-turbo | ls-tc-white0 | greedy vs ROVER over samples | 12.54 | 12.51 | +0.03 | [-0.73, +0.72] |\n"}
,{"stream_name":"stdout","time":39659.595950661,"data":"| whisper-turbo | ls-tc-white10 | greedy vs ROVER over samples | 4.16 | 4.14 | +0.03 | [-0.17, +0.23] |\n"}
,{"stream_name":"stdout","time":39659.595957316,"data":"| whisper-turbo | ls-test-clean | greedy vs ROVER over samples | 3.02 | 3.60 | -0.58 | [-1.90, +0.14] |\n"}
,{"stream_name":"stdout","time":39659.595959924,"data":"| whisper-turbo | ls-test-other | greedy vs ROVER over samples | 5.22 | 5.20 | +0.01 | [-0.17, +0.21] |\n"}
,{"stream_name":"stdout","time":39659.595962993,"data":"| whisper-turbo | ami | greedy vs ROVER over beam n-best | 20.05 | 33.75 | -13.70 | [-26.49, -3.01] |\n"}
,{"stream_name":"stdout","time":39659.595975716,"data":"| whisper-turbo | common_voice | greedy vs ROVER over beam n-best | 13.39 | 23.68 | -10.29 | [-26.60, +0.07] |\n"}
,{"stream_name":"stdout","time":39659.59597991,"data":"| whisper-turbo | earnings22 | greedy vs ROVER over beam n-best | 13.98 | 13.84 | +0.14 | [-0.18, +0.46] |\n"}
,{"stream_name":"stdout","time":39659.595984172,"data":"| whisper-turbo | fleurs-en | greedy vs ROVER over beam n-best | 5.06 | 5.02 | +0.04 | [-0.14, +0.23] |\n"}
,{"stream_name":"stdout","time":39659.595988276,"data":"| whisper-turbo | ls-dev-other | greedy vs ROVER over beam n-best | 4.10 | 4.14 | -0.04 | [-0.22, +0.14] |\n"}
,{"stream_name":"stdout","time":39659.595992159,"data":"| whisper-turbo | ls-tc-babble15 | greedy vs ROVER over beam n-best | 3.41 | 3.52 | -0.10 | [-0.30, +0.10] |\n"}
,{"stream_name":"stdout","time":39659.595995719,"data":"| whisper-turbo | ls-tc-babble5 | greedy vs ROVER over beam n-best | 7.33 | 7.05 | +0.28 | [+0.00, +0.58] |\n"}
,{"stream_name":"stdout","time":39659.595999231,"data":"| whisper-turbo | ls-tc-babbleM5 | greedy vs ROVER over beam n-best | 158.05 | 396.12 | -238.07 | [-288.76, -188.89] |\n"}
,{"stream_name":"stdout","time":39659.596002663,"data":"| whisper-turbo | ls-tc-white0 | greedy vs ROVER over beam n-best | 12.54 | 11.99 | +0.54 | [-0.11, +1.19] |\n"}
,{"stream_name":"stdout","time":39659.5960061,"data":"| whisper-turbo | ls-tc-white10 | greedy vs ROVER over beam n-best | 4.16 | 4.50 | -0.34 | [-0.80, +0.05] |\n"}
,{"stream_name":"stdout","time":39659.596013857,"data":"| whisper-turbo | ls-test-clean | greedy vs ROVER over beam n-best | 3.02 | 2.99 | +0.03 | [-0.16, +0.24] |\n"}
,{"stream_name":"stdout","time":39659.596020664,"data":"| whisper-turbo | ls-test-other | greedy vs ROVER over beam n-best | 5.22 | 5.39 | -0.17 | [-0.52, +0.10] |\n"}
,{"stream_name":"stdout","time":39659.596024238,"data":"| whisper-turbo | ami | top beam vs ROVER over n-best | 33.11 | 33.75 | -0.64 | [-1.38, +0.07] |\n"}
,{"stream_name":"stdout","time":39659.596027725,"data":"| whisper-turbo | common_voice | top beam vs ROVER over n-best | 23.43 | 23.68 | -0.25 | [-1.00, +0.64] |\n"}
,{"stream_name":"stdout","time":39659.596031266,"data":"| whisper-turbo | earnings22 | top beam vs ROVER over n-best | 14.04 | 13.84 | +0.20 | [-0.10, +0.51] |\n"}
,{"stream_name":"stdout","time":39659.596034746,"data":"| whisper-turbo | fleurs-en | top beam vs ROVER over n-best | 4.95 | 5.02 | -0.07 | [-0.25, +0.12] |\n"}
,{"stream_name":"stdout","time":39659.596038223,"data":"| whisper-turbo | ls-dev-other | top beam vs ROVER over n-best | 4.13 | 4.14 | -0.01 | [-0.20, +0.17] |\n"}
,{"stream_name":"stdout","time":39659.596042059,"data":"| whisper-turbo | ls-tc-babble15 | top beam vs ROVER over n-best | 3.67 | 3.52 | +0.16 | [-0.13, +0.53] |\n"}
,{"stream_name":"stdout","time":39659.596045716,"data":"| whisper-turbo | ls-tc-babble5 | top beam vs ROVER over n-best | 7.00 | 7.05 | -0.05 | [-0.29, +0.19] |\n"}
,{"stream_name":"stdout","time":39659.596052304,"data":"| whisper-turbo | ls-tc-babbleM5 | top beam vs ROVER over n-best | 403.62 | 396.12 | +7.50 | [+3.95, +11.11] |\n"}
,{"stream_name":"stdout","time":39659.596054762,"data":"| whisper-turbo | ls-tc-white0 | top beam vs ROVER over n-best | 11.73 | 11.99 | -0.26 | [-0.64, +0.11] |\n"}
,{"stream_name":"stdout","time":39659.596066545,"data":"| whisper-turbo | ls-tc-white10 | top beam vs ROVER over n-best | 4.42 | 4.50 | -0.08 | [-0.33, +0.17] |\n"}
,{"stream_name":"stdout","time":39659.596070631,"data":"| whisper-turbo | ls-test-clean | top beam vs ROVER over n-best | 3.02 | 2.99 | +0.03 | [-0.16, +0.23] |\n"}
,{"stream_name":"stdout","time":39659.596074874,"data":"| whisper-turbo | ls-test-other | top beam vs ROVER over n-best | 5.30 | 5.39 | -0.08 | [-0.29, +0.10] |\n"}
,{"stream_name":"stdout","time":39659.596078605,"data":"| whisper-turbo | ami | greedy vs MBR over samples | 20.05 | 20.24 | -0.19 | [-0.76, +0.33] |\n"}
,{"stream_name":"stdout","time":39659.596083103,"data":"| whisper-turbo | common_voice | greedy vs MBR over samples | 13.39 | 13.11 | +0.28 | [-0.56, +1.28] |\n"}
,{"stream_name":"stdout","time":39659.596086721,"data":"| whisper-turbo | earnings22 | greedy vs MBR over samples | 13.98 | 14.48 | -0.50 | [-1.47, +0.18] |\n"}
,{"stream_name":"stdout","time":39659.596090198,"data":"| whisper-turbo | fleurs-en | greedy vs MBR over samples | 5.06 | 4.90 | +0.16 | [+0.00, +0.33] |\n"}
,{"stream_name":"stdout","time":39659.59609362,"data":"| whisper-turbo | ls-dev-other | greedy vs MBR over samples | 4.10 | 4.09 | +0.01 | [-0.18, +0.20] |\n"}
,{"stream_name":"stdout","time":39659.596097084,"data":"| whisper-turbo | ls-tc-babble15 | greedy vs MBR over samples | 3.41 | 3.49 | -0.08 | [-0.33, +0.17] |\n"}
,{"stream_name":"stdout","time":39659.59610053,"data":"| whisper-turbo | ls-tc-babble5 | greedy vs MBR over samples | 7.33 | 7.05 | +0.28 | [-0.02, +0.61] |\n"}
,{"stream_name":"stdout","time":39659.596103938,"data":"| whisper-turbo | ls-tc-babbleM5 | greedy vs MBR over samples | 158.05 | 89.79 | +68.26 | [+41.37, +96.99] |\n"}
,{"stream_name":"stdout","time":39659.596107177,"data":"| whisper-turbo | ls-tc-white0 | greedy vs MBR over samples | 12.54 | 12.87 | -0.34 | [-1.13, +0.40] |\n"}
,{"stream_name":"stdout","time":39659.596110608,"data":"| whisper-turbo | ls-tc-white10 | greedy vs MBR over samples | 4.16 | 4.14 | +0.03 | [-0.12, +0.18] |\n"}
,{"stream_name":"stdout","time":39659.596117061,"data":"| whisper-turbo | ls-test-clean | greedy vs MBR over samples | 3.02 | 3.55 | -0.53 | [-1.88, +0.23] |\n"}
,{"stream_name":"stdout","time":39659.59612057,"data":"| whisper-turbo | ls-test-other | greedy vs MBR over samples | 5.22 | 5.11 | +0.11 | [-0.11, +0.35] |\n"}
,{"stream_name":"stdout","time":39659.596124018,"data":"| parakeet-ctc | ami | greedy vs ROVER over sampled CTC paths | 17.13 | 17.91 | -0.78 | [-1.30, -0.29] |\n"}
,{"stream_name":"stdout","time":39659.59612886,"data":"| parakeet-ctc | common_voice | greedy vs ROVER over sampled CTC paths | 11.56 | 11.28 | +0.28 | [-0.07, +0.67] |\n"}
,{"stream_name":"stdout","time":39659.596132437,"data":"| parakeet-ctc | earnings22 | greedy vs ROVER over sampled CTC paths | 19.91 | 19.40 | +0.51 | [+0.12, +0.91] |\n"}
,{"stream_name":"stdout","time":39659.596135875,"data":"| parakeet-ctc | fleurs-en | greedy vs ROVER over sampled CTC paths | 8.66 | 8.50 | +0.16 | [-0.02, +0.36] |\n"}
,{"stream_name":"stdout","time":39659.596139468,"data":"| parakeet-ctc | ls-dev-other | greedy vs ROVER over sampled CTC paths | 3.46 | 3.35 | +0.11 | [-0.01, +0.24] |\n"}
,{"stream_name":"stdout","time":39659.59614581,"data":"| parakeet-ctc | ls-tc-babble5 | greedy vs ROVER over sampled CTC paths | 9.97 | 9.89 | +0.08 | [-0.25, +0.41] |\n"}
,{"stream_name":"stdout","time":39659.596148153,"data":"| parakeet-ctc | ls-test-clean | greedy vs ROVER over sampled CTC paths | 1.83 | 1.82 | +0.01 | [-0.09, +0.12] |\n"}
,{"stream_name":"stdout","time":39659.596160128,"data":"| parakeet-ctc | ls-test-other | greedy vs ROVER over sampled CTC paths | 4.14 | 3.95 | +0.20 | [+0.03, +0.37] |\n"}
,{"stream_name":"stdout","time":39659.596164323,"data":"\n"}
,{"stream_name":"stdout","time":39659.596168078,"data":"## Tuned on dev (ls-dev-clean + ls-dev-other), reported on test\n"}
,{"stream_name":"stdout","time":39659.596172028,"data":"\n"}
,{"stream_name":"stdout","time":39659.596175891,"data":"- **whisper-small**: alpha=0.5, eps=0.5, gamma=1.0, lambda=0.25 (dev: select 7.43, ROVER 7.67, n=400)\n"}
,{"stream_name":"stdout","time":39659.596179801,"data":"- **whisper-turbo**: alpha=0.5, eps=0.5, gamma=0.5, lambda=1.5 (dev: select 4.06, ROVER 3.96, n=400)\n"}
,{"stream_name":"stdout","time":39659.596183257,"data":"- **parakeet-ctc**: alpha=0.85, eps=0.3, gamma=0.5, lambda=1.0 (dev: select 3.43, ROVER 3.32, n=400)\n"}
,{"stream_name":"stdout","time":39659.596186701,"data":"\n"}
,{"stream_name":"stdout","time":39659.596189823,"data":"| model | set | tuned select | tuned ROVER | delta | 95% CI |\n"}
,{"stream_name":"stdout","time":39659.596193213,"data":"|---|---|---|---|---|---|\n"}
,{"stream_name":"stdout","time":39659.596196488,"data":"| whisper-small | ami | 21.68 | 21.20 | +0.48 | [-0.22, +1.15] |\n"}
,{"stream_name":"stdout","time":39659.596199936,"data":"| whisper-small | common_voice | 36.11 | 36.71 | -0.60 | [-1.23, -0.03] |\n"}
,{"stream_name":"stdout","time":39659.596203263,"data":"| whisper-small | earnings22 | 16.27 | 19.10 | -2.83 | [-4.47, -1.36] |\n"}
,{"stream_name":"stdout","time":39659.596206565,"data":"| whisper-small | fleurs-en | 6.90 | 7.01 | -0.11 | [-0.42, +0.19] |\n"}
,{"stream_name":"stdout","time":39659.596209873,"data":"| whisper-small | ls-tc-babble5 | 12.84 | 12.89 | -0.05 | [-0.67, +0.56] |\n"}
,{"stream_name":"stdout","time":39659.596213253,"data":"| whisper-small | ls-test-clean | 4.14 | 4.15 | -0.01 | [-0.25, +0.21] |\n"}
,{"stream_name":"stdout","time":39659.596216568,"data":"| whisper-small | ls-test-other | 8.56 | 8.54 | +0.01 | [-0.40, +0.37] |\n"}
,{"stream_name":"stdout","time":39659.596219949,"data":"| whisper-turbo | ami | 19.97 | 19.89 | +0.08 | [-0.35, +0.49] |\n"}
,{"stream_name":"stdout","time":39659.596223309,"data":"| whisper-turbo | common_voice | 33.23 | 33.12 | +0.11 | [-0.24, +0.42] |\n"}
,{"stream_name":"stdout","time":39659.5962298,"data":"| whisper-turbo | earnings22 | 14.10 | 14.34 | -0.24 | [-0.86, +0.17] |\n"}
,{"stream_name":"stdout","time":39659.596236548,"data":"| whisper-turbo | fleurs-en | 4.93 | 5.02 | -0.09 | [-0.24, +0.06] |\n"}
,{"stream_name":"stdout","time":39659.596239673,"data":"| whisper-turbo | ls-tc-babble15 | 3.46 | 3.44 | +0.03 | [-0.12, +0.18] |\n"}
,{"stream_name":"stdout","time":39659.596241958,"data":"| whisper-turbo | ls-tc-babble5 | 7.10 | 7.02 | +0.08 | [-0.20, +0.33] |\n"}
,{"stream_name":"stdout","time":39659.596244967,"data":"| whisper-turbo | ls-tc-babbleM5 | 90.39 | 88.60 | +1.78 | [+0.87, +2.76] |\n"}
,{"stream_name":"stdout","time":39659.596257686,"data":"| whisper-turbo | ls-tc-white0 | 12.72 | 12.51 | +0.21 | [-0.24, +0.69] |\n"}
,{"stream_name":"stdout","time":39659.596261609,"data":"| whisper-turbo | ls-tc-white10 | 4.19 | 4.16 | +0.03 | [-0.13, +0.18] |\n"}
,{"stream_name":"stdout","time":39659.596265648,"data":"| whisper-turbo | ls-test-clean | 3.52 | 3.46 | +0.06 | [-0.06, +0.19] |\n"}
,{"stream_name":"stdout","time":39659.596269571,"data":"| whisper-turbo | ls-test-other | 5.11 | 5.12 | -0.01 | [-0.21, +0.19] |\n"}
,{"stream_name":"stdout","time":39659.596273961,"data":"| parakeet-ctc | ami | 18.28 | 17.24 | +1.04 | [+0.55, +1.53] |\n"}
,{"stream_name":"stdout","time":39659.596277458,"data":"| parakeet-ctc | common_voice | 32.12 | 32.04 | +0.08 | [-0.14, +0.31] |\n"}
,{"stream_name":"stdout","time":39659.596280798,"data":"| parakeet-ctc | earnings22 | 20.03 | 19.71 | +0.31 | [-0.03, +0.66] |\n"}
,{"stream_name":"stdout","time":39659.596284166,"data":"| parakeet-ctc | fleurs-en | 8.70 | 8.45 | +0.25 | [+0.02, +0.48] |\n"}
,{"stream_name":"stdout","time":39659.596287475,"data":"| parakeet-ctc | ls-tc-babble5 | 10.23 | 9.66 | +0.57 | [+0.17, +0.98] |\n"}
,{"stream_name":"stdout","time":39659.596290798,"data":"| parakeet-ctc | ls-test-clean | 1.97 | 1.78 | +0.19 | [+0.05, +0.34] |\n"}
,{"stream_name":"stdout","time":39659.596294143,"data":"| parakeet-ctc | ls-test-other | 4.09 | 3.93 | +0.16 | [+0.00, +0.32] |\n"}
,{"stream_name":"stdout","time":39659.596297568,"data":"\n"}
,{"stream_name":"stdout","time":39659.596300653,"data":"## Cost\n"}
,{"stream_name":"stdout","time":39659.596303782,"data":"\n"}
,{"stream_name":"stdout","time":39659.596306916,"data":"| model | kind | arm | K | T | steps | n | s/utt | encode s | decode s | RTF | ms/candidate | ROVER ms | peak MB |\n"}
,{"stream_name":"stdout","time":39659.596310489,"data":"|---|---|---|---|---|---|---|---|---|---|---|---|---|---|\n"}
,{"stream_name":"stdout","time":39659.596313812,"data":"| drax | lowT | lowT | 16 | 0.40 | 16.0 | 2068 | 3.396 | 0.175 | 3.221 | 0.5141 | 201.3 | 0.57 | 4336 |\n"}
,{"stream_name":"stdout","time":39659.596317269,"data":"| drax | main | main | 16 | 1.30 | 16.0 | 6838 | 3.374 | 0.090 | 3.284 | 0.4495 | 205.2 | 0.76 | 4336 |\n"}
,{"stream_name":"stdout","time":39659.596320743,"data":"| drax | main | ref | 4 | 0.10 | 16.0 | 6838 | 0.986 | 0.090 | 0.896 | 0.1314 | 224.0 | 0.22 | 4336 |\n"}
,{"stream_name":"stdout","time":39659.596324172,"data":"| drax | sweepT | T0.4 | 16 | 0.40 | 16.0 | 600 | 3.416 | 0.037 | 3.379 | 0.6130 | 211.2 | 0.58 | 4336 |\n"}
,{"stream_name":"stdout","time":39659.596327645,"data":"| drax | sweepT | T0.7 | 16 | 0.70 | 16.0 | 600 | 3.405 | 0.037 | 3.368 | 0.6111 | 210.5 | 0.58 | 4336 |\n"}
,{"stream_name":"stdout","time":39659.596335133,"data":"| drax | sweepT | T1 | 16 | 1.00 | 16.0 | 600 | 3.405 | 0.037 | 3.368 | 0.6111 | 210.5 | 0.58 | 4336 |\n"}
,{"stream_name":"stdout","time":39659.596337773,"data":"| drax | sweepT | T1.3 | 16 | 1.30 | 16.0 | 600 | 3.405 | 0.037 | 3.369 | 0.6112 | 210.5 | 0.62 | 4336 |\n"}
,{"stream_name":"stdout","time":39659.596353443,"data":"| drax | sweepT | T1.6 | 16 | 1.60 | 16.0 | 600 | 3.407 | 0.037 | 3.370 | 0.6114 | 210.6 | 1.05 | 4336 |\n"}
,{"stream_name":"stdout","time":39659.596358723,"data":"| parakeet-ctc | main | greedy | 1 |  | nan | 2846 | 0.093 | 0.093 | 0.001 | 0.0147 | 0.9 | 0.13 | 2162 |\n"}
,{"stream_name":"stdout","time":39659.596362929,"data":"| parakeet-ctc | main | sample | 32 | 1.00 | nan | 2846 | 0.109 | 0.093 | 0.017 | 0.0172 | 0.5 | 1.13 | 2162 |\n"}
,{"stream_name":"stdout","time":39659.596367114,"data":"| parakeet-ctc | sweepT | T0.5 | 32 | 0.50 | nan | 600 | 0.144 | 0.129 | 0.015 | 0.0258 | 0.5 | 1.21 | 2166 |\n"}
,{"stream_name":"stdout","time":39659.596371194,"data":"| parakeet-ctc | sweepT | T1 | 32 | 1.00 | nan | 600 | 0.144 | 0.129 | 0.015 | 0.0259 | 0.5 | 1.15 | 2166 |\n"}
,{"stream_name":"stdout","time":39659.596374671,"data":"| parakeet-ctc | sweepT | T1.5 | 32 | 1.50 | nan | 600 | 0.145 | 0.129 | 0.016 | 0.0261 | 0.5 | 1.27 | 2166 |\n"}
,{"stream_name":"stdout","time":39659.596378138,"data":"| parakeet-ctc | sweepT | T2 | 32 | 2.00 | nan | 600 | 0.149 | 0.129 | 0.020 | 0.0268 | 0.6 | 2.09 | 2166 |\n"}
,{"stream_name":"stdout","time":39659.596381595,"data":"| parakeet-ctc | sweepT | greedy | 1 |  | nan | 600 | 0.130 | 0.129 | 0.001 | 0.0234 | 1.0 | 0.38 | 2166 |\n"}
,{"stream_name":"stdout","time":39659.596385053,"data":"| whisfusion | main | main | 32 |  | 4.0 | 5964 | 2.080 | 0.036 | 2.044 | 0.3070 | 63.9 | 1.65 | 4205 |\n"}
,{"stream_name":"stdout","time":39659.596388446,"data":"| whisfusion | sweepT | fss0 | 32 |  | 4.0 | 600 | 2.016 | 0.010 | 2.007 | 0.3619 | 62.7 | 1.50 | 4205 |\n"}
,{"stream_name":"stdout","time":39659.596391993,"data":"| whisfusion | sweepT | fssT0.5 | 32 |  | 4.0 | 600 | 2.071 | 0.010 | 2.061 | 0.3717 | 64.4 | 1.13 | 4205 |\n"}
,{"stream_name":"stdout","time":39659.596395419,"data":"| whisfusion | sweepT | fssT1 | 32 |  | 4.0 | 600 | 2.071 | 0.010 | 2.061 | 0.3717 | 64.4 | 1.15 | 4205 |\n"}
,{"stream_name":"stdout","time":39659.596398869,"data":"| whisfusion | sweepT | fssT1.5 | 32 |  | 4.0 | 600 | 2.071 | 0.010 | 2.062 | 0.3718 | 64.4 | 1.30 | 4205 |\n"}
,{"stream_name":"stdout","time":39659.596402362,"data":"| whisper-small | main | beam | 8 |  | nan | 2846 | 0.522 | 0.006 | 0.516 | 0.0822 | 64.5 | 0.33 | 2744 |\n"}
,{"stream_name":"stdout","time":39659.596405798,"data":"| whisper-small | main | greedy | 1 |  | nan | 2846 | 0.321 | 0.006 | 0.315 | 0.0505 | 314.8 | 0.15 | 2744 |\n"}
,{"stream_name":"stdout","time":39659.596409226,"data":"| whisper-small | main | sample | 16 | 0.60 | nan | 2846 | 0.398 | 0.006 | 0.392 | 0.0627 | 24.5 | 0.51 | 2744 |\n"}
,{"stream_name":"stdout","time":39659.596412656,"data":"| whisper-turbo | main | beam | 8 |  | nan | 3646 | 0.520 | 0.006 | 0.514 | 0.0798 | 64.2 | 0.39 | 3811 |\n"}
,{"stream_name":"stdout","time":39659.59641609,"data":"| whisper-turbo | main | greedy | 1 |  | nan | 3646 | 0.302 | 0.006 | 0.295 | 0.0463 | 295.4 | 0.14 | 3811 |\n"}
,{"stream_name":"stdout","time":39659.596419567,"data":"| whisper-turbo | main | sample | 16 | 0.60 | nan | 3646 | 0.402 | 0.006 | 0.395 | 0.0616 | 24.7 | 0.53 | 3811 |\n"}
,{"stream_name":"stdout","time":39659.596423189,"data":"| whisper-turbo | sweepT | T0.3 | 16 | 0.30 | nan | 600 | 0.358 | 0.004 | 0.355 | 0.0643 | 22.2 | 0.51 | 3811 |\n"}
,{"stream_name":"stdout","time":39659.596429978,"data":"| whisper-turbo | sweepT | T0.6 | 16 | 0.60 | nan | 600 | 0.364 | 0.004 | 0.360 | 0.0653 | 22.5 | 0.49 | 3811 |\n"}
,{"stream_name":"stdout","time":39659.596432507,"data":"| whisper-turbo | sweepT | T0.9 | 16 | 0.90 | nan | 600 | 0.377 | 0.004 | 0.374 | 0.0677 | 23.4 | 0.53 | 3811 |\n"}
,{"stream_name":"stdout","time":39659.596435299,"data":"| whisper-turbo | sweepT | T1.2 | 16 | 1.20 | nan | 600 | 0.860 | 0.004 | 0.856 | 0.1544 | 53.5 | 0.72 | 3811 |\n"}
,{"stream_name":"stdout","time":39659.596451284,"data":"| whisper-turbo | sweepT | greedy | 1 |  | nan | 600 | 0.278 | 0.004 | 0.275 | 0.0500 | 274.7 | 0.12 | 3811 |\n"}
,{"stream_name":"stdout","time":39659.596455723,"data":"\n"}
,{"stream_name":"stdout","time":39659.596459502,"data":"\n"}
,{"stream_name":"stdout","time":39659.596463098,"data":"output: 0.11 GB in /kaggle/working/campaign\n"}
,{"stream_name":"stdout","time":39659.59646643,"data":"  analysis.tar                           30.9 MB\n"}
,{"stream_name":"stdout","time":39659.596469784,"data":"  dumps.tar                              48.5 MB\n"}
,{"stream_name":"stdout","time":39659.596473066,"data":"  env.json                                0.0 MB\n"}
,{"stream_name":"stdout","time":39659.596476314,"data":"  logs.tar                                0.2 MB\n"}
,{"stream_name":"stdout","time":39659.596479555,"data":"  manifests.tar                           9.3 MB\n"}
,{"stream_name":"stdout","time":39659.596482759,"data":"  plan.json                               0.1 MB\n"}
,{"stream_name":"stdout","time":39659.596486014,"data":"  progress.json                           0.0 MB\n"}
,{"stream_name":"stdout","time":39659.596489289,"data":"  results                                 0.0 MB\n"}
,{"stream_name":"stdout","time":39659.596492492,"data":"  run_config.json                         0.0 MB\n"}
,{"stream_name":"stdout","time":39659.596495847,"data":"  state.tar                               0.6 MB\n"}
,{"stream_name":"stderr","time":39662.826148914,"data":"/usr/local/lib/python3.12/dist-packages/mistune.py:435: SyntaxWarning: invalid escape sequence '\\|'\n"}
,{"stream_name":"stderr","time":39662.826178129,"data":"  cells[i][c] = re.sub('\\\\\\\\\\|', '|', cell)\n"}
,{"stream_name":"stderr","time":39663.097088128,"data":"/usr/local/lib/python3.12/dist-packages/nbconvert/filters/filter_links.py:36: SyntaxWarning: invalid escape sequence '\\_'\n"}
,{"stream_name":"stderr","time":39663.097121671,"data":"  text = re.sub(r'_', '\\_', text) # Escape underscores in display text\n"}
,{"stream_name":"stderr","time":39663.88135988,"data":"[NbConvertApp] Converting notebook __notebook__.ipynb to notebook\n"}
,{"stream_name":"stderr","time":39664.264177346,"data":"[NbConvertApp] Writing 393673 bytes to __notebook__.ipynb\n"}
,{"stream_name":"stderr","time":39666.556073918,"data":"[NbConvertApp] Converting notebook __notebook__.ipynb to html\n"}
,{"stream_name":"stderr","time":39668.178547502,"data":"[NbConvertApp] Writing 1454078 bytes to __results__.html\n"}
]